2025-10-27 15:48:19 Arduino IDE 2.3.6
2025-10-27 15:48:19 Checking for frontend application configuration customizations. Module path: /tmp/.mount_arduinjLBYmY/resources/app/lib/backend/electron-main.js, destination 'package.json': /tmp/.mount_arduinjLBYmY/resources/app/package.json
2025-10-27 15:48:19 Setting 'theia.frontend.config.appVersion' application configuration value to: "2.3.6" (type of string)
2025-10-27 15:48:19 Setting 'theia.frontend.config.cliVersion' application configuration value to: "1.2.0" (type of string)
2025-10-27 15:48:19 Setting 'theia.frontend.config.buildDate' application configuration value to: "2025-04-09T11:24:04.835Z" (type of string)
2025-10-27 15:48:19 Frontend application configuration after modifications: {"applicationName":"Arduino IDE","defaultTheme":{"light":"arduino-theme","dark":"arduino-theme-dark"},"defaultIconTheme":"none","electron":{"windowOptions":{},"showWindowEarly":true,"splashScreenOptions":{},"uriScheme":"arduino-ide"},"defaultLocale":"","validatePreferencesSchema":false,"reloadOnReconnect":true,"uriScheme":"theia","preferences":{"window.title":"${rootName}${activeEditorShort}${appName}","files.autoSave":"afterDelay","editor.minimap.enabled":false,"editor.tabSize":2,"editor.scrollBeyondLastLine":false,"editor.quickSuggestions":{"other":false,"comments":false,"strings":false},"editor.maxTokenizationLineLength":500,"editor.bracketPairColorization.enabled":false,"breadcrumbs.enabled":false,"workbench.tree.renderIndentGuides":"none","explorer.compactFolders":false},"appVersion":"2.3.6","cliVersion":"1.2.0","buildDate":"2025-04-09T11:24:04.835Z"}
2025-10-27 15:48:19 Starting backend process. PID: 17727
2025-10-27 15:48:19 Showing main window early
2025-10-27 15:48:20 Using browser-only version of superagent in non-browser environment
2025-10-27 15:48:20 Configuration directory URI: 'file:///home/kamal/.arduinoIDE'
2025-10-27 15:48:20 Configuring to accept webviews on '^.+\.webview\..+$' hostname.
2025-10-27 15:48:20 2025-10-27T10:18:20.281Z root INFO Backend u.initialize: 27.1 ms [Finished 0.645 s after backend start]
2025-10-27 15:48:20 2025-10-27T10:18:20.283Z root INFO Backend Object.initialize: 25.6 ms [Finished 0.645 s after backend start]
2025-10-27 15:48:20 2025-10-27T10:18:20.283Z root INFO Backend a.initialize: 1.1 ms [Finished 0.646 s after backend start]
2025-10-27 15:48:20 2025-10-27T10:18:20.283Z root INFO Backend a.initialize: 0.8 ms [Finished 0.646 s after backend start]
2025-10-27 15:48:20 2025-10-27T10:18:20.283Z root INFO Backend u.initialize: 1.1 ms [Finished 0.646 s after backend start]
2025-10-27 15:48:20 2025-10-27T10:18:20.285Z root INFO Backend l.initialize: 26.6 ms [Finished 0.647 s after backend start]
2025-10-27 15:48:20 2025-10-27T10:18:20.291Z root INFO configured all backend app contributions
2025-10-27 15:48:20 2025-10-27T10:18:20.291Z root INFO Backend l.onStart: 1.0 ms [Finished 0.657 s after backend start]
2025-10-27 15:48:20 2025-10-27T10:18:20.291Z root INFO Backend d.onStart: 0.1 ms [Finished 0.657 s after backend start]
2025-10-27 15:48:20 2025-10-27T10:18:20.292Z root INFO Backend a.onStart: 0.3 ms [Finished 0.657 s after backend start]
2025-10-27 15:48:20 2025-10-27T10:18:20.292Z config INFO >>> Initializing CLI configuration...
2025-10-27 15:48:20 2025-10-27T10:18:20.292Z root INFO Backend x.onStart: 0.4 ms [Finished 0.657 s after backend start]
2025-10-27 15:48:20 2025-10-27T10:18:20.292Z config INFO Loading CLI configuration from /home/kamal/.arduinoIDE/arduino-cli.yaml...
2025-10-27 15:48:20 2025-10-27T10:18:20.292Z daemon INFO Starting daemon from /tmp/.mount_arduinjLBYmY/resources/app/lib/backend/resources/arduino-cli...
2025-10-27 15:48:20 2025-10-27T10:18:20.292Z root INFO Backend w.onStart: 0.3 ms [Finished 0.658 s after backend start]
2025-10-27 15:48:20 2025-10-27T10:18:20.292Z discovery-log INFO start
2025-10-27 15:48:20 2025-10-27T10:18:20.292Z discovery-log INFO start new deferred
2025-10-27 15:48:20 2025-10-27T10:18:20.292Z root INFO Backend v.onStart: 0.2 ms [Finished 0.658 s after backend start]
2025-10-27 15:48:20 2025-10-27T10:18:20.292Z root INFO Backend a.onStart: 0.1 ms [Finished 0.658 s after backend start]
2025-10-27 15:48:20 2025-10-27T10:18:20.295Z root INFO Theia app listening on http://127.0.0.1:40659.
2025-10-27 15:48:20 2025-10-27T10:18:20.295Z root INFO Finished starting backend application: 2.5 ms [Finished 0.661 s after backend start]
2025-10-27 15:48:20 2025-10-27T10:18:20.308Z root WARN The local plugin referenced by local-dir:/home/kamal/.arduinoIDE/plugins does not exist.
2025-10-27 15:48:20 2025-10-27T10:18:20.308Z root WARN The local plugin referenced by local-dir:/home/kamal/.arduinoIDE/deployedPlugins does not exist.
2025-10-27 15:48:20 2025-10-27T10:18:20.420Z root INFO Resolve plugins list: 126.2 ms [Finished 0.785 s after backend start]
2025-10-27 15:48:20 2025-10-27T10:18:20.509Z daemon INFO time="2025-10-27T15:48:20+05:30" level=info msg="arduino-cli version 1.2.0"
2025-10-27 15:48:20 2025-10-27T10:18:20.517Z daemon INFO time="2025-10-27T15:48:20+05:30" level=info msg="Using config file: /home/kamal/.arduinoIDE/arduino-cli.yaml"
time="2025-10-27T15:48:20+05:30" level=info msg="Executing `arduino-cli daemon`"
2025-10-27 15:48:20 2025-10-27T10:18:20.529Z config INFO Loading CLI configuration from /home/kamal/.arduinoIDE/arduino-cli.yaml...
2025-10-27 15:48:20 2025-10-27T10:18:20.548Z daemon INFO Daemon is now listening on 127.0.0.1:36287
{"IP":"127.0.0.1","Port":"36287"}
2025-10-27 15:48:20 2025-10-27T10:18:20.548Z daemon INFO Daemon is running.
2025-10-27 15:48:20 2025-10-27T10:18:20.574Z config INFO Loaded CLI configuration: {"board_manager":{"additional_urls":[]}}
2025-10-27 15:48:20 2025-10-27T10:18:20.574Z config INFO Loading fallback CLI configuration to get 'directories.data' and 'directories.user'
2025-10-27 15:48:20 2025-10-27T10:18:20.584Z config ERROR Failed to initialize the CLI configuration. SyntaxError: Unexpected end of JSON input
    at JSON.parse (<anonymous>)
    at x.getFallbackCliConfig (/tmp/.mount_arduinjLBYmY/resources/app/lib/backend/main.js:2:1053103)
    at process.processTicksAndRejections (node:internal/process/task_queues:95:5)
    at async x.loadCliConfig (/tmp/.mount_arduinjLBYmY/resources/app/lib/backend/main.js:2:1052518)
    at async x.initConfig (/tmp/.mount_arduinjLBYmY/resources/app/lib/backend/main.js:2:1050967)
2025-10-27 15:48:20 2025-10-27T10:18:20.610Z daemon INFO time="2025-10-27T15:48:20+05:30" level=info msg="Starting download" url="https://downloads.arduino.cc/libraries/library_index.tar.bz2"
2025-10-27 15:48:21 2025-10-27T10:18:21.189Z root INFO Deploy plugins list: 896.3 ms [Finished 1.555 s after backend start]
2025-10-27 15:48:21 2025-10-27T10:18:21.487Z root INFO creating connection for 1
2025-10-27 15:48:22 2025-10-27T10:18:22.277Z root WARN A command editor.action.toggleStickyScroll is already registered.
2025-10-27 15:48:22 Opening channel for service path '/services/electron-window'.
2025-10-27 15:48:22 Opening channel for service path '/services/ide-updater'.
2025-10-27 15:48:22 2025-10-27T10:18:22.393Z root INFO Start frontend contributions: 268.0 ms [Finished 2.070 s after frontend start]
2025-10-27 15:48:22 2025-10-27T10:18:22.394Z root INFO Changed application state from 'init' to 'started_contributions'.
2025-10-27 15:48:22 2025-10-27T10:18:22.412Z root INFO Changed application state from 'started_contributions' to 'attached_shell'.
2025-10-27 15:48:22 2025-10-27T10:18:22.412Z root INFO >>> Restoring the layout state...
2025-10-27 15:48:22 2025-10-27T10:18:22.441Z root INFO [15bf1860-4ee5-4be1-8720-1bae9a3f969d] Waiting for backend deployment: 62.6 ms [Finished 2.128 s after frontend start]
2025-10-27 15:48:22 2025-10-27T10:18:22.901Z root INFO [hosted-plugin: 17853] PLUGIN_HOST(17853) starting instance
[Object: null prototype] {}
2025-10-27 15:48:23 2025-10-27T10:18:23.644Z root INFO [15bf1860-4ee5-4be1-8720-1bae9a3f969d] Sync of 23 plugins: 1210.0 ms [Finished 3.338 s after frontend start]
2025-10-27 15:48:35 2025-10-27T10:18:35.977Z daemon INFO time="2025-10-27T15:48:35+05:30" level=info msg="Updating index" url="https://downloads.arduino.cc/packages/package_index.tar.bz2"
time="2025-10-27T15:48:35+05:30" level=info msg="Starting download" url="https://downloads.arduino.cc/packages/package_index.tar.bz2"
2025-10-27 15:48:36 2025-10-27T10:18:36.488Z daemon INFO time="2025-10-27T15:48:36+05:30" level=info msg="Checking signature" index=/home/kamal/.arduino15/package_index.json signatureFile=/home/kamal/.arduino15/package_index.json.sig trusted=true
2025-10-27 15:48:36 2025-10-27T10:18:36.490Z daemon INFO time="2025-10-27T15:48:36+05:30" level=info msg="Loading hardware from: /home/kamal/.arduino15/packages"
2025-10-27 15:48:36 2025-10-27T10:18:36.491Z daemon INFO time="2025-10-27T15:48:36+05:30" level=info msg="Starting download" url="https://downloads.arduino.cc/monitor/serial-monitor/serial-monitor_v0.15.0_Linux_64bit.tar.gz"
2025-10-27 15:48:45 2025-10-27T10:18:45.718Z daemon INFO time="2025-10-27T15:48:45+05:30" level=info msg="Installing tool" Tool="builtin:serial-monitor@0.15.0"
2025-10-27 15:48:46 2025-10-27T10:18:46.049Z daemon INFO time="2025-10-27T15:48:46+05:30" level=info msg="Skipping tool configuration." Tool="builtin:serial-monitor@0.15.0"
time="2025-10-27T15:48:46+05:30" level=info msg="Tool installed" Tool="builtin:serial-monitor@0.15.0"
2025-10-27 15:48:46 2025-10-27T10:18:46.050Z daemon INFO time="2025-10-27T15:48:46+05:30" level=info msg="Starting download" url="https://downloads.arduino.cc/tools/ctags-5.8-arduino11-pm-x86_64-pc-linux-gnu.tar.bz2"
2025-10-27 15:48:47 2025-10-27T10:18:47.153Z daemon INFO time="2025-10-27T15:48:47+05:30" level=info msg="Installing tool" Tool="builtin:ctags@5.8-arduino11"
2025-10-27 15:48:47 2025-10-27T10:18:47.294Z daemon INFO time="2025-10-27T15:48:47+05:30" level=info msg="Skipping tool configuration." Tool="builtin:ctags@5.8-arduino11"
time="2025-10-27T15:48:47+05:30" level=info msg="Tool installed" Tool="builtin:ctags@5.8-arduino11"
2025-10-27 15:48:47 2025-10-27T10:18:47.295Z daemon INFO time="2025-10-27T15:48:47+05:30" level=info msg="Starting download" url="https://downloads.arduino.cc/discovery/dfu-discovery/dfu-discovery_v0.1.2_Linux_64bit.tar.gz"
2025-10-27 15:48:54 2025-10-27T10:18:54.224Z daemon INFO time="2025-10-27T15:48:54+05:30" level=info msg="Installing tool" Tool="builtin:dfu-discovery@0.1.2"
2025-10-27 15:48:54 2025-10-27T10:18:54.256Z daemon INFO time="2025-10-27T15:48:54+05:30" level=info msg="Skipping tool configuration." Tool="builtin:dfu-discovery@0.1.2"
time="2025-10-27T15:48:54+05:30" level=info msg="Tool installed" Tool="builtin:dfu-discovery@0.1.2"
2025-10-27 15:48:54 2025-10-27T10:18:54.256Z daemon INFO time="2025-10-27T15:48:54+05:30" level=info msg="Starting download" url="https://downloads.arduino.cc/discovery/mdns-discovery/mdns-discovery_v1.0.9_Linux_64bit.tar.gz"
2025-10-27 15:49:02 2025-10-27T10:19:02.740Z daemon INFO time="2025-10-27T15:49:02+05:30" level=info msg="Installing tool" Tool="builtin:mdns-discovery@1.0.9"
2025-10-27 15:49:02 2025-10-27T10:19:02.786Z daemon INFO time="2025-10-27T15:49:02+05:30" level=info msg="Skipping tool configuration." Tool="builtin:mdns-discovery@1.0.9"
time="2025-10-27T15:49:02+05:30" level=info msg="Tool installed" Tool="builtin:mdns-discovery@1.0.9"
time="2025-10-27T15:49:02+05:30" level=info msg="Starting download" url="https://downloads.arduino.cc/discovery/serial-discovery/serial-discovery_v1.4.1_Linux_64bit.tar.gz"
2025-10-27 15:49:07 Closing channel on service path '/services/electron-window'.
2025-10-27 15:49:07 Closing channel on service path '/services/ide-updater'.
2025-10-27 15:49:07 Stored workspaces roots: 
2025-10-27 15:49:07 No sketches were scheduled for deletion.
2025-10-27 15:49:12 Arduino IDE 2.3.6
2025-10-27 15:49:12 Checking for frontend application configuration customizations. Module path: /tmp/.mount_arduinL6z2gI/resources/app/lib/backend/electron-main.js, destination 'package.json': /tmp/.mount_arduinL6z2gI/resources/app/package.json
2025-10-27 15:49:13 Setting 'theia.frontend.config.appVersion' application configuration value to: "2.3.6" (type of string)
2025-10-27 15:49:13 Setting 'theia.frontend.config.cliVersion' application configuration value to: "1.2.0" (type of string)
2025-10-27 15:49:13 Setting 'theia.frontend.config.buildDate' application configuration value to: "2025-04-09T11:24:04.835Z" (type of string)
2025-10-27 15:49:13 Frontend application configuration after modifications: {"applicationName":"Arduino IDE","defaultTheme":{"light":"arduino-theme","dark":"arduino-theme-dark"},"defaultIconTheme":"none","electron":{"windowOptions":{},"showWindowEarly":true,"splashScreenOptions":{},"uriScheme":"arduino-ide"},"defaultLocale":"","validatePreferencesSchema":false,"reloadOnReconnect":true,"uriScheme":"theia","preferences":{"window.title":"${rootName}${activeEditorShort}${appName}","files.autoSave":"afterDelay","editor.minimap.enabled":false,"editor.tabSize":2,"editor.scrollBeyondLastLine":false,"editor.quickSuggestions":{"other":false,"comments":false,"strings":false},"editor.maxTokenizationLineLength":500,"editor.bracketPairColorization.enabled":false,"breadcrumbs.enabled":false,"workbench.tree.renderIndentGuides":"none","explorer.compactFolders":false},"appVersion":"2.3.6","cliVersion":"1.2.0","buildDate":"2025-04-09T11:24:04.835Z"}
2025-10-27 15:49:13 Starting backend process. PID: 17971
2025-10-27 15:49:13 Showing main window early
2025-10-27 15:49:14 Using browser-only version of superagent in non-browser environment
2025-10-27 15:49:14 Configuration directory URI: 'file:///home/kamal/.arduinoIDE'
2025-10-27 15:49:14 Configuring to accept webviews on '^.+\.webview\..+$' hostname.
2025-10-27 15:49:14 2025-10-27T10:19:14.361Z root INFO Backend u.initialize: 38.4 ms [Finished 0.949 s after backend start]
2025-10-27 15:49:14 2025-10-27T10:19:14.364Z root INFO Backend Object.initialize: 36.6 ms [Finished 0.949 s after backend start]
2025-10-27 15:49:14 2025-10-27T10:19:14.365Z root INFO Backend a.initialize: 1.5 ms [Finished 0.949 s after backend start]
2025-10-27 15:49:14 2025-10-27T10:19:14.365Z root INFO Backend a.initialize: 1.1 ms [Finished 0.949 s after backend start]
2025-10-27 15:49:14 2025-10-27T10:19:14.365Z root INFO Backend u.initialize: 1.4 ms [Finished 0.950 s after backend start]
2025-10-27 15:49:14 2025-10-27T10:19:14.367Z root INFO Backend l.initialize: 38.1 ms [Finished 0.951 s after backend start]
2025-10-27 15:49:14 2025-10-27T10:19:14.375Z root INFO configured all backend app contributions
2025-10-27 15:49:14 2025-10-27T10:19:14.376Z root INFO Backend l.onStart: 1.5 ms [Finished 0.966 s after backend start]
2025-10-27 15:49:14 2025-10-27T10:19:14.376Z root INFO Backend d.onStart: 0.1 ms [Finished 0.966 s after backend start]
2025-10-27 15:49:14 2025-10-27T10:19:14.377Z root INFO Backend a.onStart: 0.4 ms [Finished 0.966 s after backend start]
2025-10-27 15:49:14 2025-10-27T10:19:14.377Z config INFO >>> Initializing CLI configuration...
2025-10-27 15:49:14 2025-10-27T10:19:14.377Z root INFO Backend x.onStart: 0.4 ms [Finished 0.967 s after backend start]
2025-10-27 15:49:14 2025-10-27T10:19:14.377Z config INFO Loading CLI configuration from /home/kamal/.arduinoIDE/arduino-cli.yaml...
2025-10-27 15:49:14 2025-10-27T10:19:14.378Z daemon INFO Starting daemon from /tmp/.mount_arduinL6z2gI/resources/app/lib/backend/resources/arduino-cli...
2025-10-27 15:49:14 2025-10-27T10:19:14.378Z root INFO Backend w.onStart: 0.4 ms [Finished 0.968 s after backend start]
2025-10-27 15:49:14 2025-10-27T10:19:14.378Z discovery-log INFO start
2025-10-27 15:49:14 2025-10-27T10:19:14.378Z discovery-log INFO start new deferred
2025-10-27 15:49:14 2025-10-27T10:19:14.378Z root INFO Backend v.onStart: 0.2 ms [Finished 0.968 s after backend start]
2025-10-27 15:49:14 2025-10-27T10:19:14.378Z root INFO Backend a.onStart: 0.1 ms [Finished 0.968 s after backend start]
2025-10-27 15:49:14 2025-10-27T10:19:14.381Z root INFO Theia app listening on http://127.0.0.1:41371.
2025-10-27 15:49:14 2025-10-27T10:19:14.381Z root INFO Finished starting backend application: 3.7 ms [Finished 0.972 s after backend start]
2025-10-27 15:49:14 2025-10-27T10:19:14.394Z root WARN The local plugin referenced by local-dir:/home/kamal/.arduinoIDE/plugins does not exist.
2025-10-27 15:49:14 2025-10-27T10:19:14.394Z root WARN The local plugin referenced by local-dir:/home/kamal/.arduinoIDE/deployedPlugins does not exist.
2025-10-27 15:49:14 2025-10-27T10:19:14.430Z config INFO Loaded CLI configuration: {"board_manager":{"additional_urls":[]}}
2025-10-27 15:49:14 2025-10-27T10:19:14.430Z config INFO Loading fallback CLI configuration to get 'directories.data' and 'directories.user'
2025-10-27 15:49:14 2025-10-27T10:19:14.590Z root INFO Resolve plugins list: 210.8 ms [Finished 1.180 s after backend start]
2025-10-27 15:49:14 2025-10-27T10:19:14.721Z daemon INFO time="2025-10-27T15:49:14+05:30" level=info msg="arduino-cli version 1.2.0"
2025-10-27 15:49:14 2025-10-27T10:19:14.722Z daemon INFO time="2025-10-27T15:49:14+05:30" level=info msg="Using config file: /home/kamal/.arduinoIDE/arduino-cli.yaml"
time="2025-10-27T15:49:14+05:30" level=info msg="Executing `arduino-cli daemon`"
2025-10-27 15:49:14 2025-10-27T10:19:14.727Z config INFO Loaded fallback CLI configuration: {"directories":{"user":"/home/kamal/Arduino","data":"/home/kamal/.arduino15"}}
2025-10-27 15:49:14 2025-10-27T10:19:14.727Z config INFO Merged CLI configuration with the fallback: {"directories":{"user":"/home/kamal/Arduino","data":"/home/kamal/.arduino15"},"board_manager":{"additional_urls":[]}}
2025-10-27 15:49:14 2025-10-27T10:19:14.727Z config INFO Loaded the CLI configuration.
2025-10-27 15:49:14 2025-10-27T10:19:14.747Z daemon INFO Daemon is now listening on 127.0.0.1:40493
{"IP":"127.0.0.1","Port":"40493"}
2025-10-27 15:49:14 2025-10-27T10:19:14.747Z daemon INFO Daemon is running.
2025-10-27 15:49:14 2025-10-27T10:19:14.749Z config INFO Mapped the CLI configuration: {"dataDirUri":"file:///home/kamal/.arduino15","sketchDirUri":"file:///home/kamal/Arduino","additionalUrls":[],"network":"none","locale":"en"}
2025-10-27 15:49:14 2025-10-27T10:19:14.750Z config INFO Validating the CLI configuration...
2025-10-27 15:49:14 2025-10-27T10:19:14.758Z config INFO The CLI config is valid.
2025-10-27 15:49:14 2025-10-27T10:19:14.758Z config INFO <<< Initialized the CLI configuration.
2025-10-27 15:49:14 2025-10-27T10:19:14.857Z daemon INFO time="2025-10-27T15:49:14+05:30" level=info msg="Checking signature" index=/home/kamal/.arduino15/package_index.json signatureFile=/home/kamal/.arduino15/package_index.json.sig trusted=true
2025-10-27 15:49:14 2025-10-27T10:19:14.861Z daemon INFO time="2025-10-27T15:49:14+05:30" level=info msg="Loading hardware from: /home/kamal/.arduino15/packages"
2025-10-27 15:49:14 2025-10-27T10:19:14.861Z daemon INFO time="2025-10-27T15:49:14+05:30" level=info msg="Loading package builtin from: /home/kamal/.arduino15/packages/builtin"
time="2025-10-27T15:49:14+05:30" level=info msg="Checking existence of 'tools' path: /home/kamal/.arduino15/packages/builtin/tools"
2025-10-27 15:49:14 2025-10-27T10:19:14.862Z daemon INFO time="2025-10-27T15:49:14+05:30" level=info msg="Loading tools from dir: /home/kamal/.arduino15/packages/builtin/tools"
2025-10-27 15:49:14 2025-10-27T10:19:14.862Z daemon INFO time="2025-10-27T15:49:14+05:30" level=info msg="Loaded tool" tool="builtin:ctags@5.8-arduino11"
2025-10-27 15:49:14 2025-10-27T10:19:14.862Z daemon INFO time="2025-10-27T15:49:14+05:30" level=info msg="Loaded tool" tool="builtin:dfu-discovery@0.1.2"
time="2025-10-27T15:49:14+05:30" level=info msg="Loaded tool" tool="builtin:mdns-discovery@1.0.9"
2025-10-27 15:49:14 2025-10-27T10:19:14.862Z daemon INFO time="2025-10-27T15:49:14+05:30" level=info msg="Loaded tool" tool="builtin:serial-monitor@0.15.0"
2025-10-27 15:49:14 2025-10-27T10:19:14.865Z daemon INFO time="2025-10-27T15:49:14+05:30" level=warning msg="fetched archive size differs from size specified in index: 1089442 != 1710531"
2025-10-27 15:49:14 2025-10-27T10:19:14.867Z daemon INFO time="2025-10-27T15:49:14+05:30" level=info msg="Starting download" url="https://downloads.arduino.cc/discovery/serial-discovery/serial-discovery_v1.4.1_Linux_64bit.tar.gz"
2025-10-27 15:49:15 2025-10-27T10:19:15.814Z root INFO Deploy plugins list: 1435.6 ms [Finished 2.405 s after backend start]
2025-10-27 15:49:16 2025-10-27T10:19:16.142Z root INFO creating connection for 2
2025-10-27 15:49:16 2025-10-27T10:19:16.146Z root INFO creating connection for 1
2025-10-27 15:49:17 2025-10-27T10:19:17.246Z root INFO socked closed
2025-10-27 15:49:17 2025-10-27T10:19:17.246Z root INFO closing connection for 1
2025-10-27 15:49:17 2025-10-27T10:19:17.246Z root INFO Closing channel on service path '/localization-server'.
2025-10-27 15:49:17 2025-10-27T10:19:17.246Z root INFO Closing channel on service path '/os'.
2025-10-27 15:49:17 2025-10-27T10:19:17.246Z root INFO Closing channel on service path '/services/commands'.
2025-10-27 15:49:17 2025-10-27T10:19:17.246Z root INFO Closing channel on service path '/services/keyboard'.
2025-10-27 15:49:17 2025-10-27T10:19:17.246Z root INFO Closing channel on service path '/services/logger'.
2025-10-27 15:49:17 2025-10-27T10:19:17.246Z root INFO Closing channel on service path '/services/messageService'.
2025-10-27 15:49:17 2025-10-27T10:19:17.246Z root INFO Closing channel on service path '/services/ChannelCloseService'.
2025-10-27 15:49:17 2025-10-27T10:19:17.247Z root INFO Closing channel on service path '/services/remote-filesystem'.
2025-10-27 15:49:17 2025-10-27T10:19:17.247Z root INFO Closing channel on service path '/services/envs'.
2025-10-27 15:49:17 2025-10-27T10:19:17.247Z root INFO Closing channel on service path '/services/authentication-service'.
2025-10-27 15:49:17 2025-10-27T10:19:17.247Z root INFO Closing channel on service path '/services/sketches-service'.
2025-10-27 15:49:17 2025-10-27T10:19:17.247Z root INFO Closing channel on service path '/services/config-service'.
2025-10-27 15:49:17 2025-10-27T10:19:17.247Z root INFO Closing channel on service path '/services/workspace'.
2025-10-27 15:49:17 2025-10-27T10:19:17.247Z root INFO Closing channel on service path '/services/notification-service'.
2025-10-27 15:49:17 2025-10-27T10:19:17.247Z root INFO Closing channel on service path '/services/arduino-daemon'.
2025-10-27 15:49:17 2025-10-27T10:19:17.247Z root INFO Closing channel on service path '/services/stopwatch'.
2025-10-27 15:49:17 2025-10-27T10:19:17.247Z root INFO Closing channel on service path '/services/application'.
2025-10-27 15:49:17 2025-10-27T10:19:17.247Z root INFO Closing channel on service path '/services/i18n'.
2025-10-27 15:49:17 2025-10-27T10:19:17.247Z root INFO Closing channel on service path '/services/quickInput'.
2025-10-27 15:49:17 2025-10-27T10:19:17.247Z root INFO Closing channel on service path '/services/debug'.
2025-10-27 15:49:17 2025-10-27T10:19:17.247Z root INFO Closing channel on service path '/services/shell-terminal'.
2025-10-27 15:49:17 2025-10-27T10:19:17.247Z root INFO Closing channel on service path '/services/quickPick'.
2025-10-27 15:49:17 2025-10-27T10:19:17.247Z root INFO Closing channel on service path '/services/task'.
2025-10-27 15:49:17 2025-10-27T10:19:17.247Z root INFO Closing channel on service path '/services/search'.
2025-10-27 15:49:17 2025-10-27T10:19:17.247Z root INFO Closing channel on service path '/services/hostedPlugin'.
2025-10-27 15:49:17 2025-10-27T10:19:17.247Z root INFO Closing channel on service path '/services/plugin-ext'.
2025-10-27 15:49:17 2025-10-27T10:19:17.247Z root INFO Closing channel on service path '/services/plugin-paths'.
2025-10-27 15:49:17 2025-10-27T10:19:17.247Z root INFO Closing channel on service path '/services/cli-preferences'.
2025-10-27 15:49:17 2025-10-27T10:19:17.247Z root INFO Closing channel on service path '/services/boards-service'.
2025-10-27 15:49:17 2025-10-27T10:19:17.247Z root INFO Closing channel on service path '/services/response-service'.
2025-10-27 15:49:17 2025-10-27T10:19:17.247Z root INFO Closing channel on service path '/services/file-system-ext'.
2025-10-27 15:49:17 2025-10-27T10:19:17.247Z root INFO Closing channel on service path '/services/core-service'.
2025-10-27 15:49:17 2025-10-27T10:19:17.247Z root INFO Closing channel on service path '/services/example-service'.
2025-10-27 15:49:17 2025-10-27T10:19:17.247Z root INFO Closing channel on service path '/services/library-service'.
2025-10-27 15:49:17 2025-10-27T10:19:17.247Z root INFO Closing channel on service path '/services/executable-service'.
2025-10-27 15:49:17 2025-10-27T10:19:17.247Z root INFO Closing channel on service path '/services/arduino-firmware-uploader'.
2025-10-27 15:49:17 2025-10-27T10:19:17.247Z root INFO Closing channel on service path '/services/formatter'.
2025-10-27 15:49:17 2025-10-27T10:19:17.269Z root WARN Frontend a.configure took longer than the expected maximum 100 milliseconds: 140.4 ms [Finished 2.724 s after frontend start]
2025-10-27 15:49:17 2025-10-27T10:19:17.307Z root WARN A command editor.action.toggleStickyScroll is already registered.
2025-10-27 15:49:17 Opening channel for service path '/services/electron-window'.
2025-10-27 15:49:17 Opening channel for service path '/services/ide-updater'.
2025-10-27 15:49:17 2025-10-27T10:19:17.440Z root INFO Start frontend contributions: 401.7 ms [Finished 2.876 s after frontend start]
2025-10-27 15:49:17 2025-10-27T10:19:17.441Z root INFO Changed application state from 'init' to 'started_contributions'.
2025-10-27 15:49:17 2025-10-27T10:19:17.452Z root INFO Changed application state from 'started_contributions' to 'attached_shell'.
2025-10-27 15:49:17 2025-10-27T10:19:17.452Z root INFO >>> Restoring the layout state...
2025-10-27 15:49:17 2025-10-27T10:19:17.498Z root INFO [3cd5eaeb-d8ca-4f7b-a2e1-7ee80c602511] Waiting for backend deployment: 75.0 ms [Finished 2.945 s after frontend start]
2025-10-27 15:49:18 2025-10-27T10:19:18.152Z root INFO [hosted-plugin: 18186] PLUGIN_HOST(18186) starting instance
[Object: null prototype] {}
2025-10-27 15:49:18 Closing channel on service path '/services/electron-window'.
2025-10-27 15:49:18 Closing channel on service path '/services/ide-updater'.
2025-10-27 15:49:18 Stored workspaces roots: 
2025-10-27 15:49:18 No sketches were scheduled for deletion.
2025-10-27 15:49:32 Arduino IDE 2.3.6
2025-10-27 15:49:32 Checking for frontend application configuration customizations. Module path: /tmp/.mount_arduinymz02m/resources/app/lib/backend/electron-main.js, destination 'package.json': /tmp/.mount_arduinymz02m/resources/app/package.json
2025-10-27 15:49:33 Setting 'theia.frontend.config.appVersion' application configuration value to: "2.3.6" (type of string)
2025-10-27 15:49:33 Setting 'theia.frontend.config.cliVersion' application configuration value to: "1.2.0" (type of string)
2025-10-27 15:49:33 Setting 'theia.frontend.config.buildDate' application configuration value to: "2025-04-09T11:24:04.835Z" (type of string)
2025-10-27 15:49:33 Frontend application configuration after modifications: {"applicationName":"Arduino IDE","defaultTheme":{"light":"arduino-theme","dark":"arduino-theme-dark"},"defaultIconTheme":"none","electron":{"windowOptions":{},"showWindowEarly":true,"splashScreenOptions":{},"uriScheme":"arduino-ide"},"defaultLocale":"","validatePreferencesSchema":false,"reloadOnReconnect":true,"uriScheme":"theia","preferences":{"window.title":"${rootName}${activeEditorShort}${appName}","files.autoSave":"afterDelay","editor.minimap.enabled":false,"editor.tabSize":2,"editor.scrollBeyondLastLine":false,"editor.quickSuggestions":{"other":false,"comments":false,"strings":false},"editor.maxTokenizationLineLength":500,"editor.bracketPairColorization.enabled":false,"breadcrumbs.enabled":false,"workbench.tree.renderIndentGuides":"none","explorer.compactFolders":false},"appVersion":"2.3.6","cliVersion":"1.2.0","buildDate":"2025-04-09T11:24:04.835Z"}
2025-10-27 15:49:33 Starting backend process. PID: 18305
2025-10-27 15:49:33 Showing main window early
2025-10-27 15:49:34 Using browser-only version of superagent in non-browser environment
2025-10-27 15:49:34 Configuration directory URI: 'file:///home/kamal/.arduinoIDE'
2025-10-27 15:49:34 Configuring to accept webviews on '^.+\.webview\..+$' hostname.
2025-10-27 15:49:34 2025-10-27T10:19:34.273Z root INFO Backend u.initialize: 38.9 ms [Finished 0.918 s after backend start]
2025-10-27 15:49:34 2025-10-27T10:19:34.277Z root INFO Backend Object.initialize: 36.8 ms [Finished 0.918 s after backend start]
2025-10-27 15:49:34 2025-10-27T10:19:34.277Z root INFO Backend a.initialize: 1.5 ms [Finished 0.918 s after backend start]
2025-10-27 15:49:34 2025-10-27T10:19:34.277Z root INFO Backend a.initialize: 1.2 ms [Finished 0.918 s after backend start]
2025-10-27 15:49:34 2025-10-27T10:19:34.277Z root INFO Backend u.initialize: 1.5 ms [Finished 0.919 s after backend start]
2025-10-27 15:49:34 2025-10-27T10:19:34.280Z root INFO Backend l.initialize: 38.2 ms [Finished 0.920 s after backend start]
2025-10-27 15:49:34 2025-10-27T10:19:34.288Z root INFO configured all backend app contributions
2025-10-27 15:49:34 2025-10-27T10:19:34.289Z root INFO Backend l.onStart: 1.5 ms [Finished 0.935 s after backend start]
2025-10-27 15:49:34 2025-10-27T10:19:34.289Z root INFO Backend d.onStart: 0.1 ms [Finished 0.936 s after backend start]
2025-10-27 15:49:34 2025-10-27T10:19:34.290Z root INFO Backend a.onStart: 0.5 ms [Finished 0.936 s after backend start]
2025-10-27 15:49:34 2025-10-27T10:19:34.290Z config INFO >>> Initializing CLI configuration...
2025-10-27 15:49:34 2025-10-27T10:19:34.290Z root INFO Backend x.onStart: 0.4 ms [Finished 0.937 s after backend start]
2025-10-27 15:49:34 2025-10-27T10:19:34.290Z config INFO Loading CLI configuration from /home/kamal/.arduinoIDE/arduino-cli.yaml...
2025-10-27 15:49:34 2025-10-27T10:19:34.290Z daemon INFO Starting daemon from /tmp/.mount_arduinymz02m/resources/app/lib/backend/resources/arduino-cli...
2025-10-27 15:49:34 2025-10-27T10:19:34.290Z root INFO Backend w.onStart: 0.4 ms [Finished 0.937 s after backend start]
2025-10-27 15:49:34 2025-10-27T10:19:34.290Z discovery-log INFO start
2025-10-27 15:49:34 2025-10-27T10:19:34.290Z discovery-log INFO start new deferred
2025-10-27 15:49:34 2025-10-27T10:19:34.290Z root INFO Backend v.onStart: 0.2 ms [Finished 0.937 s after backend start]
2025-10-27 15:49:34 2025-10-27T10:19:34.290Z root INFO Backend a.onStart: 0.1 ms [Finished 0.938 s after backend start]
2025-10-27 15:49:34 2025-10-27T10:19:34.294Z root INFO Theia app listening on http://127.0.0.1:33521.
2025-10-27 15:49:34 2025-10-27T10:19:34.294Z root INFO Finished starting backend application: 3.6 ms [Finished 0.941 s after backend start]
2025-10-27 15:49:34 2025-10-27T10:19:34.308Z root WARN The local plugin referenced by local-dir:/home/kamal/.arduinoIDE/plugins does not exist.
2025-10-27 15:49:34 2025-10-27T10:19:34.308Z root WARN The local plugin referenced by local-dir:/home/kamal/.arduinoIDE/deployedPlugins does not exist.
2025-10-27 15:49:34 2025-10-27T10:19:34.349Z config INFO Loaded CLI configuration: {"board_manager":{"additional_urls":[]}}
2025-10-27 15:49:34 2025-10-27T10:19:34.349Z config INFO Loading fallback CLI configuration to get 'directories.data' and 'directories.user'
2025-10-27 15:49:34 2025-10-27T10:19:34.521Z root INFO Resolve plugins list: 229.7 ms [Finished 1.168 s after backend start]
2025-10-27 15:49:34 2025-10-27T10:19:34.649Z config INFO Loaded fallback CLI configuration: {"directories":{"user":"/home/kamal/Arduino","data":"/home/kamal/.arduino15"}}
2025-10-27 15:49:34 2025-10-27T10:19:34.649Z config INFO Merged CLI configuration with the fallback: {"directories":{"user":"/home/kamal/Arduino","data":"/home/kamal/.arduino15"},"board_manager":{"additional_urls":[]}}
2025-10-27 15:49:34 2025-10-27T10:19:34.649Z config INFO Loaded the CLI configuration.
2025-10-27 15:49:34 2025-10-27T10:19:34.654Z daemon INFO time="2025-10-27T15:49:34+05:30" level=info msg="arduino-cli version 1.2.0"
2025-10-27 15:49:34 2025-10-27T10:19:34.654Z daemon INFO time="2025-10-27T15:49:34+05:30" level=info msg="Using config file: /home/kamal/.arduinoIDE/arduino-cli.yaml"
time="2025-10-27T15:49:34+05:30" level=info msg="Executing `arduino-cli daemon`"
2025-10-27 15:49:34 2025-10-27T10:19:34.672Z daemon INFO Daemon is now listening on 127.0.0.1:35743
{"IP":"127.0.0.1","Port":"35743"}
2025-10-27 15:49:34 2025-10-27T10:19:34.672Z daemon INFO Daemon is running.
2025-10-27 15:49:34 2025-10-27T10:19:34.704Z config INFO Mapped the CLI configuration: {"dataDirUri":"file:///home/kamal/.arduino15","sketchDirUri":"file:///home/kamal/Arduino","additionalUrls":[],"network":"none","locale":"en"}
2025-10-27 15:49:34 2025-10-27T10:19:34.704Z config INFO Validating the CLI configuration...
2025-10-27 15:49:34 2025-10-27T10:19:34.731Z config INFO The CLI config is valid.
2025-10-27 15:49:34 2025-10-27T10:19:34.731Z config INFO <<< Initialized the CLI configuration.
2025-10-27 15:49:34 2025-10-27T10:19:34.771Z daemon INFO time="2025-10-27T15:49:34+05:30" level=info msg="Checking signature" index=/home/kamal/.arduino15/package_index.json signatureFile=/home/kamal/.arduino15/package_index.json.sig trusted=true
2025-10-27 15:49:34 2025-10-27T10:19:34.773Z daemon INFO time="2025-10-27T15:49:34+05:30" level=info msg="Loading hardware from: /home/kamal/.arduino15/packages"
2025-10-27 15:49:34 2025-10-27T10:19:34.773Z daemon INFO time="2025-10-27T15:49:34+05:30" level=info msg="Loading package builtin from: /home/kamal/.arduino15/packages/builtin"
time="2025-10-27T15:49:34+05:30" level=info msg="Checking existence of 'tools' path: /home/kamal/.arduino15/packages/builtin/tools"
2025-10-27 15:49:34 2025-10-27T10:19:34.775Z daemon INFO time="2025-10-27T15:49:34+05:30" level=info msg="Loading tools from dir: /home/kamal/.arduino15/packages/builtin/tools"
2025-10-27 15:49:34 2025-10-27T10:19:34.775Z daemon INFO time="2025-10-27T15:49:34+05:30" level=info msg="Loaded tool" tool="builtin:ctags@5.8-arduino11"
2025-10-27 15:49:34 2025-10-27T10:19:34.775Z daemon INFO time="2025-10-27T15:49:34+05:30" level=info msg="Loaded tool" tool="builtin:dfu-discovery@0.1.2"
time="2025-10-27T15:49:34+05:30" level=info msg="Loaded tool" tool="builtin:mdns-discovery@1.0.9"
time="2025-10-27T15:49:34+05:30" level=info msg="Loaded tool" tool="builtin:serial-monitor@0.15.0"
2025-10-27 15:49:34 2025-10-27T10:19:34.778Z daemon INFO time="2025-10-27T15:49:34+05:30" level=warning msg="fetched archive size differs from size specified in index: 363514 != 1710531"
2025-10-27 15:49:34 2025-10-27T10:19:34.779Z daemon INFO time="2025-10-27T15:49:34+05:30" level=info msg="Starting download" url="https://downloads.arduino.cc/discovery/serial-discovery/serial-discovery_v1.4.1_Linux_64bit.tar.gz"
2025-10-27 15:49:35 2025-10-27T10:19:35.650Z root INFO Deploy plugins list: 1359.0 ms [Finished 2.297 s after backend start]
2025-10-27 15:49:36 2025-10-27T10:19:36.012Z root INFO creating connection for 1
2025-10-27 15:49:37 2025-10-27T10:19:37.088Z root WARN Frontend a.configure took longer than the expected maximum 100 milliseconds: 104.8 ms [Finished 2.783 s after frontend start]
2025-10-27 15:49:37 2025-10-27T10:19:37.124Z root WARN A command editor.action.toggleStickyScroll is already registered.
2025-10-27 15:49:37 Opening channel for service path '/services/electron-window'.
2025-10-27 15:49:37 Opening channel for service path '/services/ide-updater'.
2025-10-27 15:49:37 2025-10-27T10:19:37.272Z root INFO Start frontend contributions: 367.5 ms [Finished 2.945 s after frontend start]
2025-10-27 15:49:37 2025-10-27T10:19:37.273Z root INFO Changed application state from 'init' to 'started_contributions'.
2025-10-27 15:49:37 2025-10-27T10:19:37.284Z root INFO Changed application state from 'started_contributions' to 'attached_shell'.
2025-10-27 15:49:37 2025-10-27T10:19:37.284Z root INFO >>> Restoring the layout state...
2025-10-27 15:49:37 2025-10-27T10:19:37.331Z root INFO [2d3dd924-046a-4fbc-b89d-33f3822368e7] Waiting for backend deployment: 78.5 ms [Finished 3.018 s after frontend start]
2025-10-27 15:49:37 2025-10-27T10:19:37.885Z root INFO [hosted-plugin: 18422] PLUGIN_HOST(18422) starting instance
[Object: null prototype] {}
2025-10-27 15:49:38 2025-10-27T10:19:38.806Z root INFO [2d3dd924-046a-4fbc-b89d-33f3822368e7] Sync of 23 plugins: 1482.8 ms [Finished 4.501 s after frontend start]
2025-10-27 15:49:41 2025-10-27T10:19:41.193Z daemon INFO time="2025-10-27T15:49:41+05:30" level=info msg="Installing tool" Tool="builtin:serial-discovery@1.4.1"
2025-10-27 15:49:41 2025-10-27T10:19:41.225Z daemon INFO time="2025-10-27T15:49:41+05:30" level=info msg="Skipping tool configuration." Tool="builtin:serial-discovery@1.4.1"
time="2025-10-27T15:49:41+05:30" level=info msg="Tool installed" Tool="builtin:serial-discovery@1.4.1"
time="2025-10-27T15:49:41+05:30" level=info msg="Loading tools from dir: /home/kamal/.arduino15/packages/builtin/tools"
2025-10-27 15:49:41 2025-10-27T10:19:41.225Z daemon INFO time="2025-10-27T15:49:41+05:30" level=info msg="Loaded tool" tool="builtin:ctags@5.8-arduino11"
time="2025-10-27T15:49:41+05:30" level=info msg="Loaded tool" tool="builtin:dfu-discovery@0.1.2"
time="2025-10-27T15:49:41+05:30" level=info msg="Loaded tool" tool="builtin:mdns-discovery@1.0.9"
time="2025-10-27T15:49:41+05:30" level=info msg="Loaded tool" tool="builtin:serial-discovery@1.4.1"
time="2025-10-27T15:49:41+05:30" level=info msg="Loaded tool" tool="builtin:serial-monitor@0.15.0"
2025-10-27 15:49:41 2025-10-27T10:19:41.229Z daemon INFO time="2025-10-27T15:49:41+05:30" level=info msg="Loading libraries index file" index=/home/kamal/.arduino15/library_index.json
2025-10-27 15:49:41 2025-10-27T10:19:41.595Z daemon INFO time="2025-10-27T15:49:41+05:30" level=info msg="Adding libraries dir" dir=/home/kamal/.arduino15/libraries isSingleLibrary=false location=ide
time="2025-10-27T15:49:41+05:30" level=info msg="Adding libraries dir" dir=/home/kamal/Arduino/libraries isSingleLibrary=false location=user
2025-10-27 15:49:41 2025-10-27T10:19:41.601Z discovery-log INFO start resolved watching
2025-10-27 15:49:41 2025-10-27T10:19:41.627Z root INFO <<< Nothing to restore.
2025-10-27 15:49:41 2025-10-27T10:19:41.719Z root INFO Initialize the workbench layout: 4372.2 ms [Finished 7.351 s after frontend start]
2025-10-27 15:49:41 2025-10-27T10:19:41.721Z root INFO Changed application state from 'attached_shell' to 'initialized_layout'.
2025-10-27 15:49:41 2025-10-27T10:19:41.722Z root INFO [2d3dd924-046a-4fbc-b89d-33f3822368e7] Loading plugin contributions
2025-10-27 15:49:41 2025-10-27T10:19:41.723Z root INFO [2d3dd924-046a-4fbc-b89d-33f3822368e7] Load contributions of 23 plugins: 50.4 ms [Finished 7.412 s after frontend start]
2025-10-27 15:49:41 2025-10-27T10:19:41.780Z root WARN 'cpp' language is remapped from 'source.cpp.embedded.macro' to 'source.cpp' scope
2025-10-27 15:49:41 2025-10-27T10:19:41.780Z root WARN a registered grammar configuration for 'cpp' language is overridden
2025-10-27 15:49:42 2025-10-27T10:19:42.308Z root ERROR [hosted-plugin: 18422] Conflict in settings file Default: Ignoring cortex-debug.armToolchainPath.linux as cortex-debug.armToolchainPath is null
2025-10-27 15:49:42 2025-10-27T10:19:42.309Z root ERROR [hosted-plugin: 18422] Conflict in settings file Default: Ignoring cortex-debug.armToolchainPath.osx as cortex-debug.armToolchainPath is null
Conflict in settings file Default: Ignoring cortex-debug.armToolchainPath.windows as cortex-debug.armToolchainPath is null
Conflict in settings file Default: Ignoring cortex-debug.JLinkGDBServerPath.linux as cortex-debug.JLinkGDBServerPath is null
Conflict in settings file Default: Ignoring cortex-debug.JLinkGDBServerPath.osx as cortex-debug.JLinkGDBServerPath is null
2025-10-27 15:49:42 2025-10-27T10:19:42.309Z root ERROR [hosted-plugin: 18422] Conflict in settings file Default: Ignoring cortex-debug.JLinkGDBServerPath.windows as cortex-debug.JLinkGDBServerPath is null
2025-10-27 15:49:42 2025-10-27T10:19:42.309Z root ERROR [hosted-plugin: 18422] Conflict in settings file Default: Ignoring cortex-debug.openocdPath.linux as cortex-debug.openocdPath is null
2025-10-27 15:49:42 2025-10-27T10:19:42.309Z root ERROR [hosted-plugin: 18422] Conflict in settings file Default: Ignoring cortex-debug.openocdPath.osx as cortex-debug.openocdPath is null
Conflict in settings file Default: Ignoring cortex-debug.openocdPath.windows as cortex-debug.openocdPath is null
2025-10-27 15:49:42 2025-10-27T10:19:42.309Z root ERROR [hosted-plugin: 18422] Conflict in settings file Default: Ignoring cortex-debug.pyocdPath.linux as cortex-debug.pyocdPath is null
Conflict in settings file Default: Ignoring cortex-debug.pyocdPath.osx as cortex-debug.pyocdPath is null
2025-10-27 15:49:42 2025-10-27T10:19:42.309Z root ERROR [hosted-plugin: 18422] Conflict in settings file Default: Ignoring cortex-debug.pyocdPath.windows as cortex-debug.pyocdPath is null
2025-10-27 15:49:42 2025-10-27T10:19:42.309Z root ERROR [hosted-plugin: 18422] Conflict in settings file Default: Ignoring cortex-debug.PEGDBServerPath.linux as cortex-debug.PEGDBServerPath is null
Conflict in settings file Default: Ignoring cortex-debug.PEGDBServerPath.osx as cortex-debug.PEGDBServerPath is null
2025-10-27 15:49:42 2025-10-27T10:19:42.309Z root ERROR [hosted-plugin: 18422] Conflict in settings file Default: Ignoring cortex-debug.PEGDBServerPath.windows as cortex-debug.PEGDBServerPath is null
2025-10-27 15:49:42 2025-10-27T10:19:42.309Z root ERROR [hosted-plugin: 18422] Conflict in settings file Default: Ignoring cortex-debug.stutilPath.linux as cortex-debug.stutilPath is null
Conflict in settings file Default: Ignoring cortex-debug.stutilPath.osx as cortex-debug.stutilPath is null
Conflict in settings file Default: Ignoring cortex-debug.stutilPath.windows as cortex-debug.stutilPath is null
2025-10-27 15:49:42 2025-10-27T10:19:42.309Z root ERROR [hosted-plugin: 18422] Conflict in settings file Default: Ignoring cortex-debug.stlinkPath.linux as cortex-debug.stlinkPath is null
Conflict in settings file Default: Ignoring cortex-debug.stlinkPath.osx as cortex-debug.stlinkPath is null
Conflict in settings file Default: Ignoring cortex-debug.stlinkPath.windows as cortex-debug.stlinkPath is null
Conflict in settings file Default: Ignoring cortex-debug.stm32cubeprogrammer.linux as cortex-debug.stm32cubeprogrammer is null
2025-10-27 15:49:42 2025-10-27T10:19:42.309Z root ERROR [hosted-plugin: 18422] Conflict in settings file Default: Ignoring cortex-debug.stm32cubeprogrammer.osx as cortex-debug.stm32cubeprogrammer is null
Conflict in settings file Default: Ignoring cortex-debug.stm32cubeprogrammer.windows as cortex-debug.stm32cubeprogrammer is null
2025-10-27 15:49:42 2025-10-27T10:19:42.318Z root ERROR [hosted-plugin: 18422] Conflict in settings file Default: Ignoring cortex-debug.armToolchainPath.linux as cortex-debug.armToolchainPath is null
Conflict in settings file Default: Ignoring cortex-debug.armToolchainPath.osx as cortex-debug.armToolchainPath is null
Conflict in settings file Default: Ignoring cortex-debug.armToolchainPath.windows as cortex-debug.armToolchainPath is null
Conflict in settings file Default: Ignoring cortex-debug.JLinkGDBServerPath.linux as cortex-debug.JLinkGDBServerPath is null
Conflict in settings file Default: Ignoring cortex-debug.JLinkGDBServerPath.osx as cortex-debug.JLinkGDBServerPath is null
Conflict in settings file Default: Ignoring cortex-debug.JLinkGDBServerPath.windows as cortex-debug.JLinkGDBServerPath is null
Conflict in settings file Default: Ignoring cortex-debug.openocdPath.linux as cortex-debug.openocdPath is null
2025-10-27 15:49:42 2025-10-27T10:19:42.319Z root ERROR [hosted-plugin: 18422] Conflict in settings file Default: Ignoring cortex-debug.openocdPath.osx as cortex-debug.openocdPath is null
Conflict in settings file Default: Ignoring cortex-debug.openocdPath.windows as cortex-debug.openocdPath is null
Conflict in settings file Default: Ignoring cortex-debug.pyocdPath.linux as cortex-debug.pyocdPath is null
Conflict in settings file Default: Ignoring cortex-debug.pyocdPath.osx as cortex-debug.pyocdPath is null
Conflict in settings file Default: Ignoring cortex-debug.pyocdPath.windows as cortex-debug.pyocdPath is null
Conflict in settings file Default: Ignoring cortex-debug.PEGDBServerPath.linux as cortex-debug.PEGDBServerPath is null
Conflict in settings file Default: Ignoring cortex-debug.PEGDBServerPath.osx as cortex-debug.PEGDBServerPath is null
Conflict in settings file Default: Ignoring cortex-debug.PEGDBServerPath.windows as cortex-debug.PEGDBServerPath is null
Conflict in settings file Default: Ignoring cortex-debug.stutilPath.linux as cortex-debug.stutilPath is null
Conflict in settings file Default: Ignoring cortex-debug.stutilPath.osx as cortex-debug.stutilPath is null
Conflict in settings file Default: Ignoring cortex-debug.stutilPath.windows as cortex-debug.stutilPath is null
Conflict in settings file Default: Ignoring cortex-debug.stlinkPath.linux as cortex-debug.stlinkPath is null
Conflict in settings file Default: Ignoring cortex-debug.stlinkPath.osx as cortex-debug.stlinkPath is null
Conflict in settings file Default: Ignoring cortex-debug.stlinkPath.windows as cortex-debug.stlinkPath is null
Conflict in settings file Default: Ignoring cortex-debug.stm32cubeprogrammer.linux as cortex-debug.stm32cubeprogrammer is null
Conflict in settings file Default: Ignoring cortex-debug.stm32cubeprogrammer.osx as cortex-debug.stm32cubeprogrammer is null
Conflict in settings file Default: Ignoring cortex-debug.stm32cubeprogrammer.windows as cortex-debug.stm32cubeprogrammer is null
2025-10-27 15:49:42 2025-10-27T10:19:42.322Z root INFO [hosted-plugin: 18422] PLUGIN_HOST(18422): PluginManagerExtImpl/init()
2025-10-27 15:49:42 2025-10-27T10:19:42.325Z root INFO [hosted-plugin: 18422] PLUGIN_HOST(18422): initializing(vscode-arduino-api@0.1.2 with /tmp/.mount_arduinymz02m/resources/app/lib/backend/plugin-vscode-init)
2025-10-27 15:49:42 2025-10-27T10:19:42.429Z root INFO [hosted-plugin: 18422] PLUGIN_HOST(18422): initializing(json-language-features@1.88.1 with /tmp/.mount_arduinymz02m/resources/app/lib/backend/plugin-vscode-init)
2025-10-27 15:49:42 2025-10-27T10:19:42.435Z root INFO [hosted-plugin: 18422] PLUGIN_HOST(18422): initializing(cortex-debug@1.5.1 with /tmp/.mount_arduinymz02m/resources/app/lib/backend/plugin-vscode-init)
2025-10-27 15:49:42 2025-10-27T10:19:42.436Z root INFO [hosted-plugin: 18422] Debugger contribution has been registered: cortex-debug
2025-10-27 15:49:42 2025-10-27T10:19:42.438Z root INFO [hosted-plugin: 18422] PLUGIN_HOST(18422): initializing(vscode-arduino-tools@0.1.3 with /tmp/.mount_arduinymz02m/resources/app/lib/backend/plugin-vscode-init)
2025-10-27 15:49:42 2025-10-27T10:19:42.440Z root INFO [hosted-plugin: 18422] PLUGIN_HOST(18422): initializing(cpp@1.88.1 with /tmp/.mount_arduinymz02m/resources/app/lib/backend/plugin-vscode-init)
2025-10-27 15:49:42 2025-10-27T10:19:42.446Z root INFO [hosted-plugin: 18422] PLUGIN_HOST(18422): initializing(json@1.88.1 with /tmp/.mount_arduinymz02m/resources/app/lib/backend/plugin-vscode-init)
2025-10-27 15:49:42 2025-10-27T10:19:42.448Z root INFO [hosted-plugin: 18422] PLUGIN_HOST(18422): initializing(vscode-language-pack-bg@1.48.3 with /tmp/.mount_arduinymz02m/resources/app/lib/backend/plugin-vscode-init)
2025-10-27 15:49:42 2025-10-27T10:19:42.450Z root INFO [hosted-plugin: 18422] PLUGIN_HOST(18422): initializing(vscode-language-pack-cs@1.96.0 with /tmp/.mount_arduinymz02m/resources/app/lib/backend/plugin-vscode-init)
2025-10-27 15:49:42 2025-10-27T10:19:42.451Z root INFO [hosted-plugin: 18422] PLUGIN_HOST(18422): initializing(vscode-language-pack-de@1.96.0 with /tmp/.mount_arduinymz02m/resources/app/lib/backend/plugin-vscode-init)
2025-10-27 15:49:42 2025-10-27T10:19:42.452Z root INFO [hosted-plugin: 18422] PLUGIN_HOST(18422): initializing(vscode-language-pack-es@1.96.0 with /tmp/.mount_arduinymz02m/resources/app/lib/backend/plugin-vscode-init)
2025-10-27 15:49:42 2025-10-27T10:19:42.454Z root INFO [hosted-plugin: 18422] PLUGIN_HOST(18422): initializing(vscode-language-pack-fr@1.96.0 with /tmp/.mount_arduinymz02m/resources/app/lib/backend/plugin-vscode-init)
2025-10-27 15:49:42 2025-10-27T10:19:42.455Z root INFO [hosted-plugin: 18422] PLUGIN_HOST(18422): initializing(vscode-language-pack-hu@1.48.3 with /tmp/.mount_arduinymz02m/resources/app/lib/backend/plugin-vscode-init)
2025-10-27 15:49:42 2025-10-27T10:19:42.456Z root INFO [hosted-plugin: 18422] PLUGIN_HOST(18422): initializing(vscode-language-pack-it@1.96.0 with /tmp/.mount_arduinymz02m/resources/app/lib/backend/plugin-vscode-init)
2025-10-27 15:49:42 2025-10-27T10:19:42.457Z root INFO [hosted-plugin: 18422] PLUGIN_HOST(18422): initializing(vscode-language-pack-ja@1.96.0 with /tmp/.mount_arduinymz02m/resources/app/lib/backend/plugin-vscode-init)
2025-10-27 15:49:42 2025-10-27T10:19:42.458Z root INFO [hosted-plugin: 18422] PLUGIN_HOST(18422): initializing(vscode-language-pack-ko@1.96.0 with /tmp/.mount_arduinymz02m/resources/app/lib/backend/plugin-vscode-init)
2025-10-27 15:49:42 2025-10-27T10:19:42.459Z root INFO [hosted-plugin: 18422] PLUGIN_HOST(18422): initializing(vscode-language-pack-nl@1.48.3 with /tmp/.mount_arduinymz02m/resources/app/lib/backend/plugin-vscode-init)
2025-10-27 15:49:42 2025-10-27T10:19:42.459Z root INFO [hosted-plugin: 18422] PLUGIN_HOST(18422): initializing(vscode-language-pack-pl@1.96.0 with /tmp/.mount_arduinymz02m/resources/app/lib/backend/plugin-vscode-init)
2025-10-27 15:49:42 2025-10-27T10:19:42.460Z root INFO [hosted-plugin: 18422] PLUGIN_HOST(18422): initializing(vscode-language-pack-pt-BR@1.96.0 with /tmp/.mount_arduinymz02m/resources/app/lib/backend/plugin-vscode-init)
2025-10-27 15:49:42 2025-10-27T10:19:42.461Z root INFO [hosted-plugin: 18422] PLUGIN_HOST(18422): initializing(vscode-language-pack-ru@1.96.0 with /tmp/.mount_arduinymz02m/resources/app/lib/backend/plugin-vscode-init)
2025-10-27 15:49:42 2025-10-27T10:19:42.461Z root INFO [hosted-plugin: 18422] PLUGIN_HOST(18422): initializing(vscode-language-pack-tr@1.96.0 with /tmp/.mount_arduinymz02m/resources/app/lib/backend/plugin-vscode-init)
2025-10-27 15:49:42 2025-10-27T10:19:42.462Z root INFO [hosted-plugin: 18422] PLUGIN_HOST(18422): initializing(vscode-language-pack-uk@1.48.3 with /tmp/.mount_arduinymz02m/resources/app/lib/backend/plugin-vscode-init)
2025-10-27 15:49:42 2025-10-27T10:19:42.463Z root INFO [hosted-plugin: 18422] PLUGIN_HOST(18422): initializing(vscode-language-pack-zh-hans@1.96.0 with /tmp/.mount_arduinymz02m/resources/app/lib/backend/plugin-vscode-init)
2025-10-27 15:49:42 2025-10-27T10:19:42.464Z root INFO [hosted-plugin: 18422] PLUGIN_HOST(18422): initializing(vscode-language-pack-zh-hant@1.96.0 with /tmp/.mount_arduinymz02m/resources/app/lib/backend/plugin-vscode-init)
2025-10-27 15:49:42 Checking for update
2025-10-27 15:49:42 Generated new staging user ID: 2d433fcc-f1c4-56bd-9179-0fd0950abc1a
2025-10-27 15:49:42 2025-10-27T10:19:42.861Z root INFO Replace loading indicator with ready workbench UI (animation): 867.4 ms [Finished 8.284 s after frontend start]
2025-10-27 15:49:42 2025-10-27T10:19:42.861Z root INFO Changed application state from 'initialized_layout' to 'ready'.
2025-10-27 15:49:42 2025-10-27T10:19:42.861Z root WARN Linked preference "workbench.colorCustomizations" not found.
2025-10-27 15:49:42 2025-10-27T10:19:42.864Z root INFO Frontend application start: 5774.0 ms [Finished 9.472 s after backend start]
2025-10-27 15:49:42 2025-10-27T10:19:42.884Z root INFO [hosted-plugin: 18422] PLUGIN_HOST(18422): PluginManagerExtImpl/loadPlugin(/tmp/.mount_arduinymz02m/resources/app/plugins/vscode-builtin-json-language-features/extension/client/dist/node/jsonClientMain)
2025-10-27 15:49:42 2025-10-27T10:19:42.948Z root INFO core-client-provider [platform-index] Downloading index: package_index.tar.bz2

2025-10-27 15:49:42 2025-10-27T10:19:42.949Z root INFO core-client-provider [library-index] Downloading index: library_index.tar.bz2

2025-10-27 15:49:42 2025-10-27T10:19:42.951Z daemon INFO time="2025-10-27T15:49:42+05:30" level=info msg="Updating index" url="https://downloads.arduino.cc/packages/package_index.tar.bz2"
time="2025-10-27T15:49:42+05:30" level=info msg="Starting download" url="https://downloads.arduino.cc/packages/package_index.tar.bz2"
time="2025-10-27T15:49:42+05:30" level=info msg="Starting download" url="https://downloads.arduino.cc/libraries/library_index.tar.bz2"
2025-10-27 15:49:42 2025-10-27T10:19:42.960Z discovery-log INFO {"eventType":"add","port":{"matchingBoardsList":[],"port":{"address":"/dev/ttyUSB0","label":"/dev/ttyUSB0","protocol":"serial","protocolLabel":"Serial Port (USB)","propertiesMap":[["pid","0xea60"],["serialNumber","0001"],["vid","0x10c4"]],"hardwareId":"0001"}},"error":""}
2025-10-27 15:49:42 2025-10-27T10:19:42.976Z root INFO [hosted-plugin: 18422] PLUGIN_HOST(18422): PluginManagerExtImpl/loadPlugin(/tmp/.mount_arduinymz02m/resources/app/plugins/vscode-arduino-api/extension/dist/extension.js)
2025-10-27 15:49:43 2025-10-27T10:19:43.001Z root INFO [hosted-plugin: 18422] calling activation function on Arduino IDE API for VS Code extensions
2025-10-27 15:49:43 2025-10-27T10:19:43.087Z root INFO [2d3dd924-046a-4fbc-b89d-33f3822368e7] Starting plugins.
2025-10-27 15:49:43 2025-10-27T10:19:43.172Z root ERROR ---- !!!SLOW!!! DURATION: search took 182.563 ms. Args: [{"query":"Arduino_BuiltIn"}] ----
2025-10-27 15:49:43 2025-10-27T10:19:43.491Z root ERROR ---- !!!SLOW!!! DURATION: search took 624.840 ms. Args: [{"type":"Updatable"}] ----
2025-10-27 15:49:43 2025-10-27T10:19:43.495Z root INFO >>> Starting boards package installation... {
  id: 'arduino:avr',
  name: 'Arduino AVR Boards',
  summary: 'Boards included in this package:',
  description: 'Arduino Yún, Arduino UNO, Arduino UNO Mini, Arduino UNO WiFi, Arduino Diecimila, Arduino Nano, Arduino Mega, Arduino Mega ADK, Arduino Leonardo, Arduino Leonardo Ethernet, Arduino Micro, Arduino Esplora, Arduino Mini, Arduino Ethernet, Arduino Fio, Arduino BT, Arduino LilyPad USB, Arduino LilyPad, Arduino Pro, Arduino ATMegaNG, Arduino Robot Control, Arduino Robot Motor, Arduino Gemma, Adafruit Circuit Playground, Arduino Yún Mini, Arduino Industrial 101, Linino One',
  boards: [
    { name: 'Arduino Yún', fqbn: '' },
    { name: 'Arduino UNO', fqbn: '' },
    { name: 'Arduino UNO Mini', fqbn: '' },
    { name: 'Arduino UNO WiFi', fqbn: '' },
    { name: 'Arduino Diecimila', fqbn: '' },
    { name: 'Arduino Nano', fqbn: '' },
    { name: 'Arduino Mega', fqbn: '' },
    { name: 'Arduino Mega ADK', fqbn: '' },
    { name: 'Arduino Leonardo', fqbn: '' },
    { name: 'Arduino Leonardo Ethernet', fqbn: '' },
    { name: 'Arduino Micro', fqbn: '' },
    { name: 'Arduino Esplora', fqbn: '' },
    { name: 'Arduino Mini', fqbn: '' },
    { name: 'Arduino Ethernet', fqbn: '' },
    { name: 'Arduino Fio', fqbn: '' },
    { name: 'Arduino BT', fqbn: '' },
    { name: 'Arduino LilyPad USB', fqbn: '' },
    { name: 'Arduino LilyPad', fqbn: '' },
    { name: 'Arduino Pro', fqbn: '' },
    { name: 'Arduino ATMegaNG', fqbn: '' },
    { name: 'Arduino Robot Control', fqbn: '' },
    { name: 'Arduino Robot Motor', fqbn: '' },
    { name: 'Arduino Gemma', fqbn: '' },
    { name: 'Adafruit Circuit Playground', fqbn: '' },
    { name: 'Arduino Yún Mini', fqbn: '' },
    { name: 'Arduino Industrial 101', fqbn: '' },
    { name: 'Linino One', fqbn: '' }
  ],
  types: [ 'Arduino' ],
  moreInfoLink: 'https://www.arduino.cc/',
  author: 'Arduino',
  deprecated: false,
  availableVersions: [
    '1.8.6',  '1.8.5',  '1.8.4',
    '1.8.3',  '1.8.2',  '1.8.1',
    '1.6.23', '1.6.22', '1.6.21',
    '1.6.20', '1.6.19', '1.6.18',
    '1.6.17', '1.6.16', '1.6.15',
    '1.6.14', '1.6.13', '1.6.12',
    '1.6.11', '1.6.10', '1.6.9',
    '1.6.8',  '1.6.7',  '1.6.6',
    '1.6.5',  '1.6.4',  '1.6.3',
    '1.6.2'
  ],
  index: 0
}
2025-10-27 15:49:43 2025-10-27T10:19:43.498Z discovery-log INFO stop
2025-10-27 15:49:43 2025-10-27T10:19:43.498Z discovery-log INFO >>> Stopping boards watcher...
2025-10-27 15:49:43 2025-10-27T10:19:43.498Z discovery-log INFO Canceling boards watcher...
2025-10-27 15:49:43 2025-10-27T10:19:43.498Z discovery-log INFO disposing requesting cancel
2025-10-27 15:49:43 2025-10-27T10:19:43.498Z discovery-log INFO disposing canceled
2025-10-27 15:49:43 2025-10-27T10:19:43.499Z discovery-log INFO error received
2025-10-27 15:49:43 2025-10-27T10:19:43.499Z discovery-log INFO cancel error received!
2025-10-27 15:49:43 2025-10-27T10:19:43.499Z discovery-log INFO stop received event: either end or cancel
2025-10-27 15:49:43 2025-10-27T10:19:43.499Z discovery-log INFO stop stopped
2025-10-27 15:49:43 2025-10-27T10:19:43.499Z discovery-log INFO received end
2025-10-27 15:49:43 2025-10-27T10:19:43.501Z root INFO [hosted-plugin: 18422] calling activation function on JSON Language Features (built-in)
PLUGIN_HOST(18422): PluginManagerExtImpl/loadPlugin(/tmp/.mount_arduinymz02m/resources/app/plugins/cortex-debug/extension/dist/extension.js)
2025-10-27 15:49:43 2025-10-27T10:19:43.502Z daemon INFO time="2025-10-27T15:49:43+05:30" level=info msg="Starting download" url="https://downloads.arduino.cc/tools/arduinoOTA-1.3.0-linux_amd64.tar.bz2"
2025-10-27 15:49:43 2025-10-27T10:19:43.532Z root INFO [hosted-plugin: 18422] Debug configuration provider has been registered: cortex-debug, trigger: 1
2025-10-27 15:49:43 2025-10-27T10:19:43.532Z root INFO [hosted-plugin: 18422] calling activation function on Cortex-Debug
2025-10-27 15:49:43 2025-10-27T10:19:43.535Z root INFO [hosted-plugin: 18422] GDB server console created
2025-10-27 15:49:43 2025-10-27T10:19:43.559Z root INFO [2d3dd924-046a-4fbc-b89d-33f3822368e7] Start of 23 plugins: 1722.5 ms [Finished 9.253 s after frontend start]
2025-10-27 15:49:44 Update for version 2.3.6 is not available (latest version: 2.3.6, downgrade is allowed).
2025-10-27 15:50:03 2025-10-27T10:20:03.535Z daemon INFO time="2025-10-27T15:50:03+05:30" level=info msg="Starting download" url="https://downloads.arduino.cc/tools/avr-gcc-7.3.0-atmel3.6.1-arduino7-x86_64-pc-linux-gnu.tar.bz2"
2025-10-27 15:50:09 2025-10-27T10:20:09.305Z daemon INFO time="2025-10-27T15:50:09+05:30" level=info msg="Checking signature" index=/home/kamal/.arduino15/package_index.json signatureFile=/home/kamal/.arduino15/package_index.json.sig trusted=true
2025-10-27 15:50:09 2025-10-27T10:20:09.307Z daemon INFO time="2025-10-27T15:50:09+05:30" level=info msg="Loading hardware from: /home/kamal/.arduino15/packages"
2025-10-27 15:50:09 2025-10-27T10:20:09.307Z daemon INFO time="2025-10-27T15:50:09+05:30" level=info msg="Loading package builtin from: /home/kamal/.arduino15/packages/builtin"
2025-10-27 15:50:09 2025-10-27T10:20:09.307Z daemon INFO time="2025-10-27T15:50:09+05:30" level=info msg="Checking existence of 'tools' path: /home/kamal/.arduino15/packages/builtin/tools"
time="2025-10-27T15:50:09+05:30" level=info msg="Loading tools from dir: /home/kamal/.arduino15/packages/builtin/tools"
2025-10-27 15:50:09 2025-10-27T10:20:09.307Z daemon INFO time="2025-10-27T15:50:09+05:30" level=info msg="Loaded tool" tool="builtin:ctags@5.8-arduino11"
2025-10-27 15:50:09 2025-10-27T10:20:09.307Z daemon INFO time="2025-10-27T15:50:09+05:30" level=info msg="Loaded tool" tool="builtin:dfu-discovery@0.1.2"
2025-10-27 15:50:09 2025-10-27T10:20:09.308Z daemon INFO time="2025-10-27T15:50:09+05:30" level=info msg="Loaded tool" tool="builtin:mdns-discovery@1.0.9"
2025-10-27 15:50:09 2025-10-27T10:20:09.308Z daemon INFO time="2025-10-27T15:50:09+05:30" level=info msg="Loaded tool" tool="builtin:serial-discovery@1.4.1"
2025-10-27 15:50:09 2025-10-27T10:20:09.308Z daemon INFO time="2025-10-27T15:50:09+05:30" level=info msg="Loaded tool" tool="builtin:serial-monitor@0.15.0"
2025-10-27 15:51:06 2025-10-27T10:21:06.942Z daemon INFO time="2025-10-27T15:51:06+05:30" level=info msg="Starting download" url="https://downloads.arduino.cc/tools/avrdude-6.3.0-arduino17-x86_64-pc-linux-gnu.tar.bz2"
2025-10-27 15:51:07 2025-10-27T10:21:07.768Z daemon INFO time="2025-10-27T15:51:07+05:30" level=info msg="Starting download" url="https://downloads.arduino.cc/cores/staging/avr-1.8.6.tar.bz2"
2025-10-27 15:51:22 2025-10-27T10:21:22.263Z daemon INFO time="2025-10-27T15:51:22+05:30" level=info msg="Installing tool" Tool="arduino:arduinoOTA@1.3.0"
2025-10-27 15:51:22 2025-10-27T10:21:22.830Z daemon INFO time="2025-10-27T15:51:22+05:30" level=info msg="Running tool post_install script" Tool="arduino:arduinoOTA@1.3.0"
time="2025-10-27T15:51:22+05:30" level=info msg="Tool installed" Tool="arduino:arduinoOTA@1.3.0"
time="2025-10-27T15:51:22+05:30" level=info msg="Installing tool" Tool="arduino:avr-gcc@7.3.0-atmel3.6.1-arduino7"
2025-10-27 15:51:33 2025-10-27T10:21:33.566Z daemon INFO time="2025-10-27T15:51:33+05:30" level=info msg="Running tool post_install script" Tool="arduino:avr-gcc@7.3.0-atmel3.6.1-arduino7"
time="2025-10-27T15:51:33+05:30" level=info msg="Tool installed" Tool="arduino:avr-gcc@7.3.0-atmel3.6.1-arduino7"
time="2025-10-27T15:51:33+05:30" level=info msg="Installing tool" Tool="arduino:avrdude@6.3.0-arduino17"
2025-10-27 15:51:33 2025-10-27T10:21:33.606Z daemon INFO time="2025-10-27T15:51:33+05:30" level=info msg="Running tool post_install script" Tool="arduino:avrdude@6.3.0-arduino17"
time="2025-10-27T15:51:33+05:30" level=info msg="Tool installed" Tool="arduino:avrdude@6.3.0-arduino17"
2025-10-27 15:51:33 2025-10-27T10:21:33.606Z daemon INFO time="2025-10-27T15:51:33+05:30" level=info msg="Installing platform" platform="arduino:avr@1.8.6"
2025-10-27 15:51:34 2025-10-27T10:21:34.638Z daemon INFO time="2025-10-27T15:51:34+05:30" level=info msg="Running post_install script" platform="arduino:avr@1.8.6"
time="2025-10-27T15:51:34+05:30" level=info msg="Platform installed" platform="arduino:avr@1.8.6"
2025-10-27 15:51:34 2025-10-27T10:21:34.644Z daemon INFO time="2025-10-27T15:51:34+05:30" level=info msg="Discovery event channel closed builtin:serial-discovery. Exiting goroutine."
2025-10-27 15:51:34 2025-10-27T10:21:34.644Z daemon INFO time="2025-10-27T15:51:34+05:30" level=error msg="Waiting discovery process termination: signal: killed" discovery="builtin:serial-discovery"
time="2025-10-27T15:51:34+05:30" level=info msg="Closed and removed discovery builtin:serial-discovery"
time="2025-10-27T15:51:34+05:30" level=error msg="Stopped decode loop: EOF" discovery="builtin:serial-discovery"
2025-10-27 15:51:34 2025-10-27T10:21:34.645Z daemon INFO time="2025-10-27T15:51:34+05:30" level=info msg="Discovery event channel closed builtin:mdns-discovery. Exiting goroutine."
2025-10-27 15:51:34 2025-10-27T10:21:34.646Z daemon INFO time="2025-10-27T15:51:34+05:30" level=error msg="Waiting discovery process termination: signal: killed" discovery="builtin:mdns-discovery"
time="2025-10-27T15:51:34+05:30" level=info msg="Closed and removed discovery builtin:mdns-discovery"
time="2025-10-27T15:51:34+05:30" level=error msg="Stopped decode loop: EOF" discovery="builtin:mdns-discovery"
2025-10-27 15:51:34 2025-10-27T10:21:34.652Z daemon INFO time="2025-10-27T15:51:34+05:30" level=info msg="Checking signature" index=/home/kamal/.arduino15/package_index.json signatureFile=/home/kamal/.arduino15/package_index.json.sig trusted=true
2025-10-27 15:51:34 2025-10-27T10:21:34.653Z daemon INFO time="2025-10-27T15:51:34+05:30" level=info msg="Loading libraries index file" index=/home/kamal/.arduino15/library_index.json
2025-10-27 15:51:34 2025-10-27T10:21:34.667Z daemon INFO time="2025-10-27T15:51:34+05:30" level=info msg="Loading hardware from: /home/kamal/.arduino15/packages"
2025-10-27 15:51:34 2025-10-27T10:21:34.667Z daemon INFO time="2025-10-27T15:51:34+05:30" level=info msg="Loading package arduino from: /home/kamal/.arduino15/packages/arduino/hardware"
2025-10-27 15:51:34 2025-10-27T10:21:34.669Z daemon INFO time="2025-10-27T15:51:34+05:30" level=info msg="Missing signature file" index=/home/kamal/.arduino15/packages/arduino/hardware/avr/1.8.6/installed.json
2025-10-27 15:51:34 2025-10-27T10:21:34.673Z daemon INFO time="2025-10-27T15:51:34+05:30" level=info msg="Adding monitor tool" protocol=serial tool="builtin:serial-monitor"
time="2025-10-27T15:51:34+05:30" level=info msg="Loaded platform" platform="arduino:avr@1.8.6"
time="2025-10-27T15:51:34+05:30" level=info msg="Checking existence of 'tools' path: /home/kamal/.arduino15/packages/arduino/tools"
2025-10-27 15:51:34 2025-10-27T10:21:34.673Z daemon INFO time="2025-10-27T15:51:34+05:30" level=info msg="Loading tools from dir: /home/kamal/.arduino15/packages/arduino/tools"
time="2025-10-27T15:51:34+05:30" level=info msg="Loaded tool" tool="arduino:arduinoOTA@1.3.0"
time="2025-10-27T15:51:34+05:30" level=info msg="Loaded tool" tool="arduino:avr-gcc@7.3.0-atmel3.6.1-arduino7"
time="2025-10-27T15:51:34+05:30" level=info msg="Loaded tool" tool="arduino:avrdude@6.3.0-arduino17"
time="2025-10-27T15:51:34+05:30" level=info msg="Loading package builtin from: /home/kamal/.arduino15/packages/builtin"
2025-10-27 15:51:34 2025-10-27T10:21:34.675Z daemon INFO time="2025-10-27T15:51:34+05:30" level=info msg="Checking existence of 'tools' path: /home/kamal/.arduino15/packages/builtin/tools"
time="2025-10-27T15:51:34+05:30" level=info msg="Loading tools from dir: /home/kamal/.arduino15/packages/builtin/tools"
time="2025-10-27T15:51:34+05:30" level=info msg="Loaded tool" tool="builtin:ctags@5.8-arduino11"
time="2025-10-27T15:51:34+05:30" level=info msg="Loaded tool" tool="builtin:dfu-discovery@0.1.2"
time="2025-10-27T15:51:34+05:30" level=info msg="Loaded tool" tool="builtin:mdns-discovery@1.0.9"
time="2025-10-27T15:51:34+05:30" level=info msg="Loaded tool" tool="builtin:serial-discovery@1.4.1"
time="2025-10-27T15:51:34+05:30" level=info msg="Loaded tool" tool="builtin:serial-monitor@0.15.0"
2025-10-27 15:51:34 2025-10-27T10:21:34.897Z daemon INFO time="2025-10-27T15:51:34+05:30" level=info msg="Adding libraries dir" dir=/home/kamal/.arduino15/libraries isSingleLibrary=false location=ide
time="2025-10-27T15:51:34+05:30" level=info msg="Adding libraries dir" dir=/home/kamal/Arduino/libraries isSingleLibrary=false location=user
2025-10-27 15:51:34 2025-10-27T10:21:34.898Z daemon INFO time="2025-10-27T15:51:34+05:30" level=info msg="Discovery event channel closed builtin:serial-discovery. Exiting goroutine."
time="2025-10-27T15:51:34+05:30" level=info msg="Closed and removed discovery builtin:serial-discovery"
time="2025-10-27T15:51:34+05:30" level=error msg="Stopped decode loop: EOF" discovery="builtin:serial-discovery"
time="2025-10-27T15:51:34+05:30" level=info msg="Discovery event channel closed builtin:mdns-discovery. Exiting goroutine."
2025-10-27 15:51:34 2025-10-27T10:21:34.899Z daemon INFO time="2025-10-27T15:51:34+05:30" level=info msg="Closed and removed discovery builtin:mdns-discovery"
2025-10-27 15:51:34 2025-10-27T10:21:34.899Z daemon INFO time="2025-10-27T15:51:34+05:30" level=error msg="Stopped decode loop: EOF" discovery="builtin:mdns-discovery"
2025-10-27 15:51:34 2025-10-27T10:21:34.917Z daemon INFO time="2025-10-27T15:51:34+05:30" level=info msg="Adding libraries dir" dir=/home/kamal/.arduino15/packages/arduino/hardware/avr/1.8.6/libraries isSingleLibrary=false location=platform
time="2025-10-27T15:51:34+05:30" level=info msg="Loading libraries index file" index=/home/kamal/.arduino15/library_index.json
2025-10-27 15:51:35 2025-10-27T10:21:35.139Z daemon INFO time="2025-10-27T15:51:35+05:30" level=info msg="Adding libraries dir" dir=/home/kamal/.arduino15/libraries isSingleLibrary=false location=ide
time="2025-10-27T15:51:35+05:30" level=info msg="Adding libraries dir" dir=/home/kamal/Arduino/libraries isSingleLibrary=false location=user
2025-10-27 15:51:35 2025-10-27T10:21:35.141Z discovery-log INFO start
2025-10-27 15:51:35 2025-10-27T10:21:35.141Z discovery-log INFO start new deferred
2025-10-27 15:51:35 2025-10-27T10:21:35.141Z discovery-log INFO start resolved watching
2025-10-27 15:51:35 2025-10-27T10:21:35.143Z discovery-log INFO {"eventType":"add","port":{"matchingBoardsList":[],"port":{"address":"/dev/ttyUSB0","label":"/dev/ttyUSB0","protocol":"serial","protocolLabel":"Serial Port (USB)","propertiesMap":[["pid","0xea60"],["serialNumber","0001"],["vid","0x10c4"]],"hardwareId":"0001"}},"error":""}
2025-10-27 15:51:35 2025-10-27T10:21:35.154Z root INFO <<< Boards package installation done. {
  id: 'arduino:avr',
  name: 'Arduino AVR Boards',
  summary: 'Boards included in this package:',
  description: 'Arduino Yún, Arduino UNO, Arduino UNO Mini, Arduino UNO WiFi, Arduino Diecimila, Arduino Nano, Arduino Mega, Arduino Mega ADK, Arduino Leonardo, Arduino Leonardo Ethernet, Arduino Micro, Arduino Esplora, Arduino Mini, Arduino Ethernet, Arduino Fio, Arduino BT, Arduino LilyPad USB, Arduino LilyPad, Arduino Pro, Arduino ATMegaNG, Arduino Robot Control, Arduino Robot Motor, Arduino Gemma, Adafruit Circuit Playground, Arduino Yún Mini, Arduino Industrial 101, Linino One',
  boards: [
    { name: 'Arduino Yún', fqbn: '' },
    { name: 'Arduino UNO', fqbn: '' },
    { name: 'Arduino UNO Mini', fqbn: '' },
    { name: 'Arduino UNO WiFi', fqbn: '' },
    { name: 'Arduino Diecimila', fqbn: '' },
    { name: 'Arduino Nano', fqbn: '' },
    { name: 'Arduino Mega', fqbn: '' },
    { name: 'Arduino Mega ADK', fqbn: '' },
    { name: 'Arduino Leonardo', fqbn: '' },
    { name: 'Arduino Leonardo Ethernet', fqbn: '' },
    { name: 'Arduino Micro', fqbn: '' },
    { name: 'Arduino Esplora', fqbn: '' },
    { name: 'Arduino Mini', fqbn: '' },
    { name: 'Arduino Ethernet', fqbn: '' },
    { name: 'Arduino Fio', fqbn: '' },
    { name: 'Arduino BT', fqbn: '' },
    { name: 'Arduino LilyPad USB', fqbn: '' },
    { name: 'Arduino LilyPad', fqbn: '' },
    { name: 'Arduino Pro', fqbn: '' },
    { name: 'Arduino ATMegaNG', fqbn: '' },
    { name: 'Arduino Robot Control', fqbn: '' },
    { name: 'Arduino Robot Motor', fqbn: '' },
    { name: 'Arduino Gemma', fqbn: '' },
    { name: 'Adafruit Circuit Playground', fqbn: '' },
    { name: 'Arduino Yún Mini', fqbn: '' },
    { name: 'Arduino Industrial 101', fqbn: '' },
    { name: 'Linino One', fqbn: '' }
  ],
  types: [ 'Arduino' ],
  moreInfoLink: 'https://www.arduino.cc/',
  author: 'Arduino',
  deprecated: false,
  availableVersions: [
    '1.8.6',  '1.8.5',  '1.8.4',
    '1.8.3',  '1.8.2',  '1.8.1',
    '1.6.23', '1.6.22', '1.6.21',
    '1.6.20', '1.6.19', '1.6.18',
    '1.6.17', '1.6.16', '1.6.15',
    '1.6.14', '1.6.13', '1.6.12',
    '1.6.11', '1.6.10', '1.6.9',
    '1.6.8',  '1.6.7',  '1.6.6',
    '1.6.5',  '1.6.4',  '1.6.3',
    '1.6.2'
  ],
  index: 0
}
2025-10-27 15:51:35 2025-10-27T10:21:35.159Z root INFO >>> Starting library package installation... {
  name: 'Arduino_BuiltIn',
  exampleUris: [],
  location: 0,
  installedVersion: undefined,
  author: 'Arduino',
  availableVersions: [ '1.0.0' ],
  includes: [],
  description: 'The sole purpose of this library is to install the standard Arduino libraries which are typically included with the Arduino IDE.',
  moreInfoLink: 'https://github.com/arduino-libraries/Arduino_BuiltIn',
  summary: 'Shell Arduino library to provide the standard built-in libraries',
  category: 'Other',
  types: [ 'Arduino' ],
  index: 0
}
2025-10-27 15:51:35 2025-10-27T10:21:35.160Z discovery-log INFO stop
2025-10-27 15:51:35 2025-10-27T10:21:35.160Z discovery-log INFO >>> Stopping boards watcher...
2025-10-27 15:51:35 2025-10-27T10:21:35.160Z discovery-log INFO Canceling boards watcher...
2025-10-27 15:51:35 2025-10-27T10:21:35.160Z discovery-log INFO disposing requesting cancel
2025-10-27 15:51:35 2025-10-27T10:21:35.160Z discovery-log INFO disposing canceled
2025-10-27 15:51:35 2025-10-27T10:21:35.161Z discovery-log INFO error received
2025-10-27 15:51:35 2025-10-27T10:21:35.161Z discovery-log INFO cancel error received!
2025-10-27 15:51:35 2025-10-27T10:21:35.161Z discovery-log INFO stop received event: either end or cancel
2025-10-27 15:51:35 2025-10-27T10:21:35.161Z discovery-log INFO stop stopped
2025-10-27 15:51:35 2025-10-27T10:21:35.161Z discovery-log INFO received end
2025-10-27 15:51:35 2025-10-27T10:21:35.204Z daemon INFO time="2025-10-27T15:51:35+05:30" level=info msg="Starting download" url="https://downloads.arduino.cc/libraries/github.com/arduino-libraries/TFT-1.0.6.zip?query=depends"
2025-10-27 15:51:36 2025-10-27T10:21:36.500Z daemon INFO time="2025-10-27T15:51:36+05:30" level=info msg="Installing library" library=TFT@1.0.6
2025-10-27 15:51:36 2025-10-27T10:21:36.508Z daemon INFO time="2025-10-27T15:51:36+05:30" level=info msg="Starting download" url="https://downloads.arduino.cc/libraries/github.com/arduino-libraries/Arduino_BuiltIn-1.0.0.zip?query=install-builtin"
2025-10-27 15:51:36 2025-10-27T10:21:36.922Z daemon INFO time="2025-10-27T15:51:36+05:30" level=info msg="Installing library" library=Arduino_BuiltIn@1.0.0
2025-10-27 15:51:36 2025-10-27T10:21:36.930Z daemon INFO time="2025-10-27T15:51:36+05:30" level=info msg="Starting download" url="https://downloads.arduino.cc/libraries/github.com/arduino-libraries/SD-1.3.0.zip?query=depends"
2025-10-27 15:51:37 2025-10-27T10:21:37.448Z daemon INFO time="2025-10-27T15:51:37+05:30" level=info msg="Installing library" library=SD@1.3.0
2025-10-27 15:51:37 2025-10-27T10:21:37.453Z daemon INFO time="2025-10-27T15:51:37+05:30" level=info msg="Starting download" url="https://downloads.arduino.cc/libraries/github.com/arduino-libraries/Mouse-1.0.1.zip?query=depends"
2025-10-27 15:51:37 2025-10-27T10:21:37.697Z daemon INFO time="2025-10-27T15:51:37+05:30" level=info msg="Installing library" library=Mouse@1.0.1
2025-10-27 15:51:37 2025-10-27T10:21:37.698Z daemon INFO time="2025-10-27T15:51:37+05:30" level=info msg="Starting download" url="https://downloads.arduino.cc/libraries/github.com/firmata/Firmata-2.5.9.zip?query=depends"
2025-10-27 15:51:39 2025-10-27T10:21:39.057Z daemon INFO time="2025-10-27T15:51:39+05:30" level=info msg="Installing library" library=Firmata@2.5.9
2025-10-27 15:51:39 2025-10-27T10:21:39.081Z daemon INFO time="2025-10-27T15:51:39+05:30" level=info msg="Starting download" url="https://downloads.arduino.cc/libraries/github.com/arduino-libraries/Servo-1.2.2.zip?query=depends"
2025-10-27 15:51:39 2025-10-27T10:21:39.566Z daemon INFO time="2025-10-27T15:51:39+05:30" level=info msg="Installing library" library=Servo@1.2.2
2025-10-27 15:51:39 2025-10-27T10:21:39.573Z daemon INFO time="2025-10-27T15:51:39+05:30" level=info msg="Starting download" url="https://downloads.arduino.cc/libraries/github.com/arduino-libraries/Stepper-1.1.3.zip?query=depends"
2025-10-27 15:51:39 2025-10-27T10:21:39.855Z daemon INFO time="2025-10-27T15:51:39+05:30" level=info msg="Installing library" library=Stepper@1.1.3
2025-10-27 15:51:39 2025-10-27T10:21:39.857Z daemon INFO time="2025-10-27T15:51:39+05:30" level=info msg="Starting download" url="https://downloads.arduino.cc/libraries/github.com/arduino-libraries/Ethernet-2.0.2.zip?query=depends"
2025-10-27 15:51:40 2025-10-27T10:21:40.227Z daemon INFO time="2025-10-27T15:51:40+05:30" level=info msg="Installing library" library=Ethernet@2.0.2
2025-10-27 15:51:40 2025-10-27T10:21:40.233Z daemon INFO time="2025-10-27T15:51:40+05:30" level=info msg="Starting download" url="https://downloads.arduino.cc/libraries/github.com/arduino-libraries/Keyboard-1.0.6.zip?query=depends"
2025-10-27 15:51:40 2025-10-27T10:21:40.518Z daemon INFO time="2025-10-27T15:51:40+05:30" level=info msg="Installing library" library=Keyboard@1.0.6
2025-10-27 15:51:40 2025-10-27T10:21:40.522Z daemon INFO time="2025-10-27T15:51:40+05:30" level=info msg="Starting download" url="https://downloads.arduino.cc/libraries/github.com/arduino-libraries/LiquidCrystal-1.0.7.zip?query=depends"
2025-10-27 15:51:40 2025-10-27T10:21:40.810Z daemon INFO time="2025-10-27T15:51:40+05:30" level=info msg="Installing library" library=LiquidCrystal@1.0.7
2025-10-27 15:51:40 2025-10-27T10:21:40.827Z daemon INFO time="2025-10-27T15:51:40+05:30" level=info msg="Checking signature" index=/home/kamal/.arduino15/package_index.json signatureFile=/home/kamal/.arduino15/package_index.json.sig trusted=true
2025-10-27 15:51:40 2025-10-27T10:21:40.829Z daemon INFO time="2025-10-27T15:51:40+05:30" level=info msg="Loading hardware from: /home/kamal/.arduino15/packages"
2025-10-27 15:51:40 2025-10-27T10:21:40.829Z daemon INFO time="2025-10-27T15:51:40+05:30" level=info msg="Loading package arduino from: /home/kamal/.arduino15/packages/arduino/hardware"
2025-10-27 15:51:40 2025-10-27T10:21:40.830Z daemon INFO time="2025-10-27T15:51:40+05:30" level=info msg="Missing signature file" index=/home/kamal/.arduino15/packages/arduino/hardware/avr/1.8.6/installed.json
2025-10-27 15:51:40 2025-10-27T10:21:40.832Z daemon INFO time="2025-10-27T15:51:40+05:30" level=info msg="Adding monitor tool" protocol=serial tool="builtin:serial-monitor"
time="2025-10-27T15:51:40+05:30" level=info msg="Loaded platform" platform="arduino:avr@1.8.6"
time="2025-10-27T15:51:40+05:30" level=info msg="Checking existence of 'tools' path: /home/kamal/.arduino15/packages/arduino/tools"
2025-10-27 15:51:40 2025-10-27T10:21:40.832Z daemon INFO time="2025-10-27T15:51:40+05:30" level=info msg="Loading tools from dir: /home/kamal/.arduino15/packages/arduino/tools"
time="2025-10-27T15:51:40+05:30" level=info msg="Loaded tool" tool="arduino:arduinoOTA@1.3.0"
2025-10-27 15:51:40 2025-10-27T10:21:40.832Z daemon INFO time="2025-10-27T15:51:40+05:30" level=info msg="Loaded tool" tool="arduino:avr-gcc@7.3.0-atmel3.6.1-arduino7"
2025-10-27 15:51:40 2025-10-27T10:21:40.832Z daemon INFO time="2025-10-27T15:51:40+05:30" level=info msg="Loaded tool" tool="arduino:avrdude@6.3.0-arduino17"
2025-10-27 15:51:40 2025-10-27T10:21:40.832Z daemon INFO time="2025-10-27T15:51:40+05:30" level=info msg="Loading package builtin from: /home/kamal/.arduino15/packages/builtin"
2025-10-27 15:51:40 2025-10-27T10:21:40.832Z daemon INFO time="2025-10-27T15:51:40+05:30" level=info msg="Checking existence of 'tools' path: /home/kamal/.arduino15/packages/builtin/tools"
2025-10-27 15:51:40 2025-10-27T10:21:40.832Z daemon INFO time="2025-10-27T15:51:40+05:30" level=info msg="Loading tools from dir: /home/kamal/.arduino15/packages/builtin/tools"
2025-10-27 15:51:40 2025-10-27T10:21:40.832Z daemon INFO time="2025-10-27T15:51:40+05:30" level=info msg="Loaded tool" tool="builtin:ctags@5.8-arduino11"
2025-10-27 15:51:40 2025-10-27T10:21:40.832Z daemon INFO time="2025-10-27T15:51:40+05:30" level=info msg="Loaded tool" tool="builtin:dfu-discovery@0.1.2"
2025-10-27 15:51:40 2025-10-27T10:21:40.832Z daemon INFO time="2025-10-27T15:51:40+05:30" level=info msg="Loaded tool" tool="builtin:mdns-discovery@1.0.9"
2025-10-27 15:51:40 2025-10-27T10:21:40.832Z daemon INFO time="2025-10-27T15:51:40+05:30" level=info msg="Loaded tool" tool="builtin:serial-discovery@1.4.1"
2025-10-27 15:51:40 2025-10-27T10:21:40.832Z daemon INFO time="2025-10-27T15:51:40+05:30" level=info msg="Loaded tool" tool="builtin:serial-monitor@0.15.0"
2025-10-27 15:51:40 2025-10-27T10:21:40.838Z daemon INFO time="2025-10-27T15:51:40+05:30" level=info msg="Discovery event channel closed builtin:mdns-discovery. Exiting goroutine."
2025-10-27 15:51:40 2025-10-27T10:21:40.838Z daemon INFO time="2025-10-27T15:51:40+05:30" level=info msg="Closed and removed discovery builtin:mdns-discovery"
time="2025-10-27T15:51:40+05:30" level=error msg="Stopped decode loop: EOF" discovery="builtin:mdns-discovery"
2025-10-27 15:51:40 2025-10-27T10:21:40.839Z daemon INFO time="2025-10-27T15:51:40+05:30" level=info msg="Discovery event channel closed builtin:serial-discovery. Exiting goroutine."
2025-10-27 15:51:40 2025-10-27T10:21:40.839Z daemon INFO time="2025-10-27T15:51:40+05:30" level=info msg="Closed and removed discovery builtin:serial-discovery"
2025-10-27 15:51:40 2025-10-27T10:21:40.839Z daemon INFO time="2025-10-27T15:51:40+05:30" level=error msg="Stopped decode loop: EOF" discovery="builtin:serial-discovery"
2025-10-27 15:51:40 2025-10-27T10:21:40.850Z daemon INFO time="2025-10-27T15:51:40+05:30" level=info msg="Adding libraries dir" dir=/home/kamal/.arduino15/packages/arduino/hardware/avr/1.8.6/libraries isSingleLibrary=false location=platform
2025-10-27 15:51:40 2025-10-27T10:21:40.850Z daemon INFO time="2025-10-27T15:51:40+05:30" level=info msg="Loading libraries index file" index=/home/kamal/.arduino15/library_index.json
2025-10-27 15:51:41 2025-10-27T10:21:41.188Z daemon INFO time="2025-10-27T15:51:41+05:30" level=info msg="Adding libraries dir" dir=/home/kamal/.arduino15/libraries isSingleLibrary=false location=ide
time="2025-10-27T15:51:41+05:30" level=info msg="Adding libraries dir" dir=/home/kamal/Arduino/libraries isSingleLibrary=false location=user
2025-10-27 15:51:41 2025-10-27T10:21:41.198Z discovery-log INFO start
2025-10-27 15:51:41 2025-10-27T10:21:41.198Z discovery-log INFO start new deferred
2025-10-27 15:51:41 2025-10-27T10:21:41.199Z discovery-log INFO start resolved watching
2025-10-27 15:51:41 2025-10-27T10:21:41.201Z discovery-log INFO {"eventType":"add","port":{"matchingBoardsList":[],"port":{"address":"/dev/ttyUSB0","label":"/dev/ttyUSB0","protocol":"serial","protocolLabel":"Serial Port (USB)","propertiesMap":[["pid","0xea60"],["serialNumber","0001"],["vid","0x10c4"]],"hardwareId":"0001"}},"error":""}
2025-10-27 15:51:41 2025-10-27T10:21:41.721Z root ERROR ---- !!!SLOW!!! DURATION: search took 522.590 ms. Args: [{}] ----
2025-10-27 15:51:41 2025-10-27T10:21:41.721Z root INFO <<< Library package installation done. {
  name: 'Arduino_BuiltIn',
  exampleUris: [],
  location: 0,
  installedVersion: undefined,
  author: 'Arduino',
  availableVersions: [ '1.0.0' ],
  includes: [],
  description: 'The sole purpose of this library is to install the standard Arduino libraries which are typically included with the Arduino IDE.',
  moreInfoLink: 'https://github.com/arduino-libraries/Arduino_BuiltIn',
  summary: 'Shell Arduino library to provide the standard built-in libraries',
  category: 'Other',
  types: [ 'Arduino' ],
  index: 0
}
2025-10-27 15:53:45 2025-10-27T10:23:45.866Z root ERROR Have not received the full compile summary from the CLI while running the compilation. {}
2025-10-27 15:53:59 2025-10-27T10:23:59.150Z discovery-log INFO {"eventType":"remove","port":{"matchingBoardsList":[],"port":{"address":"/dev/ttyUSB0","label":"","protocol":"serial","protocolLabel":"","propertiesMap":[],"hardwareId":""}},"error":""}
2025-10-27 15:54:09 2025-10-27T10:24:09.914Z discovery-log INFO {"eventType":"add","port":{"matchingBoardsList":[],"port":{"address":"/dev/ttyUSB0","label":"/dev/ttyUSB0","protocol":"serial","protocolLabel":"Serial Port (USB)","propertiesMap":[["pid","0xea60"],["serialNumber","0001"],["vid","0x10c4"]],"hardwareId":"0001"}},"error":""}
2025-10-27 15:54:55 2025-10-27T10:24:55.457Z config INFO Updating daemon with 'data': {
  "directories": {
    "data": "/home/kamal/.arduino15",
    "user": "/home/kamal/Arduino"
  },
  "board_manager": {
    "additional_urls": [
      "https://espressif.github.io/arduino-esp32/package_esp32_index.json"
    ]
  },
  "locale": "en",
  "network": {}
}
2025-10-27 15:54:55 2025-10-27T10:24:55.495Z root INFO core-client-provider [platform-index] Downloading index: package_index.tar.bz2

2025-10-27 15:54:55 2025-10-27T10:24:55.495Z daemon INFO time="2025-10-27T15:54:55+05:30" level=info msg="Updating index" url="https://downloads.arduino.cc/packages/package_index.tar.bz2"
time="2025-10-27T15:54:55+05:30" level=info msg="Starting download" url="https://downloads.arduino.cc/packages/package_index.tar.bz2"
2025-10-27 15:54:55 2025-10-27T10:24:55.579Z root ERROR [hosted-plugin: 18422] Conflict in settings file Default: Ignoring cortex-debug.armToolchainPath.linux as cortex-debug.armToolchainPath is null
Conflict in settings file Default: Ignoring cortex-debug.armToolchainPath.osx as cortex-debug.armToolchainPath is null
Conflict in settings file Default: Ignoring cortex-debug.armToolchainPath.windows as cortex-debug.armToolchainPath is null
2025-10-27 15:54:55 2025-10-27T10:24:55.579Z root ERROR [hosted-plugin: 18422] Conflict in settings file Default: Ignoring cortex-debug.JLinkGDBServerPath.linux as cortex-debug.JLinkGDBServerPath is null
Conflict in settings file Default: Ignoring cortex-debug.JLinkGDBServerPath.osx as cortex-debug.JLinkGDBServerPath is null
Conflict in settings file Default: Ignoring cortex-debug.JLinkGDBServerPath.windows as cortex-debug.JLinkGDBServerPath is null
Conflict in settings file Default: Ignoring cortex-debug.openocdPath.linux as cortex-debug.openocdPath is null
Conflict in settings file Default: Ignoring cortex-debug.openocdPath.osx as cortex-debug.openocdPath is null
Conflict in settings file Default: Ignoring cortex-debug.openocdPath.windows as cortex-debug.openocdPath is null
Conflict in settings file Default: Ignoring cortex-debug.pyocdPath.linux as cortex-debug.pyocdPath is null
Conflict in settings file Default: Ignoring cortex-debug.pyocdPath.osx as cortex-debug.pyocdPath is null
Conflict in settings file Default: Ignoring cortex-debug.pyocdPath.windows as cortex-debug.pyocdPath is null
Conflict in settings file Default: Ignoring cortex-debug.PEGDBServerPath.linux as cortex-debug.PEGDBServerPath is null
Conflict in settings file Default: Ignoring cortex-debug.PEGDBServerPath.osx as cortex-debug.PEGDBServerPath is null
Conflict in settings file Default: Ignoring cortex-debug.PEGDBServerPath.windows as cortex-debug.PEGDBServerPath is null
Conflict in settings file Default: Ignoring cortex-debug.stutilPath.linux as cortex-debug.stutilPath is null
Conflict in settings file Default: Ignoring cortex-debug.stutilPath.osx as cortex-debug.stutilPath is null
Conflict in settings file Default: Ignoring cortex-debug.stutilPath.windows as cortex-debug.stutilPath is null
Conflict in settings file Default: Ignoring cortex-debug.stlinkPath.linux as cortex-debug.stlinkPath is null
Conflict in settings file Default: Ignoring cortex-debug.stlinkPath.osx as cortex-debug.stlinkPath is null
Conflict in settings file Default: Ignoring cortex-debug.stlinkPath.windows as cortex-debug.stlinkPath is null
Conflict in settings file Default: Ignoring cortex-debug.stm32cubeprogrammer.linux as cortex-debug.stm32cubeprogrammer is null
Conflict in settings file Default: Ignoring cortex-debug.stm32cubeprogrammer.osx as cortex-debug.stm32cubeprogrammer is null
Conflict in settings file Default: Ignoring cortex-debug.stm32cubeprogrammer.windows as cortex-debug.stm32cubeprogrammer is null
2025-10-27 15:54:56 2025-10-27T10:24:56.262Z daemon INFO time="2025-10-27T15:54:56+05:30" level=info msg="Updating index" url="https://espressif.github.io/arduino-esp32/package_esp32_index.json"
2025-10-27 15:54:56 2025-10-27T10:24:56.262Z daemon INFO time="2025-10-27T15:54:56+05:30" level=info msg="Starting download" url="https://espressif.github.io/arduino-esp32/package_esp32_index.json"
2025-10-27 15:54:56 2025-10-27T10:24:56.263Z root INFO core-client-provider [platform-index] Downloading index: package_esp32_index.json

2025-10-27 15:54:56 2025-10-27T10:24:56.868Z daemon INFO time="2025-10-27T15:54:56+05:30" level=info msg="Checking signature" index=/home/kamal/.arduino15/package_index.json signatureFile=/home/kamal/.arduino15/package_index.json.sig trusted=true
2025-10-27 15:54:56 2025-10-27T10:24:56.872Z daemon INFO time="2025-10-27T15:54:56+05:30" level=info msg="Missing signature file" index=/home/kamal/.arduino15/package_esp32_index.json
2025-10-27 15:54:56 2025-10-27T10:24:56.872Z daemon INFO time="2025-10-27T15:54:56+05:30" level=info msg="Loading hardware from: /home/kamal/.arduino15/packages"
time="2025-10-27T15:54:56+05:30" level=info msg="Loading package arduino from: /home/kamal/.arduino15/packages/arduino/hardware"
2025-10-27 15:54:56 2025-10-27T10:24:56.873Z daemon INFO time="2025-10-27T15:54:56+05:30" level=info msg="Missing signature file" index=/home/kamal/.arduino15/packages/arduino/hardware/avr/1.8.6/installed.json
2025-10-27 15:54:56 2025-10-27T10:24:56.875Z daemon INFO time="2025-10-27T15:54:56+05:30" level=info msg="Adding monitor tool" protocol=serial tool="builtin:serial-monitor"
time="2025-10-27T15:54:56+05:30" level=info msg="Loaded platform" platform="arduino:avr@1.8.6"
time="2025-10-27T15:54:56+05:30" level=info msg="Checking existence of 'tools' path: /home/kamal/.arduino15/packages/arduino/tools"
time="2025-10-27T15:54:56+05:30" level=info msg="Loading tools from dir: /home/kamal/.arduino15/packages/arduino/tools"
2025-10-27 15:54:56 2025-10-27T10:24:56.875Z daemon INFO time="2025-10-27T15:54:56+05:30" level=info msg="Loaded tool" tool="arduino:arduinoOTA@1.3.0"
time="2025-10-27T15:54:56+05:30" level=info msg="Loaded tool" tool="arduino:avr-gcc@7.3.0-atmel3.6.1-arduino7"
time="2025-10-27T15:54:56+05:30" level=info msg="Loaded tool" tool="arduino:avrdude@6.3.0-arduino17"
time="2025-10-27T15:54:56+05:30" level=info msg="Loading package builtin from: /home/kamal/.arduino15/packages/builtin"
time="2025-10-27T15:54:56+05:30" level=info msg="Checking existence of 'tools' path: /home/kamal/.arduino15/packages/builtin/tools"
time="2025-10-27T15:54:56+05:30" level=info msg="Loading tools from dir: /home/kamal/.arduino15/packages/builtin/tools"
2025-10-27 15:54:56 2025-10-27T10:24:56.875Z daemon INFO time="2025-10-27T15:54:56+05:30" level=info msg="Loaded tool" tool="builtin:ctags@5.8-arduino11"
time="2025-10-27T15:54:56+05:30" level=info msg="Loaded tool" tool="builtin:dfu-discovery@0.1.2"
time="2025-10-27T15:54:56+05:30" level=info msg="Loaded tool" tool="builtin:mdns-discovery@1.0.9"
2025-10-27 15:54:56 2025-10-27T10:24:56.875Z daemon INFO time="2025-10-27T15:54:56+05:30" level=info msg="Loaded tool" tool="builtin:serial-discovery@1.4.1"
time="2025-10-27T15:54:56+05:30" level=info msg="Loaded tool" tool="builtin:serial-monitor@0.15.0"
2025-10-27 15:54:56 2025-10-27T10:24:56.880Z daemon INFO time="2025-10-27T15:54:56+05:30" level=info msg="Discovery event channel closed builtin:serial-discovery. Exiting goroutine."
2025-10-27 15:54:56 2025-10-27T10:24:56.881Z discovery-log INFO {"eventType":"remove","port":{"matchingBoardsList":[],"port":{"address":"/dev/ttyUSB0","label":"/dev/ttyUSB0","protocol":"serial","protocolLabel":"Serial Port (USB)","propertiesMap":[],"hardwareId":""}},"error":""}
2025-10-27 15:54:56 2025-10-27T10:24:56.881Z daemon INFO time="2025-10-27T15:54:56+05:30" level=info msg="Closed and removed discovery builtin:serial-discovery"
time="2025-10-27T15:54:56+05:30" level=error msg="Stopped decode loop: EOF" discovery="builtin:serial-discovery"
time="2025-10-27T15:54:56+05:30" level=info msg="Discovery event channel closed builtin:mdns-discovery. Exiting goroutine."
2025-10-27 15:54:56 2025-10-27T10:24:56.882Z daemon INFO time="2025-10-27T15:54:56+05:30" level=info msg="Closed and removed discovery builtin:mdns-discovery"
2025-10-27 15:54:56 2025-10-27T10:24:56.882Z daemon INFO time="2025-10-27T15:54:56+05:30" level=error msg="Stopped decode loop: EOF" discovery="builtin:mdns-discovery"
2025-10-27 15:54:56 2025-10-27T10:24:56.888Z discovery-log INFO {"eventType":"add","port":{"matchingBoardsList":[],"port":{"address":"/dev/ttyUSB0","label":"/dev/ttyUSB0","protocol":"serial","protocolLabel":"Serial Port (USB)","propertiesMap":[["pid","0xea60"],["serialNumber","0001"],["vid","0x10c4"]],"hardwareId":"0001"}},"error":""}
2025-10-27 15:54:56 2025-10-27T10:24:56.893Z daemon INFO time="2025-10-27T15:54:56+05:30" level=info msg="Adding libraries dir" dir=/home/kamal/.arduino15/packages/arduino/hardware/avr/1.8.6/libraries isSingleLibrary=false location=platform
time="2025-10-27T15:54:56+05:30" level=info msg="Loading libraries index file" index=/home/kamal/.arduino15/library_index.json
2025-10-27 15:54:57 2025-10-27T10:24:57.254Z daemon INFO time="2025-10-27T15:54:57+05:30" level=info msg="Adding libraries dir" dir=/home/kamal/.arduino15/libraries isSingleLibrary=false location=ide
time="2025-10-27T15:54:57+05:30" level=info msg="Adding libraries dir" dir=/home/kamal/Arduino/libraries isSingleLibrary=false location=user
2025-10-27 15:55:51 2025-10-27T10:25:51.288Z root INFO >>> Starting boards package installation... {
  id: 'esp32:esp32',
  name: 'esp32',
  summary: 'Boards included in this package:',
  description: 'ESP32 Dev Board, ESP32-C3 Dev Board, ESP32-C6 Dev Board, ESP32-H2 Dev Board, ESP32-P4 Dev Board, ESP32-S2 Dev Board, ESP32-S3 Dev Board, Arduino Nano ESP32',
  boards: [
    { name: 'ESP32 Dev Board', fqbn: '' },
    { name: 'ESP32-C3 Dev Board', fqbn: '' },
    { name: 'ESP32-C6 Dev Board', fqbn: '' },
    { name: 'ESP32-H2 Dev Board', fqbn: '' },
    { name: 'ESP32-P4 Dev Board', fqbn: '' },
    { name: 'ESP32-S2 Dev Board', fqbn: '' },
    { name: 'ESP32-S3 Dev Board', fqbn: '' },
    { name: 'Arduino Nano ESP32', fqbn: '' }
  ],
  types: [ 'ESP32' ],
  moreInfoLink: 'https://github.com/espressif/arduino-esp32',
  author: 'Espressif Systems',
  deprecated: false,
  availableVersions: [
    '3.3.2',  '3.3.1',  '3.3.0',  '3.2.1',
    '3.2.0',  '3.1.3',  '3.1.2',  '3.1.1',
    '3.1.0',  '3.0.7',  '3.0.6',  '3.0.5',
    '3.0.4',  '3.0.3',  '3.0.2',  '3.0.1',
    '3.0.0',  '2.0.17', '2.0.16', '2.0.15',
    '2.0.14', '2.0.13', '2.0.12', '2.0.11',
    '2.0.10', '2.0.9',  '2.0.8',  '2.0.7',
    '2.0.6',  '2.0.5',  '2.0.4',  '2.0.3',
    '2.0.2',  '2.0.1',  '2.0.0',  '1.0.6',
    '1.0.5',  '1.0.4',  '1.0.3',  '1.0.2',
    '1.0.1',  '1.0.0'
  ],
  index: 0
}
2025-10-27 15:55:51 2025-10-27T10:25:51.289Z discovery-log INFO stop
2025-10-27 15:55:51 2025-10-27T10:25:51.289Z discovery-log INFO >>> Stopping boards watcher...
2025-10-27 15:55:51 2025-10-27T10:25:51.289Z discovery-log INFO Canceling boards watcher...
2025-10-27 15:55:51 2025-10-27T10:25:51.289Z discovery-log INFO disposing requesting cancel
2025-10-27 15:55:51 2025-10-27T10:25:51.289Z discovery-log INFO disposing canceled
2025-10-27 15:55:51 2025-10-27T10:25:51.289Z discovery-log INFO error received
2025-10-27 15:55:51 2025-10-27T10:25:51.289Z discovery-log INFO cancel error received!
2025-10-27 15:55:51 2025-10-27T10:25:51.289Z discovery-log INFO stop received event: either end or cancel
2025-10-27 15:55:51 2025-10-27T10:25:51.289Z discovery-log INFO stop stopped
2025-10-27 15:55:51 2025-10-27T10:25:51.290Z discovery-log INFO received end
2025-10-27 15:55:51 2025-10-27T10:25:51.292Z daemon INFO time="2025-10-27T15:55:51+05:30" level=info msg="Starting download" url="https://github.com/espressif/arduino-esp32/releases/download/3.3.2/esp32-3.3.2-libs.zip"
2025-10-27 16:02:45 2025-10-27T10:32:45.351Z daemon INFO time="2025-10-27T16:02:45+05:30" level=info msg="Starting download" url="https://github.com/espressif/crosstool-NG/releases/download/esp-14.2.0_20250730/xtensa-esp-elf-14.2.0_20250730-x86_64-linux-gnu.tar.gz"
2025-10-27 16:07:39 2025-10-27T10:37:39.490Z daemon INFO time="2025-10-27T16:07:39+05:30" level=info msg="Starting download" url="https://github.com/espressif/binutils-gdb/releases/download/esp-gdb-v16.3_20250913/xtensa-esp-elf-gdb-16.3_20250913-x86_64-linux-gnu.tar.gz"
2025-10-27 16:07:53 2025-10-27T10:37:53.859Z daemon INFO time="2025-10-27T16:07:53+05:30" level=info msg="Starting download" url="https://github.com/espressif/crosstool-NG/releases/download/esp-14.2.0_20250730/riscv32-esp-elf-14.2.0_20250730-x86_64-linux-gnu.tar.gz"
2025-10-27 16:12:09 2025-10-27T10:42:09.793Z root ERROR ---- !!!SLOW!!! DURATION: search took 498.452 ms. Args: [{"query":"","type":"All","topic":"All"}] ----
2025-10-27 16:15:02 2025-10-27T10:45:02.502Z daemon INFO time="2025-10-27T16:15:02+05:30" level=info msg="Starting download" url="https://github.com/espressif/binutils-gdb/releases/download/esp-gdb-v16.3_20250913/riscv32-esp-elf-gdb-16.3_20250913-x86_64-linux-gnu.tar.gz"
2025-10-27 16:15:21 2025-10-27T10:45:21.530Z daemon INFO time="2025-10-27T16:15:21+05:30" level=info msg="Starting download" url="https://github.com/espressif/openocd-esp32/releases/download/v0.12.0-esp32-20250707/openocd-esp32-linux-amd64-0.12.0-esp32-20250707.tar.gz"
2025-10-27 16:15:23 2025-10-27T10:45:23.475Z daemon INFO time="2025-10-27T16:15:23+05:30" level=info msg="Starting download" url="https://github.com/espressif/esptool/releases/download/v5.1.0/esptool-v5.1.0-linux-amd64.tar.gz"
2025-10-27 16:17:01 2025-10-27T10:47:01.739Z daemon INFO time="2025-10-27T16:17:01+05:30" level=info msg="Starting download" url="https://github.com/igrr/mkspiffs/releases/download/0.2.3/mkspiffs-0.2.3-arduino-esp32-linux64.tar.gz"
2025-10-27 16:17:02 2025-10-27T10:47:02.823Z daemon INFO time="2025-10-27T16:17:02+05:30" level=info msg="Starting download" url="https://github.com/earlephilhower/mklittlefs/releases/download/4.0.2/x86_64-linux-gnu-mklittlefs-db0513a.tar.gz"
2025-10-27 16:17:03 2025-10-27T10:47:03.486Z daemon INFO time="2025-10-27T16:17:03+05:30" level=info msg="Starting download" url="https://downloads.arduino.cc/tools/dfu-util-0.11-arduino5-linux_amd64.tar.gz"
2025-10-27 16:17:04 2025-10-27T10:47:04.899Z daemon INFO time="2025-10-27T16:17:04+05:30" level=info msg="Starting download" url="https://github.com/espressif/arduino-esp32/releases/download/3.3.2/esp32-3.3.2.zip"
2025-10-27 16:17:20 2025-10-27T10:47:20.155Z daemon INFO time="2025-10-27T16:17:20+05:30" level=info msg="Installing tool" Tool="esp32:esp32-arduino-libs@idf-release_v5.5-07e9bf49-v1"
2025-10-27 16:17:34 2025-10-27T10:47:34.384Z daemon INFO time="2025-10-27T16:17:34+05:30" level=info msg="Running tool post_install script" Tool="esp32:esp32-arduino-libs@idf-release_v5.5-07e9bf49-v1"
time="2025-10-27T16:17:34+05:30" level=info msg="Tool installed" Tool="esp32:esp32-arduino-libs@idf-release_v5.5-07e9bf49-v1"
time="2025-10-27T16:17:34+05:30" level=info msg="Installing tool" Tool="esp32:esp-x32@2507"
2025-10-27 16:17:41 2025-10-27T10:47:41.086Z daemon INFO time="2025-10-27T16:17:41+05:30" level=info msg="Running tool post_install script" Tool="esp32:esp-x32@2507"
time="2025-10-27T16:17:41+05:30" level=info msg="Tool installed" Tool="esp32:esp-x32@2507"
time="2025-10-27T16:17:41+05:30" level=info msg="Installing tool" Tool="esp32:xtensa-esp-elf-gdb@16.3_20250913"
2025-10-27 16:17:41 2025-10-27T10:47:41.864Z daemon INFO time="2025-10-27T16:17:41+05:30" level=info msg="Running tool post_install script" Tool="esp32:xtensa-esp-elf-gdb@16.3_20250913"
time="2025-10-27T16:17:41+05:30" level=info msg="Tool installed" Tool="esp32:xtensa-esp-elf-gdb@16.3_20250913"
time="2025-10-27T16:17:41+05:30" level=info msg="Installing tool" Tool="esp32:esp-rv32@2507"
2025-10-27 16:17:54 2025-10-27T10:47:54.271Z daemon INFO time="2025-10-27T16:17:54+05:30" level=info msg="Running tool post_install script" Tool="esp32:esp-rv32@2507"
time="2025-10-27T16:17:54+05:30" level=info msg="Tool installed" Tool="esp32:esp-rv32@2507"
time="2025-10-27T16:17:54+05:30" level=info msg="Installing tool" Tool="esp32:riscv32-esp-elf-gdb@16.3_20250913"
2025-10-27 16:17:55 2025-10-27T10:47:55.049Z daemon INFO time="2025-10-27T16:17:55+05:30" level=info msg="Running tool post_install script" Tool="esp32:riscv32-esp-elf-gdb@16.3_20250913"
time="2025-10-27T16:17:55+05:30" level=info msg="Tool installed" Tool="esp32:riscv32-esp-elf-gdb@16.3_20250913"
time="2025-10-27T16:17:55+05:30" level=info msg="Installing tool" Tool="esp32:openocd-esp32@v0.12.0-esp32-20250707"
2025-10-27 16:17:55 2025-10-27T10:47:55.162Z daemon INFO time="2025-10-27T16:17:55+05:30" level=info msg="Running tool post_install script" Tool="esp32:openocd-esp32@v0.12.0-esp32-20250707"
2025-10-27 16:17:55 2025-10-27T10:47:55.162Z daemon INFO time="2025-10-27T16:17:55+05:30" level=info msg="Tool installed" Tool="esp32:openocd-esp32@v0.12.0-esp32-20250707"
time="2025-10-27T16:17:55+05:30" level=info msg="Installing tool" Tool="esp32:esptool_py@5.1.0"
2025-10-27 16:17:55 2025-10-27T10:47:55.403Z daemon INFO time="2025-10-27T16:17:55+05:30" level=info msg="Running tool post_install script" Tool="esp32:esptool_py@5.1.0"
time="2025-10-27T16:17:55+05:30" level=info msg="Tool installed" Tool="esp32:esptool_py@5.1.0"
time="2025-10-27T16:17:55+05:30" level=info msg="Installing tool" Tool="esp32:mkspiffs@0.2.3"
2025-10-27 16:17:55 2025-10-27T10:47:55.405Z daemon INFO time="2025-10-27T16:17:55+05:30" level=info msg="Running tool post_install script" Tool="esp32:mkspiffs@0.2.3"
2025-10-27 16:17:55 2025-10-27T10:47:55.405Z daemon INFO time="2025-10-27T16:17:55+05:30" level=info msg="Tool installed" Tool="esp32:mkspiffs@0.2.3"
time="2025-10-27T16:17:55+05:30" level=info msg="Installing tool" Tool="esp32:mklittlefs@4.0.2-db0513a"
2025-10-27 16:17:55 2025-10-27T10:47:55.407Z daemon INFO time="2025-10-27T16:17:55+05:30" level=info msg="Running tool post_install script" Tool="esp32:mklittlefs@4.0.2-db0513a"
time="2025-10-27T16:17:55+05:30" level=info msg="Tool installed" Tool="esp32:mklittlefs@4.0.2-db0513a"
2025-10-27 16:17:55 2025-10-27T10:47:55.407Z daemon INFO time="2025-10-27T16:17:55+05:30" level=info msg="Installing tool" Tool="arduino:dfu-util@0.11.0-arduino5"
2025-10-27 16:17:55 2025-10-27T10:47:55.453Z daemon INFO time="2025-10-27T16:17:55+05:30" level=info msg="Running tool post_install script" Tool="arduino:dfu-util@0.11.0-arduino5"
time="2025-10-27T16:17:55+05:30" level=info msg="Tool installed" Tool="arduino:dfu-util@0.11.0-arduino5"
2025-10-27 16:17:55 2025-10-27T10:47:55.453Z daemon INFO time="2025-10-27T16:17:55+05:30" level=info msg="Installing platform" platform="esp32:esp32@3.3.2"
2025-10-27 16:17:55 2025-10-27T10:47:55.819Z daemon INFO time="2025-10-27T16:17:55+05:30" level=info msg="Running post_install script" platform="esp32:esp32@3.3.2"
time="2025-10-27T16:17:55+05:30" level=info msg="Platform installed" platform="esp32:esp32@3.3.2"
2025-10-27 16:17:55 2025-10-27T10:47:55.831Z daemon INFO time="2025-10-27T16:17:55+05:30" level=info msg="Checking signature" index=/home/kamal/.arduino15/package_index.json signatureFile=/home/kamal/.arduino15/package_index.json.sig trusted=true
2025-10-27 16:17:55 2025-10-27T10:47:55.834Z daemon INFO time="2025-10-27T16:17:55+05:30" level=info msg="Missing signature file" index=/home/kamal/.arduino15/package_esp32_index.json
2025-10-27 16:17:55 2025-10-27T10:47:55.834Z daemon INFO time="2025-10-27T16:17:55+05:30" level=info msg="Loading hardware from: /home/kamal/.arduino15/packages"
time="2025-10-27T16:17:55+05:30" level=info msg="Loading package arduino from: /home/kamal/.arduino15/packages/arduino/hardware"
2025-10-27 16:17:55 2025-10-27T10:47:55.836Z daemon INFO time="2025-10-27T16:17:55+05:30" level=info msg="Missing signature file" index=/home/kamal/.arduino15/packages/arduino/hardware/avr/1.8.6/installed.json
2025-10-27 16:17:55 2025-10-27T10:47:55.838Z daemon INFO time="2025-10-27T16:17:55+05:30" level=info msg="Adding monitor tool" protocol=serial tool="builtin:serial-monitor"
time="2025-10-27T16:17:55+05:30" level=info msg="Loaded platform" platform="arduino:avr@1.8.6"
time="2025-10-27T16:17:55+05:30" level=info msg="Checking existence of 'tools' path: /home/kamal/.arduino15/packages/arduino/tools"
time="2025-10-27T16:17:55+05:30" level=info msg="Loading tools from dir: /home/kamal/.arduino15/packages/arduino/tools"
2025-10-27 16:17:55 2025-10-27T10:47:55.838Z daemon INFO time="2025-10-27T16:17:55+05:30" level=info msg="Loaded tool" tool="arduino:arduinoOTA@1.3.0"
time="2025-10-27T16:17:55+05:30" level=info msg="Loaded tool" tool="arduino:avr-gcc@7.3.0-atmel3.6.1-arduino7"
2025-10-27 16:17:55 2025-10-27T10:47:55.838Z daemon INFO time="2025-10-27T16:17:55+05:30" level=info msg="Loaded tool" tool="arduino:avrdude@6.3.0-arduino17"
2025-10-27 16:17:55 2025-10-27T10:47:55.838Z daemon INFO time="2025-10-27T16:17:55+05:30" level=info msg="Loaded tool" tool="arduino:dfu-util@0.11.0-arduino5"
2025-10-27 16:17:55 2025-10-27T10:47:55.838Z daemon INFO time="2025-10-27T16:17:55+05:30" level=info msg="Loading package builtin from: /home/kamal/.arduino15/packages/builtin"
2025-10-27 16:17:55 2025-10-27T10:47:55.838Z daemon INFO time="2025-10-27T16:17:55+05:30" level=info msg="Checking existence of 'tools' path: /home/kamal/.arduino15/packages/builtin/tools"
time="2025-10-27T16:17:55+05:30" level=info msg="Loading tools from dir: /home/kamal/.arduino15/packages/builtin/tools"
2025-10-27 16:17:55 2025-10-27T10:47:55.838Z daemon INFO time="2025-10-27T16:17:55+05:30" level=info msg="Loaded tool" tool="builtin:ctags@5.8-arduino11"
time="2025-10-27T16:17:55+05:30" level=info msg="Loaded tool" tool="builtin:dfu-discovery@0.1.2"
2025-10-27 16:17:55 2025-10-27T10:47:55.838Z daemon INFO time="2025-10-27T16:17:55+05:30" level=info msg="Loaded tool" tool="builtin:mdns-discovery@1.0.9"
time="2025-10-27T16:17:55+05:30" level=info msg="Loaded tool" tool="builtin:serial-discovery@1.4.1"
time="2025-10-27T16:17:55+05:30" level=info msg="Loaded tool" tool="builtin:serial-monitor@0.15.0"
2025-10-27 16:17:55 2025-10-27T10:47:55.838Z daemon INFO time="2025-10-27T16:17:55+05:30" level=info msg="Loading package esp32 from: /home/kamal/.arduino15/packages/esp32/hardware"
2025-10-27 16:17:55 2025-10-27T10:47:55.839Z daemon INFO time="2025-10-27T16:17:55+05:30" level=info msg="Missing signature file" index=/home/kamal/.arduino15/packages/esp32/hardware/esp32/3.3.2/installed.json
2025-10-27 16:17:55 2025-10-27T10:47:55.963Z daemon INFO time="2025-10-27T16:17:55+05:30" level=info msg="Adding monitor tool" protocol=serial tool="builtin:serial-monitor"
time="2025-10-27T16:17:55+05:30" level=info msg="Loaded platform" platform="esp32:esp32@3.3.2"
time="2025-10-27T16:17:55+05:30" level=info msg="Checking existence of 'tools' path: /home/kamal/.arduino15/packages/esp32/tools"
2025-10-27 16:17:55 2025-10-27T10:47:55.963Z daemon INFO time="2025-10-27T16:17:55+05:30" level=info msg="Loading tools from dir: /home/kamal/.arduino15/packages/esp32/tools"
time="2025-10-27T16:17:55+05:30" level=info msg="Loaded tool" tool="esp32:esp-rv32@2507"
time="2025-10-27T16:17:55+05:30" level=info msg="Loaded tool" tool="esp32:esp-x32@2507"
time="2025-10-27T16:17:55+05:30" level=info msg="Loaded tool" tool="esp32:esp32-arduino-libs@idf-release_v5.5-07e9bf49-v1"
2025-10-27 16:17:55 2025-10-27T10:47:55.963Z daemon INFO time="2025-10-27T16:17:55+05:30" level=info msg="Loaded tool" tool="esp32:esptool_py@5.1.0"
2025-10-27 16:17:55 2025-10-27T10:47:55.963Z daemon INFO time="2025-10-27T16:17:55+05:30" level=info msg="Loaded tool" tool="esp32:mklittlefs@4.0.2-db0513a"
time="2025-10-27T16:17:55+05:30" level=info msg="Loaded tool" tool="esp32:mkspiffs@0.2.3"
2025-10-27 16:17:55 2025-10-27T10:47:55.963Z daemon INFO time="2025-10-27T16:17:55+05:30" level=info msg="Loaded tool" tool="esp32:openocd-esp32@v0.12.0-esp32-20250707"
2025-10-27 16:17:55 2025-10-27T10:47:55.963Z daemon INFO time="2025-10-27T16:17:55+05:30" level=info msg="Loaded tool" tool="esp32:riscv32-esp-elf-gdb@16.3_20250913"
2025-10-27 16:17:55 2025-10-27T10:47:55.963Z daemon INFO time="2025-10-27T16:17:55+05:30" level=info msg="Loaded tool" tool="esp32:xtensa-esp-elf-gdb@16.3_20250913"
2025-10-27 16:17:55 2025-10-27T10:47:55.966Z daemon INFO time="2025-10-27T16:17:55+05:30" level=info msg="Discovery event channel closed builtin:mdns-discovery. Exiting goroutine."
2025-10-27 16:17:55 2025-10-27T10:47:55.966Z daemon INFO time="2025-10-27T16:17:55+05:30" level=info msg="Closed and removed discovery builtin:mdns-discovery"
2025-10-27 16:17:55 2025-10-27T10:47:55.967Z daemon INFO time="2025-10-27T16:17:55+05:30" level=error msg="Stopped decode loop: EOF" discovery="builtin:mdns-discovery"
2025-10-27 16:17:55 2025-10-27T10:47:55.967Z daemon INFO time="2025-10-27T16:17:55+05:30" level=info msg="Discovery event channel closed builtin:serial-discovery. Exiting goroutine."
2025-10-27 16:17:55 2025-10-27T10:47:55.967Z daemon INFO time="2025-10-27T16:17:55+05:30" level=info msg="Closed and removed discovery builtin:serial-discovery"
2025-10-27 16:17:55 2025-10-27T10:47:55.967Z daemon INFO time="2025-10-27T16:17:55+05:30" level=error msg="Stopped decode loop: EOF" discovery="builtin:serial-discovery"
2025-10-27 16:17:55 2025-10-27T10:47:55.973Z daemon INFO time="2025-10-27T16:17:55+05:30" level=info msg="Adding libraries dir" dir=/home/kamal/.arduino15/packages/arduino/hardware/avr/1.8.6/libraries isSingleLibrary=false location=platform
2025-10-27 16:17:55 2025-10-27T10:47:55.973Z daemon INFO time="2025-10-27T16:17:55+05:30" level=info msg="Adding libraries dir" dir=/home/kamal/.arduino15/packages/esp32/hardware/esp32/3.3.2/libraries isSingleLibrary=false location=platform
time="2025-10-27T16:17:55+05:30" level=info msg="Loading libraries index file" index=/home/kamal/.arduino15/library_index.json
2025-10-27 16:17:56 2025-10-27T10:47:56.258Z daemon INFO time="2025-10-27T16:17:56+05:30" level=info msg="Adding libraries dir" dir=/home/kamal/.arduino15/libraries isSingleLibrary=false location=ide
time="2025-10-27T16:17:56+05:30" level=info msg="Adding libraries dir" dir=/home/kamal/Arduino/libraries isSingleLibrary=false location=user
2025-10-27 16:17:56 2025-10-27T10:47:56.306Z discovery-log INFO start
2025-10-27 16:17:56 2025-10-27T10:47:56.306Z discovery-log INFO start new deferred
2025-10-27 16:17:56 2025-10-27T10:47:56.306Z discovery-log INFO start resolved watching
2025-10-27 16:17:56 2025-10-27T10:47:56.323Z root INFO <<< Boards package installation done. {
  id: 'esp32:esp32',
  name: 'esp32',
  summary: 'Boards included in this package:',
  description: 'ESP32 Dev Board, ESP32-C3 Dev Board, ESP32-C6 Dev Board, ESP32-H2 Dev Board, ESP32-P4 Dev Board, ESP32-S2 Dev Board, ESP32-S3 Dev Board, Arduino Nano ESP32',
  boards: [
    { name: 'ESP32 Dev Board', fqbn: '' },
    { name: 'ESP32-C3 Dev Board', fqbn: '' },
    { name: 'ESP32-C6 Dev Board', fqbn: '' },
    { name: 'ESP32-H2 Dev Board', fqbn: '' },
    { name: 'ESP32-P4 Dev Board', fqbn: '' },
    { name: 'ESP32-S2 Dev Board', fqbn: '' },
    { name: 'ESP32-S3 Dev Board', fqbn: '' },
    { name: 'Arduino Nano ESP32', fqbn: '' }
  ],
  types: [ 'ESP32' ],
  moreInfoLink: 'https://github.com/espressif/arduino-esp32',
  author: 'Espressif Systems',
  deprecated: false,
  availableVersions: [
    '3.3.2',  '3.3.1',  '3.3.0',  '3.2.1',
    '3.2.0',  '3.1.3',  '3.1.2',  '3.1.1',
    '3.1.0',  '3.0.7',  '3.0.6',  '3.0.5',
    '3.0.4',  '3.0.3',  '3.0.2',  '3.0.1',
    '3.0.0',  '2.0.17', '2.0.16', '2.0.15',
    '2.0.14', '2.0.13', '2.0.12', '2.0.11',
    '2.0.10', '2.0.9',  '2.0.8',  '2.0.7',
    '2.0.6',  '2.0.5',  '2.0.4',  '2.0.3',
    '2.0.2',  '2.0.1',  '2.0.0',  '1.0.6',
    '1.0.5',  '1.0.4',  '1.0.3',  '1.0.2',
    '1.0.1',  '1.0.0'
  ],
  index: 0
}
2025-10-27 16:18:08 2025-10-27T10:48:08.276Z discovery-log INFO {"eventType":"add","port":{"matchingBoardsList":[],"port":{"address":"/dev/ttyUSB0","label":"/dev/ttyUSB0","protocol":"serial","protocolLabel":"Serial Port (USB)","propertiesMap":[["pid","0xea60"],["serialNumber","0001"],["vid","0x10c4"]],"hardwareId":"0001"}},"error":""}
2025-10-27 16:18:46 2025-10-27T10:48:46.538Z discovery-log INFO {"eventType":"remove","port":{"matchingBoardsList":[],"port":{"address":"/dev/ttyUSB0","label":"","protocol":"serial","protocolLabel":"","propertiesMap":[],"hardwareId":""}},"error":""}
2025-10-27 16:20:08 2025-10-27T10:50:08.706Z root ERROR Have not received the full compile summary from the CLI while running the compilation. {}
2025-10-27 16:20:33 2025-10-27T10:50:33.035Z discovery-log INFO {"eventType":"add","port":{"matchingBoardsList":[],"port":{"address":"/dev/ttyUSB0","label":"/dev/ttyUSB0","protocol":"serial","protocolLabel":"Serial Port (USB)","propertiesMap":[["pid","0xea60"],["serialNumber","0001"],["vid","0x10c4"]],"hardwareId":"0001"}},"error":""}
2025-10-27 16:20:41 2025-10-27T10:50:41.738Z root ERROR Have not received the full compile summary from the CLI while running the compilation. {}
2025-10-27 16:20:46 isTempSketch: true. Input was /tmp/.arduinoIDE-unsaved2025927-18305-1x7mfng.nn1t/sketch_oct27a
2025-10-27 16:20:46 Ignored marking workspace as a closed sketch. The sketch was detected as temporary. Workspace URI: file:///tmp/.arduinoIDE-unsaved2025927-18305-1x7mfng.nn1t/sketch_oct27a.
2025-10-27 16:20:56 isTempSketch: true. Input was /tmp/.arduinoIDE-unsaved2025927-18305-1x7mfng.nn1t/sketch_oct27a
2025-10-27 16:20:56 Ignored marking workspace as a closed sketch. The sketch was detected as temporary. Workspace URI: file:///tmp/.arduinoIDE-unsaved2025927-18305-1x7mfng.nn1t/sketch_oct27a.
2025-10-27 16:20:56 2025-10-27T10:50:56.979Z root INFO socked closed
2025-10-27 16:20:56 2025-10-27T10:50:56.979Z root INFO closing connection for 1
2025-10-27 16:20:56 2025-10-27T10:50:56.979Z root INFO Closing channel on service path '/localization-server'.
2025-10-27 16:20:56 2025-10-27T10:50:56.979Z root INFO Closing channel on service path '/os'.
2025-10-27 16:20:56 2025-10-27T10:50:56.979Z root INFO Closing channel on service path '/services/commands'.
2025-10-27 16:20:56 2025-10-27T10:50:56.979Z root INFO Closing channel on service path '/services/keyboard'.
2025-10-27 16:20:56 2025-10-27T10:50:56.979Z root INFO Closing channel on service path '/services/logger'.
2025-10-27 16:20:56 2025-10-27T10:50:56.980Z root INFO Closing channel on service path '/services/messageService'.
2025-10-27 16:20:56 2025-10-27T10:50:56.980Z root INFO Closing channel on service path '/services/ChannelCloseService'.
2025-10-27 16:20:56 2025-10-27T10:50:56.980Z root INFO Closing channel on service path '/services/remote-filesystem'.
2025-10-27 16:20:56 2025-10-27T10:50:56.980Z root INFO Closing channel on service path '/services/envs'.
2025-10-27 16:20:56 2025-10-27T10:50:56.980Z root INFO Closing channel on service path '/services/authentication-service'.
2025-10-27 16:20:56 2025-10-27T10:50:56.980Z root INFO Closing channel on service path '/services/sketches-service'.
2025-10-27 16:20:56 2025-10-27T10:50:56.980Z root INFO Closing channel on service path '/services/config-service'.
2025-10-27 16:20:56 2025-10-27T10:50:56.980Z root INFO Closing channel on service path '/services/workspace'.
2025-10-27 16:20:56 2025-10-27T10:50:56.980Z root INFO Closing channel on service path '/services/notification-service'.
2025-10-27 16:20:56 2025-10-27T10:50:56.980Z root INFO Closing channel on service path '/services/arduino-daemon'.
2025-10-27 16:20:56 2025-10-27T10:50:56.980Z root INFO Closing channel on service path '/services/stopwatch'.
2025-10-27 16:20:56 2025-10-27T10:50:56.980Z root INFO Closing channel on service path '/services/application'.
2025-10-27 16:20:56 2025-10-27T10:50:56.980Z root INFO Closing channel on service path '/services/i18n'.
2025-10-27 16:20:56 2025-10-27T10:50:56.980Z root INFO Closing channel on service path '/services/quickInput'.
2025-10-27 16:20:56 2025-10-27T10:50:56.980Z root INFO Closing channel on service path '/services/debug'.
2025-10-27 16:20:56 2025-10-27T10:50:56.980Z root INFO Closing channel on service path '/services/shell-terminal'.
2025-10-27 16:20:56 2025-10-27T10:50:56.980Z root INFO Closing channel on service path '/services/quickPick'.
2025-10-27 16:20:56 2025-10-27T10:50:56.980Z root INFO Closing channel on service path '/services/task'.
2025-10-27 16:20:56 2025-10-27T10:50:56.980Z root INFO Closing channel on service path '/services/search'.
2025-10-27 16:20:56 2025-10-27T10:50:56.980Z root INFO Closing channel on service path '/services/hostedPlugin'.
2025-10-27 16:20:56 2025-10-27T10:50:56.980Z root INFO Closing channel on service path '/services/plugin-ext'.
2025-10-27 16:20:56 2025-10-27T10:50:56.980Z root INFO Closing channel on service path '/services/plugin-paths'.
2025-10-27 16:20:56 2025-10-27T10:50:56.980Z root INFO Closing channel on service path '/services/cli-preferences'.
2025-10-27 16:20:56 2025-10-27T10:50:56.980Z root INFO Closing channel on service path '/services/boards-service'.
2025-10-27 16:20:56 2025-10-27T10:50:56.980Z root INFO Closing channel on service path '/services/response-service'.
2025-10-27 16:20:56 2025-10-27T10:50:56.980Z root INFO Closing channel on service path '/services/file-system-ext'.
2025-10-27 16:20:56 2025-10-27T10:50:56.980Z root INFO Closing channel on service path '/services/core-service'.
2025-10-27 16:20:56 2025-10-27T10:50:56.980Z root INFO Closing channel on service path '/services/example-service'.
2025-10-27 16:20:56 2025-10-27T10:50:56.980Z root INFO Closing channel on service path '/services/library-service'.
2025-10-27 16:20:56 2025-10-27T10:50:56.980Z root INFO Closing channel on service path '/services/executable-service'.
2025-10-27 16:20:56 2025-10-27T10:50:56.980Z root INFO Closing channel on service path '/services/arduino-firmware-uploader'.
2025-10-27 16:20:56 2025-10-27T10:50:56.980Z root INFO Closing channel on service path '/services/formatter'.
2025-10-27 16:20:56 2025-10-27T10:50:56.980Z root INFO Closing channel on service path '/services/search-in-workspace'.
2025-10-27 16:20:56 2025-10-27T10:50:56.980Z root INFO Closing channel on service path '/services/request-service'.
2025-10-27 16:20:56 2025-10-27T10:50:56.980Z root INFO Closing channel on service path '/services/keyStore'.
2025-10-27 16:20:56 2025-10-27T10:50:56.980Z root INFO Closing channel on service path '/services/languagePackService'.
2025-10-27 16:20:56 Closing channel on service path '/services/electron-window'.
2025-10-27 16:20:56 Closing channel on service path '/services/ide-updater'.
2025-10-27 16:20:56 Stored workspaces roots: 
2025-10-27 16:20:56 No sketches were scheduled for deletion.
2025-10-27 16:21:08 Arduino IDE 2.3.6
2025-10-27 16:21:08 Checking for frontend application configuration customizations. Module path: /tmp/.mount_arduinQVVmG0/resources/app/lib/backend/electron-main.js, destination 'package.json': /tmp/.mount_arduinQVVmG0/resources/app/package.json
2025-10-27 16:21:09 Setting 'theia.frontend.config.appVersion' application configuration value to: "2.3.6" (type of string)
2025-10-27 16:21:09 Setting 'theia.frontend.config.cliVersion' application configuration value to: "1.2.0" (type of string)
2025-10-27 16:21:09 Setting 'theia.frontend.config.buildDate' application configuration value to: "2025-04-09T11:24:04.835Z" (type of string)
2025-10-27 16:21:09 Frontend application configuration after modifications: {"applicationName":"Arduino IDE","defaultTheme":{"light":"arduino-theme","dark":"arduino-theme-dark"},"defaultIconTheme":"none","electron":{"windowOptions":{},"showWindowEarly":true,"splashScreenOptions":{},"uriScheme":"arduino-ide"},"defaultLocale":"","validatePreferencesSchema":false,"reloadOnReconnect":true,"uriScheme":"theia","preferences":{"window.title":"${rootName}${activeEditorShort}${appName}","files.autoSave":"afterDelay","editor.minimap.enabled":false,"editor.tabSize":2,"editor.scrollBeyondLastLine":false,"editor.quickSuggestions":{"other":false,"comments":false,"strings":false},"editor.maxTokenizationLineLength":500,"editor.bracketPairColorization.enabled":false,"breadcrumbs.enabled":false,"workbench.tree.renderIndentGuides":"none","explorer.compactFolders":false},"appVersion":"2.3.6","cliVersion":"1.2.0","buildDate":"2025-04-09T11:24:04.835Z"}
2025-10-27 16:21:09 Starting backend process. PID: 19362
2025-10-27 16:21:09 Showing main window early
2025-10-27 16:21:10 Using browser-only version of superagent in non-browser environment
2025-10-27 16:21:10 Configuration directory URI: 'file:///home/kamal/.arduinoIDE'
2025-10-27 16:21:10 Configuring to accept webviews on '^.+\.webview\..+$' hostname.
2025-10-27 16:21:10 2025-10-27T10:51:10.122Z root INFO Backend u.initialize: 39.6 ms [Finished 0.956 s after backend start]
2025-10-27 16:21:10 2025-10-27T10:51:10.126Z root INFO Backend Object.initialize: 37.6 ms [Finished 0.956 s after backend start]
2025-10-27 16:21:10 2025-10-27T10:51:10.126Z root INFO Backend a.initialize: 1.4 ms [Finished 0.956 s after backend start]
2025-10-27 16:21:10 2025-10-27T10:51:10.126Z root INFO Backend a.initialize: 1.1 ms [Finished 0.956 s after backend start]
2025-10-27 16:21:10 2025-10-27T10:51:10.126Z root INFO Backend u.initialize: 1.4 ms [Finished 0.956 s after backend start]
2025-10-27 16:21:10 2025-10-27T10:51:10.129Z root INFO Backend l.initialize: 39.0 ms [Finished 0.957 s after backend start]
2025-10-27 16:21:10 2025-10-27T10:51:10.137Z root INFO configured all backend app contributions
2025-10-27 16:21:10 2025-10-27T10:51:10.137Z root INFO Backend l.onStart: 1.5 ms [Finished 0.972 s after backend start]
2025-10-27 16:21:10 2025-10-27T10:51:10.138Z root INFO Backend d.onStart: 0.1 ms [Finished 0.972 s after backend start]
2025-10-27 16:21:10 2025-10-27T10:51:10.138Z root INFO Backend a.onStart: 0.3 ms [Finished 0.972 s after backend start]
2025-10-27 16:21:10 2025-10-27T10:51:10.139Z config INFO >>> Initializing CLI configuration...
2025-10-27 16:21:10 2025-10-27T10:51:10.139Z root INFO Backend x.onStart: 0.4 ms [Finished 0.973 s after backend start]
2025-10-27 16:21:10 2025-10-27T10:51:10.139Z config INFO Loading CLI configuration from /home/kamal/.arduinoIDE/arduino-cli.yaml...
2025-10-27 16:21:10 2025-10-27T10:51:10.139Z daemon INFO Starting daemon from /tmp/.mount_arduinQVVmG0/resources/app/lib/backend/resources/arduino-cli...
2025-10-27 16:21:10 2025-10-27T10:51:10.139Z root INFO Backend w.onStart: 0.4 ms [Finished 0.974 s after backend start]
2025-10-27 16:21:10 2025-10-27T10:51:10.139Z discovery-log INFO start
2025-10-27 16:21:10 2025-10-27T10:51:10.139Z discovery-log INFO start new deferred
2025-10-27 16:21:10 2025-10-27T10:51:10.139Z root INFO Backend v.onStart: 0.3 ms [Finished 0.974 s after backend start]
2025-10-27 16:21:10 2025-10-27T10:51:10.139Z root INFO Backend a.onStart: 0.1 ms [Finished 0.974 s after backend start]
2025-10-27 16:21:10 2025-10-27T10:51:10.145Z root INFO Theia app listening on http://127.0.0.1:34801.
2025-10-27 16:21:10 2025-10-27T10:51:10.145Z root INFO Finished starting backend application: 6.3 ms [Finished 0.980 s after backend start]
2025-10-27 16:21:10 2025-10-27T10:51:10.146Z root WARN The local plugin referenced by local-dir:/home/kamal/.arduinoIDE/plugins does not exist.
2025-10-27 16:21:10 2025-10-27T10:51:10.146Z root WARN The local plugin referenced by local-dir:/home/kamal/.arduinoIDE/deployedPlugins does not exist.
2025-10-27 16:21:10 2025-10-27T10:51:10.173Z config INFO Loaded CLI configuration: {"board_manager":{"additional_urls":["https://espressif.github.io/arduino-esp32/package_esp32_index.json"]},"directories":{"builtin":{"libraries":"/home/kamal/.arduino15/libraries"},"data":"/home/kamal/.arduino15","user":"/home/kamal/Arduino"},"locale":"en"}
2025-10-27 16:21:10 2025-10-27T10:51:10.173Z config INFO 'directories.data' and 'directories.user' are set in the CLI configuration model.
2025-10-27 16:21:10 2025-10-27T10:51:10.173Z config INFO Loaded the CLI configuration.
2025-10-27 16:21:10 2025-10-27T10:51:10.174Z config INFO Mapped the CLI configuration: {"dataDirUri":"file:///home/kamal/.arduino15","sketchDirUri":"file:///home/kamal/Arduino","additionalUrls":["https://espressif.github.io/arduino-esp32/package_esp32_index.json"],"network":"none","locale":"en"}
2025-10-27 16:21:10 2025-10-27T10:51:10.174Z config INFO Validating the CLI configuration...
2025-10-27 16:21:10 2025-10-27T10:51:10.174Z config INFO The CLI config is valid.
2025-10-27 16:21:10 2025-10-27T10:51:10.174Z config INFO <<< Initialized the CLI configuration.
2025-10-27 16:21:10 2025-10-27T10:51:10.313Z root INFO Resolve plugins list: 171.4 ms [Finished 1.147 s after backend start]
2025-10-27 16:21:10 2025-10-27T10:51:10.521Z daemon INFO time="2025-10-27T16:21:10+05:30" level=info msg="arduino-cli version 1.2.0"
2025-10-27 16:21:10 2025-10-27T10:51:10.525Z daemon INFO time="2025-10-27T16:21:10+05:30" level=info msg="Using config file: /home/kamal/.arduinoIDE/arduino-cli.yaml"
time="2025-10-27T16:21:10+05:30" level=info msg="Executing `arduino-cli daemon`"
2025-10-27 16:21:10 2025-10-27T10:51:10.549Z daemon INFO Daemon is now listening on 127.0.0.1:33531
{"IP":"127.0.0.1","Port":"33531"}
2025-10-27 16:21:10 2025-10-27T10:51:10.549Z daemon INFO Daemon is running.
2025-10-27 16:21:10 2025-10-27T10:51:10.634Z daemon INFO time="2025-10-27T16:21:10+05:30" level=info msg="Checking signature" index=/home/kamal/.arduino15/package_index.json signatureFile=/home/kamal/.arduino15/package_index.json.sig trusted=true
2025-10-27 16:21:10 2025-10-27T10:51:10.640Z daemon INFO time="2025-10-27T16:21:10+05:30" level=info msg="Missing signature file" index=/home/kamal/.arduino15/package_esp32_index.json
2025-10-27 16:21:10 2025-10-27T10:51:10.640Z daemon INFO time="2025-10-27T16:21:10+05:30" level=info msg="Loading hardware from: /home/kamal/.arduino15/packages"
time="2025-10-27T16:21:10+05:30" level=info msg="Loading package arduino from: /home/kamal/.arduino15/packages/arduino/hardware"
2025-10-27 16:21:10 2025-10-27T10:51:10.642Z daemon INFO time="2025-10-27T16:21:10+05:30" level=info msg="Missing signature file" index=/home/kamal/.arduino15/packages/arduino/hardware/avr/1.8.6/installed.json
2025-10-27 16:21:10 2025-10-27T10:51:10.648Z daemon INFO time="2025-10-27T16:21:10+05:30" level=info msg="Adding monitor tool" protocol=serial tool="builtin:serial-monitor"
2025-10-27 16:21:10 2025-10-27T10:51:10.648Z daemon INFO time="2025-10-27T16:21:10+05:30" level=info msg="Loaded platform" platform="arduino:avr@1.8.6"
time="2025-10-27T16:21:10+05:30" level=info msg="Checking existence of 'tools' path: /home/kamal/.arduino15/packages/arduino/tools"
time="2025-10-27T16:21:10+05:30" level=info msg="Loading tools from dir: /home/kamal/.arduino15/packages/arduino/tools"
time="2025-10-27T16:21:10+05:30" level=info msg="Loaded tool" tool="arduino:arduinoOTA@1.3.0"
time="2025-10-27T16:21:10+05:30" level=info msg="Loaded tool" tool="arduino:avr-gcc@7.3.0-atmel3.6.1-arduino7"
time="2025-10-27T16:21:10+05:30" level=info msg="Loaded tool" tool="arduino:avrdude@6.3.0-arduino17"
time="2025-10-27T16:21:10+05:30" level=info msg="Loaded tool" tool="arduino:dfu-util@0.11.0-arduino5"
2025-10-27 16:21:10 2025-10-27T10:51:10.648Z daemon INFO time="2025-10-27T16:21:10+05:30" level=info msg="Loading package builtin from: /home/kamal/.arduino15/packages/builtin"
time="2025-10-27T16:21:10+05:30" level=info msg="Checking existence of 'tools' path: /home/kamal/.arduino15/packages/builtin/tools"
time="2025-10-27T16:21:10+05:30" level=info msg="Loading tools from dir: /home/kamal/.arduino15/packages/builtin/tools"
2025-10-27 16:21:10 2025-10-27T10:51:10.648Z daemon INFO time="2025-10-27T16:21:10+05:30" level=info msg="Loaded tool" tool="builtin:ctags@5.8-arduino11"
time="2025-10-27T16:21:10+05:30" level=info msg="Loaded tool" tool="builtin:dfu-discovery@0.1.2"
time="2025-10-27T16:21:10+05:30" level=info msg="Loaded tool" tool="builtin:mdns-discovery@1.0.9"
2025-10-27 16:21:10 2025-10-27T10:51:10.648Z daemon INFO time="2025-10-27T16:21:10+05:30" level=info msg="Loaded tool" tool="builtin:serial-discovery@1.4.1"
time="2025-10-27T16:21:10+05:30" level=info msg="Loaded tool" tool="builtin:serial-monitor@0.15.0"
time="2025-10-27T16:21:10+05:30" level=info msg="Loading package esp32 from: /home/kamal/.arduino15/packages/esp32/hardware"
2025-10-27 16:21:10 2025-10-27T10:51:10.651Z daemon INFO time="2025-10-27T16:21:10+05:30" level=info msg="Missing signature file" index=/home/kamal/.arduino15/packages/esp32/hardware/esp32/3.3.2/installed.json
2025-10-27 16:21:10 2025-10-27T10:51:10.818Z daemon INFO time="2025-10-27T16:21:10+05:30" level=info msg="Adding monitor tool" protocol=serial tool="builtin:serial-monitor"
time="2025-10-27T16:21:10+05:30" level=info msg="Loaded platform" platform="esp32:esp32@3.3.2"
time="2025-10-27T16:21:10+05:30" level=info msg="Checking existence of 'tools' path: /home/kamal/.arduino15/packages/esp32/tools"
time="2025-10-27T16:21:10+05:30" level=info msg="Loading tools from dir: /home/kamal/.arduino15/packages/esp32/tools"
2025-10-27 16:21:10 2025-10-27T10:51:10.819Z daemon INFO time="2025-10-27T16:21:10+05:30" level=info msg="Loaded tool" tool="esp32:esp-rv32@2507"
time="2025-10-27T16:21:10+05:30" level=info msg="Loaded tool" tool="esp32:esp-x32@2507"
time="2025-10-27T16:21:10+05:30" level=info msg="Loaded tool" tool="esp32:esp32-arduino-libs@idf-release_v5.5-07e9bf49-v1"
time="2025-10-27T16:21:10+05:30" level=info msg="Loaded tool" tool="esp32:esptool_py@5.1.0"
time="2025-10-27T16:21:10+05:30" level=info msg="Loaded tool" tool="esp32:mklittlefs@4.0.2-db0513a"
time="2025-10-27T16:21:10+05:30" level=info msg="Loaded tool" tool="esp32:mkspiffs@0.2.3"
time="2025-10-27T16:21:10+05:30" level=info msg="Loaded tool" tool="esp32:openocd-esp32@v0.12.0-esp32-20250707"
2025-10-27 16:21:10 2025-10-27T10:51:10.819Z daemon INFO time="2025-10-27T16:21:10+05:30" level=info msg="Loaded tool" tool="esp32:riscv32-esp-elf-gdb@16.3_20250913"
time="2025-10-27T16:21:10+05:30" level=info msg="Loaded tool" tool="esp32:xtensa-esp-elf-gdb@16.3_20250913"
2025-10-27 16:21:10 2025-10-27T10:51:10.823Z daemon INFO time="2025-10-27T16:21:10+05:30" level=info msg="Adding libraries dir" dir=/home/kamal/.arduino15/packages/arduino/hardware/avr/1.8.6/libraries isSingleLibrary=false location=platform
2025-10-27 16:21:10 2025-10-27T10:51:10.823Z daemon INFO time="2025-10-27T16:21:10+05:30" level=info msg="Adding libraries dir" dir=/home/kamal/.arduino15/packages/esp32/hardware/esp32/3.3.2/libraries isSingleLibrary=false location=platform
time="2025-10-27T16:21:10+05:30" level=info msg="Loading libraries index file" index=/home/kamal/.arduino15/library_index.json
2025-10-27 16:21:11 2025-10-27T10:51:11.120Z daemon INFO time="2025-10-27T16:21:11+05:30" level=info msg="Adding libraries dir" dir=/home/kamal/.arduino15/libraries isSingleLibrary=false location=ide
2025-10-27 16:21:11 2025-10-27T10:51:11.120Z daemon INFO time="2025-10-27T16:21:11+05:30" level=info msg="Adding libraries dir" dir=/home/kamal/Arduino/libraries isSingleLibrary=false location=user
2025-10-27 16:21:11 2025-10-27T10:51:11.170Z discovery-log INFO start resolved watching
2025-10-27 16:21:11 2025-10-27T10:51:11.184Z discovery-log INFO {"eventType":"add","port":{"matchingBoardsList":[],"port":{"address":"/dev/ttyUSB0","label":"/dev/ttyUSB0","protocol":"serial","protocolLabel":"Serial Port (USB)","propertiesMap":[["pid","0xea60"],["serialNumber","0001"],["vid","0x10c4"]],"hardwareId":"0001"}},"error":""}
2025-10-27 16:21:11 2025-10-27T10:51:11.514Z root INFO Deploy plugins list: 1373.2 ms [Finished 2.349 s after backend start]
2025-10-27 16:21:11 2025-10-27T10:51:11.915Z root INFO creating connection for 1
2025-10-27 16:21:12 2025-10-27T10:51:12.996Z root WARN A command editor.action.toggleStickyScroll is already registered.
2025-10-27 16:21:13 Opening channel for service path '/services/electron-window'.
2025-10-27 16:21:13 Opening channel for service path '/services/ide-updater'.
2025-10-27 16:21:13 2025-10-27T10:51:13.144Z root INFO Start frontend contributions: 336.9 ms [Finished 2.959 s after frontend start]
2025-10-27 16:21:13 2025-10-27T10:51:13.145Z root INFO Changed application state from 'init' to 'started_contributions'.
2025-10-27 16:21:13 2025-10-27T10:51:13.156Z root INFO Changed application state from 'started_contributions' to 'attached_shell'.
2025-10-27 16:21:13 2025-10-27T10:51:13.157Z root INFO >>> Restoring the layout state...
2025-10-27 16:21:13 2025-10-27T10:51:13.221Z root INFO [9bf28642-4452-4612-b9a2-3c234cd71b3f] Waiting for backend deployment: 100.8 ms [Finished 3.050 s after frontend start]
2025-10-27 16:21:13 2025-10-27T10:51:13.835Z root INFO [hosted-plugin: 19474] PLUGIN_HOST(19474) starting instance
[Object: null prototype] {}
2025-10-27 16:21:14 2025-10-27T10:51:14.754Z root INFO [9bf28642-4452-4612-b9a2-3c234cd71b3f] Sync of 23 plugins: 1544.7 ms [Finished 4.595 s after frontend start]
2025-10-27 16:21:14 2025-10-27T10:51:14.764Z root INFO <<< Nothing to restore.
2025-10-27 16:21:14 2025-10-27T10:51:14.854Z root INFO Initialize the workbench layout: 1639.6 ms [Finished 4.637 s after frontend start]
2025-10-27 16:21:14 2025-10-27T10:51:14.856Z root INFO Changed application state from 'attached_shell' to 'initialized_layout'.
2025-10-27 16:21:14 2025-10-27T10:51:14.857Z root INFO [9bf28642-4452-4612-b9a2-3c234cd71b3f] Loading plugin contributions
2025-10-27 16:21:14 2025-10-27T10:51:14.858Z root INFO [9bf28642-4452-4612-b9a2-3c234cd71b3f] Load contributions of 23 plugins: 47.4 ms [Finished 4.694 s after frontend start]
2025-10-27 16:21:14 2025-10-27T10:51:14.917Z root WARN 'cpp' language is remapped from 'source.cpp.embedded.macro' to 'source.cpp' scope
2025-10-27 16:21:14 2025-10-27T10:51:14.917Z root WARN a registered grammar configuration for 'cpp' language is overridden
2025-10-27 16:21:15 2025-10-27T10:51:15.373Z root ERROR [hosted-plugin: 19474] Conflict in settings file Default: Ignoring cortex-debug.armToolchainPath.linux as cortex-debug.armToolchainPath is null
2025-10-27 16:21:15 2025-10-27T10:51:15.373Z root ERROR [hosted-plugin: 19474] Conflict in settings file Default: Ignoring cortex-debug.armToolchainPath.osx as cortex-debug.armToolchainPath is null
Conflict in settings file Default: Ignoring cortex-debug.armToolchainPath.windows as cortex-debug.armToolchainPath is null
Conflict in settings file Default: Ignoring cortex-debug.JLinkGDBServerPath.linux as cortex-debug.JLinkGDBServerPath is null
Conflict in settings file Default: Ignoring cortex-debug.JLinkGDBServerPath.osx as cortex-debug.JLinkGDBServerPath is null
Conflict in settings file Default: Ignoring cortex-debug.JLinkGDBServerPath.windows as cortex-debug.JLinkGDBServerPath is null
2025-10-27 16:21:15 2025-10-27T10:51:15.373Z root ERROR [hosted-plugin: 19474] Conflict in settings file Default: Ignoring cortex-debug.openocdPath.linux as cortex-debug.openocdPath is null
Conflict in settings file Default: Ignoring cortex-debug.openocdPath.osx as cortex-debug.openocdPath is null
2025-10-27 16:21:15 2025-10-27T10:51:15.373Z root ERROR [hosted-plugin: 19474] Conflict in settings file Default: Ignoring cortex-debug.openocdPath.windows as cortex-debug.openocdPath is null
Conflict in settings file Default: Ignoring cortex-debug.pyocdPath.linux as cortex-debug.pyocdPath is null
Conflict in settings file Default: Ignoring cortex-debug.pyocdPath.osx as cortex-debug.pyocdPath is null
2025-10-27 16:21:15 2025-10-27T10:51:15.373Z root ERROR [hosted-plugin: 19474] Conflict in settings file Default: Ignoring cortex-debug.pyocdPath.windows as cortex-debug.pyocdPath is null
Conflict in settings file Default: Ignoring cortex-debug.PEGDBServerPath.linux as cortex-debug.PEGDBServerPath is null
Conflict in settings file Default: Ignoring cortex-debug.PEGDBServerPath.osx as cortex-debug.PEGDBServerPath is null
2025-10-27 16:21:15 2025-10-27T10:51:15.373Z root ERROR [hosted-plugin: 19474] Conflict in settings file Default: Ignoring cortex-debug.PEGDBServerPath.windows as cortex-debug.PEGDBServerPath is null
Conflict in settings file Default: Ignoring cortex-debug.stutilPath.linux as cortex-debug.stutilPath is null
Conflict in settings file Default: Ignoring cortex-debug.stutilPath.osx as cortex-debug.stutilPath is null
Conflict in settings file Default: Ignoring cortex-debug.stutilPath.windows as cortex-debug.stutilPath is null
Conflict in settings file Default: Ignoring cortex-debug.stlinkPath.linux as cortex-debug.stlinkPath is null
Conflict in settings file Default: Ignoring cortex-debug.stlinkPath.osx as cortex-debug.stlinkPath is null
2025-10-27 16:21:15 2025-10-27T10:51:15.373Z root ERROR [hosted-plugin: 19474] Conflict in settings file Default: Ignoring cortex-debug.stlinkPath.windows as cortex-debug.stlinkPath is null
Conflict in settings file Default: Ignoring cortex-debug.stm32cubeprogrammer.linux as cortex-debug.stm32cubeprogrammer is null
Conflict in settings file Default: Ignoring cortex-debug.stm32cubeprogrammer.osx as cortex-debug.stm32cubeprogrammer is null
Conflict in settings file Default: Ignoring cortex-debug.stm32cubeprogrammer.windows as cortex-debug.stm32cubeprogrammer is null
2025-10-27 16:21:15 2025-10-27T10:51:15.392Z root INFO [hosted-plugin: 19474] PLUGIN_HOST(19474): PluginManagerExtImpl/init()
2025-10-27 16:21:15 2025-10-27T10:51:15.394Z root INFO [hosted-plugin: 19474] PLUGIN_HOST(19474): initializing(vscode-arduino-api@0.1.2 with /tmp/.mount_arduinQVVmG0/resources/app/lib/backend/plugin-vscode-init)
2025-10-27 16:21:15 2025-10-27T10:51:15.502Z root INFO [hosted-plugin: 19474] PLUGIN_HOST(19474): initializing(json-language-features@1.88.1 with /tmp/.mount_arduinQVVmG0/resources/app/lib/backend/plugin-vscode-init)
2025-10-27 16:21:15 2025-10-27T10:51:15.509Z root INFO [hosted-plugin: 19474] PLUGIN_HOST(19474): initializing(cortex-debug@1.5.1 with /tmp/.mount_arduinQVVmG0/resources/app/lib/backend/plugin-vscode-init)
2025-10-27 16:21:15 2025-10-27T10:51:15.510Z root INFO [hosted-plugin: 19474] Debugger contribution has been registered: cortex-debug
2025-10-27 16:21:15 2025-10-27T10:51:15.513Z root INFO [hosted-plugin: 19474] PLUGIN_HOST(19474): initializing(vscode-arduino-tools@0.1.3 with /tmp/.mount_arduinQVVmG0/resources/app/lib/backend/plugin-vscode-init)
2025-10-27 16:21:15 2025-10-27T10:51:15.516Z root INFO [hosted-plugin: 19474] PLUGIN_HOST(19474): initializing(cpp@1.88.1 with /tmp/.mount_arduinQVVmG0/resources/app/lib/backend/plugin-vscode-init)
2025-10-27 16:21:15 2025-10-27T10:51:15.521Z root INFO [hosted-plugin: 19474] PLUGIN_HOST(19474): initializing(json@1.88.1 with /tmp/.mount_arduinQVVmG0/resources/app/lib/backend/plugin-vscode-init)
2025-10-27 16:21:15 2025-10-27T10:51:15.523Z root INFO [hosted-plugin: 19474] PLUGIN_HOST(19474): initializing(vscode-language-pack-bg@1.48.3 with /tmp/.mount_arduinQVVmG0/resources/app/lib/backend/plugin-vscode-init)
2025-10-27 16:21:15 2025-10-27T10:51:15.525Z root INFO [hosted-plugin: 19474] PLUGIN_HOST(19474): initializing(vscode-language-pack-cs@1.96.0 with /tmp/.mount_arduinQVVmG0/resources/app/lib/backend/plugin-vscode-init)
2025-10-27 16:21:15 2025-10-27T10:51:15.527Z root INFO [hosted-plugin: 19474] PLUGIN_HOST(19474): initializing(vscode-language-pack-de@1.96.0 with /tmp/.mount_arduinQVVmG0/resources/app/lib/backend/plugin-vscode-init)
2025-10-27 16:21:15 2025-10-27T10:51:15.528Z root INFO [hosted-plugin: 19474] PLUGIN_HOST(19474): initializing(vscode-language-pack-es@1.96.0 with /tmp/.mount_arduinQVVmG0/resources/app/lib/backend/plugin-vscode-init)
2025-10-27 16:21:15 2025-10-27T10:51:15.529Z root INFO [hosted-plugin: 19474] PLUGIN_HOST(19474): initializing(vscode-language-pack-fr@1.96.0 with /tmp/.mount_arduinQVVmG0/resources/app/lib/backend/plugin-vscode-init)
2025-10-27 16:21:15 2025-10-27T10:51:15.530Z root INFO [hosted-plugin: 19474] PLUGIN_HOST(19474): initializing(vscode-language-pack-hu@1.48.3 with /tmp/.mount_arduinQVVmG0/resources/app/lib/backend/plugin-vscode-init)
2025-10-27 16:21:15 2025-10-27T10:51:15.531Z root INFO [hosted-plugin: 19474] PLUGIN_HOST(19474): initializing(vscode-language-pack-it@1.96.0 with /tmp/.mount_arduinQVVmG0/resources/app/lib/backend/plugin-vscode-init)
2025-10-27 16:21:15 2025-10-27T10:51:15.531Z root INFO [hosted-plugin: 19474] PLUGIN_HOST(19474): initializing(vscode-language-pack-ja@1.96.0 with /tmp/.mount_arduinQVVmG0/resources/app/lib/backend/plugin-vscode-init)
2025-10-27 16:21:15 2025-10-27T10:51:15.532Z root INFO [hosted-plugin: 19474] PLUGIN_HOST(19474): initializing(vscode-language-pack-ko@1.96.0 with /tmp/.mount_arduinQVVmG0/resources/app/lib/backend/plugin-vscode-init)
2025-10-27 16:21:15 2025-10-27T10:51:15.533Z root INFO [hosted-plugin: 19474] PLUGIN_HOST(19474): initializing(vscode-language-pack-nl@1.48.3 with /tmp/.mount_arduinQVVmG0/resources/app/lib/backend/plugin-vscode-init)
2025-10-27 16:21:15 2025-10-27T10:51:15.533Z root INFO [hosted-plugin: 19474] PLUGIN_HOST(19474): initializing(vscode-language-pack-pl@1.96.0 with /tmp/.mount_arduinQVVmG0/resources/app/lib/backend/plugin-vscode-init)
2025-10-27 16:21:15 2025-10-27T10:51:15.534Z root INFO [hosted-plugin: 19474] PLUGIN_HOST(19474): initializing(vscode-language-pack-pt-BR@1.96.0 with /tmp/.mount_arduinQVVmG0/resources/app/lib/backend/plugin-vscode-init)
2025-10-27 16:21:15 2025-10-27T10:51:15.534Z root INFO [hosted-plugin: 19474] PLUGIN_HOST(19474): initializing(vscode-language-pack-ru@1.96.0 with /tmp/.mount_arduinQVVmG0/resources/app/lib/backend/plugin-vscode-init)
2025-10-27 16:21:15 2025-10-27T10:51:15.536Z root INFO [hosted-plugin: 19474] PLUGIN_HOST(19474): initializing(vscode-language-pack-tr@1.96.0 with /tmp/.mount_arduinQVVmG0/resources/app/lib/backend/plugin-vscode-init)
2025-10-27 16:21:15 2025-10-27T10:51:15.536Z root INFO [hosted-plugin: 19474] PLUGIN_HOST(19474): initializing(vscode-language-pack-uk@1.48.3 with /tmp/.mount_arduinQVVmG0/resources/app/lib/backend/plugin-vscode-init)
2025-10-27 16:21:15 2025-10-27T10:51:15.537Z root INFO [hosted-plugin: 19474] PLUGIN_HOST(19474): initializing(vscode-language-pack-zh-hans@1.96.0 with /tmp/.mount_arduinQVVmG0/resources/app/lib/backend/plugin-vscode-init)
2025-10-27 16:21:15 2025-10-27T10:51:15.538Z root INFO [hosted-plugin: 19474] PLUGIN_HOST(19474): initializing(vscode-language-pack-zh-hant@1.96.0 with /tmp/.mount_arduinQVVmG0/resources/app/lib/backend/plugin-vscode-init)
2025-10-27 16:21:15 2025-10-27T10:51:15.678Z root INFO [hosted-plugin: 19474] PLUGIN_HOST(19474): PluginManagerExtImpl/loadPlugin(/tmp/.mount_arduinQVVmG0/resources/app/plugins/vscode-builtin-json-language-features/extension/client/dist/node/jsonClientMain)
2025-10-27 16:21:15 2025-10-27T10:51:15.742Z root INFO [hosted-plugin: 19474] PLUGIN_HOST(19474): PluginManagerExtImpl/loadPlugin(/tmp/.mount_arduinQVVmG0/resources/app/plugins/vscode-arduino-api/extension/dist/extension.js)
2025-10-27 16:21:15 2025-10-27T10:51:15.746Z root INFO [hosted-plugin: 19474] calling activation function on Arduino IDE API for VS Code extensions
2025-10-27 16:21:15 2025-10-27T10:51:15.944Z root INFO Frontend application start: 2984.6 ms [Finished 6.765 s after backend start]
2025-10-27 16:21:15 Checking for update
2025-10-27 16:21:15 2025-10-27T10:51:15.967Z root INFO Replace loading indicator with ready workbench UI (animation): 851.1 ms [Finished 5.550 s after frontend start]
2025-10-27 16:21:15 2025-10-27T10:51:15.967Z root INFO Changed application state from 'initialized_layout' to 'ready'.
2025-10-27 16:21:15 2025-10-27T10:51:15.967Z root WARN Linked preference "workbench.colorCustomizations" not found.
2025-10-27 16:21:15 2025-10-27T10:51:15.981Z root INFO [9bf28642-4452-4612-b9a2-3c234cd71b3f] Starting plugins.
2025-10-27 16:21:16 2025-10-27T10:51:16.043Z root INFO [hosted-plugin: 19474] calling activation function on JSON Language Features (built-in)
2025-10-27 16:21:16 2025-10-27T10:51:16.132Z root INFO [hosted-plugin: 19474] PLUGIN_HOST(19474): PluginManagerExtImpl/loadPlugin(/tmp/.mount_arduinQVVmG0/resources/app/plugins/cortex-debug/extension/dist/extension.js)
2025-10-27 16:21:16 2025-10-27T10:51:16.387Z root INFO [hosted-plugin: 19474] Debug configuration provider has been registered: cortex-debug, trigger: 1
calling activation function on Cortex-Debug
GDB server console created
2025-10-27 16:21:16 2025-10-27T10:51:16.612Z root INFO [9bf28642-4452-4612-b9a2-3c234cd71b3f] Start of 23 plugins: 1532.9 ms [Finished 6.335 s after frontend start]
2025-10-27 16:21:16 2025-10-27T10:51:16.870Z root ERROR ---- !!!SLOW!!! DURATION: search took 891.818 ms. Args: [{"type":"Updatable"}] ----
2025-10-27 16:21:20 2025-10-27T10:51:20.333Z sketches-service WARN Warning! The request sketch path was different than the response sketch path from the CLI. This could be a potential bug. Request: </home/kamal/Arduino/led/led.ino>, response: </home/kamal/Arduino/led>.
2025-10-27 16:21:21 2025-10-27T10:51:21.114Z root INFO creating connection for 2
2025-10-27 16:21:22 2025-10-27T10:51:22.202Z root WARN A command editor.action.toggleStickyScroll is already registered.
2025-10-27 16:21:22 Opening channel for service path '/services/electron-window'.
2025-10-27 16:21:22 Opening channel for service path '/services/ide-updater'.
2025-10-27 16:21:22 2025-10-27T10:51:22.353Z root INFO Start frontend contributions: 349.0 ms [Finished 1.963 s after frontend start]
2025-10-27 16:21:22 2025-10-27T10:51:22.353Z root INFO Changed application state from 'init' to 'started_contributions'.
2025-10-27 16:21:22 2025-10-27T10:51:22.366Z root INFO Changed application state from 'started_contributions' to 'attached_shell'.
2025-10-27 16:21:22 2025-10-27T10:51:22.366Z root INFO >>> Restoring the layout state...
2025-10-27 16:21:22 2025-10-27T10:51:22.436Z root INFO [ddf08a00-2476-4719-9394-291e4e3ad16c] Waiting for backend deployment: 109.6 ms [Finished 2.062 s after frontend start]
2025-10-27 16:21:22 2025-10-27T10:51:22.648Z root INFO <<< Nothing to restore.
2025-10-27 16:21:22 2025-10-27T10:51:22.648Z root INFO Initialize the workbench layout: 229.4 ms [Finished 2.223 s after frontend start]
2025-10-27 16:21:22 2025-10-27T10:51:22.648Z root INFO Changed application state from 'attached_shell' to 'initialized_layout'.
2025-10-27 16:21:23 2025-10-27T10:51:23.084Z root INFO [hosted-plugin: 19559] PLUGIN_HOST(19559) starting instance
[Object: null prototype] {}
2025-10-27 16:21:23 Update for version 2.3.6 is not available (latest version: 2.3.6, downgrade is allowed).
2025-10-27 16:21:23 2025-10-27T10:51:23.856Z root INFO [ddf08a00-2476-4719-9394-291e4e3ad16c] Sync of 23 plugins: 1374.6 ms [Finished 3.437 s after frontend start]
2025-10-27 16:21:23 2025-10-27T10:51:23.857Z root INFO [ddf08a00-2476-4719-9394-291e4e3ad16c] Loading plugin contributions
2025-10-27 16:21:23 2025-10-27T10:51:23.857Z root INFO [ddf08a00-2476-4719-9394-291e4e3ad16c] Load contributions of 23 plugins: 45.1 ms [Finished 3.482 s after frontend start]
2025-10-27 16:21:23 2025-10-27T10:51:23.891Z root WARN 'cpp' language is remapped from 'source.cpp.embedded.macro' to 'source.cpp' scope
2025-10-27 16:21:23 2025-10-27T10:51:23.891Z root WARN a registered grammar configuration for 'cpp' language is overridden
2025-10-27 16:21:24 2025-10-27T10:51:24.137Z root INFO Frontend application start: 1993.7 ms [Finished 14.971 s after backend start]
2025-10-27 16:21:24 2025-10-27T10:51:24.160Z root INFO Replace loading indicator with ready workbench UI (animation): 1317.5 ms [Finished 3.552 s after frontend start]
2025-10-27 16:21:24 2025-10-27T10:51:24.161Z root INFO Changed application state from 'initialized_layout' to 'ready'.
2025-10-27 16:21:24 2025-10-27T10:51:24.161Z root WARN Linked preference "workbench.colorCustomizations" not found.
2025-10-27 16:21:24 2025-10-27T10:51:24.423Z root INFO Executing startup tasks:
2025-10-27 16:21:24 2025-10-27T10:51:24.423Z root INFO  - 'arduino-use-inherited-boards-config' , args: [{},{}]
2025-10-27 16:21:24 2025-10-27T10:51:24.858Z root ERROR [hosted-plugin: 19559] Conflict in settings file Default: Ignoring cortex-debug.armToolchainPath.linux as cortex-debug.armToolchainPath is null
2025-10-27 16:21:24 2025-10-27T10:51:24.859Z root ERROR [hosted-plugin: 19559] Conflict in settings file Default: Ignoring cortex-debug.armToolchainPath.osx as cortex-debug.armToolchainPath is null
Conflict in settings file Default: Ignoring cortex-debug.armToolchainPath.windows as cortex-debug.armToolchainPath is null
Conflict in settings file Default: Ignoring cortex-debug.JLinkGDBServerPath.linux as cortex-debug.JLinkGDBServerPath is null
2025-10-27 16:21:24 2025-10-27T10:51:24.859Z root ERROR [hosted-plugin: 19559] Conflict in settings file Default: Ignoring cortex-debug.JLinkGDBServerPath.osx as cortex-debug.JLinkGDBServerPath is null
Conflict in settings file Default: Ignoring cortex-debug.JLinkGDBServerPath.windows as cortex-debug.JLinkGDBServerPath is null
2025-10-27 16:21:24 2025-10-27T10:51:24.859Z root ERROR [hosted-plugin: 19559] Conflict in settings file Default: Ignoring cortex-debug.openocdPath.linux as cortex-debug.openocdPath is null
2025-10-27 16:21:24 2025-10-27T10:51:24.859Z root ERROR [hosted-plugin: 19559] Conflict in settings file Default: Ignoring cortex-debug.openocdPath.osx as cortex-debug.openocdPath is null
2025-10-27 16:21:24 2025-10-27T10:51:24.859Z root ERROR [hosted-plugin: 19559] Conflict in settings file Default: Ignoring cortex-debug.openocdPath.windows as cortex-debug.openocdPath is null
2025-10-27 16:21:24 2025-10-27T10:51:24.859Z root ERROR [hosted-plugin: 19559] Conflict in settings file Default: Ignoring cortex-debug.pyocdPath.linux as cortex-debug.pyocdPath is null
2025-10-27 16:21:24 2025-10-27T10:51:24.859Z root ERROR [hosted-plugin: 19559] Conflict in settings file Default: Ignoring cortex-debug.pyocdPath.osx as cortex-debug.pyocdPath is null
Conflict in settings file Default: Ignoring cortex-debug.pyocdPath.windows as cortex-debug.pyocdPath is null
2025-10-27 16:21:24 2025-10-27T10:51:24.859Z root ERROR [hosted-plugin: 19559] Conflict in settings file Default: Ignoring cortex-debug.PEGDBServerPath.linux as cortex-debug.PEGDBServerPath is null
2025-10-27 16:21:24 2025-10-27T10:51:24.859Z root ERROR [hosted-plugin: 19559] Conflict in settings file Default: Ignoring cortex-debug.PEGDBServerPath.osx as cortex-debug.PEGDBServerPath is null
Conflict in settings file Default: Ignoring cortex-debug.PEGDBServerPath.windows as cortex-debug.PEGDBServerPath is null
Conflict in settings file Default: Ignoring cortex-debug.stutilPath.linux as cortex-debug.stutilPath is null
2025-10-27 16:21:24 2025-10-27T10:51:24.859Z root ERROR [hosted-plugin: 19559] Conflict in settings file Default: Ignoring cortex-debug.stutilPath.osx as cortex-debug.stutilPath is null
Conflict in settings file Default: Ignoring cortex-debug.stutilPath.windows as cortex-debug.stutilPath is null
2025-10-27 16:21:24 2025-10-27T10:51:24.859Z root ERROR [hosted-plugin: 19559] Conflict in settings file Default: Ignoring cortex-debug.stlinkPath.linux as cortex-debug.stlinkPath is null
Conflict in settings file Default: Ignoring cortex-debug.stlinkPath.osx as cortex-debug.stlinkPath is null
2025-10-27 16:21:24 2025-10-27T10:51:24.859Z root ERROR [hosted-plugin: 19559] Conflict in settings file Default: Ignoring cortex-debug.stlinkPath.windows as cortex-debug.stlinkPath is null
Conflict in settings file Default: Ignoring cortex-debug.stm32cubeprogrammer.linux as cortex-debug.stm32cubeprogrammer is null
2025-10-27 16:21:24 2025-10-27T10:51:24.859Z root ERROR [hosted-plugin: 19559] Conflict in settings file Default: Ignoring cortex-debug.stm32cubeprogrammer.osx as cortex-debug.stm32cubeprogrammer is null
Conflict in settings file Default: Ignoring cortex-debug.stm32cubeprogrammer.windows as cortex-debug.stm32cubeprogrammer is null
2025-10-27 16:21:24 2025-10-27T10:51:24.923Z root INFO [hosted-plugin: 19559] PLUGIN_HOST(19559): PluginManagerExtImpl/init()
2025-10-27 16:21:24 2025-10-27T10:51:24.927Z root INFO [hosted-plugin: 19559] PLUGIN_HOST(19559): initializing(vscode-arduino-api@0.1.2 with /tmp/.mount_arduinQVVmG0/resources/app/lib/backend/plugin-vscode-init)
2025-10-27 16:21:25 2025-10-27T10:51:25.020Z root INFO [hosted-plugin: 19559] PLUGIN_HOST(19559): initializing(json-language-features@1.88.1 with /tmp/.mount_arduinQVVmG0/resources/app/lib/backend/plugin-vscode-init)
2025-10-27 16:21:25 2025-10-27T10:51:25.027Z root INFO [hosted-plugin: 19559] PLUGIN_HOST(19559): initializing(cortex-debug@1.5.1 with /tmp/.mount_arduinQVVmG0/resources/app/lib/backend/plugin-vscode-init)
2025-10-27 16:21:25 2025-10-27T10:51:25.028Z root INFO [hosted-plugin: 19559] Debugger contribution has been registered: cortex-debug
2025-10-27 16:21:25 2025-10-27T10:51:25.030Z root INFO [hosted-plugin: 19559] PLUGIN_HOST(19559): initializing(vscode-arduino-tools@0.1.3 with /tmp/.mount_arduinQVVmG0/resources/app/lib/backend/plugin-vscode-init)
2025-10-27 16:21:25 2025-10-27T10:51:25.032Z root INFO [hosted-plugin: 19559] PLUGIN_HOST(19559): initializing(cpp@1.88.1 with /tmp/.mount_arduinQVVmG0/resources/app/lib/backend/plugin-vscode-init)
2025-10-27 16:21:25 2025-10-27T10:51:25.039Z root INFO [hosted-plugin: 19559] PLUGIN_HOST(19559): initializing(json@1.88.1 with /tmp/.mount_arduinQVVmG0/resources/app/lib/backend/plugin-vscode-init)
2025-10-27 16:21:25 2025-10-27T10:51:25.042Z root INFO [hosted-plugin: 19559] PLUGIN_HOST(19559): initializing(vscode-language-pack-bg@1.48.3 with /tmp/.mount_arduinQVVmG0/resources/app/lib/backend/plugin-vscode-init)
2025-10-27 16:21:25 2025-10-27T10:51:25.045Z root INFO [hosted-plugin: 19559] PLUGIN_HOST(19559): initializing(vscode-language-pack-cs@1.96.0 with /tmp/.mount_arduinQVVmG0/resources/app/lib/backend/plugin-vscode-init)
2025-10-27 16:21:25 2025-10-27T10:51:25.046Z root INFO [hosted-plugin: 19559] PLUGIN_HOST(19559): initializing(vscode-language-pack-de@1.96.0 with /tmp/.mount_arduinQVVmG0/resources/app/lib/backend/plugin-vscode-init)
2025-10-27 16:21:25 2025-10-27T10:51:25.048Z root INFO [hosted-plugin: 19559] PLUGIN_HOST(19559): initializing(vscode-language-pack-es@1.96.0 with /tmp/.mount_arduinQVVmG0/resources/app/lib/backend/plugin-vscode-init)
2025-10-27 16:21:25 2025-10-27T10:51:25.049Z root INFO [hosted-plugin: 19559] PLUGIN_HOST(19559): initializing(vscode-language-pack-fr@1.96.0 with /tmp/.mount_arduinQVVmG0/resources/app/lib/backend/plugin-vscode-init)
2025-10-27 16:21:25 2025-10-27T10:51:25.051Z root INFO [hosted-plugin: 19559] PLUGIN_HOST(19559): initializing(vscode-language-pack-hu@1.48.3 with /tmp/.mount_arduinQVVmG0/resources/app/lib/backend/plugin-vscode-init)
2025-10-27 16:21:25 2025-10-27T10:51:25.052Z root INFO [hosted-plugin: 19559] PLUGIN_HOST(19559): initializing(vscode-language-pack-it@1.96.0 with /tmp/.mount_arduinQVVmG0/resources/app/lib/backend/plugin-vscode-init)
2025-10-27 16:21:25 2025-10-27T10:51:25.053Z root INFO [hosted-plugin: 19559] PLUGIN_HOST(19559): initializing(vscode-language-pack-ja@1.96.0 with /tmp/.mount_arduinQVVmG0/resources/app/lib/backend/plugin-vscode-init)
2025-10-27 16:21:25 2025-10-27T10:51:25.054Z root INFO [hosted-plugin: 19559] PLUGIN_HOST(19559): initializing(vscode-language-pack-ko@1.96.0 with /tmp/.mount_arduinQVVmG0/resources/app/lib/backend/plugin-vscode-init)
2025-10-27 16:21:25 2025-10-27T10:51:25.055Z root INFO [hosted-plugin: 19559] PLUGIN_HOST(19559): initializing(vscode-language-pack-nl@1.48.3 with /tmp/.mount_arduinQVVmG0/resources/app/lib/backend/plugin-vscode-init)
2025-10-27 16:21:25 2025-10-27T10:51:25.056Z root INFO [hosted-plugin: 19559] PLUGIN_HOST(19559): initializing(vscode-language-pack-pl@1.96.0 with /tmp/.mount_arduinQVVmG0/resources/app/lib/backend/plugin-vscode-init)
2025-10-27 16:21:25 2025-10-27T10:51:25.057Z root INFO [hosted-plugin: 19559] PLUGIN_HOST(19559): initializing(vscode-language-pack-pt-BR@1.96.0 with /tmp/.mount_arduinQVVmG0/resources/app/lib/backend/plugin-vscode-init)
2025-10-27 16:21:25 2025-10-27T10:51:25.058Z root INFO [hosted-plugin: 19559] PLUGIN_HOST(19559): initializing(vscode-language-pack-ru@1.96.0 with /tmp/.mount_arduinQVVmG0/resources/app/lib/backend/plugin-vscode-init)
2025-10-27 16:21:25 2025-10-27T10:51:25.059Z root INFO [hosted-plugin: 19559] PLUGIN_HOST(19559): initializing(vscode-language-pack-tr@1.96.0 with /tmp/.mount_arduinQVVmG0/resources/app/lib/backend/plugin-vscode-init)
2025-10-27 16:21:25 2025-10-27T10:51:25.060Z root INFO [hosted-plugin: 19559] PLUGIN_HOST(19559): initializing(vscode-language-pack-uk@1.48.3 with /tmp/.mount_arduinQVVmG0/resources/app/lib/backend/plugin-vscode-init)
2025-10-27 16:21:25 2025-10-27T10:51:25.061Z root INFO [hosted-plugin: 19559] PLUGIN_HOST(19559): initializing(vscode-language-pack-zh-hans@1.96.0 with /tmp/.mount_arduinQVVmG0/resources/app/lib/backend/plugin-vscode-init)
2025-10-27 16:21:25 2025-10-27T10:51:25.065Z root INFO [hosted-plugin: 19559] PLUGIN_HOST(19559): initializing(vscode-language-pack-zh-hant@1.96.0 with /tmp/.mount_arduinQVVmG0/resources/app/lib/backend/plugin-vscode-init)
2025-10-27 16:21:25 2025-10-27T10:51:25.112Z root INFO [hosted-plugin: 19559] PLUGIN_HOST(19559): PluginManagerExtImpl/loadPlugin(/tmp/.mount_arduinQVVmG0/resources/app/plugins/vscode-builtin-json-language-features/extension/client/dist/node/jsonClientMain)
2025-10-27 16:21:25 2025-10-27T10:51:25.175Z root INFO [hosted-plugin: 19559] PLUGIN_HOST(19559): PluginManagerExtImpl/loadPlugin(/tmp/.mount_arduinQVVmG0/resources/app/plugins/vscode-arduino-api/extension/dist/extension.js)
2025-10-27 16:21:25 2025-10-27T10:51:25.179Z root INFO [hosted-plugin: 19559] calling activation function on Arduino IDE API for VS Code extensions
2025-10-27 16:21:25 2025-10-27T10:51:25.201Z root INFO [ddf08a00-2476-4719-9394-291e4e3ad16c] Starting plugins.
2025-10-27 16:21:25 2025-10-27T10:51:25.253Z root INFO [hosted-plugin: 19559] PLUGIN_HOST(19559): PluginManagerExtImpl/loadPlugin(/tmp/.mount_arduinQVVmG0/resources/app/plugins/cortex-debug/extension/dist/extension.js)
2025-10-27 16:21:25 2025-10-27T10:51:25.294Z root INFO [hosted-plugin: 19559] Debug configuration provider has been registered: cortex-debug, trigger: 1
2025-10-27 16:21:25 2025-10-27T10:51:25.294Z root INFO [hosted-plugin: 19559] calling activation function on Cortex-Debug
2025-10-27 16:21:25 2025-10-27T10:51:25.299Z root INFO [hosted-plugin: 19559] GDB server console created
2025-10-27 16:21:25 2025-10-27T10:51:25.306Z root INFO [ddf08a00-2476-4719-9394-291e4e3ad16c] Start of 23 plugins: 1438.1 ms [Finished 4.932 s after frontend start]
2025-10-27 16:21:25 2025-10-27T10:51:25.439Z root INFO [hosted-plugin: 19559] calling activation function on JSON Language Features (built-in)
2025-10-27 16:21:37 2025-10-27T10:51:37.471Z root ERROR Have not received the full compile summary from the CLI while running the compilation. {}
2025-10-27 16:22:58 2025-10-27T10:52:58.907Z daemon INFO time="2025-10-27T16:22:58+05:30" level=info msg="Tool required for debug" tool="arduino:dfu-util@0.11.0-arduino5"
time="2025-10-27T16:22:58+05:30" level=info msg="Tool required for debug" tool="esp32:esp-rv32@2507"
time="2025-10-27T16:22:58+05:30" level=info msg="Tool required for debug" tool="esp32:esp-x32@2507"
2025-10-27 16:22:58 2025-10-27T10:52:58.907Z daemon INFO time="2025-10-27T16:22:58+05:30" level=info msg="Tool required for debug" tool="esp32:esp32-arduino-libs@idf-release_v5.5-07e9bf49-v1"
time="2025-10-27T16:22:58+05:30" level=info msg="Tool required for debug" tool="esp32:esptool_py@5.1.0"
time="2025-10-27T16:22:58+05:30" level=info msg="Tool required for debug" tool="esp32:mklittlefs@4.0.2-db0513a"
time="2025-10-27T16:22:58+05:30" level=info msg="Tool required for debug" tool="esp32:mkspiffs@0.2.3"
time="2025-10-27T16:22:58+05:30" level=info msg="Tool required for debug" tool="esp32:openocd-esp32@v0.12.0-esp32-20250707"
time="2025-10-27T16:22:58+05:30" level=info msg="Tool required for debug" tool="esp32:riscv32-esp-elf-gdb@16.3_20250913"
time="2025-10-27T16:22:58+05:30" level=info msg="Tool required for debug" tool="esp32:xtensa-esp-elf-gdb@16.3_20250913"
time="2025-10-27T16:22:58+05:30" level=info msg="Tool required for debug" tool="builtin:dfu-discovery@0.1.2"
time="2025-10-27T16:22:58+05:30" level=info msg="Tool required for debug" tool="arduino:avr-gcc@7.3.0-atmel3.6.1-arduino7"
time="2025-10-27T16:22:58+05:30" level=info msg="Tool required for debug" tool="builtin:ctags@5.8-arduino11"
2025-10-27 16:22:58 2025-10-27T10:52:58.907Z daemon INFO time="2025-10-27T16:22:58+05:30" level=info msg="Tool required for debug" tool="arduino:avrdude@6.3.0-arduino17"
time="2025-10-27T16:22:58+05:30" level=info msg="Tool required for debug" tool="builtin:serial-discovery@1.4.1"
time="2025-10-27T16:22:58+05:30" level=info msg="Tool required for debug" tool="builtin:serial-monitor@0.15.0"
time="2025-10-27T16:22:58+05:30" level=info msg="Tool required for debug" tool="arduino:arduinoOTA@1.3.0"
time="2025-10-27T16:22:58+05:30" level=info msg="Tool required for debug" tool="builtin:mdns-discovery@1.0.9"
2025-10-27 16:22:58 2025-10-27T10:52:58.909Z root INFO Starting language server: esp32:esp32:esp32:UploadSpeed=921600,CPUFreq=240,FlashFreq=80,FlashMode=qio,FlashSize=4M,PartitionScheme=default,DebugLevel=none,PSRAM=disabled,LoopCore=1,EventsCore=1,EraseFlash=none,JTAGAdapter=default,ZigbeeMode=default
2025-10-27 16:22:58 2025-10-27T10:52:58.913Z daemon INFO time="2025-10-27T16:22:58+05:30" level=info msg="Tool required for debug" tool="arduino:dfu-util@0.11.0-arduino5"
time="2025-10-27T16:22:58+05:30" level=info msg="Tool required for debug" tool="esp32:esp-rv32@2507"
time="2025-10-27T16:22:58+05:30" level=info msg="Tool required for debug" tool="esp32:esp-x32@2507"
time="2025-10-27T16:22:58+05:30" level=info msg="Tool required for debug" tool="esp32:esp32-arduino-libs@idf-release_v5.5-07e9bf49-v1"
time="2025-10-27T16:22:58+05:30" level=info msg="Tool required for debug" tool="esp32:esptool_py@5.1.0"
2025-10-27 16:22:58 2025-10-27T10:52:58.914Z daemon INFO time="2025-10-27T16:22:58+05:30" level=info msg="Tool required for debug" tool="esp32:mklittlefs@4.0.2-db0513a"
time="2025-10-27T16:22:58+05:30" level=info msg="Tool required for debug" tool="esp32:mkspiffs@0.2.3"
time="2025-10-27T16:22:58+05:30" level=info msg="Tool required for debug" tool="esp32:openocd-esp32@v0.12.0-esp32-20250707"
time="2025-10-27T16:22:58+05:30" level=info msg="Tool required for debug" tool="esp32:riscv32-esp-elf-gdb@16.3_20250913"
time="2025-10-27T16:22:58+05:30" level=info msg="Tool required for debug" tool="esp32:xtensa-esp-elf-gdb@16.3_20250913"
time="2025-10-27T16:22:58+05:30" level=info msg="Tool required for debug" tool="arduino:avrdude@6.3.0-arduino17"
time="2025-10-27T16:22:58+05:30" level=info msg="Tool required for debug" tool="builtin:mdns-discovery@1.0.9"
time="2025-10-27T16:22:58+05:30" level=info msg="Tool required for debug" tool="builtin:serial-discovery@1.4.1"
time="2025-10-27T16:22:58+05:30" level=info msg="Tool required for debug" tool="arduino:arduinoOTA@1.3.0"
time="2025-10-27T16:22:58+05:30" level=info msg="Tool required for debug" tool="builtin:serial-monitor@0.15.0"
time="2025-10-27T16:22:58+05:30" level=info msg="Tool required for debug" tool="arduino:avr-gcc@7.3.0-atmel3.6.1-arduino7"
time="2025-10-27T16:22:58+05:30" level=info msg="Tool required for debug" tool="builtin:ctags@5.8-arduino11"
time="2025-10-27T16:22:58+05:30" level=info msg="Tool required for debug" tool="builtin:dfu-discovery@0.1.2"
2025-10-27 16:22:58 2025-10-27T10:52:58.920Z daemon INFO time="2025-10-27T16:22:58+05:30" level=info msg="Tool required for debug" tool="arduino:dfu-util@0.11.0-arduino5"
time="2025-10-27T16:22:58+05:30" level=info msg="Tool required for debug" tool="esp32:esp-rv32@2507"
time="2025-10-27T16:22:58+05:30" level=info msg="Tool required for debug" tool="esp32:esp-x32@2507"
time="2025-10-27T16:22:58+05:30" level=info msg="Tool required for debug" tool="esp32:esp32-arduino-libs@idf-release_v5.5-07e9bf49-v1"
time="2025-10-27T16:22:58+05:30" level=info msg="Tool required for debug" tool="esp32:esptool_py@5.1.0"
time="2025-10-27T16:22:58+05:30" level=info msg="Tool required for debug" tool="esp32:mklittlefs@4.0.2-db0513a"
time="2025-10-27T16:22:58+05:30" level=info msg="Tool required for debug" tool="esp32:mkspiffs@0.2.3"
time="2025-10-27T16:22:58+05:30" level=info msg="Tool required for debug" tool="esp32:openocd-esp32@v0.12.0-esp32-20250707"
time="2025-10-27T16:22:58+05:30" level=info msg="Tool required for debug" tool="esp32:riscv32-esp-elf-gdb@16.3_20250913"
time="2025-10-27T16:22:58+05:30" level=info msg="Tool required for debug" tool="esp32:xtensa-esp-elf-gdb@16.3_20250913"
time="2025-10-27T16:22:58+05:30" level=info msg="Tool required for debug" tool="builtin:serial-discovery@1.4.1"
time="2025-10-27T16:22:58+05:30" level=info msg="Tool required for debug" tool="builtin:ctags@5.8-arduino11"
time="2025-10-27T16:22:58+05:30" level=info msg="Tool required for debug" tool="arduino:avr-gcc@7.3.0-atmel3.6.1-arduino7"
time="2025-10-27T16:22:58+05:30" level=info msg="Tool required for debug" tool="builtin:mdns-discovery@1.0.9"
time="2025-10-27T16:22:58+05:30" level=info msg="Tool required for debug" tool="builtin:dfu-discovery@0.1.2"
time="2025-10-27T16:22:58+05:30" level=info msg="Tool required for debug" tool="builtin:serial-monitor@0.15.0"
time="2025-10-27T16:22:58+05:30" level=info msg="Tool required for debug" tool="arduino:avrdude@6.3.0-arduino17"
time="2025-10-27T16:22:58+05:30" level=info msg="Tool required for debug" tool="arduino:arduinoOTA@1.3.0"
2025-10-27 16:22:58 2025-10-27T10:52:58.927Z daemon INFO time="2025-10-27T16:22:58+05:30" level=info msg="Tool required for debug" tool="arduino:dfu-util@0.11.0-arduino5"
time="2025-10-27T16:22:58+05:30" level=info msg="Tool required for debug" tool="esp32:esp-rv32@2507"
time="2025-10-27T16:22:58+05:30" level=info msg="Tool required for debug" tool="esp32:esp-x32@2507"
time="2025-10-27T16:22:58+05:30" level=info msg="Tool required for debug" tool="esp32:esp32-arduino-libs@idf-release_v5.5-07e9bf49-v1"
time="2025-10-27T16:22:58+05:30" level=info msg="Tool required for debug" tool="esp32:esptool_py@5.1.0"
time="2025-10-27T16:22:58+05:30" level=info msg="Tool required for debug" tool="esp32:mklittlefs@4.0.2-db0513a"
time="2025-10-27T16:22:58+05:30" level=info msg="Tool required for debug" tool="esp32:mkspiffs@0.2.3"
time="2025-10-27T16:22:58+05:30" level=info msg="Tool required for debug" tool="esp32:openocd-esp32@v0.12.0-esp32-20250707"
time="2025-10-27T16:22:58+05:30" level=info msg="Tool required for debug" tool="esp32:riscv32-esp-elf-gdb@16.3_20250913"
time="2025-10-27T16:22:58+05:30" level=info msg="Tool required for debug" tool="esp32:xtensa-esp-elf-gdb@16.3_20250913"
time="2025-10-27T16:22:58+05:30" level=info msg="Tool required for debug" tool="arduino:avr-gcc@7.3.0-atmel3.6.1-arduino7"
time="2025-10-27T16:22:58+05:30" level=info msg="Tool required for debug" tool="builtin:ctags@5.8-arduino11"
time="2025-10-27T16:22:58+05:30" level=info msg="Tool required for debug" tool="builtin:mdns-discovery@1.0.9"
time="2025-10-27T16:22:58+05:30" level=info msg="Tool required for debug" tool="arduino:arduinoOTA@1.3.0"
time="2025-10-27T16:22:58+05:30" level=info msg="Tool required for debug" tool="builtin:dfu-discovery@0.1.2"
time="2025-10-27T16:22:58+05:30" level=info msg="Tool required for debug" tool="builtin:serial-discovery@1.4.1"
time="2025-10-27T16:22:58+05:30" level=info msg="Tool required for debug" tool="arduino:avrdude@6.3.0-arduino17"
time="2025-10-27T16:22:58+05:30" level=info msg="Tool required for debug" tool="builtin:serial-monitor@0.15.0"
2025-10-27 16:22:58 2025-10-27T10:52:58.932Z daemon INFO time="2025-10-27T16:22:58+05:30" level=info msg="Tool required for debug" tool="arduino:dfu-util@0.11.0-arduino5"
time="2025-10-27T16:22:58+05:30" level=info msg="Tool required for debug" tool="esp32:esp-rv32@2507"
time="2025-10-27T16:22:58+05:30" level=info msg="Tool required for debug" tool="esp32:esp-x32@2507"
time="2025-10-27T16:22:58+05:30" level=info msg="Tool required for debug" tool="esp32:esp32-arduino-libs@idf-release_v5.5-07e9bf49-v1"
time="2025-10-27T16:22:58+05:30" level=info msg="Tool required for debug" tool="esp32:esptool_py@5.1.0"
time="2025-10-27T16:22:58+05:30" level=info msg="Tool required for debug" tool="esp32:mklittlefs@4.0.2-db0513a"
time="2025-10-27T16:22:58+05:30" level=info msg="Tool required for debug" tool="esp32:mkspiffs@0.2.3"
time="2025-10-27T16:22:58+05:30" level=info msg="Tool required for debug" tool="esp32:openocd-esp32@v0.12.0-esp32-20250707"
time="2025-10-27T16:22:58+05:30" level=info msg="Tool required for debug" tool="esp32:riscv32-esp-elf-gdb@16.3_20250913"
time="2025-10-27T16:22:58+05:30" level=info msg="Tool required for debug" tool="esp32:xtensa-esp-elf-gdb@16.3_20250913"
time="2025-10-27T16:22:58+05:30" level=info msg="Tool required for debug" tool="builtin:ctags@5.8-arduino11"
time="2025-10-27T16:22:58+05:30" level=info msg="Tool required for debug" tool="builtin:dfu-discovery@0.1.2"
2025-10-27 16:22:58 2025-10-27T10:52:58.932Z daemon INFO time="2025-10-27T16:22:58+05:30" level=info msg="Tool required for debug" tool="builtin:mdns-discovery@1.0.9"
time="2025-10-27T16:22:58+05:30" level=info msg="Tool required for debug" tool="arduino:avrdude@6.3.0-arduino17"
time="2025-10-27T16:22:58+05:30" level=info msg="Tool required for debug" tool="arduino:avr-gcc@7.3.0-atmel3.6.1-arduino7"
time="2025-10-27T16:22:58+05:30" level=info msg="Tool required for debug" tool="arduino:arduinoOTA@1.3.0"
time="2025-10-27T16:22:58+05:30" level=info msg="Tool required for debug" tool="builtin:serial-discovery@1.4.1"
time="2025-10-27T16:22:58+05:30" level=info msg="Tool required for debug" tool="builtin:serial-monitor@0.15.0"
2025-10-27 16:22:58 2025-10-27T10:52:58.938Z daemon INFO time="2025-10-27T16:22:58+05:30" level=info msg="Tool required for debug" tool="arduino:dfu-util@0.11.0-arduino5"
time="2025-10-27T16:22:58+05:30" level=info msg="Tool required for debug" tool="esp32:esp-rv32@2507"
time="2025-10-27T16:22:58+05:30" level=info msg="Tool required for debug" tool="esp32:esp-x32@2507"
time="2025-10-27T16:22:58+05:30" level=info msg="Tool required for debug" tool="esp32:esp32-arduino-libs@idf-release_v5.5-07e9bf49-v1"
time="2025-10-27T16:22:58+05:30" level=info msg="Tool required for debug" tool="esp32:esptool_py@5.1.0"
time="2025-10-27T16:22:58+05:30" level=info msg="Tool required for debug" tool="esp32:mklittlefs@4.0.2-db0513a"
2025-10-27 16:22:58 2025-10-27T10:52:58.939Z daemon INFO time="2025-10-27T16:22:58+05:30" level=info msg="Tool required for debug" tool="esp32:mkspiffs@0.2.3"
time="2025-10-27T16:22:58+05:30" level=info msg="Tool required for debug" tool="esp32:openocd-esp32@v0.12.0-esp32-20250707"
time="2025-10-27T16:22:58+05:30" level=info msg="Tool required for debug" tool="esp32:riscv32-esp-elf-gdb@16.3_20250913"
time="2025-10-27T16:22:58+05:30" level=info msg="Tool required for debug" tool="esp32:xtensa-esp-elf-gdb@16.3_20250913"
time="2025-10-27T16:22:58+05:30" level=info msg="Tool required for debug" tool="builtin:ctags@5.8-arduino11"
time="2025-10-27T16:22:58+05:30" level=info msg="Tool required for debug" tool="builtin:serial-discovery@1.4.1"
time="2025-10-27T16:22:58+05:30" level=info msg="Tool required for debug" tool="arduino:arduinoOTA@1.3.0"
time="2025-10-27T16:22:58+05:30" level=info msg="Tool required for debug" tool="arduino:avr-gcc@7.3.0-atmel3.6.1-arduino7"
time="2025-10-27T16:22:58+05:30" level=info msg="Tool required for debug" tool="builtin:dfu-discovery@0.1.2"
time="2025-10-27T16:22:58+05:30" level=info msg="Tool required for debug" tool="builtin:serial-monitor@0.15.0"
time="2025-10-27T16:22:58+05:30" level=info msg="Tool required for debug" tool="arduino:avrdude@6.3.0-arduino17"
time="2025-10-27T16:22:58+05:30" level=info msg="Tool required for debug" tool="builtin:mdns-discovery@1.0.9"
2025-10-27 16:22:58 2025-10-27T10:52:58.945Z daemon INFO time="2025-10-27T16:22:58+05:30" level=info msg="Tool required for debug" tool="arduino:dfu-util@0.11.0-arduino5"
time="2025-10-27T16:22:58+05:30" level=info msg="Tool required for debug" tool="esp32:esp-rv32@2507"
time="2025-10-27T16:22:58+05:30" level=info msg="Tool required for debug" tool="esp32:esp-x32@2507"
time="2025-10-27T16:22:58+05:30" level=info msg="Tool required for debug" tool="esp32:esp32-arduino-libs@idf-release_v5.5-07e9bf49-v1"
time="2025-10-27T16:22:58+05:30" level=info msg="Tool required for debug" tool="esp32:esptool_py@5.1.0"
time="2025-10-27T16:22:58+05:30" level=info msg="Tool required for debug" tool="esp32:mklittlefs@4.0.2-db0513a"
time="2025-10-27T16:22:58+05:30" level=info msg="Tool required for debug" tool="esp32:mkspiffs@0.2.3"
time="2025-10-27T16:22:58+05:30" level=info msg="Tool required for debug" tool="esp32:openocd-esp32@v0.12.0-esp32-20250707"
time="2025-10-27T16:22:58+05:30" level=info msg="Tool required for debug" tool="esp32:riscv32-esp-elf-gdb@16.3_20250913"
time="2025-10-27T16:22:58+05:30" level=info msg="Tool required for debug" tool="esp32:xtensa-esp-elf-gdb@16.3_20250913"
time="2025-10-27T16:22:58+05:30" level=info msg="Tool required for debug" tool="builtin:serial-monitor@0.15.0"
time="2025-10-27T16:22:58+05:30" level=info msg="Tool required for debug" tool="builtin:dfu-discovery@0.1.2"
time="2025-10-27T16:22:58+05:30" level=info msg="Tool required for debug" tool="arduino:arduinoOTA@1.3.0"
time="2025-10-27T16:22:58+05:30" level=info msg="Tool required for debug" tool="arduino:avr-gcc@7.3.0-atmel3.6.1-arduino7"
time="2025-10-27T16:22:58+05:30" level=info msg="Tool required for debug" tool="builtin:serial-discovery@1.4.1"
time="2025-10-27T16:22:58+05:30" level=info msg="Tool required for debug" tool="builtin:ctags@5.8-arduino11"
time="2025-10-27T16:22:58+05:30" level=info msg="Tool required for debug" tool="builtin:mdns-discovery@1.0.9"
time="2025-10-27T16:22:58+05:30" level=info msg="Tool required for debug" tool="arduino:avrdude@6.3.0-arduino17"
2025-10-27 16:22:58 2025-10-27T10:52:58.947Z daemon INFO time="2025-10-27T16:22:58+05:30" level=info msg="Tool required for debug" tool="arduino:dfu-util@0.11.0-arduino5"
time="2025-10-27T16:22:58+05:30" level=info msg="Tool required for debug" tool="esp32:esp-rv32@2507"
time="2025-10-27T16:22:58+05:30" level=info msg="Tool required for debug" tool="esp32:esp-x32@2507"
2025-10-27 16:22:58 2025-10-27T10:52:58.947Z daemon INFO time="2025-10-27T16:22:58+05:30" level=info msg="Tool required for debug" tool="esp32:esp32-arduino-libs@idf-release_v5.5-07e9bf49-v1"
time="2025-10-27T16:22:58+05:30" level=info msg="Tool required for debug" tool="esp32:esptool_py@5.1.0"
time="2025-10-27T16:22:58+05:30" level=info msg="Tool required for debug" tool="esp32:mklittlefs@4.0.2-db0513a"
time="2025-10-27T16:22:58+05:30" level=info msg="Tool required for debug" tool="esp32:mkspiffs@0.2.3"
time="2025-10-27T16:22:58+05:30" level=info msg="Tool required for debug" tool="esp32:openocd-esp32@v0.12.0-esp32-20250707"
time="2025-10-27T16:22:58+05:30" level=info msg="Tool required for debug" tool="esp32:riscv32-esp-elf-gdb@16.3_20250913"
time="2025-10-27T16:22:58+05:30" level=info msg="Tool required for debug" tool="esp32:xtensa-esp-elf-gdb@16.3_20250913"
time="2025-10-27T16:22:58+05:30" level=info msg="Tool required for debug" tool="builtin:mdns-discovery@1.0.9"
time="2025-10-27T16:22:58+05:30" level=info msg="Tool required for debug" tool="builtin:serial-discovery@1.4.1"
time="2025-10-27T16:22:58+05:30" level=info msg="Tool required for debug" tool="builtin:serial-monitor@0.15.0"
time="2025-10-27T16:22:58+05:30" level=info msg="Tool required for debug" tool="arduino:avr-gcc@7.3.0-atmel3.6.1-arduino7"
time="2025-10-27T16:22:58+05:30" level=info msg="Tool required for debug" tool="arduino:arduinoOTA@1.3.0"
time="2025-10-27T16:22:58+05:30" level=info msg="Tool required for debug" tool="builtin:ctags@5.8-arduino11"
2025-10-27 16:22:58 2025-10-27T10:52:58.947Z daemon INFO time="2025-10-27T16:22:58+05:30" level=info msg="Tool required for debug" tool="builtin:dfu-discovery@0.1.2"
time="2025-10-27T16:22:58+05:30" level=info msg="Tool required for debug" tool="arduino:avrdude@6.3.0-arduino17"
2025-10-27 16:22:58 2025-10-27T10:52:58.951Z daemon INFO time="2025-10-27T16:22:58+05:30" level=info msg="Tool required for debug" tool="arduino:dfu-util@0.11.0-arduino5"
time="2025-10-27T16:22:58+05:30" level=info msg="Tool required for debug" tool="esp32:esp-rv32@2507"
time="2025-10-27T16:22:58+05:30" level=info msg="Tool required for debug" tool="esp32:esp-x32@2507"
time="2025-10-27T16:22:58+05:30" level=info msg="Tool required for debug" tool="esp32:esp32-arduino-libs@idf-release_v5.5-07e9bf49-v1"
time="2025-10-27T16:22:58+05:30" level=info msg="Tool required for debug" tool="esp32:esptool_py@5.1.0"
time="2025-10-27T16:22:58+05:30" level=info msg="Tool required for debug" tool="esp32:mklittlefs@4.0.2-db0513a"
2025-10-27 16:22:58 2025-10-27T10:52:58.952Z daemon INFO time="2025-10-27T16:22:58+05:30" level=info msg="Tool required for debug" tool="esp32:mkspiffs@0.2.3"
time="2025-10-27T16:22:58+05:30" level=info msg="Tool required for debug" tool="esp32:openocd-esp32@v0.12.0-esp32-20250707"
time="2025-10-27T16:22:58+05:30" level=info msg="Tool required for debug" tool="esp32:riscv32-esp-elf-gdb@16.3_20250913"
time="2025-10-27T16:22:58+05:30" level=info msg="Tool required for debug" tool="esp32:xtensa-esp-elf-gdb@16.3_20250913"
time="2025-10-27T16:22:58+05:30" level=info msg="Tool required for debug" tool="builtin:dfu-discovery@0.1.2"
time="2025-10-27T16:22:58+05:30" level=info msg="Tool required for debug" tool="builtin:serial-discovery@1.4.1"
time="2025-10-27T16:22:58+05:30" level=info msg="Tool required for debug" tool="builtin:serial-monitor@0.15.0"
time="2025-10-27T16:22:58+05:30" level=info msg="Tool required for debug" tool="builtin:mdns-discovery@1.0.9"
time="2025-10-27T16:22:58+05:30" level=info msg="Tool required for debug" tool="arduino:avr-gcc@7.3.0-atmel3.6.1-arduino7"
time="2025-10-27T16:22:58+05:30" level=info msg="Tool required for debug" tool="builtin:ctags@5.8-arduino11"
time="2025-10-27T16:22:58+05:30" level=info msg="Tool required for debug" tool="arduino:arduinoOTA@1.3.0"
time="2025-10-27T16:22:58+05:30" level=info msg="Tool required for debug" tool="arduino:avrdude@6.3.0-arduino17"
2025-10-27 16:22:58 2025-10-27T10:52:58.952Z root INFO [hosted-plugin: 19559] PLUGIN_HOST(19559): PluginManagerExtImpl/loadPlugin(/tmp/.mount_arduinQVVmG0/resources/app/plugins/vscode-arduino-tools/extension/dist/extension.js)
2025-10-27 16:22:58 2025-10-27T10:52:58.956Z daemon INFO time="2025-10-27T16:22:58+05:30" level=info msg="Tool required for debug" tool="arduino:dfu-util@0.11.0-arduino5"
time="2025-10-27T16:22:58+05:30" level=info msg="Tool required for debug" tool="esp32:esp-rv32@2507"
time="2025-10-27T16:22:58+05:30" level=info msg="Tool required for debug" tool="esp32:esp-x32@2507"
time="2025-10-27T16:22:58+05:30" level=info msg="Tool required for debug" tool="esp32:esp32-arduino-libs@idf-release_v5.5-07e9bf49-v1"
time="2025-10-27T16:22:58+05:30" level=info msg="Tool required for debug" tool="esp32:esptool_py@5.1.0"
time="2025-10-27T16:22:58+05:30" level=info msg="Tool required for debug" tool="esp32:mklittlefs@4.0.2-db0513a"
2025-10-27 16:22:58 2025-10-27T10:52:58.958Z daemon INFO time="2025-10-27T16:22:58+05:30" level=info msg="Tool required for debug" tool="esp32:mkspiffs@0.2.3"
time="2025-10-27T16:22:58+05:30" level=info msg="Tool required for debug" tool="esp32:openocd-esp32@v0.12.0-esp32-20250707"
time="2025-10-27T16:22:58+05:30" level=info msg="Tool required for debug" tool="esp32:riscv32-esp-elf-gdb@16.3_20250913"
time="2025-10-27T16:22:58+05:30" level=info msg="Tool required for debug" tool="esp32:xtensa-esp-elf-gdb@16.3_20250913"
time="2025-10-27T16:22:58+05:30" level=info msg="Tool required for debug" tool="builtin:mdns-discovery@1.0.9"
time="2025-10-27T16:22:58+05:30" level=info msg="Tool required for debug" tool="arduino:arduinoOTA@1.3.0"
time="2025-10-27T16:22:58+05:30" level=info msg="Tool required for debug" tool="builtin:ctags@5.8-arduino11"
time="2025-10-27T16:22:58+05:30" level=info msg="Tool required for debug" tool="builtin:dfu-discovery@0.1.2"
time="2025-10-27T16:22:58+05:30" level=info msg="Tool required for debug" tool="builtin:serial-discovery@1.4.1"
time="2025-10-27T16:22:58+05:30" level=info msg="Tool required for debug" tool="builtin:serial-monitor@0.15.0"
time="2025-10-27T16:22:58+05:30" level=info msg="Tool required for debug" tool="arduino:avrdude@6.3.0-arduino17"
time="2025-10-27T16:22:58+05:30" level=info msg="Tool required for debug" tool="arduino:avr-gcc@7.3.0-atmel3.6.1-arduino7"
2025-10-27 16:22:58 2025-10-27T10:52:58.971Z daemon INFO time="2025-10-27T16:22:58+05:30" level=info msg="Tool required for debug" tool="arduino:dfu-util@0.11.0-arduino5"
time="2025-10-27T16:22:58+05:30" level=info msg="Tool required for debug" tool="esp32:esp-rv32@2507"
time="2025-10-27T16:22:58+05:30" level=info msg="Tool required for debug" tool="esp32:esp-x32@2507"
time="2025-10-27T16:22:58+05:30" level=info msg="Tool required for debug" tool="esp32:esp32-arduino-libs@idf-release_v5.5-07e9bf49-v1"
time="2025-10-27T16:22:58+05:30" level=info msg="Tool required for debug" tool="esp32:esptool_py@5.1.0"
time="2025-10-27T16:22:58+05:30" level=info msg="Tool required for debug" tool="esp32:mklittlefs@4.0.2-db0513a"
time="2025-10-27T16:22:58+05:30" level=info msg="Tool required for debug" tool="esp32:mkspiffs@0.2.3"
time="2025-10-27T16:22:58+05:30" level=info msg="Tool required for debug" tool="esp32:openocd-esp32@v0.12.0-esp32-20250707"
time="2025-10-27T16:22:58+05:30" level=info msg="Tool required for debug" tool="esp32:riscv32-esp-elf-gdb@16.3_20250913"
time="2025-10-27T16:22:58+05:30" level=info msg="Tool required for debug" tool="esp32:xtensa-esp-elf-gdb@16.3_20250913"
time="2025-10-27T16:22:58+05:30" level=info msg="Tool required for debug" tool="builtin:serial-monitor@0.15.0"
time="2025-10-27T16:22:58+05:30" level=info msg="Tool required for debug" tool="builtin:mdns-discovery@1.0.9"
time="2025-10-27T16:22:58+05:30" level=info msg="Tool required for debug" tool="arduino:avr-gcc@7.3.0-atmel3.6.1-arduino7"
time="2025-10-27T16:22:58+05:30" level=info msg="Tool required for debug" tool="builtin:serial-discovery@1.4.1"
time="2025-10-27T16:22:58+05:30" level=info msg="Tool required for debug" tool="builtin:ctags@5.8-arduino11"
time="2025-10-27T16:22:58+05:30" level=info msg="Tool required for debug" tool="builtin:dfu-discovery@0.1.2"
time="2025-10-27T16:22:58+05:30" level=info msg="Tool required for debug" tool="arduino:arduinoOTA@1.3.0"
time="2025-10-27T16:22:58+05:30" level=info msg="Tool required for debug" tool="arduino:avrdude@6.3.0-arduino17"
time="2025-10-27T16:22:58+05:30" level=info msg="Tool required for debug" tool="arduino:dfu-util@0.11.0-arduino5"
time="2025-10-27T16:22:58+05:30" level=info msg="Tool required for debug" tool="esp32:esp-rv32@2507"
time="2025-10-27T16:22:58+05:30" level=info msg="Tool required for debug" tool="esp32:esp-x32@2507"
time="2025-10-27T16:22:58+05:30" level=info msg="Tool required for debug" tool="esp32:esp32-arduino-libs@idf-release_v5.5-07e9bf49-v1"
time="2025-10-27T16:22:58+05:30" level=info msg="Tool required for debug" tool="esp32:esptool_py@5.1.0"
time="2025-10-27T16:22:58+05:30" level=info msg="Tool required for debug" tool="esp32:mklittlefs@4.0.2-db0513a"
time="2025-10-27T16:22:58+05:30" level=info msg="Tool required for debug" tool="esp32:mkspiffs@0.2.3"
time="2025-10-27T16:22:58+05:30" level=info msg="Tool required for debug" tool="esp32:openocd-esp32@v0.12.0-esp32-20250707"
time="2025-10-27T16:22:58+05:30" level=info msg="Tool required for debug" tool="esp32:riscv32-esp-elf-gdb@16.3_20250913"
time="2025-10-27T16:22:58+05:30" level=info msg="Tool required for debug" tool="esp32:xtensa-esp-elf-gdb@16.3_20250913"
time="2025-10-27T16:22:58+05:30" level=info msg="Tool required for debug" tool="arduino:avrdude@6.3.0-arduino17"
time="2025-10-27T16:22:58+05:30" level=info msg="Tool required for debug" tool="arduino:arduinoOTA@1.3.0"
time="2025-10-27T16:22:58+05:30" level=info msg="Tool required for debug" tool="arduino:avr-gcc@7.3.0-atmel3.6.1-arduino7"
time="2025-10-27T16:22:58+05:30" level=info msg="Tool required for debug" tool="builtin:mdns-discovery@1.0.9"
time="2025-10-27T16:22:58+05:30" level=info msg="Tool required for debug" tool="builtin:serial-monitor@0.15.0"
time="2025-10-27T16:22:58+05:30" level=info msg="Tool required for debug" tool="builtin:serial-discovery@1.4.1"
time="2025-10-27T16:22:58+05:30" level=info msg="Tool required for debug" tool="builtin:ctags@5.8-arduino11"
time="2025-10-27T16:22:58+05:30" level=info msg="Tool required for debug" tool="builtin:dfu-discovery@0.1.2"
2025-10-27 16:22:58 2025-10-27T10:52:58.976Z daemon INFO time="2025-10-27T16:22:58+05:30" level=info msg="Tool required for debug" tool="arduino:dfu-util@0.11.0-arduino5"
time="2025-10-27T16:22:58+05:30" level=info msg="Tool required for debug" tool="esp32:esp-rv32@2507"
time="2025-10-27T16:22:58+05:30" level=info msg="Tool required for debug" tool="esp32:esp-x32@2507"
time="2025-10-27T16:22:58+05:30" level=info msg="Tool required for debug" tool="esp32:esp32-arduino-libs@idf-release_v5.5-07e9bf49-v1"
time="2025-10-27T16:22:58+05:30" level=info msg="Tool required for debug" tool="esp32:esptool_py@5.1.0"
time="2025-10-27T16:22:58+05:30" level=info msg="Tool required for debug" tool="esp32:mklittlefs@4.0.2-db0513a"
time="2025-10-27T16:22:58+05:30" level=info msg="Tool required for debug" tool="esp32:mkspiffs@0.2.3"
time="2025-10-27T16:22:58+05:30" level=info msg="Tool required for debug" tool="esp32:openocd-esp32@v0.12.0-esp32-20250707"
time="2025-10-27T16:22:58+05:30" level=info msg="Tool required for debug" tool="esp32:riscv32-esp-elf-gdb@16.3_20250913"
2025-10-27 16:22:58 2025-10-27T10:52:58.977Z daemon INFO time="2025-10-27T16:22:58+05:30" level=info msg="Tool required for debug" tool="esp32:xtensa-esp-elf-gdb@16.3_20250913"
time="2025-10-27T16:22:58+05:30" level=info msg="Tool required for debug" tool="arduino:avrdude@6.3.0-arduino17"
time="2025-10-27T16:22:58+05:30" level=info msg="Tool required for debug" tool="builtin:ctags@5.8-arduino11"
time="2025-10-27T16:22:58+05:30" level=info msg="Tool required for debug" tool="arduino:avr-gcc@7.3.0-atmel3.6.1-arduino7"
time="2025-10-27T16:22:58+05:30" level=info msg="Tool required for debug" tool="builtin:serial-discovery@1.4.1"
time="2025-10-27T16:22:58+05:30" level=info msg="Tool required for debug" tool="builtin:serial-monitor@0.15.0"
time="2025-10-27T16:22:58+05:30" level=info msg="Tool required for debug" tool="arduino:arduinoOTA@1.3.0"
time="2025-10-27T16:22:58+05:30" level=info msg="Tool required for debug" tool="builtin:mdns-discovery@1.0.9"
time="2025-10-27T16:22:58+05:30" level=info msg="Tool required for debug" tool="builtin:dfu-discovery@0.1.2"
2025-10-27 16:22:58 2025-10-27T10:52:58.982Z daemon INFO time="2025-10-27T16:22:58+05:30" level=info msg="Tool required for debug" tool="arduino:dfu-util@0.11.0-arduino5"
2025-10-27 16:22:58 2025-10-27T10:52:58.983Z daemon INFO time="2025-10-27T16:22:58+05:30" level=info msg="Tool required for debug" tool="esp32:esp-rv32@2507"
time="2025-10-27T16:22:58+05:30" level=info msg="Tool required for debug" tool="esp32:esp-x32@2507"
time="2025-10-27T16:22:58+05:30" level=info msg="Tool required for debug" tool="esp32:esp32-arduino-libs@idf-release_v5.5-07e9bf49-v1"
time="2025-10-27T16:22:58+05:30" level=info msg="Tool required for debug" tool="esp32:esptool_py@5.1.0"
time="2025-10-27T16:22:58+05:30" level=info msg="Tool required for debug" tool="esp32:mklittlefs@4.0.2-db0513a"
time="2025-10-27T16:22:58+05:30" level=info msg="Tool required for debug" tool="esp32:mkspiffs@0.2.3"
time="2025-10-27T16:22:58+05:30" level=info msg="Tool required for debug" tool="esp32:openocd-esp32@v0.12.0-esp32-20250707"
time="2025-10-27T16:22:58+05:30" level=info msg="Tool required for debug" tool="esp32:riscv32-esp-elf-gdb@16.3_20250913"
time="2025-10-27T16:22:58+05:30" level=info msg="Tool required for debug" tool="esp32:xtensa-esp-elf-gdb@16.3_20250913"
time="2025-10-27T16:22:58+05:30" level=info msg="Tool required for debug" tool="arduino:arduinoOTA@1.3.0"
time="2025-10-27T16:22:58+05:30" level=info msg="Tool required for debug" tool="builtin:serial-discovery@1.4.1"
time="2025-10-27T16:22:58+05:30" level=info msg="Tool required for debug" tool="builtin:serial-monitor@0.15.0"
time="2025-10-27T16:22:58+05:30" level=info msg="Tool required for debug" tool="arduino:avrdude@6.3.0-arduino17"
time="2025-10-27T16:22:58+05:30" level=info msg="Tool required for debug" tool="arduino:avr-gcc@7.3.0-atmel3.6.1-arduino7"
time="2025-10-27T16:22:58+05:30" level=info msg="Tool required for debug" tool="builtin:ctags@5.8-arduino11"
time="2025-10-27T16:22:58+05:30" level=info msg="Tool required for debug" tool="builtin:dfu-discovery@0.1.2"
time="2025-10-27T16:22:58+05:30" level=info msg="Tool required for debug" tool="builtin:mdns-discovery@1.0.9"
2025-10-27 16:22:59 2025-10-27T10:52:59.000Z root INFO [hosted-plugin: 19559] calling activation function on VS Code Arduino Tools
2025-10-27 16:22:59 2025-10-27T10:52:59.290Z daemon INFO time="2025-10-27T16:22:59+05:30" level=info msg="Adding libraries dir" dir=/home/kamal/.arduino15/libraries isSingleLibrary=false location=ide
time="2025-10-27T16:22:59+05:30" level=info msg="Adding libraries dir" dir=/home/kamal/.arduino15/packages/esp32/hardware/esp32/3.3.2/libraries isSingleLibrary=false location=platform
time="2025-10-27T16:22:59+05:30" level=info msg="Adding libraries dir" dir=/home/kamal/Arduino/libraries isSingleLibrary=false location=user
2025-10-27 16:23:01 2025-10-27T10:53:01.830Z daemon INFO time="2025-10-27T16:23:01+05:30" level=info msg="Adding libraries dir" dir=/home/kamal/.arduino15/libraries isSingleLibrary=false location=ide
time="2025-10-27T16:23:01+05:30" level=info msg="Adding libraries dir" dir=/home/kamal/.arduino15/packages/esp32/hardware/esp32/3.3.2/libraries isSingleLibrary=false location=platform
time="2025-10-27T16:23:01+05:30" level=info msg="Adding libraries dir" dir=/home/kamal/Arduino/libraries isSingleLibrary=false location=user
2025-10-27 16:23:03 2025-10-27T10:53:03.838Z daemon INFO time="2025-10-27T16:23:03+05:30" level=info msg="Adding libraries dir" dir=/home/kamal/.arduino15/libraries isSingleLibrary=false location=ide
time="2025-10-27T16:23:03+05:30" level=info msg="Adding libraries dir" dir=/home/kamal/.arduino15/packages/esp32/hardware/esp32/3.3.2/libraries isSingleLibrary=false location=platform
time="2025-10-27T16:23:03+05:30" level=info msg="Adding libraries dir" dir=/home/kamal/Arduino/libraries isSingleLibrary=false location=user
2025-10-27 16:23:14 2025-10-27T10:53:14.179Z root INFO Executing 'arduino.languageserver.notifyBuildDidComplete' with "file:///home/kamal/.cache/arduino/sketches/8375198618DC8069A0CF7438FEEC5EDC"
2025-10-27 16:23:14 2025-10-27T10:53:14.185Z daemon INFO time="2025-10-27T16:23:14+05:30" level=error msg="Upload port detection failed, watcher closed" task=port_detection
2025-10-27 16:23:14 2025-10-27T10:53:14.282Z daemon INFO time="2025-10-27T16:23:14+05:30" level=info msg="Tool required for debug" tool="arduino:dfu-util@0.11.0-arduino5"
time="2025-10-27T16:23:14+05:30" level=info msg="Tool required for debug" tool="esp32:esp-rv32@2507"
time="2025-10-27T16:23:14+05:30" level=info msg="Tool required for debug" tool="esp32:esp-x32@2507"
time="2025-10-27T16:23:14+05:30" level=info msg="Tool required for debug" tool="esp32:esp32-arduino-libs@idf-release_v5.5-07e9bf49-v1"
time="2025-10-27T16:23:14+05:30" level=info msg="Tool required for debug" tool="esp32:esptool_py@5.1.0"
2025-10-27 16:23:14 2025-10-27T10:53:14.282Z daemon INFO time="2025-10-27T16:23:14+05:30" level=info msg="Tool required for debug" tool="esp32:mklittlefs@4.0.2-db0513a"
time="2025-10-27T16:23:14+05:30" level=info msg="Tool required for debug" tool="esp32:mkspiffs@0.2.3"
time="2025-10-27T16:23:14+05:30" level=info msg="Tool required for debug" tool="esp32:openocd-esp32@v0.12.0-esp32-20250707"
time="2025-10-27T16:23:14+05:30" level=info msg="Tool required for debug" tool="esp32:riscv32-esp-elf-gdb@16.3_20250913"
time="2025-10-27T16:23:14+05:30" level=info msg="Tool required for debug" tool="esp32:xtensa-esp-elf-gdb@16.3_20250913"
time="2025-10-27T16:23:14+05:30" level=info msg="Tool required for debug" tool="builtin:dfu-discovery@0.1.2"
time="2025-10-27T16:23:14+05:30" level=info msg="Tool required for debug" tool="builtin:serial-discovery@1.4.1"
time="2025-10-27T16:23:14+05:30" level=info msg="Tool required for debug" tool="builtin:serial-monitor@0.15.0"
time="2025-10-27T16:23:14+05:30" level=info msg="Tool required for debug" tool="arduino:avrdude@6.3.0-arduino17"
time="2025-10-27T16:23:14+05:30" level=info msg="Tool required for debug" tool="arduino:avr-gcc@7.3.0-atmel3.6.1-arduino7"
time="2025-10-27T16:23:14+05:30" level=info msg="Tool required for debug" tool="builtin:mdns-discovery@1.0.9"
time="2025-10-27T16:23:14+05:30" level=info msg="Tool required for debug" tool="builtin:ctags@5.8-arduino11"
2025-10-27 16:23:14 2025-10-27T10:53:14.282Z daemon INFO time="2025-10-27T16:23:14+05:30" level=info msg="Tool required for debug" tool="arduino:arduinoOTA@1.3.0"
2025-10-27 16:23:14 2025-10-27T10:53:14.285Z daemon INFO time="2025-10-27T16:23:14+05:30" level=info msg="Tool required for debug" tool="arduino:dfu-util@0.11.0-arduino5"
time="2025-10-27T16:23:14+05:30" level=info msg="Tool required for debug" tool="esp32:esp-rv32@2507"
time="2025-10-27T16:23:14+05:30" level=info msg="Tool required for debug" tool="esp32:esp-x32@2507"
time="2025-10-27T16:23:14+05:30" level=info msg="Tool required for debug" tool="esp32:esp32-arduino-libs@idf-release_v5.5-07e9bf49-v1"
time="2025-10-27T16:23:14+05:30" level=info msg="Tool required for debug" tool="esp32:esptool_py@5.1.0"
time="2025-10-27T16:23:14+05:30" level=info msg="Tool required for debug" tool="esp32:mklittlefs@4.0.2-db0513a"
time="2025-10-27T16:23:14+05:30" level=info msg="Tool required for debug" tool="esp32:mkspiffs@0.2.3"
2025-10-27 16:23:14 2025-10-27T10:53:14.285Z daemon INFO time="2025-10-27T16:23:14+05:30" level=info msg="Tool required for debug" tool="esp32:openocd-esp32@v0.12.0-esp32-20250707"
time="2025-10-27T16:23:14+05:30" level=info msg="Tool required for debug" tool="esp32:riscv32-esp-elf-gdb@16.3_20250913"
time="2025-10-27T16:23:14+05:30" level=info msg="Tool required for debug" tool="esp32:xtensa-esp-elf-gdb@16.3_20250913"
time="2025-10-27T16:23:14+05:30" level=info msg="Tool required for debug" tool="builtin:serial-monitor@0.15.0"
time="2025-10-27T16:23:14+05:30" level=info msg="Tool required for debug" tool="arduino:arduinoOTA@1.3.0"
time="2025-10-27T16:23:14+05:30" level=info msg="Tool required for debug" tool="builtin:mdns-discovery@1.0.9"
time="2025-10-27T16:23:14+05:30" level=info msg="Tool required for debug" tool="arduino:avrdude@6.3.0-arduino17"
time="2025-10-27T16:23:14+05:30" level=info msg="Tool required for debug" tool="arduino:avr-gcc@7.3.0-atmel3.6.1-arduino7"
time="2025-10-27T16:23:14+05:30" level=info msg="Tool required for debug" tool="builtin:serial-discovery@1.4.1"
time="2025-10-27T16:23:14+05:30" level=info msg="Tool required for debug" tool="builtin:ctags@5.8-arduino11"
time="2025-10-27T16:23:14+05:30" level=info msg="Tool required for debug" tool="builtin:dfu-discovery@0.1.2"
2025-10-27 16:23:14 2025-10-27T10:53:14.288Z daemon INFO time="2025-10-27T16:23:14+05:30" level=info msg="Tool required for debug" tool="arduino:dfu-util@0.11.0-arduino5"
time="2025-10-27T16:23:14+05:30" level=info msg="Tool required for debug" tool="esp32:esp-rv32@2507"
time="2025-10-27T16:23:14+05:30" level=info msg="Tool required for debug" tool="esp32:esp-x32@2507"
time="2025-10-27T16:23:14+05:30" level=info msg="Tool required for debug" tool="esp32:esp32-arduino-libs@idf-release_v5.5-07e9bf49-v1"
time="2025-10-27T16:23:14+05:30" level=info msg="Tool required for debug" tool="esp32:esptool_py@5.1.0"
time="2025-10-27T16:23:14+05:30" level=info msg="Tool required for debug" tool="esp32:mklittlefs@4.0.2-db0513a"
time="2025-10-27T16:23:14+05:30" level=info msg="Tool required for debug" tool="esp32:mkspiffs@0.2.3"
2025-10-27 16:23:14 2025-10-27T10:53:14.288Z daemon INFO time="2025-10-27T16:23:14+05:30" level=info msg="Tool required for debug" tool="esp32:openocd-esp32@v0.12.0-esp32-20250707"
time="2025-10-27T16:23:14+05:30" level=info msg="Tool required for debug" tool="esp32:riscv32-esp-elf-gdb@16.3_20250913"
time="2025-10-27T16:23:14+05:30" level=info msg="Tool required for debug" tool="esp32:xtensa-esp-elf-gdb@16.3_20250913"
time="2025-10-27T16:23:14+05:30" level=info msg="Tool required for debug" tool="arduino:arduinoOTA@1.3.0"
time="2025-10-27T16:23:14+05:30" level=info msg="Tool required for debug" tool="builtin:dfu-discovery@0.1.2"
time="2025-10-27T16:23:14+05:30" level=info msg="Tool required for debug" tool="builtin:ctags@5.8-arduino11"
time="2025-10-27T16:23:14+05:30" level=info msg="Tool required for debug" tool="builtin:serial-monitor@0.15.0"
time="2025-10-27T16:23:14+05:30" level=info msg="Tool required for debug" tool="arduino:avrdude@6.3.0-arduino17"
time="2025-10-27T16:23:14+05:30" level=info msg="Tool required for debug" tool="arduino:avr-gcc@7.3.0-atmel3.6.1-arduino7"
time="2025-10-27T16:23:14+05:30" level=info msg="Tool required for debug" tool="builtin:mdns-discovery@1.0.9"
time="2025-10-27T16:23:14+05:30" level=info msg="Tool required for debug" tool="builtin:serial-discovery@1.4.1"
2025-10-27 16:23:14 2025-10-27T10:53:14.291Z daemon INFO time="2025-10-27T16:23:14+05:30" level=info msg="Tool required for debug" tool="arduino:dfu-util@0.11.0-arduino5"
time="2025-10-27T16:23:14+05:30" level=info msg="Tool required for debug" tool="esp32:esp-rv32@2507"
time="2025-10-27T16:23:14+05:30" level=info msg="Tool required for debug" tool="esp32:esp-x32@2507"
time="2025-10-27T16:23:14+05:30" level=info msg="Tool required for debug" tool="esp32:esp32-arduino-libs@idf-release_v5.5-07e9bf49-v1"
time="2025-10-27T16:23:14+05:30" level=info msg="Tool required for debug" tool="esp32:esptool_py@5.1.0"
time="2025-10-27T16:23:14+05:30" level=info msg="Tool required for debug" tool="esp32:mklittlefs@4.0.2-db0513a"
time="2025-10-27T16:23:14+05:30" level=info msg="Tool required for debug" tool="esp32:mkspiffs@0.2.3"
2025-10-27 16:23:14 2025-10-27T10:53:14.291Z daemon INFO time="2025-10-27T16:23:14+05:30" level=info msg="Tool required for debug" tool="esp32:openocd-esp32@v0.12.0-esp32-20250707"
time="2025-10-27T16:23:14+05:30" level=info msg="Tool required for debug" tool="esp32:riscv32-esp-elf-gdb@16.3_20250913"
time="2025-10-27T16:23:14+05:30" level=info msg="Tool required for debug" tool="esp32:xtensa-esp-elf-gdb@16.3_20250913"
time="2025-10-27T16:23:14+05:30" level=info msg="Tool required for debug" tool="builtin:dfu-discovery@0.1.2"
time="2025-10-27T16:23:14+05:30" level=info msg="Tool required for debug" tool="arduino:arduinoOTA@1.3.0"
time="2025-10-27T16:23:14+05:30" level=info msg="Tool required for debug" tool="arduino:avrdude@6.3.0-arduino17"
time="2025-10-27T16:23:14+05:30" level=info msg="Tool required for debug" tool="builtin:mdns-discovery@1.0.9"
time="2025-10-27T16:23:14+05:30" level=info msg="Tool required for debug" tool="builtin:serial-discovery@1.4.1"
time="2025-10-27T16:23:14+05:30" level=info msg="Tool required for debug" tool="arduino:avr-gcc@7.3.0-atmel3.6.1-arduino7"
time="2025-10-27T16:23:14+05:30" level=info msg="Tool required for debug" tool="builtin:ctags@5.8-arduino11"
time="2025-10-27T16:23:14+05:30" level=info msg="Tool required for debug" tool="builtin:serial-monitor@0.15.0"
2025-10-27 16:23:14 2025-10-27T10:53:14.294Z daemon INFO time="2025-10-27T16:23:14+05:30" level=info msg="Tool required for debug" tool="arduino:dfu-util@0.11.0-arduino5"
time="2025-10-27T16:23:14+05:30" level=info msg="Tool required for debug" tool="esp32:esp-rv32@2507"
time="2025-10-27T16:23:14+05:30" level=info msg="Tool required for debug" tool="esp32:esp-x32@2507"
time="2025-10-27T16:23:14+05:30" level=info msg="Tool required for debug" tool="esp32:esp32-arduino-libs@idf-release_v5.5-07e9bf49-v1"
time="2025-10-27T16:23:14+05:30" level=info msg="Tool required for debug" tool="esp32:esptool_py@5.1.0"
2025-10-27 16:23:14 2025-10-27T10:53:14.294Z daemon INFO time="2025-10-27T16:23:14+05:30" level=info msg="Tool required for debug" tool="esp32:mklittlefs@4.0.2-db0513a"
time="2025-10-27T16:23:14+05:30" level=info msg="Tool required for debug" tool="esp32:mkspiffs@0.2.3"
time="2025-10-27T16:23:14+05:30" level=info msg="Tool required for debug" tool="esp32:openocd-esp32@v0.12.0-esp32-20250707"
time="2025-10-27T16:23:14+05:30" level=info msg="Tool required for debug" tool="esp32:riscv32-esp-elf-gdb@16.3_20250913"
time="2025-10-27T16:23:14+05:30" level=info msg="Tool required for debug" tool="esp32:xtensa-esp-elf-gdb@16.3_20250913"
time="2025-10-27T16:23:14+05:30" level=info msg="Tool required for debug" tool="arduino:avrdude@6.3.0-arduino17"
time="2025-10-27T16:23:14+05:30" level=info msg="Tool required for debug" tool="builtin:mdns-discovery@1.0.9"
time="2025-10-27T16:23:14+05:30" level=info msg="Tool required for debug" tool="arduino:avr-gcc@7.3.0-atmel3.6.1-arduino7"
time="2025-10-27T16:23:14+05:30" level=info msg="Tool required for debug" tool="builtin:ctags@5.8-arduino11"
time="2025-10-27T16:23:14+05:30" level=info msg="Tool required for debug" tool="builtin:dfu-discovery@0.1.2"
2025-10-27 16:23:14 2025-10-27T10:53:14.294Z daemon INFO time="2025-10-27T16:23:14+05:30" level=info msg="Tool required for debug" tool="arduino:arduinoOTA@1.3.0"
time="2025-10-27T16:23:14+05:30" level=info msg="Tool required for debug" tool="builtin:serial-discovery@1.4.1"
time="2025-10-27T16:23:14+05:30" level=info msg="Tool required for debug" tool="builtin:serial-monitor@0.15.0"
2025-10-27 16:23:14 2025-10-27T10:53:14.296Z daemon INFO time="2025-10-27T16:23:14+05:30" level=info msg="Tool required for debug" tool="arduino:dfu-util@0.11.0-arduino5"
time="2025-10-27T16:23:14+05:30" level=info msg="Tool required for debug" tool="esp32:esp-rv32@2507"
time="2025-10-27T16:23:14+05:30" level=info msg="Tool required for debug" tool="esp32:esp-x32@2507"
time="2025-10-27T16:23:14+05:30" level=info msg="Tool required for debug" tool="esp32:esp32-arduino-libs@idf-release_v5.5-07e9bf49-v1"
time="2025-10-27T16:23:14+05:30" level=info msg="Tool required for debug" tool="esp32:esptool_py@5.1.0"
time="2025-10-27T16:23:14+05:30" level=info msg="Tool required for debug" tool="esp32:mklittlefs@4.0.2-db0513a"
2025-10-27 16:23:14 2025-10-27T10:53:14.296Z daemon INFO time="2025-10-27T16:23:14+05:30" level=info msg="Tool required for debug" tool="esp32:mkspiffs@0.2.3"
time="2025-10-27T16:23:14+05:30" level=info msg="Tool required for debug" tool="esp32:openocd-esp32@v0.12.0-esp32-20250707"
time="2025-10-27T16:23:14+05:30" level=info msg="Tool required for debug" tool="esp32:riscv32-esp-elf-gdb@16.3_20250913"
time="2025-10-27T16:23:14+05:30" level=info msg="Tool required for debug" tool="esp32:xtensa-esp-elf-gdb@16.3_20250913"
time="2025-10-27T16:23:14+05:30" level=info msg="Tool required for debug" tool="builtin:dfu-discovery@0.1.2"
time="2025-10-27T16:23:14+05:30" level=info msg="Tool required for debug" tool="arduino:avrdude@6.3.0-arduino17"
time="2025-10-27T16:23:14+05:30" level=info msg="Tool required for debug" tool="arduino:avr-gcc@7.3.0-atmel3.6.1-arduino7"
time="2025-10-27T16:23:14+05:30" level=info msg="Tool required for debug" tool="arduino:arduinoOTA@1.3.0"
time="2025-10-27T16:23:14+05:30" level=info msg="Tool required for debug" tool="builtin:ctags@5.8-arduino11"
time="2025-10-27T16:23:14+05:30" level=info msg="Tool required for debug" tool="builtin:serial-discovery@1.4.1"
2025-10-27 16:23:14 2025-10-27T10:53:14.296Z daemon INFO time="2025-10-27T16:23:14+05:30" level=info msg="Tool required for debug" tool="builtin:mdns-discovery@1.0.9"
time="2025-10-27T16:23:14+05:30" level=info msg="Tool required for debug" tool="builtin:serial-monitor@0.15.0"
2025-10-27 16:23:14 2025-10-27T10:53:14.299Z daemon INFO time="2025-10-27T16:23:14+05:30" level=info msg="Tool required for debug" tool="arduino:dfu-util@0.11.0-arduino5"
time="2025-10-27T16:23:14+05:30" level=info msg="Tool required for debug" tool="esp32:esp-rv32@2507"
time="2025-10-27T16:23:14+05:30" level=info msg="Tool required for debug" tool="esp32:esp-x32@2507"
time="2025-10-27T16:23:14+05:30" level=info msg="Tool required for debug" tool="esp32:esp32-arduino-libs@idf-release_v5.5-07e9bf49-v1"
time="2025-10-27T16:23:14+05:30" level=info msg="Tool required for debug" tool="esp32:esptool_py@5.1.0"
2025-10-27 16:23:14 2025-10-27T10:53:14.299Z daemon INFO time="2025-10-27T16:23:14+05:30" level=info msg="Tool required for debug" tool="esp32:mklittlefs@4.0.2-db0513a"
time="2025-10-27T16:23:14+05:30" level=info msg="Tool required for debug" tool="esp32:mkspiffs@0.2.3"
time="2025-10-27T16:23:14+05:30" level=info msg="Tool required for debug" tool="esp32:openocd-esp32@v0.12.0-esp32-20250707"
time="2025-10-27T16:23:14+05:30" level=info msg="Tool required for debug" tool="esp32:riscv32-esp-elf-gdb@16.3_20250913"
time="2025-10-27T16:23:14+05:30" level=info msg="Tool required for debug" tool="esp32:xtensa-esp-elf-gdb@16.3_20250913"
time="2025-10-27T16:23:14+05:30" level=info msg="Tool required for debug" tool="builtin:serial-discovery@1.4.1"
time="2025-10-27T16:23:14+05:30" level=info msg="Tool required for debug" tool="builtin:ctags@5.8-arduino11"
time="2025-10-27T16:23:14+05:30" level=info msg="Tool required for debug" tool="arduino:avr-gcc@7.3.0-atmel3.6.1-arduino7"
time="2025-10-27T16:23:14+05:30" level=info msg="Tool required for debug" tool="arduino:avrdude@6.3.0-arduino17"
2025-10-27 16:23:14 2025-10-27T10:53:14.299Z daemon INFO time="2025-10-27T16:23:14+05:30" level=info msg="Tool required for debug" tool="arduino:arduinoOTA@1.3.0"
time="2025-10-27T16:23:14+05:30" level=info msg="Tool required for debug" tool="builtin:dfu-discovery@0.1.2"
time="2025-10-27T16:23:14+05:30" level=info msg="Tool required for debug" tool="builtin:mdns-discovery@1.0.9"
time="2025-10-27T16:23:14+05:30" level=info msg="Tool required for debug" tool="builtin:serial-monitor@0.15.0"
2025-10-27 16:23:14 2025-10-27T10:53:14.301Z daemon INFO time="2025-10-27T16:23:14+05:30" level=info msg="Tool required for debug" tool="arduino:dfu-util@0.11.0-arduino5"
time="2025-10-27T16:23:14+05:30" level=info msg="Tool required for debug" tool="esp32:esp-rv32@2507"
time="2025-10-27T16:23:14+05:30" level=info msg="Tool required for debug" tool="esp32:esp-x32@2507"
time="2025-10-27T16:23:14+05:30" level=info msg="Tool required for debug" tool="esp32:esp32-arduino-libs@idf-release_v5.5-07e9bf49-v1"
time="2025-10-27T16:23:14+05:30" level=info msg="Tool required for debug" tool="esp32:esptool_py@5.1.0"
time="2025-10-27T16:23:14+05:30" level=info msg="Tool required for debug" tool="esp32:mklittlefs@4.0.2-db0513a"
2025-10-27 16:23:14 2025-10-27T10:53:14.301Z daemon INFO time="2025-10-27T16:23:14+05:30" level=info msg="Tool required for debug" tool="esp32:mkspiffs@0.2.3"
time="2025-10-27T16:23:14+05:30" level=info msg="Tool required for debug" tool="esp32:openocd-esp32@v0.12.0-esp32-20250707"
time="2025-10-27T16:23:14+05:30" level=info msg="Tool required for debug" tool="esp32:riscv32-esp-elf-gdb@16.3_20250913"
time="2025-10-27T16:23:14+05:30" level=info msg="Tool required for debug" tool="esp32:xtensa-esp-elf-gdb@16.3_20250913"
time="2025-10-27T16:23:14+05:30" level=info msg="Tool required for debug" tool="arduino:avrdude@6.3.0-arduino17"
time="2025-10-27T16:23:14+05:30" level=info msg="Tool required for debug" tool="builtin:dfu-discovery@0.1.2"
time="2025-10-27T16:23:14+05:30" level=info msg="Tool required for debug" tool="builtin:ctags@5.8-arduino11"
time="2025-10-27T16:23:14+05:30" level=info msg="Tool required for debug" tool="arduino:avr-gcc@7.3.0-atmel3.6.1-arduino7"
time="2025-10-27T16:23:14+05:30" level=info msg="Tool required for debug" tool="builtin:serial-discovery@1.4.1"
time="2025-10-27T16:23:14+05:30" level=info msg="Tool required for debug" tool="builtin:serial-monitor@0.15.0"
time="2025-10-27T16:23:14+05:30" level=info msg="Tool required for debug" tool="arduino:arduinoOTA@1.3.0"
time="2025-10-27T16:23:14+05:30" level=info msg="Tool required for debug" tool="builtin:mdns-discovery@1.0.9"
2025-10-27 16:23:14 2025-10-27T10:53:14.305Z daemon INFO time="2025-10-27T16:23:14+05:30" level=info msg="Tool required for debug" tool="arduino:dfu-util@0.11.0-arduino5"
time="2025-10-27T16:23:14+05:30" level=info msg="Tool required for debug" tool="esp32:esp-rv32@2507"
time="2025-10-27T16:23:14+05:30" level=info msg="Tool required for debug" tool="esp32:esp-x32@2507"
time="2025-10-27T16:23:14+05:30" level=info msg="Tool required for debug" tool="esp32:esp32-arduino-libs@idf-release_v5.5-07e9bf49-v1"
time="2025-10-27T16:23:14+05:30" level=info msg="Tool required for debug" tool="esp32:esptool_py@5.1.0"
time="2025-10-27T16:23:14+05:30" level=info msg="Tool required for debug" tool="esp32:mklittlefs@4.0.2-db0513a"
time="2025-10-27T16:23:14+05:30" level=info msg="Tool required for debug" tool="esp32:mkspiffs@0.2.3"
2025-10-27 16:23:14 2025-10-27T10:53:14.305Z daemon INFO time="2025-10-27T16:23:14+05:30" level=info msg="Tool required for debug" tool="esp32:openocd-esp32@v0.12.0-esp32-20250707"
time="2025-10-27T16:23:14+05:30" level=info msg="Tool required for debug" tool="esp32:riscv32-esp-elf-gdb@16.3_20250913"
time="2025-10-27T16:23:14+05:30" level=info msg="Tool required for debug" tool="esp32:xtensa-esp-elf-gdb@16.3_20250913"
time="2025-10-27T16:23:14+05:30" level=info msg="Tool required for debug" tool="builtin:ctags@5.8-arduino11"
time="2025-10-27T16:23:14+05:30" level=info msg="Tool required for debug" tool="builtin:dfu-discovery@0.1.2"
time="2025-10-27T16:23:14+05:30" level=info msg="Tool required for debug" tool="builtin:mdns-discovery@1.0.9"
time="2025-10-27T16:23:14+05:30" level=info msg="Tool required for debug" tool="builtin:serial-discovery@1.4.1"
time="2025-10-27T16:23:14+05:30" level=info msg="Tool required for debug" tool="arduino:avrdude@6.3.0-arduino17"
time="2025-10-27T16:23:14+05:30" level=info msg="Tool required for debug" tool="arduino:avr-gcc@7.3.0-atmel3.6.1-arduino7"
time="2025-10-27T16:23:14+05:30" level=info msg="Tool required for debug" tool="arduino:arduinoOTA@1.3.0"
time="2025-10-27T16:23:14+05:30" level=info msg="Tool required for debug" tool="builtin:serial-monitor@0.15.0"
2025-10-27 16:23:14 2025-10-27T10:53:14.307Z daemon INFO time="2025-10-27T16:23:14+05:30" level=info msg="Tool required for debug" tool="arduino:dfu-util@0.11.0-arduino5"
time="2025-10-27T16:23:14+05:30" level=info msg="Tool required for debug" tool="esp32:esp-rv32@2507"
time="2025-10-27T16:23:14+05:30" level=info msg="Tool required for debug" tool="esp32:esp-x32@2507"
time="2025-10-27T16:23:14+05:30" level=info msg="Tool required for debug" tool="esp32:esp32-arduino-libs@idf-release_v5.5-07e9bf49-v1"
time="2025-10-27T16:23:14+05:30" level=info msg="Tool required for debug" tool="esp32:esptool_py@5.1.0"
time="2025-10-27T16:23:14+05:30" level=info msg="Tool required for debug" tool="esp32:mklittlefs@4.0.2-db0513a"
2025-10-27 16:23:14 2025-10-27T10:53:14.307Z daemon INFO time="2025-10-27T16:23:14+05:30" level=info msg="Tool required for debug" tool="esp32:mkspiffs@0.2.3"
time="2025-10-27T16:23:14+05:30" level=info msg="Tool required for debug" tool="esp32:openocd-esp32@v0.12.0-esp32-20250707"
time="2025-10-27T16:23:14+05:30" level=info msg="Tool required for debug" tool="esp32:riscv32-esp-elf-gdb@16.3_20250913"
time="2025-10-27T16:23:14+05:30" level=info msg="Tool required for debug" tool="esp32:xtensa-esp-elf-gdb@16.3_20250913"
time="2025-10-27T16:23:14+05:30" level=info msg="Tool required for debug" tool="arduino:avr-gcc@7.3.0-atmel3.6.1-arduino7"
time="2025-10-27T16:23:14+05:30" level=info msg="Tool required for debug" tool="builtin:ctags@5.8-arduino11"
time="2025-10-27T16:23:14+05:30" level=info msg="Tool required for debug" tool="arduino:avrdude@6.3.0-arduino17"
time="2025-10-27T16:23:14+05:30" level=info msg="Tool required for debug" tool="builtin:dfu-discovery@0.1.2"
time="2025-10-27T16:23:14+05:30" level=info msg="Tool required for debug" tool="builtin:mdns-discovery@1.0.9"
time="2025-10-27T16:23:14+05:30" level=info msg="Tool required for debug" tool="builtin:serial-discovery@1.4.1"
time="2025-10-27T16:23:14+05:30" level=info msg="Tool required for debug" tool="builtin:serial-monitor@0.15.0"
time="2025-10-27T16:23:14+05:30" level=info msg="Tool required for debug" tool="arduino:arduinoOTA@1.3.0"
2025-10-27 16:23:14 2025-10-27T10:53:14.310Z daemon INFO time="2025-10-27T16:23:14+05:30" level=info msg="Tool required for debug" tool="arduino:dfu-util@0.11.0-arduino5"
time="2025-10-27T16:23:14+05:30" level=info msg="Tool required for debug" tool="esp32:esp-rv32@2507"
time="2025-10-27T16:23:14+05:30" level=info msg="Tool required for debug" tool="esp32:esp-x32@2507"
time="2025-10-27T16:23:14+05:30" level=info msg="Tool required for debug" tool="esp32:esp32-arduino-libs@idf-release_v5.5-07e9bf49-v1"
time="2025-10-27T16:23:14+05:30" level=info msg="Tool required for debug" tool="esp32:esptool_py@5.1.0"
2025-10-27 16:23:14 2025-10-27T10:53:14.310Z daemon INFO time="2025-10-27T16:23:14+05:30" level=info msg="Tool required for debug" tool="esp32:mklittlefs@4.0.2-db0513a"
time="2025-10-27T16:23:14+05:30" level=info msg="Tool required for debug" tool="esp32:mkspiffs@0.2.3"
time="2025-10-27T16:23:14+05:30" level=info msg="Tool required for debug" tool="esp32:openocd-esp32@v0.12.0-esp32-20250707"
time="2025-10-27T16:23:14+05:30" level=info msg="Tool required for debug" tool="esp32:riscv32-esp-elf-gdb@16.3_20250913"
time="2025-10-27T16:23:14+05:30" level=info msg="Tool required for debug" tool="esp32:xtensa-esp-elf-gdb@16.3_20250913"
time="2025-10-27T16:23:14+05:30" level=info msg="Tool required for debug" tool="arduino:avrdude@6.3.0-arduino17"
time="2025-10-27T16:23:14+05:30" level=info msg="Tool required for debug" tool="builtin:ctags@5.8-arduino11"
time="2025-10-27T16:23:14+05:30" level=info msg="Tool required for debug" tool="builtin:dfu-discovery@0.1.2"
time="2025-10-27T16:23:14+05:30" level=info msg="Tool required for debug" tool="arduino:avr-gcc@7.3.0-atmel3.6.1-arduino7"
time="2025-10-27T16:23:14+05:30" level=info msg="Tool required for debug" tool="builtin:mdns-discovery@1.0.9"
time="2025-10-27T16:23:14+05:30" level=info msg="Tool required for debug" tool="builtin:serial-discovery@1.4.1"
time="2025-10-27T16:23:14+05:30" level=info msg="Tool required for debug" tool="builtin:serial-monitor@0.15.0"
2025-10-27 16:23:14 2025-10-27T10:53:14.310Z daemon INFO time="2025-10-27T16:23:14+05:30" level=info msg="Tool required for debug" tool="arduino:arduinoOTA@1.3.0"
2025-10-27 16:23:14 2025-10-27T10:53:14.312Z daemon INFO time="2025-10-27T16:23:14+05:30" level=info msg="Tool required for debug" tool="arduino:dfu-util@0.11.0-arduino5"
time="2025-10-27T16:23:14+05:30" level=info msg="Tool required for debug" tool="esp32:esp-rv32@2507"
time="2025-10-27T16:23:14+05:30" level=info msg="Tool required for debug" tool="esp32:esp-x32@2507"
time="2025-10-27T16:23:14+05:30" level=info msg="Tool required for debug" tool="esp32:esp32-arduino-libs@idf-release_v5.5-07e9bf49-v1"
time="2025-10-27T16:23:14+05:30" level=info msg="Tool required for debug" tool="esp32:esptool_py@5.1.0"
time="2025-10-27T16:23:14+05:30" level=info msg="Tool required for debug" tool="esp32:mklittlefs@4.0.2-db0513a"
time="2025-10-27T16:23:14+05:30" level=info msg="Tool required for debug" tool="esp32:mkspiffs@0.2.3"
time="2025-10-27T16:23:14+05:30" level=info msg="Tool required for debug" tool="esp32:openocd-esp32@v0.12.0-esp32-20250707"
time="2025-10-27T16:23:14+05:30" level=info msg="Tool required for debug" tool="esp32:riscv32-esp-elf-gdb@16.3_20250913"
time="2025-10-27T16:23:14+05:30" level=info msg="Tool required for debug" tool="esp32:xtensa-esp-elf-gdb@16.3_20250913"
2025-10-27 16:23:14 2025-10-27T10:53:14.312Z daemon INFO time="2025-10-27T16:23:14+05:30" level=info msg="Tool required for debug" tool="arduino:avrdude@6.3.0-arduino17"
time="2025-10-27T16:23:14+05:30" level=info msg="Tool required for debug" tool="arduino:avr-gcc@7.3.0-atmel3.6.1-arduino7"
time="2025-10-27T16:23:14+05:30" level=info msg="Tool required for debug" tool="builtin:ctags@5.8-arduino11"
time="2025-10-27T16:23:14+05:30" level=info msg="Tool required for debug" tool="builtin:mdns-discovery@1.0.9"
time="2025-10-27T16:23:14+05:30" level=info msg="Tool required for debug" tool="builtin:serial-monitor@0.15.0"
time="2025-10-27T16:23:14+05:30" level=info msg="Tool required for debug" tool="arduino:arduinoOTA@1.3.0"
time="2025-10-27T16:23:14+05:30" level=info msg="Tool required for debug" tool="builtin:dfu-discovery@0.1.2"
time="2025-10-27T16:23:14+05:30" level=info msg="Tool required for debug" tool="builtin:serial-discovery@1.4.1"
2025-10-27 16:23:14 2025-10-27T10:53:14.314Z daemon INFO time="2025-10-27T16:23:14+05:30" level=info msg="Tool required for debug" tool="arduino:dfu-util@0.11.0-arduino5"
time="2025-10-27T16:23:14+05:30" level=info msg="Tool required for debug" tool="esp32:esp-rv32@2507"
time="2025-10-27T16:23:14+05:30" level=info msg="Tool required for debug" tool="esp32:esp-x32@2507"
time="2025-10-27T16:23:14+05:30" level=info msg="Tool required for debug" tool="esp32:esp32-arduino-libs@idf-release_v5.5-07e9bf49-v1"
time="2025-10-27T16:23:14+05:30" level=info msg="Tool required for debug" tool="esp32:esptool_py@5.1.0"
2025-10-27 16:23:14 2025-10-27T10:53:14.315Z daemon INFO time="2025-10-27T16:23:14+05:30" level=info msg="Tool required for debug" tool="esp32:mklittlefs@4.0.2-db0513a"
time="2025-10-27T16:23:14+05:30" level=info msg="Tool required for debug" tool="esp32:mkspiffs@0.2.3"
time="2025-10-27T16:23:14+05:30" level=info msg="Tool required for debug" tool="esp32:openocd-esp32@v0.12.0-esp32-20250707"
time="2025-10-27T16:23:14+05:30" level=info msg="Tool required for debug" tool="esp32:riscv32-esp-elf-gdb@16.3_20250913"
time="2025-10-27T16:23:14+05:30" level=info msg="Tool required for debug" tool="esp32:xtensa-esp-elf-gdb@16.3_20250913"
time="2025-10-27T16:23:14+05:30" level=info msg="Tool required for debug" tool="builtin:ctags@5.8-arduino11"
time="2025-10-27T16:23:14+05:30" level=info msg="Tool required for debug" tool="builtin:dfu-discovery@0.1.2"
time="2025-10-27T16:23:14+05:30" level=info msg="Tool required for debug" tool="builtin:mdns-discovery@1.0.9"
time="2025-10-27T16:23:14+05:30" level=info msg="Tool required for debug" tool="builtin:serial-monitor@0.15.0"
2025-10-27 16:23:14 2025-10-27T10:53:14.315Z daemon INFO time="2025-10-27T16:23:14+05:30" level=info msg="Tool required for debug" tool="arduino:avr-gcc@7.3.0-atmel3.6.1-arduino7"
time="2025-10-27T16:23:14+05:30" level=info msg="Tool required for debug" tool="builtin:serial-discovery@1.4.1"
time="2025-10-27T16:23:14+05:30" level=info msg="Tool required for debug" tool="arduino:avrdude@6.3.0-arduino17"
time="2025-10-27T16:23:14+05:30" level=info msg="Tool required for debug" tool="arduino:arduinoOTA@1.3.0"
2025-10-27 16:23:14 2025-10-27T10:53:14.317Z daemon INFO time="2025-10-27T16:23:14+05:30" level=info msg="Tool required for debug" tool="arduino:dfu-util@0.11.0-arduino5"
time="2025-10-27T16:23:14+05:30" level=info msg="Tool required for debug" tool="esp32:esp-rv32@2507"
time="2025-10-27T16:23:14+05:30" level=info msg="Tool required for debug" tool="esp32:esp-x32@2507"
time="2025-10-27T16:23:14+05:30" level=info msg="Tool required for debug" tool="esp32:esp32-arduino-libs@idf-release_v5.5-07e9bf49-v1"
time="2025-10-27T16:23:14+05:30" level=info msg="Tool required for debug" tool="esp32:esptool_py@5.1.0"
time="2025-10-27T16:23:14+05:30" level=info msg="Tool required for debug" tool="esp32:mklittlefs@4.0.2-db0513a"
2025-10-27 16:23:14 2025-10-27T10:53:14.317Z daemon INFO time="2025-10-27T16:23:14+05:30" level=info msg="Tool required for debug" tool="esp32:mkspiffs@0.2.3"
time="2025-10-27T16:23:14+05:30" level=info msg="Tool required for debug" tool="esp32:openocd-esp32@v0.12.0-esp32-20250707"
time="2025-10-27T16:23:14+05:30" level=info msg="Tool required for debug" tool="esp32:riscv32-esp-elf-gdb@16.3_20250913"
time="2025-10-27T16:23:14+05:30" level=info msg="Tool required for debug" tool="esp32:xtensa-esp-elf-gdb@16.3_20250913"
time="2025-10-27T16:23:14+05:30" level=info msg="Tool required for debug" tool="arduino:avrdude@6.3.0-arduino17"
time="2025-10-27T16:23:14+05:30" level=info msg="Tool required for debug" tool="builtin:dfu-discovery@0.1.2"
time="2025-10-27T16:23:14+05:30" level=info msg="Tool required for debug" tool="arduino:arduinoOTA@1.3.0"
time="2025-10-27T16:23:14+05:30" level=info msg="Tool required for debug" tool="builtin:serial-monitor@0.15.0"
time="2025-10-27T16:23:14+05:30" level=info msg="Tool required for debug" tool="builtin:ctags@5.8-arduino11"
time="2025-10-27T16:23:14+05:30" level=info msg="Tool required for debug" tool="builtin:mdns-discovery@1.0.9"
time="2025-10-27T16:23:14+05:30" level=info msg="Tool required for debug" tool="builtin:serial-discovery@1.4.1"
2025-10-27 16:23:14 2025-10-27T10:53:14.317Z daemon INFO time="2025-10-27T16:23:14+05:30" level=info msg="Tool required for debug" tool="arduino:avr-gcc@7.3.0-atmel3.6.1-arduino7"
2025-10-27 16:23:15 2025-10-27T10:53:15.190Z daemon INFO time="2025-10-27T16:23:15+05:30" level=info msg="Adding libraries dir" dir=/home/kamal/.arduino15/libraries isSingleLibrary=false location=ide
time="2025-10-27T16:23:15+05:30" level=info msg="Adding libraries dir" dir=/home/kamal/.arduino15/packages/esp32/hardware/esp32/3.3.2/libraries isSingleLibrary=false location=platform
2025-10-27 16:23:15 2025-10-27T10:53:15.190Z daemon INFO time="2025-10-27T16:23:15+05:30" level=info msg="Adding libraries dir" dir=/home/kamal/Arduino/libraries isSingleLibrary=false location=user
2025-10-27 16:24:24 2025-10-27T10:54:24.135Z discovery-log INFO {"eventType":"remove","port":{"matchingBoardsList":[],"port":{"address":"/dev/ttyUSB0","label":"","protocol":"serial","protocolLabel":"","propertiesMap":[],"hardwareId":""}},"error":""}
2025-10-27 16:24:26 isTempSketch: true. Input was /tmp/.arduinoIDE-unsaved2025927-19362-8y9ml9.sjyel/sketch_oct27a
2025-10-27 16:24:26 Ignored marking workspace as a closed sketch. The sketch was detected as temporary. Workspace URI: file:///tmp/.arduinoIDE-unsaved2025927-19362-8y9ml9.sjyel/sketch_oct27a.
2025-10-27 16:24:26 isTempSketch: false. Input was /home/kamal/Arduino/led
2025-10-27 16:24:26 Marking workspace as a closed sketch. Workspace URI: file:///home/kamal/Arduino/led. Date: 1761562466314.
2025-10-27 16:25:45 Arduino IDE 2.3.6
2025-10-27 16:25:45 Checking for frontend application configuration customizations. Module path: /tmp/.mount_arduinlgrRiK/resources/app/lib/backend/electron-main.js, destination 'package.json': /tmp/.mount_arduinlgrRiK/resources/app/package.json
2025-10-27 16:25:45 Setting 'theia.frontend.config.appVersion' application configuration value to: "2.3.6" (type of string)
2025-10-27 16:25:45 Setting 'theia.frontend.config.cliVersion' application configuration value to: "1.2.0" (type of string)
2025-10-27 16:25:45 Setting 'theia.frontend.config.buildDate' application configuration value to: "2025-04-09T11:24:04.835Z" (type of string)
2025-10-27 16:25:45 Frontend application configuration after modifications: {"applicationName":"Arduino IDE","defaultTheme":{"light":"arduino-theme","dark":"arduino-theme-dark"},"defaultIconTheme":"none","electron":{"windowOptions":{},"showWindowEarly":true,"splashScreenOptions":{},"uriScheme":"arduino-ide"},"defaultLocale":"","validatePreferencesSchema":false,"reloadOnReconnect":true,"uriScheme":"theia","preferences":{"window.title":"${rootName}${activeEditorShort}${appName}","files.autoSave":"afterDelay","editor.minimap.enabled":false,"editor.tabSize":2,"editor.scrollBeyondLastLine":false,"editor.quickSuggestions":{"other":false,"comments":false,"strings":false},"editor.maxTokenizationLineLength":500,"editor.bracketPairColorization.enabled":false,"breadcrumbs.enabled":false,"workbench.tree.renderIndentGuides":"none","explorer.compactFolders":false},"appVersion":"2.3.6","cliVersion":"1.2.0","buildDate":"2025-04-09T11:24:04.835Z"}
2025-10-27 16:25:45 Starting backend process. PID: 1785
2025-10-27 16:25:46 Showing main window early
2025-10-27 16:25:46 Using browser-only version of superagent in non-browser environment
2025-10-27 16:25:46 Configuration directory URI: 'file:///home/kamal/.arduinoIDE'
2025-10-27 16:25:46 Configuring to accept webviews on '^.+\.webview\..+$' hostname.
2025-10-27 16:25:46 2025-10-27T10:55:46.892Z root INFO Backend u.initialize: 38.4 ms [Finished 0.952 s after backend start]
2025-10-27 16:25:46 2025-10-27T10:55:46.896Z root INFO Backend Object.initialize: 36.5 ms [Finished 0.952 s after backend start]
2025-10-27 16:25:46 2025-10-27T10:55:46.896Z root INFO Backend a.initialize: 1.4 ms [Finished 0.952 s after backend start]
2025-10-27 16:25:46 2025-10-27T10:55:46.896Z root INFO Backend a.initialize: 1.1 ms [Finished 0.952 s after backend start]
2025-10-27 16:25:46 2025-10-27T10:55:46.896Z root INFO Backend u.initialize: 1.4 ms [Finished 0.953 s after backend start]
2025-10-27 16:25:46 2025-10-27T10:55:46.899Z root INFO Backend l.initialize: 37.8 ms [Finished 0.954 s after backend start]
2025-10-27 16:25:46 2025-10-27T10:55:46.907Z root INFO configured all backend app contributions
2025-10-27 16:25:46 2025-10-27T10:55:46.907Z root INFO Backend l.onStart: 1.5 ms [Finished 0.969 s after backend start]
2025-10-27 16:25:46 2025-10-27T10:55:46.908Z root INFO Backend d.onStart: 0.1 ms [Finished 0.969 s after backend start]
2025-10-27 16:25:46 2025-10-27T10:55:46.909Z root INFO Backend a.onStart: 0.4 ms [Finished 0.969 s after backend start]
2025-10-27 16:25:46 2025-10-27T10:55:46.909Z config INFO >>> Initializing CLI configuration...
2025-10-27 16:25:46 2025-10-27T10:55:46.909Z root INFO Backend x.onStart: 0.5 ms [Finished 0.970 s after backend start]
2025-10-27 16:25:46 2025-10-27T10:55:46.909Z config INFO Loading CLI configuration from /home/kamal/.arduinoIDE/arduino-cli.yaml...
2025-10-27 16:25:46 2025-10-27T10:55:46.909Z daemon INFO Starting daemon from /tmp/.mount_arduinlgrRiK/resources/app/lib/backend/resources/arduino-cli...
2025-10-27 16:25:46 2025-10-27T10:55:46.909Z root INFO Backend w.onStart: 0.4 ms [Finished 0.970 s after backend start]
2025-10-27 16:25:46 2025-10-27T10:55:46.909Z discovery-log INFO start
2025-10-27 16:25:46 2025-10-27T10:55:46.909Z discovery-log INFO start new deferred
2025-10-27 16:25:46 2025-10-27T10:55:46.909Z root INFO Backend v.onStart: 0.2 ms [Finished 0.971 s after backend start]
2025-10-27 16:25:46 2025-10-27T10:55:46.909Z root INFO Backend a.onStart: 0.1 ms [Finished 0.971 s after backend start]
2025-10-27 16:25:46 2025-10-27T10:55:46.913Z root INFO Theia app listening on http://127.0.0.1:33337.
2025-10-27 16:25:46 2025-10-27T10:55:46.913Z root INFO Finished starting backend application: 4.1 ms [Finished 0.975 s after backend start]
2025-10-27 16:25:46 2025-10-27T10:55:46.915Z root WARN The local plugin referenced by local-dir:/home/kamal/.arduinoIDE/deployedPlugins does not exist.
2025-10-27 16:25:46 2025-10-27T10:55:46.916Z root WARN The local plugin referenced by local-dir:/home/kamal/.arduinoIDE/plugins does not exist.
2025-10-27 16:25:46 2025-10-27T10:55:46.944Z config INFO Loaded CLI configuration: {"board_manager":{"additional_urls":["https://espressif.github.io/arduino-esp32/package_esp32_index.json"]},"directories":{"builtin":{"libraries":"/home/kamal/.arduino15/libraries"},"data":"/home/kamal/.arduino15","user":"/home/kamal/Arduino"},"locale":"en"}
2025-10-27 16:25:46 2025-10-27T10:55:46.944Z config INFO 'directories.data' and 'directories.user' are set in the CLI configuration model.
2025-10-27 16:25:46 2025-10-27T10:55:46.944Z config INFO Loaded the CLI configuration.
2025-10-27 16:25:46 2025-10-27T10:55:46.945Z config INFO Mapped the CLI configuration: {"dataDirUri":"file:///home/kamal/.arduino15","sketchDirUri":"file:///home/kamal/Arduino","additionalUrls":["https://espressif.github.io/arduino-esp32/package_esp32_index.json"],"network":"none","locale":"en"}
2025-10-27 16:25:46 2025-10-27T10:55:46.945Z config INFO Validating the CLI configuration...
2025-10-27 16:25:46 2025-10-27T10:55:46.945Z config INFO The CLI config is valid.
2025-10-27 16:25:46 2025-10-27T10:55:46.945Z config INFO <<< Initialized the CLI configuration.
2025-10-27 16:25:47 2025-10-27T10:55:47.100Z root INFO Resolve plugins list: 188.8 ms [Finished 1.161 s after backend start]
2025-10-27 16:25:47 2025-10-27T10:55:47.341Z daemon INFO time="2025-10-27T16:25:47+05:30" level=info msg="arduino-cli version 1.2.0"
2025-10-27 16:25:47 2025-10-27T10:55:47.343Z daemon INFO time="2025-10-27T16:25:47+05:30" level=info msg="Using config file: /home/kamal/.arduinoIDE/arduino-cli.yaml"
time="2025-10-27T16:25:47+05:30" level=info msg="Executing `arduino-cli daemon`"
2025-10-27 16:25:47 2025-10-27T10:55:47.362Z daemon INFO Daemon is now listening on 127.0.0.1:35249
{"IP":"127.0.0.1","Port":"35249"}
2025-10-27 16:25:47 2025-10-27T10:55:47.362Z daemon INFO Daemon is running.
2025-10-27 16:25:47 2025-10-27T10:55:47.475Z daemon INFO time="2025-10-27T16:25:47+05:30" level=info msg="Checking signature" index=/home/kamal/.arduino15/package_index.json signatureFile=/home/kamal/.arduino15/package_index.json.sig trusted=true
2025-10-27 16:25:47 2025-10-27T10:55:47.481Z daemon INFO time="2025-10-27T16:25:47+05:30" level=info msg="Missing signature file" index=/home/kamal/.arduino15/package_esp32_index.json
2025-10-27 16:25:47 2025-10-27T10:55:47.481Z daemon INFO time="2025-10-27T16:25:47+05:30" level=info msg="Loading hardware from: /home/kamal/.arduino15/packages"
2025-10-27 16:25:47 2025-10-27T10:55:47.482Z daemon INFO time="2025-10-27T16:25:47+05:30" level=info msg="Loading package arduino from: /home/kamal/.arduino15/packages/arduino/hardware"
2025-10-27 16:25:47 2025-10-27T10:55:47.485Z daemon INFO time="2025-10-27T16:25:47+05:30" level=info msg="Missing signature file" index=/home/kamal/.arduino15/packages/arduino/hardware/avr/1.8.6/installed.json
2025-10-27 16:25:47 2025-10-27T10:55:47.489Z daemon INFO time="2025-10-27T16:25:47+05:30" level=info msg="Adding monitor tool" protocol=serial tool="builtin:serial-monitor"
time="2025-10-27T16:25:47+05:30" level=info msg="Loaded platform" platform="arduino:avr@1.8.6"
time="2025-10-27T16:25:47+05:30" level=info msg="Checking existence of 'tools' path: /home/kamal/.arduino15/packages/arduino/tools"
time="2025-10-27T16:25:47+05:30" level=info msg="Loading tools from dir: /home/kamal/.arduino15/packages/arduino/tools"
2025-10-27 16:25:47 2025-10-27T10:55:47.490Z daemon INFO time="2025-10-27T16:25:47+05:30" level=info msg="Loaded tool" tool="arduino:arduinoOTA@1.3.0"
2025-10-27 16:25:47 2025-10-27T10:55:47.490Z daemon INFO time="2025-10-27T16:25:47+05:30" level=info msg="Loaded tool" tool="arduino:avr-gcc@7.3.0-atmel3.6.1-arduino7"
2025-10-27 16:25:47 2025-10-27T10:55:47.490Z daemon INFO time="2025-10-27T16:25:47+05:30" level=info msg="Loaded tool" tool="arduino:avrdude@6.3.0-arduino17"
2025-10-27 16:25:47 2025-10-27T10:55:47.491Z daemon INFO time="2025-10-27T16:25:47+05:30" level=info msg="Loaded tool" tool="arduino:dfu-util@0.11.0-arduino5"
2025-10-27 16:25:47 2025-10-27T10:55:47.491Z daemon INFO time="2025-10-27T16:25:47+05:30" level=info msg="Loading package builtin from: /home/kamal/.arduino15/packages/builtin"
2025-10-27 16:25:47 2025-10-27T10:55:47.491Z daemon INFO time="2025-10-27T16:25:47+05:30" level=info msg="Checking existence of 'tools' path: /home/kamal/.arduino15/packages/builtin/tools"
time="2025-10-27T16:25:47+05:30" level=info msg="Loading tools from dir: /home/kamal/.arduino15/packages/builtin/tools"
2025-10-27 16:25:47 2025-10-27T10:55:47.491Z daemon INFO time="2025-10-27T16:25:47+05:30" level=info msg="Loaded tool" tool="builtin:ctags@5.8-arduino11"
2025-10-27 16:25:47 2025-10-27T10:55:47.492Z daemon INFO time="2025-10-27T16:25:47+05:30" level=info msg="Loaded tool" tool="builtin:dfu-discovery@0.1.2"
2025-10-27 16:25:47 2025-10-27T10:55:47.492Z daemon INFO time="2025-10-27T16:25:47+05:30" level=info msg="Loaded tool" tool="builtin:mdns-discovery@1.0.9"
2025-10-27 16:25:47 2025-10-27T10:55:47.492Z daemon INFO time="2025-10-27T16:25:47+05:30" level=info msg="Loaded tool" tool="builtin:serial-discovery@1.4.1"
2025-10-27 16:25:47 2025-10-27T10:55:47.492Z daemon INFO time="2025-10-27T16:25:47+05:30" level=info msg="Loaded tool" tool="builtin:serial-monitor@0.15.0"
2025-10-27 16:25:47 2025-10-27T10:55:47.492Z daemon INFO time="2025-10-27T16:25:47+05:30" level=info msg="Loading package esp32 from: /home/kamal/.arduino15/packages/esp32/hardware"
2025-10-27 16:25:47 2025-10-27T10:55:47.495Z daemon INFO time="2025-10-27T16:25:47+05:30" level=info msg="Missing signature file" index=/home/kamal/.arduino15/packages/esp32/hardware/esp32/3.3.2/installed.json
2025-10-27 16:25:47 2025-10-27T10:55:47.657Z daemon INFO time="2025-10-27T16:25:47+05:30" level=info msg="Adding monitor tool" protocol=serial tool="builtin:serial-monitor"
time="2025-10-27T16:25:47+05:30" level=info msg="Loaded platform" platform="esp32:esp32@3.3.2"
time="2025-10-27T16:25:47+05:30" level=info msg="Checking existence of 'tools' path: /home/kamal/.arduino15/packages/esp32/tools"
time="2025-10-27T16:25:47+05:30" level=info msg="Loading tools from dir: /home/kamal/.arduino15/packages/esp32/tools"
2025-10-27 16:25:47 2025-10-27T10:55:47.658Z daemon INFO time="2025-10-27T16:25:47+05:30" level=info msg="Loaded tool" tool="esp32:esp-rv32@2507"
2025-10-27 16:25:47 2025-10-27T10:55:47.659Z daemon INFO time="2025-10-27T16:25:47+05:30" level=info msg="Loaded tool" tool="esp32:esp-x32@2507"
2025-10-27 16:25:47 2025-10-27T10:55:47.659Z daemon INFO time="2025-10-27T16:25:47+05:30" level=info msg="Loaded tool" tool="esp32:esp32-arduino-libs@idf-release_v5.5-07e9bf49-v1"
2025-10-27 16:25:47 2025-10-27T10:55:47.659Z daemon INFO time="2025-10-27T16:25:47+05:30" level=info msg="Loaded tool" tool="esp32:esptool_py@5.1.0"
2025-10-27 16:25:47 2025-10-27T10:55:47.659Z daemon INFO time="2025-10-27T16:25:47+05:30" level=info msg="Loaded tool" tool="esp32:mklittlefs@4.0.2-db0513a"
2025-10-27 16:25:47 2025-10-27T10:55:47.660Z daemon INFO time="2025-10-27T16:25:47+05:30" level=info msg="Loaded tool" tool="esp32:mkspiffs@0.2.3"
2025-10-27 16:25:47 2025-10-27T10:55:47.660Z daemon INFO time="2025-10-27T16:25:47+05:30" level=info msg="Loaded tool" tool="esp32:openocd-esp32@v0.12.0-esp32-20250707"
time="2025-10-27T16:25:47+05:30" level=info msg="Loaded tool" tool="esp32:riscv32-esp-elf-gdb@16.3_20250913"
2025-10-27 16:25:47 2025-10-27T10:55:47.660Z daemon INFO time="2025-10-27T16:25:47+05:30" level=info msg="Loaded tool" tool="esp32:xtensa-esp-elf-gdb@16.3_20250913"
2025-10-27 16:25:47 2025-10-27T10:55:47.665Z daemon INFO time="2025-10-27T16:25:47+05:30" level=info msg="Adding libraries dir" dir=/home/kamal/.arduino15/packages/esp32/hardware/esp32/3.3.2/libraries isSingleLibrary=false location=platform
2025-10-27 16:25:47 2025-10-27T10:55:47.665Z daemon INFO time="2025-10-27T16:25:47+05:30" level=info msg="Adding libraries dir" dir=/home/kamal/.arduino15/packages/arduino/hardware/avr/1.8.6/libraries isSingleLibrary=false location=platform
time="2025-10-27T16:25:47+05:30" level=info msg="Loading libraries index file" index=/home/kamal/.arduino15/library_index.json
2025-10-27 16:25:47 2025-10-27T10:55:47.973Z daemon INFO time="2025-10-27T16:25:47+05:30" level=info msg="Adding libraries dir" dir=/home/kamal/.arduino15/libraries isSingleLibrary=false location=ide
time="2025-10-27T16:25:47+05:30" level=info msg="Adding libraries dir" dir=/home/kamal/Arduino/libraries isSingleLibrary=false location=user
2025-10-27 16:25:48 2025-10-27T10:55:48.092Z discovery-log INFO start resolved watching
2025-10-27 16:25:48 2025-10-27T10:55:48.121Z discovery-log INFO {"eventType":"add","port":{"matchingBoardsList":[],"port":{"address":"/dev/ttyUSB0","label":"/dev/ttyUSB0","protocol":"serial","protocolLabel":"Serial Port (USB)","propertiesMap":[["pid","0xea60"],["serialNumber","0001"],["vid","0x10c4"]],"hardwareId":"0001"}},"error":""}
2025-10-27 16:25:48 2025-10-27T10:55:48.324Z root INFO Deploy plugins list: 1413.2 ms [Finished 2.385 s after backend start]
2025-10-27 16:25:48 2025-10-27T10:55:48.689Z root INFO creating connection for 1
2025-10-27 16:25:49 2025-10-27T10:55:49.758Z root WARN A command editor.action.toggleStickyScroll is already registered.
2025-10-27 16:25:49 Opening channel for service path '/services/electron-window'.
2025-10-27 16:25:49 Opening channel for service path '/services/ide-updater'.
2025-10-27 16:25:49 2025-10-27T10:55:49.902Z root INFO Start frontend contributions: 340.5 ms [Finished 2.953 s after frontend start]
2025-10-27 16:25:49 2025-10-27T10:55:49.902Z root INFO Changed application state from 'init' to 'started_contributions'.
2025-10-27 16:25:49 2025-10-27T10:55:49.913Z root INFO Changed application state from 'started_contributions' to 'attached_shell'.
2025-10-27 16:25:49 2025-10-27T10:55:49.913Z root INFO >>> Restoring the layout state...
2025-10-27 16:25:49 2025-10-27T10:55:49.981Z root INFO [76c7521a-4e57-4c0d-be2e-b5c166319771] Waiting for backend deployment: 95.0 ms [Finished 3.041 s after frontend start]
2025-10-27 16:25:50 2025-10-27T10:55:50.608Z root INFO [hosted-plugin: 1901] PLUGIN_HOST(1901) starting instance
[Object: null prototype] {}
2025-10-27 16:25:51 2025-10-27T10:55:51.504Z root INFO [76c7521a-4e57-4c0d-be2e-b5c166319771] Sync of 23 plugins: 1535.5 ms [Finished 4.577 s after frontend start]
2025-10-27 16:25:51 2025-10-27T10:55:51.517Z root INFO <<< Nothing to restore.
2025-10-27 16:25:51 2025-10-27T10:55:51.603Z root INFO Initialize the workbench layout: 1632.9 ms [Finished 4.619 s after frontend start]
2025-10-27 16:25:51 2025-10-27T10:55:51.604Z root INFO Changed application state from 'attached_shell' to 'initialized_layout'.
2025-10-27 16:25:51 2025-10-27T10:55:51.605Z root INFO [76c7521a-4e57-4c0d-be2e-b5c166319771] Loading plugin contributions
2025-10-27 16:25:51 2025-10-27T10:55:51.605Z root INFO [76c7521a-4e57-4c0d-be2e-b5c166319771] Load contributions of 23 plugins: 46.2 ms [Finished 4.673 s after frontend start]
2025-10-27 16:25:51 2025-10-27T10:55:51.662Z root WARN 'cpp' language is remapped from 'source.cpp.embedded.macro' to 'source.cpp' scope
2025-10-27 16:25:51 2025-10-27T10:55:51.663Z root WARN a registered grammar configuration for 'cpp' language is overridden
2025-10-27 16:25:52 2025-10-27T10:55:52.132Z root ERROR [hosted-plugin: 1901] Conflict in settings file Default: Ignoring cortex-debug.armToolchainPath.linux as cortex-debug.armToolchainPath is null
2025-10-27 16:25:52 2025-10-27T10:55:52.132Z root ERROR [hosted-plugin: 1901] Conflict in settings file Default: Ignoring cortex-debug.armToolchainPath.osx as cortex-debug.armToolchainPath is null
Conflict in settings file Default: Ignoring cortex-debug.armToolchainPath.windows as cortex-debug.armToolchainPath is null
Conflict in settings file Default: Ignoring cortex-debug.JLinkGDBServerPath.linux as cortex-debug.JLinkGDBServerPath is null
2025-10-27 16:25:52 2025-10-27T10:55:52.133Z root ERROR [hosted-plugin: 1901] Conflict in settings file Default: Ignoring cortex-debug.JLinkGDBServerPath.osx as cortex-debug.JLinkGDBServerPath is null
Conflict in settings file Default: Ignoring cortex-debug.JLinkGDBServerPath.windows as cortex-debug.JLinkGDBServerPath is null
Conflict in settings file Default: Ignoring cortex-debug.openocdPath.linux as cortex-debug.openocdPath is null
Conflict in settings file Default: Ignoring cortex-debug.openocdPath.osx as cortex-debug.openocdPath is null
Conflict in settings file Default: Ignoring cortex-debug.openocdPath.windows as cortex-debug.openocdPath is null
Conflict in settings file Default: Ignoring cortex-debug.pyocdPath.linux as cortex-debug.pyocdPath is null
Conflict in settings file Default: Ignoring cortex-debug.pyocdPath.osx as cortex-debug.pyocdPath is null
Conflict in settings file Default: Ignoring cortex-debug.pyocdPath.windows as cortex-debug.pyocdPath is null
Conflict in settings file Default: Ignoring cortex-debug.PEGDBServerPath.linux as cortex-debug.PEGDBServerPath is null
Conflict in settings file Default: Ignoring cortex-debug.PEGDBServerPath.osx as cortex-debug.PEGDBServerPath is null
Conflict in settings file Default: Ignoring cortex-debug.PEGDBServerPath.windows as cortex-debug.PEGDBServerPath is null
Conflict in settings file Default: Ignoring cortex-debug.stutilPath.linux as cortex-debug.stutilPath is null
Conflict in settings file Default: Ignoring cortex-debug.stutilPath.osx as cortex-debug.stutilPath is null
Conflict in settings file Default: Ignoring cortex-debug.stutilPath.windows as cortex-debug.stutilPath is null
Conflict in settings file Default: Ignoring cortex-debug.stlinkPath.linux as cortex-debug.stlinkPath is null
Conflict in settings file Default: Ignoring cortex-debug.stlinkPath.osx as cortex-debug.stlinkPath is null
Conflict in settings file Default: Ignoring cortex-debug.stlinkPath.windows as cortex-debug.stlinkPath is null
Conflict in settings file Default: Ignoring cortex-debug.stm32cubeprogrammer.linux as cortex-debug.stm32cubeprogrammer is null
Conflict in settings file Default: Ignoring cortex-debug.stm32cubeprogrammer.osx as cortex-debug.stm32cubeprogrammer is null
Conflict in settings file Default: Ignoring cortex-debug.stm32cubeprogrammer.windows as cortex-debug.stm32cubeprogrammer is null
2025-10-27 16:25:52 2025-10-27T10:55:52.182Z root INFO [hosted-plugin: 1901] PLUGIN_HOST(1901): PluginManagerExtImpl/init()
2025-10-27 16:25:52 2025-10-27T10:55:52.187Z root INFO [hosted-plugin: 1901] PLUGIN_HOST(1901): initializing(vscode-arduino-api@0.1.2 with /tmp/.mount_arduinlgrRiK/resources/app/lib/backend/plugin-vscode-init)
2025-10-27 16:25:52 2025-10-27T10:55:52.287Z root INFO [hosted-plugin: 1901] PLUGIN_HOST(1901): initializing(json-language-features@1.88.1 with /tmp/.mount_arduinlgrRiK/resources/app/lib/backend/plugin-vscode-init)
2025-10-27 16:25:52 2025-10-27T10:55:52.293Z root INFO [hosted-plugin: 1901] PLUGIN_HOST(1901): initializing(cortex-debug@1.5.1 with /tmp/.mount_arduinlgrRiK/resources/app/lib/backend/plugin-vscode-init)
2025-10-27 16:25:52 2025-10-27T10:55:52.294Z root INFO [hosted-plugin: 1901] Debugger contribution has been registered: cortex-debug
2025-10-27 16:25:52 2025-10-27T10:55:52.296Z root INFO [hosted-plugin: 1901] PLUGIN_HOST(1901): initializing(vscode-arduino-tools@0.1.3 with /tmp/.mount_arduinlgrRiK/resources/app/lib/backend/plugin-vscode-init)
2025-10-27 16:25:52 2025-10-27T10:55:52.298Z root INFO [hosted-plugin: 1901] PLUGIN_HOST(1901): initializing(cpp@1.88.1 with /tmp/.mount_arduinlgrRiK/resources/app/lib/backend/plugin-vscode-init)
2025-10-27 16:25:52 2025-10-27T10:55:52.303Z root INFO [hosted-plugin: 1901] PLUGIN_HOST(1901): initializing(json@1.88.1 with /tmp/.mount_arduinlgrRiK/resources/app/lib/backend/plugin-vscode-init)
2025-10-27 16:25:52 2025-10-27T10:55:52.304Z root INFO [hosted-plugin: 1901] PLUGIN_HOST(1901): initializing(vscode-language-pack-bg@1.48.3 with /tmp/.mount_arduinlgrRiK/resources/app/lib/backend/plugin-vscode-init)
2025-10-27 16:25:52 2025-10-27T10:55:52.305Z root INFO [hosted-plugin: 1901] PLUGIN_HOST(1901): initializing(vscode-language-pack-cs@1.96.0 with /tmp/.mount_arduinlgrRiK/resources/app/lib/backend/plugin-vscode-init)
2025-10-27 16:25:52 2025-10-27T10:55:52.306Z root INFO [hosted-plugin: 1901] PLUGIN_HOST(1901): initializing(vscode-language-pack-de@1.96.0 with /tmp/.mount_arduinlgrRiK/resources/app/lib/backend/plugin-vscode-init)
2025-10-27 16:25:52 2025-10-27T10:55:52.307Z root INFO [hosted-plugin: 1901] PLUGIN_HOST(1901): initializing(vscode-language-pack-es@1.96.0 with /tmp/.mount_arduinlgrRiK/resources/app/lib/backend/plugin-vscode-init)
2025-10-27 16:25:52 2025-10-27T10:55:52.308Z root INFO [hosted-plugin: 1901] PLUGIN_HOST(1901): initializing(vscode-language-pack-fr@1.96.0 with /tmp/.mount_arduinlgrRiK/resources/app/lib/backend/plugin-vscode-init)
2025-10-27 16:25:52 2025-10-27T10:55:52.309Z root INFO [hosted-plugin: 1901] PLUGIN_HOST(1901): initializing(vscode-language-pack-hu@1.48.3 with /tmp/.mount_arduinlgrRiK/resources/app/lib/backend/plugin-vscode-init)
2025-10-27 16:25:52 2025-10-27T10:55:52.310Z root INFO [hosted-plugin: 1901] PLUGIN_HOST(1901): initializing(vscode-language-pack-it@1.96.0 with /tmp/.mount_arduinlgrRiK/resources/app/lib/backend/plugin-vscode-init)
2025-10-27 16:25:52 2025-10-27T10:55:52.311Z root INFO [hosted-plugin: 1901] PLUGIN_HOST(1901): initializing(vscode-language-pack-ja@1.96.0 with /tmp/.mount_arduinlgrRiK/resources/app/lib/backend/plugin-vscode-init)
2025-10-27 16:25:52 2025-10-27T10:55:52.312Z root INFO [hosted-plugin: 1901] PLUGIN_HOST(1901): initializing(vscode-language-pack-ko@1.96.0 with /tmp/.mount_arduinlgrRiK/resources/app/lib/backend/plugin-vscode-init)
2025-10-27 16:25:52 2025-10-27T10:55:52.312Z root INFO [hosted-plugin: 1901] PLUGIN_HOST(1901): initializing(vscode-language-pack-nl@1.48.3 with /tmp/.mount_arduinlgrRiK/resources/app/lib/backend/plugin-vscode-init)
2025-10-27 16:25:52 2025-10-27T10:55:52.313Z root INFO [hosted-plugin: 1901] PLUGIN_HOST(1901): initializing(vscode-language-pack-pl@1.96.0 with /tmp/.mount_arduinlgrRiK/resources/app/lib/backend/plugin-vscode-init)
2025-10-27 16:25:52 2025-10-27T10:55:52.314Z root INFO [hosted-plugin: 1901] PLUGIN_HOST(1901): initializing(vscode-language-pack-pt-BR@1.96.0 with /tmp/.mount_arduinlgrRiK/resources/app/lib/backend/plugin-vscode-init)
2025-10-27 16:25:52 2025-10-27T10:55:52.315Z root INFO [hosted-plugin: 1901] PLUGIN_HOST(1901): initializing(vscode-language-pack-ru@1.96.0 with /tmp/.mount_arduinlgrRiK/resources/app/lib/backend/plugin-vscode-init)
2025-10-27 16:25:52 2025-10-27T10:55:52.315Z root INFO [hosted-plugin: 1901] PLUGIN_HOST(1901): initializing(vscode-language-pack-tr@1.96.0 with /tmp/.mount_arduinlgrRiK/resources/app/lib/backend/plugin-vscode-init)
2025-10-27 16:25:52 2025-10-27T10:55:52.316Z root INFO [hosted-plugin: 1901] PLUGIN_HOST(1901): initializing(vscode-language-pack-uk@1.48.3 with /tmp/.mount_arduinlgrRiK/resources/app/lib/backend/plugin-vscode-init)
2025-10-27 16:25:52 2025-10-27T10:55:52.317Z root INFO [hosted-plugin: 1901] PLUGIN_HOST(1901): initializing(vscode-language-pack-zh-hans@1.96.0 with /tmp/.mount_arduinlgrRiK/resources/app/lib/backend/plugin-vscode-init)
2025-10-27 16:25:52 2025-10-27T10:55:52.318Z root INFO [hosted-plugin: 1901] PLUGIN_HOST(1901): initializing(vscode-language-pack-zh-hant@1.96.0 with /tmp/.mount_arduinlgrRiK/resources/app/lib/backend/plugin-vscode-init)
2025-10-27 16:25:52 2025-10-27T10:55:52.388Z root INFO [hosted-plugin: 1901] PLUGIN_HOST(1901): PluginManagerExtImpl/loadPlugin(/tmp/.mount_arduinlgrRiK/resources/app/plugins/vscode-builtin-json-language-features/extension/client/dist/node/jsonClientMain)
2025-10-27 16:25:52 2025-10-27T10:55:52.457Z root INFO [hosted-plugin: 1901] PLUGIN_HOST(1901): PluginManagerExtImpl/loadPlugin(/tmp/.mount_arduinlgrRiK/resources/app/plugins/vscode-arduino-api/extension/dist/extension.js)
2025-10-27 16:25:52 2025-10-27T10:55:52.462Z root INFO [hosted-plugin: 1901] calling activation function on Arduino IDE API for VS Code extensions
2025-10-27 16:25:52 2025-10-27T10:55:52.685Z root INFO Frontend application start: 2978.8 ms [Finished 6.746 s after backend start]
2025-10-27 16:25:52 Checking for update
2025-10-27 16:25:52 2025-10-27T10:55:52.722Z root INFO Replace loading indicator with ready workbench UI (animation): 870.9 ms [Finished 5.549 s after frontend start]
2025-10-27 16:25:52 2025-10-27T10:55:52.733Z root INFO Changed application state from 'initialized_layout' to 'ready'.
2025-10-27 16:25:52 2025-10-27T10:55:52.733Z root WARN Linked preference "workbench.colorCustomizations" not found.
2025-10-27 16:25:52 2025-10-27T10:55:52.733Z root INFO [76c7521a-4e57-4c0d-be2e-b5c166319771] Starting plugins.
2025-10-27 16:25:52 2025-10-27T10:55:52.740Z root INFO [hosted-plugin: 1901] calling activation function on JSON Language Features (built-in)
2025-10-27 16:25:52 2025-10-27T10:55:52.901Z root INFO [hosted-plugin: 1901] PLUGIN_HOST(1901): PluginManagerExtImpl/loadPlugin(/tmp/.mount_arduinlgrRiK/resources/app/plugins/cortex-debug/extension/dist/extension.js)
2025-10-27 16:25:52 2025-10-27T10:55:52.959Z root INFO [hosted-plugin: 1901] Debug configuration provider has been registered: cortex-debug, trigger: 1
2025-10-27 16:25:52 2025-10-27T10:55:52.960Z root INFO [hosted-plugin: 1901] calling activation function on Cortex-Debug
2025-10-27 16:25:52 2025-10-27T10:55:52.964Z root INFO [hosted-plugin: 1901] GDB server console created
2025-10-27 16:25:53 2025-10-27T10:55:53.230Z root INFO [76c7521a-4e57-4c0d-be2e-b5c166319771] Start of 23 plugins: 1330.6 ms [Finished 6.111 s after frontend start]
2025-10-27 16:25:53 2025-10-27T10:55:53.234Z daemon INFO time="2025-10-27T16:25:53+05:30" level=info msg="Tool required for debug" tool="arduino:dfu-util@0.11.0-arduino5"
time="2025-10-27T16:25:53+05:30" level=info msg="Tool required for debug" tool="esp32:esp-rv32@2507"
time="2025-10-27T16:25:53+05:30" level=info msg="Tool required for debug" tool="esp32:esp-x32@2507"
time="2025-10-27T16:25:53+05:30" level=info msg="Tool required for debug" tool="esp32:esp32-arduino-libs@idf-release_v5.5-07e9bf49-v1"
time="2025-10-27T16:25:53+05:30" level=info msg="Tool required for debug" tool="esp32:esptool_py@5.1.0"
time="2025-10-27T16:25:53+05:30" level=info msg="Tool required for debug" tool="esp32:mklittlefs@4.0.2-db0513a"
time="2025-10-27T16:25:53+05:30" level=info msg="Tool required for debug" tool="esp32:mkspiffs@0.2.3"
time="2025-10-27T16:25:53+05:30" level=info msg="Tool required for debug" tool="esp32:openocd-esp32@v0.12.0-esp32-20250707"
time="2025-10-27T16:25:53+05:30" level=info msg="Tool required for debug" tool="esp32:riscv32-esp-elf-gdb@16.3_20250913"
time="2025-10-27T16:25:53+05:30" level=info msg="Tool required for debug" tool="esp32:xtensa-esp-elf-gdb@16.3_20250913"
2025-10-27 16:25:53 2025-10-27T10:55:53.234Z daemon INFO time="2025-10-27T16:25:53+05:30" level=info msg="Tool required for debug" tool="builtin:serial-monitor@0.15.0"
time="2025-10-27T16:25:53+05:30" level=info msg="Tool required for debug" tool="arduino:arduinoOTA@1.3.0"
time="2025-10-27T16:25:53+05:30" level=info msg="Tool required for debug" tool="builtin:serial-discovery@1.4.1"
time="2025-10-27T16:25:53+05:30" level=info msg="Tool required for debug" tool="arduino:avr-gcc@7.3.0-atmel3.6.1-arduino7"
time="2025-10-27T16:25:53+05:30" level=info msg="Tool required for debug" tool="arduino:avrdude@6.3.0-arduino17"
time="2025-10-27T16:25:53+05:30" level=info msg="Tool required for debug" tool="builtin:ctags@5.8-arduino11"
time="2025-10-27T16:25:53+05:30" level=info msg="Tool required for debug" tool="builtin:dfu-discovery@0.1.2"
time="2025-10-27T16:25:53+05:30" level=info msg="Tool required for debug" tool="builtin:mdns-discovery@1.0.9"
2025-10-27 16:25:53 2025-10-27T10:55:53.238Z daemon INFO time="2025-10-27T16:25:53+05:30" level=info msg="Tool required for debug" tool="arduino:dfu-util@0.11.0-arduino5"
time="2025-10-27T16:25:53+05:30" level=info msg="Tool required for debug" tool="esp32:esp-rv32@2507"
time="2025-10-27T16:25:53+05:30" level=info msg="Tool required for debug" tool="esp32:esp-x32@2507"
time="2025-10-27T16:25:53+05:30" level=info msg="Tool required for debug" tool="esp32:esp32-arduino-libs@idf-release_v5.5-07e9bf49-v1"
time="2025-10-27T16:25:53+05:30" level=info msg="Tool required for debug" tool="esp32:esptool_py@5.1.0"
2025-10-27 16:25:53 2025-10-27T10:55:53.238Z daemon INFO time="2025-10-27T16:25:53+05:30" level=info msg="Tool required for debug" tool="esp32:mklittlefs@4.0.2-db0513a"
time="2025-10-27T16:25:53+05:30" level=info msg="Tool required for debug" tool="esp32:mkspiffs@0.2.3"
time="2025-10-27T16:25:53+05:30" level=info msg="Tool required for debug" tool="esp32:openocd-esp32@v0.12.0-esp32-20250707"
time="2025-10-27T16:25:53+05:30" level=info msg="Tool required for debug" tool="esp32:riscv32-esp-elf-gdb@16.3_20250913"
time="2025-10-27T16:25:53+05:30" level=info msg="Tool required for debug" tool="esp32:xtensa-esp-elf-gdb@16.3_20250913"
time="2025-10-27T16:25:53+05:30" level=info msg="Tool required for debug" tool="builtin:serial-discovery@1.4.1"
time="2025-10-27T16:25:53+05:30" level=info msg="Tool required for debug" tool="arduino:arduinoOTA@1.3.0"
time="2025-10-27T16:25:53+05:30" level=info msg="Tool required for debug" tool="builtin:dfu-discovery@0.1.2"
time="2025-10-27T16:25:53+05:30" level=info msg="Tool required for debug" tool="builtin:serial-monitor@0.15.0"
time="2025-10-27T16:25:53+05:30" level=info msg="Tool required for debug" tool="arduino:avr-gcc@7.3.0-atmel3.6.1-arduino7"
time="2025-10-27T16:25:53+05:30" level=info msg="Tool required for debug" tool="arduino:avrdude@6.3.0-arduino17"
time="2025-10-27T16:25:53+05:30" level=info msg="Tool required for debug" tool="builtin:ctags@5.8-arduino11"
time="2025-10-27T16:25:53+05:30" level=info msg="Tool required for debug" tool="builtin:mdns-discovery@1.0.9"
2025-10-27 16:25:53 2025-10-27T10:55:53.242Z daemon INFO time="2025-10-27T16:25:53+05:30" level=info msg="Tool required for debug" tool="arduino:dfu-util@0.11.0-arduino5"
time="2025-10-27T16:25:53+05:30" level=info msg="Tool required for debug" tool="esp32:esp-rv32@2507"
time="2025-10-27T16:25:53+05:30" level=info msg="Tool required for debug" tool="esp32:esp-x32@2507"
2025-10-27 16:25:53 2025-10-27T10:55:53.242Z daemon INFO time="2025-10-27T16:25:53+05:30" level=info msg="Tool required for debug" tool="esp32:esp32-arduino-libs@idf-release_v5.5-07e9bf49-v1"
time="2025-10-27T16:25:53+05:30" level=info msg="Tool required for debug" tool="esp32:esptool_py@5.1.0"
time="2025-10-27T16:25:53+05:30" level=info msg="Tool required for debug" tool="esp32:mklittlefs@4.0.2-db0513a"
time="2025-10-27T16:25:53+05:30" level=info msg="Tool required for debug" tool="esp32:mkspiffs@0.2.3"
time="2025-10-27T16:25:53+05:30" level=info msg="Tool required for debug" tool="esp32:openocd-esp32@v0.12.0-esp32-20250707"
time="2025-10-27T16:25:53+05:30" level=info msg="Tool required for debug" tool="esp32:riscv32-esp-elf-gdb@16.3_20250913"
time="2025-10-27T16:25:53+05:30" level=info msg="Tool required for debug" tool="esp32:xtensa-esp-elf-gdb@16.3_20250913"
time="2025-10-27T16:25:53+05:30" level=info msg="Tool required for debug" tool="arduino:arduinoOTA@1.3.0"
time="2025-10-27T16:25:53+05:30" level=info msg="Tool required for debug" tool="builtin:mdns-discovery@1.0.9"
time="2025-10-27T16:25:53+05:30" level=info msg="Tool required for debug" tool="arduino:avrdude@6.3.0-arduino17"
time="2025-10-27T16:25:53+05:30" level=info msg="Tool required for debug" tool="builtin:dfu-discovery@0.1.2"
time="2025-10-27T16:25:53+05:30" level=info msg="Tool required for debug" tool="builtin:serial-discovery@1.4.1"
time="2025-10-27T16:25:53+05:30" level=info msg="Tool required for debug" tool="builtin:ctags@5.8-arduino11"
2025-10-27 16:25:53 2025-10-27T10:55:53.242Z daemon INFO time="2025-10-27T16:25:53+05:30" level=info msg="Tool required for debug" tool="builtin:serial-monitor@0.15.0"
time="2025-10-27T16:25:53+05:30" level=info msg="Tool required for debug" tool="arduino:avr-gcc@7.3.0-atmel3.6.1-arduino7"
2025-10-27 16:25:53 2025-10-27T10:55:53.461Z daemon INFO time="2025-10-27T16:25:53+05:30" level=info msg="Tool required for debug" tool="arduino:dfu-util@0.11.0-arduino5"
time="2025-10-27T16:25:53+05:30" level=info msg="Tool required for debug" tool="esp32:esp-rv32@2507"
time="2025-10-27T16:25:53+05:30" level=info msg="Tool required for debug" tool="esp32:esp-x32@2507"
time="2025-10-27T16:25:53+05:30" level=info msg="Tool required for debug" tool="esp32:esp32-arduino-libs@idf-release_v5.5-07e9bf49-v1"
time="2025-10-27T16:25:53+05:30" level=info msg="Tool required for debug" tool="esp32:esptool_py@5.1.0"
time="2025-10-27T16:25:53+05:30" level=info msg="Tool required for debug" tool="esp32:mklittlefs@4.0.2-db0513a"
time="2025-10-27T16:25:53+05:30" level=info msg="Tool required for debug" tool="esp32:mkspiffs@0.2.3"
time="2025-10-27T16:25:53+05:30" level=info msg="Tool required for debug" tool="esp32:openocd-esp32@v0.12.0-esp32-20250707"
time="2025-10-27T16:25:53+05:30" level=info msg="Tool required for debug" tool="esp32:riscv32-esp-elf-gdb@16.3_20250913"
time="2025-10-27T16:25:53+05:30" level=info msg="Tool required for debug" tool="esp32:xtensa-esp-elf-gdb@16.3_20250913"
time="2025-10-27T16:25:53+05:30" level=info msg="Tool required for debug" tool="builtin:dfu-discovery@0.1.2"
time="2025-10-27T16:25:53+05:30" level=info msg="Tool required for debug" tool="builtin:ctags@5.8-arduino11"
time="2025-10-27T16:25:53+05:30" level=info msg="Tool required for debug" tool="arduino:arduinoOTA@1.3.0"
time="2025-10-27T16:25:53+05:30" level=info msg="Tool required for debug" tool="arduino:avr-gcc@7.3.0-atmel3.6.1-arduino7"
time="2025-10-27T16:25:53+05:30" level=info msg="Tool required for debug" tool="builtin:mdns-discovery@1.0.9"
time="2025-10-27T16:25:53+05:30" level=info msg="Tool required for debug" tool="builtin:serial-monitor@0.15.0"
time="2025-10-27T16:25:53+05:30" level=info msg="Tool required for debug" tool="builtin:serial-discovery@1.4.1"
time="2025-10-27T16:25:53+05:30" level=info msg="Tool required for debug" tool="arduino:avrdude@6.3.0-arduino17"
time="2025-10-27T16:25:53+05:30" level=info msg="Tool required for debug" tool="arduino:dfu-util@0.11.0-arduino5"
time="2025-10-27T16:25:53+05:30" level=info msg="Tool required for debug" tool="esp32:esp-rv32@2507"
time="2025-10-27T16:25:53+05:30" level=info msg="Tool required for debug" tool="esp32:esp-x32@2507"
time="2025-10-27T16:25:53+05:30" level=info msg="Tool required for debug" tool="esp32:esp32-arduino-libs@idf-release_v5.5-07e9bf49-v1"
time="2025-10-27T16:25:53+05:30" level=info msg="Tool required for debug" tool="esp32:esptool_py@5.1.0"
time="2025-10-27T16:25:53+05:30" level=info msg="Tool required for debug" tool="esp32:mklittlefs@4.0.2-db0513a"
time="2025-10-27T16:25:53+05:30" level=info msg="Tool required for debug" tool="esp32:mkspiffs@0.2.3"
time="2025-10-27T16:25:53+05:30" level=info msg="Tool required for debug" tool="esp32:openocd-esp32@v0.12.0-esp32-20250707"
time="2025-10-27T16:25:53+05:30" level=info msg="Tool required for debug" tool="esp32:riscv32-esp-elf-gdb@16.3_20250913"
time="2025-10-27T16:25:53+05:30" level=info msg="Tool required for debug" tool="esp32:xtensa-esp-elf-gdb@16.3_20250913"
time="2025-10-27T16:25:53+05:30" level=info msg="Tool required for debug" tool="builtin:dfu-discovery@0.1.2"
time="2025-10-27T16:25:53+05:30" level=info msg="Tool required for debug" tool="builtin:serial-monitor@0.15.0"
time="2025-10-27T16:25:53+05:30" level=info msg="Tool required for debug" tool="arduino:avrdude@6.3.0-arduino17"
time="2025-10-27T16:25:53+05:30" level=info msg="Tool required for debug" tool="arduino:arduinoOTA@1.3.0"
time="2025-10-27T16:25:53+05:30" level=info msg="Tool required for debug" tool="builtin:ctags@5.8-arduino11"
time="2025-10-27T16:25:53+05:30" level=info msg="Tool required for debug" tool="builtin:serial-discovery@1.4.1"
time="2025-10-27T16:25:53+05:30" level=info msg="Tool required for debug" tool="arduino:avr-gcc@7.3.0-atmel3.6.1-arduino7"
time="2025-10-27T16:25:53+05:30" level=info msg="Tool required for debug" tool="builtin:mdns-discovery@1.0.9"
time="2025-10-27T16:25:53+05:30" level=info msg="Tool required for debug" tool="arduino:dfu-util@0.11.0-arduino5"
time="2025-10-27T16:25:53+05:30" level=info msg="Tool required for debug" tool="esp32:esp-rv32@2507"
time="2025-10-27T16:25:53+05:30" level=info msg="Tool required for debug" tool="esp32:esp-x32@2507"
time="2025-10-27T16:25:53+05:30" level=info msg="Tool required for debug" tool="esp32:esp32-arduino-libs@idf-release_v5.5-07e9bf49-v1"
time="2025-10-27T16:25:53+05:30" level=info msg="Tool required for debug" tool="esp32:esptool_py@5.1.0"
time="2025-10-27T16:25:53+05:30" level=info msg="Tool required for debug" tool="esp32:mklittlefs@4.0.2-db0513a"
time="2025-10-27T16:25:53+05:30" level=info msg="Tool required for debug" tool="esp32:mkspiffs@0.2.3"
time="2025-10-27T16:25:53+05:30" level=info msg="Tool required for debug" tool="esp32:openocd-esp32@v0.12.0-esp32-20250707"
time="2025-10-27T16:25:53+05:30" level=info msg="Tool required for debug" tool="esp32:riscv32-esp-elf-gdb@16.3_20250913"
time="2025-10-27T16:25:53+05:30" level=info msg="Tool required for debug" tool="esp32:xtensa-esp-elf-gdb@16.3_20250913"
time="2025-10-27T16:25:53+05:30" level=info msg="Tool required for debug" tool="builtin:mdns-discovery@1.0.9"
time="2025-10-27T16:25:53+05:30" level=info msg="Tool required for debug" tool="builtin:serial-discovery@1.4.1"
time="2025-10-27T16:25:53+05:30" level=info msg="Tool required for debug" tool="arduino:arduinoOTA@1.3.0"
time="2025-10-27T16:25:53+05:30" level=info msg="Tool required for debug" tool="builtin:serial-monitor@0.15.0"
time="2025-10-27T16:25:53+05:30" level=info msg="Tool required for debug" tool="builtin:ctags@5.8-arduino11"
time="2025-10-27T16:25:53+05:30" level=info msg="Tool required for debug" tool="arduino:avr-gcc@7.3.0-atmel3.6.1-arduino7"
time="2025-10-27T16:25:53+05:30" level=info msg="Tool required for debug" tool="arduino:avrdude@6.3.0-arduino17"
time="2025-10-27T16:25:53+05:30" level=info msg="Tool required for debug" tool="builtin:dfu-discovery@0.1.2"
time="2025-10-27T16:25:53+05:30" level=info msg="Tool required for debug" tool="arduino:dfu-util@0.11.0-arduino5"
time="2025-10-27T16:25:53+05:30" level=info msg="Tool required for debug" tool="esp32:esp-rv32@2507"
time="2025-10-27T16:25:53+05:30" level=info msg="Tool required for debug" tool="esp32:esp-x32@2507"
time="2025-10-27T16:25:53+05:30" level=info msg="Tool required for debug" tool="esp32:esp32-arduino-libs@idf-release_v5.5-07e9bf49-v1"
time="2025-10-27T16:25:53+05:30" level=info msg="Tool required for debug" tool="esp32:esptool_py@5.1.0"
time="2025-10-27T16:25:53+05:30" level=info msg="Tool required for debug" tool="esp32:mklittlefs@4.0.2-db0513a"
time="2025-10-27T16:25:53+05:30" level=info msg="Tool required for debug" tool="esp32:mkspiffs@0.2.3"
time="2025-10-27T16:25:53+05:30" level=info msg="Tool required for debug" tool="esp32:openocd-esp32@v0.12.0-esp32-20250707"
time="2025-10-27T16:25:53+05:30" level=info msg="Tool required for debug" tool="esp32:riscv32-esp-elf-gdb@16.3_20250913"
time="2025-10-27T16:25:53+05:30" level=info msg="Tool required for debug" tool="esp32:xtensa-esp-elf-gdb@16.3_20250913"
time="2025-10-27T16:25:53+05:30" level=info msg="Tool required for debug" tool="arduino:avrdude@6.3.0-arduino17"
time="2025-10-27T16:25:53+05:30" level=info msg="Tool required for debug" tool="arduino:avr-gcc@7.3.0-atmel3.6.1-arduino7"
time="2025-10-27T16:25:53+05:30" level=info msg="Tool required for debug" tool="arduino:arduinoOTA@1.3.0"
time="2025-10-27T16:25:53+05:30" level=info msg="Tool required for debug" tool="builtin:dfu-discovery@0.1.2"
time="2025-10-27T16:25:53+05:30" level=info msg="Tool required for debug" tool="builtin:serial-monitor@0.15.0"
time="2025-10-27T16:25:53+05:30" level=info msg="Tool required for debug" tool="builtin:ctags@5.8-arduino11"
time="2025-10-27T16:25:53+05:30" level=info msg="Tool required for debug" tool="builtin:mdns-discovery@1.0.9"
time="2025-10-27T16:25:53+05:30" level=info msg="Tool required for debug" tool="builtin:serial-discovery@1.4.1"
time="2025-10-27T16:25:53+05:30" level=info msg="Tool required for debug" tool="arduino:dfu-util@0.11.0-arduino5"
time="2025-10-27T16:25:53+05:30" level=info msg="Tool required for debug" tool="esp32:esp-rv32@2507"
time="2025-10-27T16:25:53+05:30" level=info msg="Tool required for debug" tool="esp32:esp-x32@2507"
time="2025-10-27T16:25:53+05:30" level=info msg="Tool required for debug" tool="esp32:esp32-arduino-libs@idf-release_v5.5-07e9bf49-v1"
time="2025-10-27T16:25:53+05:30" level=info msg="Tool required for debug" tool="esp32:esptool_py@5.1.0"
time="2025-10-27T16:25:53+05:30" level=info msg="Tool required for debug" tool="esp32:mklittlefs@4.0.2-db0513a"
time="2025-10-27T16:25:53+05:30" level=info msg="Tool required for debug" tool="esp32:mkspiffs@0.2.3"
time="2025-10-27T16:25:53+05:30" level=info msg="Tool required for debug" tool="esp32:openocd-esp32@v0.12.0-esp32-20250707"
time="2025-10-27T16:25:53+05:30" level=info msg="Tool required for debug" tool="esp32:riscv32-esp-elf-gdb@16.3_20250913"
time="2025-10-27T16:25:53+05:30" level=info msg="Tool required for debug" tool="esp32:xtensa-esp-elf-gdb@16.3_20250913"
time="2025-10-27T16:25:53+05:30" level=info msg="Tool required for debug" tool="arduino:arduinoOTA@1.3.0"
time="2025-10-27T16:25:53+05:30" level=info msg="Tool required for debug" tool="arduino:avrdude@6.3.0-arduino17"
time="2025-10-27T16:25:53+05:30" level=info msg="Tool required for debug" tool="builtin:mdns-discovery@1.0.9"
time="2025-10-27T16:25:53+05:30" level=info msg="Tool required for debug" tool="builtin:serial-discovery@1.4.1"
time="2025-10-27T16:25:53+05:30" level=info msg="Tool required for debug" tool="builtin:serial-monitor@0.15.0"
time="2025-10-27T16:25:53+05:30" level=info msg="Tool required for debug" tool="builtin:ctags@5.8-arduino11"
time="2025-10-27T16:25:53+05:30" level=info msg="Tool required for debug" tool="builtin:dfu-discovery@0.1.2"
time="2025-10-27T16:25:53+05:30" level=info msg="Tool required for debug" tool="arduino:avr-gcc@7.3.0-atmel3.6.1-arduino7"
time="2025-10-27T16:25:53+05:30" level=info msg="Tool required for debug" tool="arduino:dfu-util@0.11.0-arduino5"
time="2025-10-27T16:25:53+05:30" level=info msg="Tool required for debug" tool="esp32:esp-rv32@2507"
time="2025-10-27T16:25:53+05:30" level=info msg="Tool required for debug" tool="esp32:esp-x32@2507"
time="2025-10-27T16:25:53+05:30" level=info msg="Tool required for debug" tool="esp32:esp32-arduino-libs@idf-release_v5.5-07e9bf49-v1"
time="2025-10-27T16:25:53+05:30" level=info msg="Tool required for debug" tool="esp32:esptool_py@5.1.0"
time="2025-10-27T16:25:53+05:30" level=info msg="Tool required for debug" tool="esp32:mklittlefs@4.0.2-db0513a"
time="2025-10-27T16:25:53+05:30" level=info msg="Tool required for debug" tool="esp32:mkspiffs@0.2.3"
time="2025-10-27T16:25:53+05:30" level=info msg="Tool required for debug" tool="esp32:openocd-esp32@v0.12.0-esp32-20250707"
time="2025-10-27T16:25:53+05:30" level=info msg="Tool required for debug" tool="esp32:riscv32-esp-elf-gdb@16.3_20250913"
time="2025-10-27T16:25:53+05:30" level=info msg="Tool required for debug" tool="esp32:xtensa-esp-elf-gdb@16.3_20250913"
time="2025-10-27T16:25:53+05:30" level=info msg="Tool required for debug" tool="arduino:arduinoOTA@1.3.0"
time="2025-10-27T16:25:53+05:30" level=info msg="Tool required for debug" tool="builtin:dfu-discovery@0.1.2"
time="2025-10-27T16:25:53+05:30" level=info msg="Tool required for debug" tool="arduino:avr-gcc@7.3.0-atmel3.6.1-arduino7"
time="2025-10-27T16:25:53+05:30" level=info msg="Tool required for debug" tool="arduino:avrdude@6.3.0-arduino17"
time="2025-10-27T16:25:53+05:30" level=info msg="Tool required for debug" tool="builtin:serial-discovery@1.4.1"
time="2025-10-27T16:25:53+05:30" level=info msg="Tool required for debug" tool="builtin:mdns-discovery@1.0.9"
time="2025-10-27T16:25:53+05:30" level=info msg="Tool required for debug" tool="builtin:serial-monitor@0.15.0"
time="2025-10-27T16:25:53+05:30" level=info msg="Tool required for debug" tool="builtin:ctags@5.8-arduino11"
time="2025-10-27T16:25:53+05:30" level=info msg="Tool required for debug" tool="arduino:dfu-util@0.11.0-arduino5"
time="2025-10-27T16:25:53+05:30" level=info msg="Tool required for debug" tool="esp32:esp-rv32@2507"
time="2025-10-27T16:25:53+05:30" level=info msg="Tool required for debug" tool="esp32:esp-x32@2507"
time="2025-10-27T16:25:53+05:30" level=info msg="Tool required for debug" tool="esp32:esp32-arduino-libs@idf-release_v5.5-07e9bf49-v1"
time="2025-10-27T16:25:53+05:30" level=info msg="Tool required for debug" tool="esp32:esptool_py@5.1.0"
time="2025-10-27T16:25:53+05:30" level=info msg="Tool required for debug" tool="esp32:mklittlefs@4.0.2-db0513a"
time="2025-10-27T16:25:53+05:30" level=info msg="Tool required for debug" tool="esp32:mkspiffs@0.2.3"
time="2025-10-27T16:25:53+05:30" level=info msg="Tool required for debug" tool="esp32:openocd-esp32@v0.12.0-esp32-20250707"
time="2025-10-27T16:25:53+05:30" level=info msg="Tool required for debug" tool="esp32:riscv32-esp-elf-gdb@16.3_20250913"
time="2025-10-27T16:25:53+05:30" level=info msg="Tool required for debug" tool="esp32:xtensa-esp-elf-gdb@16.3_20250913"
time="2025-10-27T16:25:53+05:30" level=info msg="Tool required for debug" tool="builtin:serial-monitor@0.15.0"
time="2025-10-27T16:25:53+05:30" level=info msg="Tool required for debug" tool="builtin:ctags@5.8-arduino11"
time="2025-10-27T16:25:53+05:30" level=info msg="Tool required for debug" tool="builtin:dfu-discovery@0.1.2"
time="2025-10-27T16:25:53+05:30" level=info msg="Tool required for debug" tool="builtin:mdns-discovery@1.0.9"
time="2025-10-27T16:25:53+05:30" level=info msg="Tool required for debug" tool="builtin:serial-discovery@1.4.1"
time="2025-10-27T16:25:53+05:30" level=info msg="Tool required for debug" tool="arduino:avrdude@6.3.0-arduino17"
time="2025-10-27T16:25:53+05:30" level=info msg="Tool required for debug" tool="arduino:arduinoOTA@1.3.0"
time="2025-10-27T16:25:53+05:30" level=info msg="Tool required for debug" tool="arduino:avr-gcc@7.3.0-atmel3.6.1-arduino7"
time="2025-10-27T16:25:53+05:30" level=info msg="Tool required for debug" tool="arduino:dfu-util@0.11.0-arduino5"
time="2025-10-27T16:25:53+05:30" level=info msg="Tool required for debug" tool="esp32:esp-rv32@2507"
time="2025-10-27T16:25:53+05:30" level=info msg="Tool required for debug" tool="esp32:esp-x32@2507"
time="2025-10-27T16:25:53+05:30" level=info msg="Tool required for debug" tool="esp32:esp32-arduino-libs@idf-release_v5.5-07e9bf49-v1"
time="2025-10-27T16:25:53+05:30" level=info msg="Tool required for debug" tool="esp32:esptool_py@5.1.0"
time="2025-10-27T16:25:53+05:30" level=info msg="Tool required for debug" tool="esp32:mklittlefs@4.0.2-db0513a"
time="2025-10-27T16:25:53+05:30" level=info msg="Tool required for debug" tool="esp32:mkspiffs@0.2.3"
time="2025-10-27T16:25:53+05:30" level=info msg="Tool required for debug" tool="esp32:openocd-esp32@v0.12.0-esp32-20250707"
time="2025-10-27T16:25:53+05:30" level=info msg="Tool required for debug" tool="esp32:riscv32-esp-elf-gdb@16.3_20250913"
time="2025-10-27T16:25:53+05:30" level=info msg="Tool required for debug" tool="esp32:xtensa-esp-elf-gdb@16.3_20250913"
time="2025-10-27T16:25:53+05:30" level=info msg="Tool required for debug" tool="arduino:avrdude@6.3.0-arduino17"
time="2025-10-27T16:25:53+05:30" level=info msg="Tool required for debug" tool="arduino:arduinoOTA@1.3.0"
time="2025-10-27T16:25:53+05:30" level=info msg="Tool required for debug" tool="builtin:serial-discovery@1.4.1"
time="2025-10-27T16:25:53+05:30" level=info msg="Tool required for debug" tool="arduino:avr-gcc@7.3.0-atmel3.6.1-arduino7"
time="2025-10-27T16:25:53+05:30" level=info msg="Tool required for debug" tool="builtin:ctags@5.8-arduino11"
time="2025-10-27T16:25:53+05:30" level=info msg="Tool required for debug" tool="builtin:dfu-discovery@0.1.2"
time="2025-10-27T16:25:53+05:30" level=info msg="Tool required for debug" tool="builtin:serial-monitor@0.15.0"
time="2025-10-27T16:25:53+05:30" level=info msg="Tool required for debug" tool="builtin:mdns-discovery@1.0.9"
time="2025-10-27T16:25:53+05:30" level=info msg="Tool required for debug" tool="arduino:dfu-util@0.11.0-arduino5"
time="2025-10-27T16:25:53+05:30" level=info msg="Tool required for debug" tool="esp32:esp-rv32@2507"
time="2025-10-27T16:25:53+05:30" level=info msg="Tool required for debug" tool="esp32:esp-x32@2507"
time="2025-10-27T16:25:53+05:30" level=info msg="Tool required for debug" tool="esp32:esp32-arduino-libs@idf-release_v5.5-07e9bf49-v1"
time="2025-10-27T16:25:53+05:30" level=info msg="Tool required for debug" tool="esp32:esptool_py@5.1.0"
time="2025-10-27T16:25:53+05:30" level=info msg="Tool required for debug" tool="esp32:mklittlefs@4.0.2-db0513a"
time="2025-10-27T16:25:53+05:30" level=info msg="Tool required for debug" tool="esp32:mkspiffs@0.2.3"
time="2025-10-27T16:25:53+05:30" level=info msg="Tool required for debug" tool="esp32:openocd-esp32@v0.12.0-esp32-20250707"
time="2025-10-27T16:25:53+05:30" level=info msg="Tool required for debug" tool="esp32:riscv32-esp-elf-gdb@16.3_20250913"
time="2025-10-27T16:25:53+05:30" level=info msg="Tool required for debug" tool="esp32:xtensa-esp-elf-gdb@16.3_20250913"
time="2025-10-27T16:25:53+05:30" level=info msg="Tool required for debug" tool="builtin:serial-discovery@1.4.1"
time="2025-10-27T16:25:53+05:30" level=info msg="Tool required for debug" tool="arduino:avr-gcc@7.3.0-atmel3.6.1-arduino7"
time="2025-10-27T16:25:53+05:30" level=info msg="Tool required for debug" tool="builtin:mdns-discovery@1.0.9"
time="2025-10-27T16:25:53+05:30" level=info msg="Tool required for debug" tool="arduino:avrdude@6.3.0-arduino17"
time="2025-10-27T16:25:53+05:30" level=info msg="Tool required for debug" tool="arduino:arduinoOTA@1.3.0"
time="2025-10-27T16:25:53+05:30" level=info msg="Tool required for debug" tool="builtin:serial-monitor@0.15.0"
time="2025-10-27T16:25:53+05:30" level=info msg="Tool required for debug" tool="builtin:dfu-discovery@0.1.2"
time="2025-10-27T16:25:53+05:30" level=info msg="Tool required for debug" tool="builtin:ctags@5.8-arduino11"
time="2025-10-27T16:25:53+05:30" level=info msg="Tool required for debug" tool="arduino:dfu-util@0.11.0-arduino5"
time="2025-10-27T16:25:53+05:30" level=info msg="Tool required for debug" tool="esp32:esp-rv32@2507"
time="2025-10-27T16:25:53+05:30" level=info msg="Tool required for debug" tool="esp32:esp-x32@2507"
time="2025-10-27T16:25:53+05:30" level=info msg="Tool required for debug" tool="esp32:esp32-arduino-libs@idf-release_v5.5-07e9bf49-v1"
time="2025-10-27T16:25:53+05:30" level=info msg="Tool required for debug" tool="esp32:esptool_py@5.1.0"
time="2025-10-27T16:25:53+05:30" level=info msg="Tool required for debug" tool="esp32:mklittlefs@4.0.2-db0513a"
time="2025-10-27T16:25:53+05:30" level=info msg="Tool required for debug" tool="esp32:mkspiffs@0.2.3"
time="2025-10-27T16:25:53+05:30" level=info msg="Tool required for debug" tool="esp32:openocd-esp32@v0.12.0-esp32-20250707"
time="2025-10-27T16:25:53+05:30" level=info msg="Tool required for debug" tool="esp32:riscv32-esp-elf-gdb@16.3_20250913"
time="2025-10-27T16:25:53+05:30" level=info msg="Tool required for debug" tool="esp32:xtensa-esp-elf-gdb@16.3_20250913"
time="2025-10-27T16:25:53+05:30" level=info msg="Tool required for debug" tool="arduino:arduinoOTA@1.3.0"
time="2025-10-27T16:25:53+05:30" level=info msg="Tool required for debug" tool="builtin:mdns-discovery@1.0.9"
time="2025-10-27T16:25:53+05:30" level=info msg="Tool required for debug" tool="builtin:serial-monitor@0.15.0"
time="2025-10-27T16:25:53+05:30" level=info msg="Tool required for debug" tool="arduino:avrdude@6.3.0-arduino17"
time="2025-10-27T16:25:53+05:30" level=info msg="Tool required for debug" tool="builtin:ctags@5.8-arduino11"
time="2025-10-27T16:25:53+05:30" level=info msg="Tool required for debug" tool="builtin:serial-discovery@1.4.1"
time="2025-10-27T16:25:53+05:30" level=info msg="Tool required for debug" tool="arduino:avr-gcc@7.3.0-atmel3.6.1-arduino7"
time="2025-10-27T16:25:53+05:30" level=info msg="Tool required for debug" tool="builtin:dfu-discovery@0.1.2"
time="2025-10-27T16:25:53+05:30" level=info msg="Tool required for debug" tool="arduino:dfu-util@0.11.0-arduino5"
time="2025-10-27T16:25:53+05:30" level=info msg="Tool required for debug" tool="esp32:esp-rv32@2507"
time="2025-10-27T16:25:53+05:30" level=info msg="Tool required for debug" tool="esp32:esp-x32@2507"
time="2025-10-27T16:25:53+05:30" level=info msg="Tool required for debug" tool="esp32:esp32-arduino-libs@idf-release_v5.5-07e9bf49-v1"
time="2025-10-27T16:25:53+05:30" level=info msg="Tool required for debug" tool="esp32:esptool_py@5.1.0"
time="2025-10-27T16:25:53+05:30" level=info msg="Tool required for debug" tool="esp32:mklittlefs@4.0.2-db0513a"
time="2025-10-27T16:25:53+05:30" level=info msg="Tool required for debug" tool="esp32:mkspiffs@0.2.3"
time="2025-10-27T16:25:53+05:30" level=info msg="Tool required for debug" tool="esp32:openocd-esp32@v0.12.0-esp32-20250707"
time="2025-10-27T16:25:53+05:30" level=info msg="Tool required for debug" tool="esp32:riscv32-esp-elf-gdb@16.3_20250913"
time="2025-10-27T16:25:53+05:30" level=info msg="Tool required for debug" tool="esp32:xtensa-esp-elf-gdb@16.3_20250913"
time="2025-10-27T16:25:53+05:30" level=info msg="Tool required for debug" tool="arduino:arduinoOTA@1.3.0"
time="2025-10-27T16:25:53+05:30" level=info msg="Tool required for debug" tool="arduino:avrdude@6.3.0-arduino17"
time="2025-10-27T16:25:53+05:30" level=info msg="Tool required for debug" tool="builtin:serial-discovery@1.4.1"
time="2025-10-27T16:25:53+05:30" level=info msg="Tool required for debug" tool="builtin:dfu-discovery@0.1.2"
time="2025-10-27T16:25:53+05:30" level=info msg="Tool required for debug" tool="builtin:mdns-discovery@1.0.9"
time="2025-10-27T16:25:53+05:30" level=info msg="Tool required for debug" tool="arduino:avr-gcc@7.3.0-atmel3.6.1-arduino7"
time="2025-10-27T16:25:53+05:30" level=info msg="Tool required for debug" tool="builtin:serial-monitor@0.15.0"
time="2025-10-27T16:25:53+05:30" level=info msg="Tool required for debug" tool="builtin:ctags@5.8-arduino11"
2025-10-27 16:25:53 2025-10-27T10:55:53.733Z root ERROR ---- !!!SLOW!!! DURATION: search took 1001.034 ms. Args: [{"type":"Updatable"}] ----
2025-10-27 16:25:53 2025-10-27T10:55:53.735Z root INFO Starting language server: esp32:esp32:esp32:UploadSpeed=921600,CPUFreq=240,FlashFreq=80,FlashMode=qio,FlashSize=4M,PartitionScheme=default,DebugLevel=none,PSRAM=disabled,LoopCore=1,EventsCore=1,EraseFlash=none,JTAGAdapter=default,ZigbeeMode=default
2025-10-27 16:25:53 2025-10-27T10:55:53.757Z root INFO [hosted-plugin: 1901] PLUGIN_HOST(1901): PluginManagerExtImpl/loadPlugin(/tmp/.mount_arduinlgrRiK/resources/app/plugins/vscode-arduino-tools/extension/dist/extension.js)
2025-10-27 16:25:53 2025-10-27T10:55:53.791Z root INFO [hosted-plugin: 1901] calling activation function on VS Code Arduino Tools
2025-10-27 16:25:54 2025-10-27T10:55:54.030Z daemon INFO time="2025-10-27T16:25:54+05:30" level=info msg="Adding libraries dir" dir=/home/kamal/.arduino15/libraries isSingleLibrary=false location=ide
time="2025-10-27T16:25:54+05:30" level=info msg="Adding libraries dir" dir=/home/kamal/.arduino15/packages/esp32/hardware/esp32/3.3.2/libraries isSingleLibrary=false location=platform
time="2025-10-27T16:25:54+05:30" level=info msg="Adding libraries dir" dir=/home/kamal/Arduino/libraries isSingleLibrary=false location=user
2025-10-27 16:25:54 2025-10-27T10:55:54.109Z fwuploader ERROR Error: Process exited with exit code: 1
    at ChildProcess.<anonymous> (/tmp/.mount_arduinlgrRiK/resources/app/lib/backend/main.js:2:654957)
    at ChildProcess.emit (node:events:519:28)
    at ChildProcess._handle.onexit (node:internal/child_process:294:12)
2025-10-27 16:25:54 Update for version 2.3.6 is not available (latest version: 2.3.6, downgrade is allowed).
2025-10-27 16:25:55 2025-10-27T10:55:55.756Z daemon INFO time="2025-10-27T16:25:55+05:30" level=info msg="Adding libraries dir" dir=/home/kamal/.arduino15/libraries isSingleLibrary=false location=ide
time="2025-10-27T16:25:55+05:30" level=info msg="Adding libraries dir" dir=/home/kamal/.arduino15/packages/esp32/hardware/esp32/3.3.2/libraries isSingleLibrary=false location=platform
2025-10-27 16:25:55 2025-10-27T10:55:55.756Z daemon INFO time="2025-10-27T16:25:55+05:30" level=info msg="Adding libraries dir" dir=/home/kamal/Arduino/libraries isSingleLibrary=false location=user
2025-10-27 16:25:56 2025-10-27T10:55:56.447Z daemon INFO time="2025-10-27T16:25:56+05:30" level=info msg="Adding libraries dir" dir=/home/kamal/.arduino15/libraries isSingleLibrary=false location=ide
time="2025-10-27T16:25:56+05:30" level=info msg="Adding libraries dir" dir=/home/kamal/.arduino15/packages/esp32/hardware/esp32/3.3.2/libraries isSingleLibrary=false location=platform
2025-10-27 16:25:56 2025-10-27T10:55:56.447Z daemon INFO time="2025-10-27T16:25:56+05:30" level=info msg="Adding libraries dir" dir=/home/kamal/Arduino/libraries isSingleLibrary=false location=user
2025-10-27 16:26:01 2025-10-27T10:56:01.443Z root INFO Executing 'arduino.languageserver.notifyBuildDidComplete' with "file:///home/kamal/.cache/arduino/sketches/8375198618DC8069A0CF7438FEEC5EDC"
2025-10-27 16:26:01 2025-10-27T10:56:01.449Z daemon INFO time="2025-10-27T16:26:01+05:30" level=error msg="Upload port detection failed, watcher closed" task=port_detection
2025-10-27 16:26:01 2025-10-27T10:56:01.552Z daemon INFO time="2025-10-27T16:26:01+05:30" level=info msg="Tool required for debug" tool="arduino:dfu-util@0.11.0-arduino5"
time="2025-10-27T16:26:01+05:30" level=info msg="Tool required for debug" tool="esp32:esp-rv32@2507"
time="2025-10-27T16:26:01+05:30" level=info msg="Tool required for debug" tool="esp32:esp-x32@2507"
2025-10-27 16:26:01 2025-10-27T10:56:01.553Z daemon INFO time="2025-10-27T16:26:01+05:30" level=info msg="Tool required for debug" tool="esp32:esp32-arduino-libs@idf-release_v5.5-07e9bf49-v1"
time="2025-10-27T16:26:01+05:30" level=info msg="Tool required for debug" tool="esp32:esptool_py@5.1.0"
time="2025-10-27T16:26:01+05:30" level=info msg="Tool required for debug" tool="esp32:mklittlefs@4.0.2-db0513a"
time="2025-10-27T16:26:01+05:30" level=info msg="Tool required for debug" tool="esp32:mkspiffs@0.2.3"
time="2025-10-27T16:26:01+05:30" level=info msg="Tool required for debug" tool="esp32:openocd-esp32@v0.12.0-esp32-20250707"
time="2025-10-27T16:26:01+05:30" level=info msg="Tool required for debug" tool="esp32:riscv32-esp-elf-gdb@16.3_20250913"
time="2025-10-27T16:26:01+05:30" level=info msg="Tool required for debug" tool="esp32:xtensa-esp-elf-gdb@16.3_20250913"
time="2025-10-27T16:26:01+05:30" level=info msg="Tool required for debug" tool="arduino:avrdude@6.3.0-arduino17"
time="2025-10-27T16:26:01+05:30" level=info msg="Tool required for debug" tool="builtin:ctags@5.8-arduino11"
time="2025-10-27T16:26:01+05:30" level=info msg="Tool required for debug" tool="builtin:dfu-discovery@0.1.2"
time="2025-10-27T16:26:01+05:30" level=info msg="Tool required for debug" tool="arduino:arduinoOTA@1.3.0"
time="2025-10-27T16:26:01+05:30" level=info msg="Tool required for debug" tool="builtin:mdns-discovery@1.0.9"
time="2025-10-27T16:26:01+05:30" level=info msg="Tool required for debug" tool="arduino:avr-gcc@7.3.0-atmel3.6.1-arduino7"
time="2025-10-27T16:26:01+05:30" level=info msg="Tool required for debug" tool="builtin:serial-monitor@0.15.0"
time="2025-10-27T16:26:01+05:30" level=info msg="Tool required for debug" tool="builtin:serial-discovery@1.4.1"
2025-10-27 16:26:01 2025-10-27T10:56:01.555Z daemon INFO time="2025-10-27T16:26:01+05:30" level=info msg="Tool required for debug" tool="arduino:dfu-util@0.11.0-arduino5"
time="2025-10-27T16:26:01+05:30" level=info msg="Tool required for debug" tool="esp32:esp-rv32@2507"
time="2025-10-27T16:26:01+05:30" level=info msg="Tool required for debug" tool="esp32:esp-x32@2507"
time="2025-10-27T16:26:01+05:30" level=info msg="Tool required for debug" tool="esp32:esp32-arduino-libs@idf-release_v5.5-07e9bf49-v1"
time="2025-10-27T16:26:01+05:30" level=info msg="Tool required for debug" tool="esp32:esptool_py@5.1.0"
time="2025-10-27T16:26:01+05:30" level=info msg="Tool required for debug" tool="esp32:mklittlefs@4.0.2-db0513a"
time="2025-10-27T16:26:01+05:30" level=info msg="Tool required for debug" tool="esp32:mkspiffs@0.2.3"
2025-10-27 16:26:01 2025-10-27T10:56:01.555Z daemon INFO time="2025-10-27T16:26:01+05:30" level=info msg="Tool required for debug" tool="esp32:openocd-esp32@v0.12.0-esp32-20250707"
time="2025-10-27T16:26:01+05:30" level=info msg="Tool required for debug" tool="esp32:riscv32-esp-elf-gdb@16.3_20250913"
time="2025-10-27T16:26:01+05:30" level=info msg="Tool required for debug" tool="esp32:xtensa-esp-elf-gdb@16.3_20250913"
time="2025-10-27T16:26:01+05:30" level=info msg="Tool required for debug" tool="arduino:avrdude@6.3.0-arduino17"
time="2025-10-27T16:26:01+05:30" level=info msg="Tool required for debug" tool="builtin:ctags@5.8-arduino11"
time="2025-10-27T16:26:01+05:30" level=info msg="Tool required for debug" tool="arduino:avr-gcc@7.3.0-atmel3.6.1-arduino7"
time="2025-10-27T16:26:01+05:30" level=info msg="Tool required for debug" tool="arduino:arduinoOTA@1.3.0"
time="2025-10-27T16:26:01+05:30" level=info msg="Tool required for debug" tool="builtin:serial-monitor@0.15.0"
time="2025-10-27T16:26:01+05:30" level=info msg="Tool required for debug" tool="builtin:dfu-discovery@0.1.2"
time="2025-10-27T16:26:01+05:30" level=info msg="Tool required for debug" tool="builtin:mdns-discovery@1.0.9"
time="2025-10-27T16:26:01+05:30" level=info msg="Tool required for debug" tool="builtin:serial-discovery@1.4.1"
2025-10-27 16:26:01 2025-10-27T10:56:01.557Z daemon INFO time="2025-10-27T16:26:01+05:30" level=info msg="Tool required for debug" tool="arduino:dfu-util@0.11.0-arduino5"
time="2025-10-27T16:26:01+05:30" level=info msg="Tool required for debug" tool="esp32:esp-rv32@2507"
time="2025-10-27T16:26:01+05:30" level=info msg="Tool required for debug" tool="esp32:esp-x32@2507"
time="2025-10-27T16:26:01+05:30" level=info msg="Tool required for debug" tool="esp32:esp32-arduino-libs@idf-release_v5.5-07e9bf49-v1"
time="2025-10-27T16:26:01+05:30" level=info msg="Tool required for debug" tool="esp32:esptool_py@5.1.0"
time="2025-10-27T16:26:01+05:30" level=info msg="Tool required for debug" tool="esp32:mklittlefs@4.0.2-db0513a"
time="2025-10-27T16:26:01+05:30" level=info msg="Tool required for debug" tool="esp32:mkspiffs@0.2.3"
time="2025-10-27T16:26:01+05:30" level=info msg="Tool required for debug" tool="esp32:openocd-esp32@v0.12.0-esp32-20250707"
time="2025-10-27T16:26:01+05:30" level=info msg="Tool required for debug" tool="esp32:riscv32-esp-elf-gdb@16.3_20250913"
time="2025-10-27T16:26:01+05:30" level=info msg="Tool required for debug" tool="esp32:xtensa-esp-elf-gdb@16.3_20250913"
time="2025-10-27T16:26:01+05:30" level=info msg="Tool required for debug" tool="builtin:dfu-discovery@0.1.2"
2025-10-27 16:26:01 2025-10-27T10:56:01.557Z daemon INFO time="2025-10-27T16:26:01+05:30" level=info msg="Tool required for debug" tool="builtin:serial-discovery@1.4.1"
time="2025-10-27T16:26:01+05:30" level=info msg="Tool required for debug" tool="builtin:serial-monitor@0.15.0"
time="2025-10-27T16:26:01+05:30" level=info msg="Tool required for debug" tool="arduino:arduinoOTA@1.3.0"
time="2025-10-27T16:26:01+05:30" level=info msg="Tool required for debug" tool="builtin:ctags@5.8-arduino11"
time="2025-10-27T16:26:01+05:30" level=info msg="Tool required for debug" tool="arduino:avr-gcc@7.3.0-atmel3.6.1-arduino7"
time="2025-10-27T16:26:01+05:30" level=info msg="Tool required for debug" tool="arduino:avrdude@6.3.0-arduino17"
time="2025-10-27T16:26:01+05:30" level=info msg="Tool required for debug" tool="builtin:mdns-discovery@1.0.9"
2025-10-27 16:26:01 2025-10-27T10:56:01.559Z daemon INFO time="2025-10-27T16:26:01+05:30" level=info msg="Tool required for debug" tool="arduino:dfu-util@0.11.0-arduino5"
time="2025-10-27T16:26:01+05:30" level=info msg="Tool required for debug" tool="esp32:esp-rv32@2507"
time="2025-10-27T16:26:01+05:30" level=info msg="Tool required for debug" tool="esp32:esp-x32@2507"
time="2025-10-27T16:26:01+05:30" level=info msg="Tool required for debug" tool="esp32:esp32-arduino-libs@idf-release_v5.5-07e9bf49-v1"
time="2025-10-27T16:26:01+05:30" level=info msg="Tool required for debug" tool="esp32:esptool_py@5.1.0"
time="2025-10-27T16:26:01+05:30" level=info msg="Tool required for debug" tool="esp32:mklittlefs@4.0.2-db0513a"
time="2025-10-27T16:26:01+05:30" level=info msg="Tool required for debug" tool="esp32:mkspiffs@0.2.3"
time="2025-10-27T16:26:01+05:30" level=info msg="Tool required for debug" tool="esp32:openocd-esp32@v0.12.0-esp32-20250707"
2025-10-27 16:26:01 2025-10-27T10:56:01.560Z daemon INFO time="2025-10-27T16:26:01+05:30" level=info msg="Tool required for debug" tool="esp32:riscv32-esp-elf-gdb@16.3_20250913"
time="2025-10-27T16:26:01+05:30" level=info msg="Tool required for debug" tool="esp32:xtensa-esp-elf-gdb@16.3_20250913"
time="2025-10-27T16:26:01+05:30" level=info msg="Tool required for debug" tool="arduino:arduinoOTA@1.3.0"
time="2025-10-27T16:26:01+05:30" level=info msg="Tool required for debug" tool="arduino:avrdude@6.3.0-arduino17"
time="2025-10-27T16:26:01+05:30" level=info msg="Tool required for debug" tool="builtin:dfu-discovery@0.1.2"
time="2025-10-27T16:26:01+05:30" level=info msg="Tool required for debug" tool="builtin:serial-discovery@1.4.1"
time="2025-10-27T16:26:01+05:30" level=info msg="Tool required for debug" tool="builtin:mdns-discovery@1.0.9"
time="2025-10-27T16:26:01+05:30" level=info msg="Tool required for debug" tool="arduino:avr-gcc@7.3.0-atmel3.6.1-arduino7"
time="2025-10-27T16:26:01+05:30" level=info msg="Tool required for debug" tool="builtin:serial-monitor@0.15.0"
time="2025-10-27T16:26:01+05:30" level=info msg="Tool required for debug" tool="builtin:ctags@5.8-arduino11"
2025-10-27 16:26:01 2025-10-27T10:56:01.562Z daemon INFO time="2025-10-27T16:26:01+05:30" level=info msg="Tool required for debug" tool="arduino:dfu-util@0.11.0-arduino5"
time="2025-10-27T16:26:01+05:30" level=info msg="Tool required for debug" tool="esp32:esp-rv32@2507"
time="2025-10-27T16:26:01+05:30" level=info msg="Tool required for debug" tool="esp32:esp-x32@2507"
time="2025-10-27T16:26:01+05:30" level=info msg="Tool required for debug" tool="esp32:esp32-arduino-libs@idf-release_v5.5-07e9bf49-v1"
time="2025-10-27T16:26:01+05:30" level=info msg="Tool required for debug" tool="esp32:esptool_py@5.1.0"
time="2025-10-27T16:26:01+05:30" level=info msg="Tool required for debug" tool="esp32:mklittlefs@4.0.2-db0513a"
time="2025-10-27T16:26:01+05:30" level=info msg="Tool required for debug" tool="esp32:mkspiffs@0.2.3"
time="2025-10-27T16:26:01+05:30" level=info msg="Tool required for debug" tool="esp32:openocd-esp32@v0.12.0-esp32-20250707"
2025-10-27 16:26:01 2025-10-27T10:56:01.562Z daemon INFO time="2025-10-27T16:26:01+05:30" level=info msg="Tool required for debug" tool="esp32:riscv32-esp-elf-gdb@16.3_20250913"
time="2025-10-27T16:26:01+05:30" level=info msg="Tool required for debug" tool="esp32:xtensa-esp-elf-gdb@16.3_20250913"
time="2025-10-27T16:26:01+05:30" level=info msg="Tool required for debug" tool="builtin:serial-discovery@1.4.1"
time="2025-10-27T16:26:01+05:30" level=info msg="Tool required for debug" tool="arduino:arduinoOTA@1.3.0"
time="2025-10-27T16:26:01+05:30" level=info msg="Tool required for debug" tool="builtin:dfu-discovery@0.1.2"
time="2025-10-27T16:26:01+05:30" level=info msg="Tool required for debug" tool="arduino:avr-gcc@7.3.0-atmel3.6.1-arduino7"
time="2025-10-27T16:26:01+05:30" level=info msg="Tool required for debug" tool="arduino:avrdude@6.3.0-arduino17"
time="2025-10-27T16:26:01+05:30" level=info msg="Tool required for debug" tool="builtin:ctags@5.8-arduino11"
time="2025-10-27T16:26:01+05:30" level=info msg="Tool required for debug" tool="builtin:serial-monitor@0.15.0"
time="2025-10-27T16:26:01+05:30" level=info msg="Tool required for debug" tool="builtin:mdns-discovery@1.0.9"
2025-10-27 16:26:01 2025-10-27T10:56:01.565Z daemon INFO time="2025-10-27T16:26:01+05:30" level=info msg="Tool required for debug" tool="arduino:dfu-util@0.11.0-arduino5"
time="2025-10-27T16:26:01+05:30" level=info msg="Tool required for debug" tool="esp32:esp-rv32@2507"
time="2025-10-27T16:26:01+05:30" level=info msg="Tool required for debug" tool="esp32:esp-x32@2507"
time="2025-10-27T16:26:01+05:30" level=info msg="Tool required for debug" tool="esp32:esp32-arduino-libs@idf-release_v5.5-07e9bf49-v1"
time="2025-10-27T16:26:01+05:30" level=info msg="Tool required for debug" tool="esp32:esptool_py@5.1.0"
time="2025-10-27T16:26:01+05:30" level=info msg="Tool required for debug" tool="esp32:mklittlefs@4.0.2-db0513a"
time="2025-10-27T16:26:01+05:30" level=info msg="Tool required for debug" tool="esp32:mkspiffs@0.2.3"
2025-10-27 16:26:01 2025-10-27T10:56:01.565Z daemon INFO time="2025-10-27T16:26:01+05:30" level=info msg="Tool required for debug" tool="esp32:openocd-esp32@v0.12.0-esp32-20250707"
time="2025-10-27T16:26:01+05:30" level=info msg="Tool required for debug" tool="esp32:riscv32-esp-elf-gdb@16.3_20250913"
time="2025-10-27T16:26:01+05:30" level=info msg="Tool required for debug" tool="esp32:xtensa-esp-elf-gdb@16.3_20250913"
time="2025-10-27T16:26:01+05:30" level=info msg="Tool required for debug" tool="arduino:avr-gcc@7.3.0-atmel3.6.1-arduino7"
time="2025-10-27T16:26:01+05:30" level=info msg="Tool required for debug" tool="builtin:dfu-discovery@0.1.2"
time="2025-10-27T16:26:01+05:30" level=info msg="Tool required for debug" tool="builtin:mdns-discovery@1.0.9"
time="2025-10-27T16:26:01+05:30" level=info msg="Tool required for debug" tool="arduino:arduinoOTA@1.3.0"
time="2025-10-27T16:26:01+05:30" level=info msg="Tool required for debug" tool="builtin:serial-monitor@0.15.0"
time="2025-10-27T16:26:01+05:30" level=info msg="Tool required for debug" tool="arduino:avrdude@6.3.0-arduino17"
time="2025-10-27T16:26:01+05:30" level=info msg="Tool required for debug" tool="builtin:serial-discovery@1.4.1"
time="2025-10-27T16:26:01+05:30" level=info msg="Tool required for debug" tool="builtin:ctags@5.8-arduino11"
2025-10-27 16:26:01 2025-10-27T10:56:01.567Z daemon INFO time="2025-10-27T16:26:01+05:30" level=info msg="Tool required for debug" tool="arduino:dfu-util@0.11.0-arduino5"
time="2025-10-27T16:26:01+05:30" level=info msg="Tool required for debug" tool="esp32:esp-rv32@2507"
time="2025-10-27T16:26:01+05:30" level=info msg="Tool required for debug" tool="esp32:esp-x32@2507"
time="2025-10-27T16:26:01+05:30" level=info msg="Tool required for debug" tool="esp32:esp32-arduino-libs@idf-release_v5.5-07e9bf49-v1"
time="2025-10-27T16:26:01+05:30" level=info msg="Tool required for debug" tool="esp32:esptool_py@5.1.0"
time="2025-10-27T16:26:01+05:30" level=info msg="Tool required for debug" tool="esp32:mklittlefs@4.0.2-db0513a"
time="2025-10-27T16:26:01+05:30" level=info msg="Tool required for debug" tool="esp32:mkspiffs@0.2.3"
time="2025-10-27T16:26:01+05:30" level=info msg="Tool required for debug" tool="esp32:openocd-esp32@v0.12.0-esp32-20250707"
2025-10-27 16:26:01 2025-10-27T10:56:01.567Z daemon INFO time="2025-10-27T16:26:01+05:30" level=info msg="Tool required for debug" tool="esp32:riscv32-esp-elf-gdb@16.3_20250913"
time="2025-10-27T16:26:01+05:30" level=info msg="Tool required for debug" tool="esp32:xtensa-esp-elf-gdb@16.3_20250913"
time="2025-10-27T16:26:01+05:30" level=info msg="Tool required for debug" tool="arduino:avrdude@6.3.0-arduino17"
time="2025-10-27T16:26:01+05:30" level=info msg="Tool required for debug" tool="builtin:dfu-discovery@0.1.2"
time="2025-10-27T16:26:01+05:30" level=info msg="Tool required for debug" tool="arduino:avr-gcc@7.3.0-atmel3.6.1-arduino7"
time="2025-10-27T16:26:01+05:30" level=info msg="Tool required for debug" tool="arduino:arduinoOTA@1.3.0"
time="2025-10-27T16:26:01+05:30" level=info msg="Tool required for debug" tool="builtin:ctags@5.8-arduino11"
time="2025-10-27T16:26:01+05:30" level=info msg="Tool required for debug" tool="builtin:mdns-discovery@1.0.9"
time="2025-10-27T16:26:01+05:30" level=info msg="Tool required for debug" tool="builtin:serial-discovery@1.4.1"
time="2025-10-27T16:26:01+05:30" level=info msg="Tool required for debug" tool="builtin:serial-monitor@0.15.0"
2025-10-27 16:26:01 2025-10-27T10:56:01.570Z daemon INFO time="2025-10-27T16:26:01+05:30" level=info msg="Tool required for debug" tool="arduino:dfu-util@0.11.0-arduino5"
time="2025-10-27T16:26:01+05:30" level=info msg="Tool required for debug" tool="esp32:esp-rv32@2507"
time="2025-10-27T16:26:01+05:30" level=info msg="Tool required for debug" tool="esp32:esp-x32@2507"
time="2025-10-27T16:26:01+05:30" level=info msg="Tool required for debug" tool="esp32:esp32-arduino-libs@idf-release_v5.5-07e9bf49-v1"
time="2025-10-27T16:26:01+05:30" level=info msg="Tool required for debug" tool="esp32:esptool_py@5.1.0"
time="2025-10-27T16:26:01+05:30" level=info msg="Tool required for debug" tool="esp32:mklittlefs@4.0.2-db0513a"
time="2025-10-27T16:26:01+05:30" level=info msg="Tool required for debug" tool="esp32:mkspiffs@0.2.3"
2025-10-27 16:26:01 2025-10-27T10:56:01.570Z daemon INFO time="2025-10-27T16:26:01+05:30" level=info msg="Tool required for debug" tool="esp32:openocd-esp32@v0.12.0-esp32-20250707"
time="2025-10-27T16:26:01+05:30" level=info msg="Tool required for debug" tool="esp32:riscv32-esp-elf-gdb@16.3_20250913"
time="2025-10-27T16:26:01+05:30" level=info msg="Tool required for debug" tool="esp32:xtensa-esp-elf-gdb@16.3_20250913"
time="2025-10-27T16:26:01+05:30" level=info msg="Tool required for debug" tool="arduino:arduinoOTA@1.3.0"
time="2025-10-27T16:26:01+05:30" level=info msg="Tool required for debug" tool="builtin:dfu-discovery@0.1.2"
time="2025-10-27T16:26:01+05:30" level=info msg="Tool required for debug" tool="builtin:ctags@5.8-arduino11"
time="2025-10-27T16:26:01+05:30" level=info msg="Tool required for debug" tool="arduino:avrdude@6.3.0-arduino17"
time="2025-10-27T16:26:01+05:30" level=info msg="Tool required for debug" tool="builtin:serial-monitor@0.15.0"
time="2025-10-27T16:26:01+05:30" level=info msg="Tool required for debug" tool="arduino:avr-gcc@7.3.0-atmel3.6.1-arduino7"
time="2025-10-27T16:26:01+05:30" level=info msg="Tool required for debug" tool="builtin:mdns-discovery@1.0.9"
time="2025-10-27T16:26:01+05:30" level=info msg="Tool required for debug" tool="builtin:serial-discovery@1.4.1"
2025-10-27 16:26:01 2025-10-27T10:56:01.572Z daemon INFO time="2025-10-27T16:26:01+05:30" level=info msg="Tool required for debug" tool="arduino:dfu-util@0.11.0-arduino5"
time="2025-10-27T16:26:01+05:30" level=info msg="Tool required for debug" tool="esp32:esp-rv32@2507"
time="2025-10-27T16:26:01+05:30" level=info msg="Tool required for debug" tool="esp32:esp-x32@2507"
time="2025-10-27T16:26:01+05:30" level=info msg="Tool required for debug" tool="esp32:esp32-arduino-libs@idf-release_v5.5-07e9bf49-v1"
time="2025-10-27T16:26:01+05:30" level=info msg="Tool required for debug" tool="esp32:esptool_py@5.1.0"
time="2025-10-27T16:26:01+05:30" level=info msg="Tool required for debug" tool="esp32:mklittlefs@4.0.2-db0513a"
time="2025-10-27T16:26:01+05:30" level=info msg="Tool required for debug" tool="esp32:mkspiffs@0.2.3"
2025-10-27 16:26:01 2025-10-27T10:56:01.572Z daemon INFO time="2025-10-27T16:26:01+05:30" level=info msg="Tool required for debug" tool="esp32:openocd-esp32@v0.12.0-esp32-20250707"
time="2025-10-27T16:26:01+05:30" level=info msg="Tool required for debug" tool="esp32:riscv32-esp-elf-gdb@16.3_20250913"
time="2025-10-27T16:26:01+05:30" level=info msg="Tool required for debug" tool="esp32:xtensa-esp-elf-gdb@16.3_20250913"
time="2025-10-27T16:26:01+05:30" level=info msg="Tool required for debug" tool="arduino:avrdude@6.3.0-arduino17"
time="2025-10-27T16:26:01+05:30" level=info msg="Tool required for debug" tool="builtin:serial-discovery@1.4.1"
time="2025-10-27T16:26:01+05:30" level=info msg="Tool required for debug" tool="arduino:avr-gcc@7.3.0-atmel3.6.1-arduino7"
time="2025-10-27T16:26:01+05:30" level=info msg="Tool required for debug" tool="builtin:ctags@5.8-arduino11"
time="2025-10-27T16:26:01+05:30" level=info msg="Tool required for debug" tool="builtin:dfu-discovery@0.1.2"
time="2025-10-27T16:26:01+05:30" level=info msg="Tool required for debug" tool="builtin:serial-monitor@0.15.0"
time="2025-10-27T16:26:01+05:30" level=info msg="Tool required for debug" tool="builtin:mdns-discovery@1.0.9"
time="2025-10-27T16:26:01+05:30" level=info msg="Tool required for debug" tool="arduino:arduinoOTA@1.3.0"
2025-10-27 16:26:01 2025-10-27T10:56:01.574Z daemon INFO time="2025-10-27T16:26:01+05:30" level=info msg="Tool required for debug" tool="arduino:dfu-util@0.11.0-arduino5"
time="2025-10-27T16:26:01+05:30" level=info msg="Tool required for debug" tool="esp32:esp-rv32@2507"
time="2025-10-27T16:26:01+05:30" level=info msg="Tool required for debug" tool="esp32:esp-x32@2507"
time="2025-10-27T16:26:01+05:30" level=info msg="Tool required for debug" tool="esp32:esp32-arduino-libs@idf-release_v5.5-07e9bf49-v1"
time="2025-10-27T16:26:01+05:30" level=info msg="Tool required for debug" tool="esp32:esptool_py@5.1.0"
time="2025-10-27T16:26:01+05:30" level=info msg="Tool required for debug" tool="esp32:mklittlefs@4.0.2-db0513a"
time="2025-10-27T16:26:01+05:30" level=info msg="Tool required for debug" tool="esp32:mkspiffs@0.2.3"
2025-10-27 16:26:01 2025-10-27T10:56:01.574Z daemon INFO time="2025-10-27T16:26:01+05:30" level=info msg="Tool required for debug" tool="esp32:openocd-esp32@v0.12.0-esp32-20250707"
time="2025-10-27T16:26:01+05:30" level=info msg="Tool required for debug" tool="esp32:riscv32-esp-elf-gdb@16.3_20250913"
time="2025-10-27T16:26:01+05:30" level=info msg="Tool required for debug" tool="esp32:xtensa-esp-elf-gdb@16.3_20250913"
time="2025-10-27T16:26:01+05:30" level=info msg="Tool required for debug" tool="builtin:serial-monitor@0.15.0"
time="2025-10-27T16:26:01+05:30" level=info msg="Tool required for debug" tool="arduino:avrdude@6.3.0-arduino17"
time="2025-10-27T16:26:01+05:30" level=info msg="Tool required for debug" tool="builtin:mdns-discovery@1.0.9"
time="2025-10-27T16:26:01+05:30" level=info msg="Tool required for debug" tool="arduino:avr-gcc@7.3.0-atmel3.6.1-arduino7"
time="2025-10-27T16:26:01+05:30" level=info msg="Tool required for debug" tool="builtin:ctags@5.8-arduino11"
time="2025-10-27T16:26:01+05:30" level=info msg="Tool required for debug" tool="builtin:dfu-discovery@0.1.2"
time="2025-10-27T16:26:01+05:30" level=info msg="Tool required for debug" tool="arduino:arduinoOTA@1.3.0"
time="2025-10-27T16:26:01+05:30" level=info msg="Tool required for debug" tool="builtin:serial-discovery@1.4.1"
2025-10-27 16:26:01 2025-10-27T10:56:01.577Z daemon INFO time="2025-10-27T16:26:01+05:30" level=info msg="Tool required for debug" tool="arduino:dfu-util@0.11.0-arduino5"
time="2025-10-27T16:26:01+05:30" level=info msg="Tool required for debug" tool="esp32:esp-rv32@2507"
time="2025-10-27T16:26:01+05:30" level=info msg="Tool required for debug" tool="esp32:esp-x32@2507"
time="2025-10-27T16:26:01+05:30" level=info msg="Tool required for debug" tool="esp32:esp32-arduino-libs@idf-release_v5.5-07e9bf49-v1"
time="2025-10-27T16:26:01+05:30" level=info msg="Tool required for debug" tool="esp32:esptool_py@5.1.0"
time="2025-10-27T16:26:01+05:30" level=info msg="Tool required for debug" tool="esp32:mklittlefs@4.0.2-db0513a"
time="2025-10-27T16:26:01+05:30" level=info msg="Tool required for debug" tool="esp32:mkspiffs@0.2.3"
time="2025-10-27T16:26:01+05:30" level=info msg="Tool required for debug" tool="esp32:openocd-esp32@v0.12.0-esp32-20250707"
2025-10-27 16:26:01 2025-10-27T10:56:01.577Z daemon INFO time="2025-10-27T16:26:01+05:30" level=info msg="Tool required for debug" tool="esp32:riscv32-esp-elf-gdb@16.3_20250913"
time="2025-10-27T16:26:01+05:30" level=info msg="Tool required for debug" tool="esp32:xtensa-esp-elf-gdb@16.3_20250913"
time="2025-10-27T16:26:01+05:30" level=info msg="Tool required for debug" tool="builtin:ctags@5.8-arduino11"
time="2025-10-27T16:26:01+05:30" level=info msg="Tool required for debug" tool="arduino:arduinoOTA@1.3.0"
time="2025-10-27T16:26:01+05:30" level=info msg="Tool required for debug" tool="builtin:mdns-discovery@1.0.9"
time="2025-10-27T16:26:01+05:30" level=info msg="Tool required for debug" tool="builtin:serial-discovery@1.4.1"
time="2025-10-27T16:26:01+05:30" level=info msg="Tool required for debug" tool="arduino:avrdude@6.3.0-arduino17"
time="2025-10-27T16:26:01+05:30" level=info msg="Tool required for debug" tool="arduino:avr-gcc@7.3.0-atmel3.6.1-arduino7"
time="2025-10-27T16:26:01+05:30" level=info msg="Tool required for debug" tool="builtin:serial-monitor@0.15.0"
time="2025-10-27T16:26:01+05:30" level=info msg="Tool required for debug" tool="builtin:dfu-discovery@0.1.2"
2025-10-27 16:26:01 2025-10-27T10:56:01.579Z daemon INFO time="2025-10-27T16:26:01+05:30" level=info msg="Tool required for debug" tool="arduino:dfu-util@0.11.0-arduino5"
time="2025-10-27T16:26:01+05:30" level=info msg="Tool required for debug" tool="esp32:esp-rv32@2507"
time="2025-10-27T16:26:01+05:30" level=info msg="Tool required for debug" tool="esp32:esp-x32@2507"
time="2025-10-27T16:26:01+05:30" level=info msg="Tool required for debug" tool="esp32:esp32-arduino-libs@idf-release_v5.5-07e9bf49-v1"
time="2025-10-27T16:26:01+05:30" level=info msg="Tool required for debug" tool="esp32:esptool_py@5.1.0"
2025-10-27 16:26:01 2025-10-27T10:56:01.579Z daemon INFO time="2025-10-27T16:26:01+05:30" level=info msg="Tool required for debug" tool="esp32:mklittlefs@4.0.2-db0513a"
time="2025-10-27T16:26:01+05:30" level=info msg="Tool required for debug" tool="esp32:mkspiffs@0.2.3"
time="2025-10-27T16:26:01+05:30" level=info msg="Tool required for debug" tool="esp32:openocd-esp32@v0.12.0-esp32-20250707"
time="2025-10-27T16:26:01+05:30" level=info msg="Tool required for debug" tool="esp32:riscv32-esp-elf-gdb@16.3_20250913"
time="2025-10-27T16:26:01+05:30" level=info msg="Tool required for debug" tool="esp32:xtensa-esp-elf-gdb@16.3_20250913"
time="2025-10-27T16:26:01+05:30" level=info msg="Tool required for debug" tool="builtin:ctags@5.8-arduino11"
time="2025-10-27T16:26:01+05:30" level=info msg="Tool required for debug" tool="builtin:dfu-discovery@0.1.2"
time="2025-10-27T16:26:01+05:30" level=info msg="Tool required for debug" tool="arduino:avrdude@6.3.0-arduino17"
time="2025-10-27T16:26:01+05:30" level=info msg="Tool required for debug" tool="arduino:arduinoOTA@1.3.0"
time="2025-10-27T16:26:01+05:30" level=info msg="Tool required for debug" tool="arduino:avr-gcc@7.3.0-atmel3.6.1-arduino7"
time="2025-10-27T16:26:01+05:30" level=info msg="Tool required for debug" tool="builtin:serial-monitor@0.15.0"
time="2025-10-27T16:26:01+05:30" level=info msg="Tool required for debug" tool="builtin:mdns-discovery@1.0.9"
time="2025-10-27T16:26:01+05:30" level=info msg="Tool required for debug" tool="builtin:serial-discovery@1.4.1"
2025-10-27 16:26:01 2025-10-27T10:56:01.582Z daemon INFO time="2025-10-27T16:26:01+05:30" level=info msg="Tool required for debug" tool="arduino:dfu-util@0.11.0-arduino5"
time="2025-10-27T16:26:01+05:30" level=info msg="Tool required for debug" tool="esp32:esp-rv32@2507"
time="2025-10-27T16:26:01+05:30" level=info msg="Tool required for debug" tool="esp32:esp-x32@2507"
time="2025-10-27T16:26:01+05:30" level=info msg="Tool required for debug" tool="esp32:esp32-arduino-libs@idf-release_v5.5-07e9bf49-v1"
time="2025-10-27T16:26:01+05:30" level=info msg="Tool required for debug" tool="esp32:esptool_py@5.1.0"
time="2025-10-27T16:26:01+05:30" level=info msg="Tool required for debug" tool="esp32:mklittlefs@4.0.2-db0513a"
2025-10-27 16:26:01 2025-10-27T10:56:01.582Z daemon INFO time="2025-10-27T16:26:01+05:30" level=info msg="Tool required for debug" tool="esp32:mkspiffs@0.2.3"
time="2025-10-27T16:26:01+05:30" level=info msg="Tool required for debug" tool="esp32:openocd-esp32@v0.12.0-esp32-20250707"
time="2025-10-27T16:26:01+05:30" level=info msg="Tool required for debug" tool="esp32:riscv32-esp-elf-gdb@16.3_20250913"
time="2025-10-27T16:26:01+05:30" level=info msg="Tool required for debug" tool="esp32:xtensa-esp-elf-gdb@16.3_20250913"
time="2025-10-27T16:26:01+05:30" level=info msg="Tool required for debug" tool="arduino:avr-gcc@7.3.0-atmel3.6.1-arduino7"
time="2025-10-27T16:26:01+05:30" level=info msg="Tool required for debug" tool="builtin:ctags@5.8-arduino11"
time="2025-10-27T16:26:01+05:30" level=info msg="Tool required for debug" tool="builtin:dfu-discovery@0.1.2"
time="2025-10-27T16:26:01+05:30" level=info msg="Tool required for debug" tool="builtin:mdns-discovery@1.0.9"
time="2025-10-27T16:26:01+05:30" level=info msg="Tool required for debug" tool="arduino:avrdude@6.3.0-arduino17"
time="2025-10-27T16:26:01+05:30" level=info msg="Tool required for debug" tool="builtin:serial-discovery@1.4.1"
time="2025-10-27T16:26:01+05:30" level=info msg="Tool required for debug" tool="builtin:serial-monitor@0.15.0"
time="2025-10-27T16:26:01+05:30" level=info msg="Tool required for debug" tool="arduino:arduinoOTA@1.3.0"
2025-10-27 16:26:01 2025-10-27T10:56:01.584Z daemon INFO time="2025-10-27T16:26:01+05:30" level=info msg="Tool required for debug" tool="arduino:dfu-util@0.11.0-arduino5"
time="2025-10-27T16:26:01+05:30" level=info msg="Tool required for debug" tool="esp32:esp-rv32@2507"
time="2025-10-27T16:26:01+05:30" level=info msg="Tool required for debug" tool="esp32:esp-x32@2507"
time="2025-10-27T16:26:01+05:30" level=info msg="Tool required for debug" tool="esp32:esp32-arduino-libs@idf-release_v5.5-07e9bf49-v1"
time="2025-10-27T16:26:01+05:30" level=info msg="Tool required for debug" tool="esp32:esptool_py@5.1.0"
time="2025-10-27T16:26:01+05:30" level=info msg="Tool required for debug" tool="esp32:mklittlefs@4.0.2-db0513a"
time="2025-10-27T16:26:01+05:30" level=info msg="Tool required for debug" tool="esp32:mkspiffs@0.2.3"
2025-10-27 16:26:01 2025-10-27T10:56:01.584Z daemon INFO time="2025-10-27T16:26:01+05:30" level=info msg="Tool required for debug" tool="esp32:openocd-esp32@v0.12.0-esp32-20250707"
time="2025-10-27T16:26:01+05:30" level=info msg="Tool required for debug" tool="esp32:riscv32-esp-elf-gdb@16.3_20250913"
time="2025-10-27T16:26:01+05:30" level=info msg="Tool required for debug" tool="esp32:xtensa-esp-elf-gdb@16.3_20250913"
time="2025-10-27T16:26:01+05:30" level=info msg="Tool required for debug" tool="builtin:serial-discovery@1.4.1"
time="2025-10-27T16:26:01+05:30" level=info msg="Tool required for debug" tool="arduino:avr-gcc@7.3.0-atmel3.6.1-arduino7"
time="2025-10-27T16:26:01+05:30" level=info msg="Tool required for debug" tool="builtin:serial-monitor@0.15.0"
time="2025-10-27T16:26:01+05:30" level=info msg="Tool required for debug" tool="arduino:avrdude@6.3.0-arduino17"
time="2025-10-27T16:26:01+05:30" level=info msg="Tool required for debug" tool="arduino:arduinoOTA@1.3.0"
time="2025-10-27T16:26:01+05:30" level=info msg="Tool required for debug" tool="builtin:ctags@5.8-arduino11"
time="2025-10-27T16:26:01+05:30" level=info msg="Tool required for debug" tool="builtin:dfu-discovery@0.1.2"
time="2025-10-27T16:26:01+05:30" level=info msg="Tool required for debug" tool="builtin:mdns-discovery@1.0.9"
2025-10-27 16:26:02 2025-10-27T10:56:02.454Z daemon INFO time="2025-10-27T16:26:02+05:30" level=info msg="Adding libraries dir" dir=/home/kamal/.arduino15/libraries isSingleLibrary=false location=ide
time="2025-10-27T16:26:02+05:30" level=info msg="Adding libraries dir" dir=/home/kamal/.arduino15/packages/esp32/hardware/esp32/3.3.2/libraries isSingleLibrary=false location=platform
time="2025-10-27T16:26:02+05:30" level=info msg="Adding libraries dir" dir=/home/kamal/Arduino/libraries isSingleLibrary=false location=user
2025-10-27 16:27:30 2025-10-27T10:57:30.527Z discovery-log INFO {"eventType":"remove","port":{"matchingBoardsList":[],"port":{"address":"/dev/ttyUSB0","label":"","protocol":"serial","protocolLabel":"","propertiesMap":[],"hardwareId":""}},"error":""}
2025-10-27 16:27:32 2025-10-27T10:57:32.640Z discovery-log INFO {"eventType":"add","port":{"matchingBoardsList":[],"port":{"address":"/dev/ttyUSB0","label":"/dev/ttyUSB0","protocol":"serial","protocolLabel":"Serial Port (USB)","propertiesMap":[["pid","0xea60"],["serialNumber","0001"],["vid","0x10c4"]],"hardwareId":"0001"}},"error":""}
2025-10-27 16:28:02 2025-10-27T10:58:02.020Z discovery-log INFO {"eventType":"remove","port":{"matchingBoardsList":[],"port":{"address":"/dev/ttyUSB0","label":"","protocol":"serial","protocolLabel":"","propertiesMap":[],"hardwareId":""}},"error":""}
2025-10-27 16:28:18 isTempSketch: false. Input was /home/kamal/Arduino/led
2025-10-27 16:28:18 Marking workspace as a closed sketch. Workspace URI: file:///home/kamal/Arduino/led. Date: 1761562698943.
2025-10-27 16:28:18 isTempSketch: false. Input was /home/kamal/Arduino/led
2025-10-27 16:28:18 Marking workspace as a closed sketch. Workspace URI: file:///home/kamal/Arduino/led. Date: 1761562698946.
2025-10-27 16:28:18 2025-10-27T10:58:18.953Z root INFO socked closed
2025-10-27 16:28:18 2025-10-27T10:58:18.953Z root INFO closing connection for 1
2025-10-27 16:28:18 2025-10-27T10:58:18.953Z root INFO Closing channel on service path '/localization-server'.
2025-10-27 16:28:18 2025-10-27T10:58:18.953Z root INFO Closing channel on service path '/os'.
2025-10-27 16:28:18 2025-10-27T10:58:18.953Z root INFO Closing channel on service path '/services/commands'.
2025-10-27 16:28:18 2025-10-27T10:58:18.953Z root INFO Closing channel on service path '/services/keyboard'.
2025-10-27 16:28:18 2025-10-27T10:58:18.953Z root INFO Closing channel on service path '/services/logger'.
2025-10-27 16:28:18 2025-10-27T10:58:18.953Z root INFO Closing channel on service path '/services/messageService'.
2025-10-27 16:28:18 2025-10-27T10:58:18.953Z root INFO Closing channel on service path '/services/ChannelCloseService'.
2025-10-27 16:28:18 2025-10-27T10:58:18.953Z root INFO Closing channel on service path '/services/remote-filesystem'.
2025-10-27 16:28:18 2025-10-27T10:58:18.953Z root INFO Closing channel on service path '/services/envs'.
2025-10-27 16:28:18 2025-10-27T10:58:18.953Z root INFO Closing channel on service path '/services/authentication-service'.
2025-10-27 16:28:18 2025-10-27T10:58:18.953Z root INFO Closing channel on service path '/services/sketches-service'.
2025-10-27 16:28:18 2025-10-27T10:58:18.953Z root INFO Closing channel on service path '/services/config-service'.
2025-10-27 16:28:18 2025-10-27T10:58:18.953Z root INFO Closing channel on service path '/services/workspace'.
2025-10-27 16:28:18 2025-10-27T10:58:18.953Z root INFO Closing channel on service path '/services/notification-service'.
2025-10-27 16:28:18 2025-10-27T10:58:18.953Z root INFO Closing channel on service path '/services/arduino-daemon'.
2025-10-27 16:28:18 2025-10-27T10:58:18.953Z root INFO Closing channel on service path '/services/stopwatch'.
2025-10-27 16:28:18 2025-10-27T10:58:18.953Z root INFO Closing channel on service path '/services/application'.
2025-10-27 16:28:18 2025-10-27T10:58:18.953Z root INFO Closing channel on service path '/services/i18n'.
2025-10-27 16:28:18 2025-10-27T10:58:18.953Z root INFO Closing channel on service path '/services/quickInput'.
2025-10-27 16:28:18 2025-10-27T10:58:18.953Z root INFO Closing channel on service path '/services/debug'.
2025-10-27 16:28:18 2025-10-27T10:58:18.953Z root INFO Closing channel on service path '/services/shell-terminal'.
2025-10-27 16:28:18 2025-10-27T10:58:18.953Z root INFO Closing channel on service path '/services/quickPick'.
2025-10-27 16:28:18 2025-10-27T10:58:18.953Z root INFO Closing channel on service path '/services/task'.
2025-10-27 16:28:18 2025-10-27T10:58:18.953Z root INFO Closing channel on service path '/services/search'.
2025-10-27 16:28:18 2025-10-27T10:58:18.953Z root INFO Closing channel on service path '/services/hostedPlugin'.
2025-10-27 16:28:18 2025-10-27T10:58:18.953Z root INFO Closing channel on service path '/services/plugin-ext'.
2025-10-27 16:28:18 2025-10-27T10:58:18.953Z root INFO Closing channel on service path '/services/plugin-paths'.
2025-10-27 16:28:18 2025-10-27T10:58:18.953Z root INFO Closing channel on service path '/services/cli-preferences'.
2025-10-27 16:28:18 2025-10-27T10:58:18.953Z root INFO Closing channel on service path '/services/boards-service'.
2025-10-27 16:28:18 2025-10-27T10:58:18.953Z root INFO Closing channel on service path '/services/response-service'.
2025-10-27 16:28:18 2025-10-27T10:58:18.953Z root INFO Closing channel on service path '/services/file-system-ext'.
2025-10-27 16:28:18 2025-10-27T10:58:18.953Z root INFO Closing channel on service path '/services/core-service'.
2025-10-27 16:28:18 2025-10-27T10:58:18.953Z root INFO Closing channel on service path '/services/example-service'.
2025-10-27 16:28:18 2025-10-27T10:58:18.953Z root INFO Closing channel on service path '/services/library-service'.
2025-10-27 16:28:18 2025-10-27T10:58:18.953Z root INFO Closing channel on service path '/services/executable-service'.
2025-10-27 16:28:18 2025-10-27T10:58:18.953Z root INFO Closing channel on service path '/services/arduino-firmware-uploader'.
2025-10-27 16:28:18 2025-10-27T10:58:18.953Z root INFO Closing channel on service path '/services/formatter'.
2025-10-27 16:28:18 2025-10-27T10:58:18.953Z root INFO Closing channel on service path '/services/search-in-workspace'.
2025-10-27 16:28:18 2025-10-27T10:58:18.953Z root INFO Closing channel on service path '/services/request-service'.
2025-10-27 16:28:18 2025-10-27T10:58:18.953Z root INFO Closing channel on service path '/services/keyStore'.
2025-10-27 16:28:18 2025-10-27T10:58:18.953Z root INFO Closing channel on service path '/services/languagePackService'.
2025-10-27 16:28:18 Closing channel on service path '/services/electron-window'.
2025-10-27 16:28:18 Closing channel on service path '/services/ide-updater'.
2025-10-27 16:28:18 Storing the sketch as a workspace root: </home/kamal/Arduino/led>.
2025-10-27 16:28:18 Skipped storing sketch as workspace root. Already visited: </home/kamal/Arduino/led>.
2025-10-27 16:28:18 Stored workspaces roots: /home/kamal/Arduino/led
2025-10-27 16:28:18 No sketches were scheduled for deletion.
2025-10-27 17:06:23 Arduino IDE 2.3.6
2025-10-27 17:06:23 Checking for frontend application configuration customizations. Module path: /tmp/.mount_arduin2cP9ka/resources/app/lib/backend/electron-main.js, destination 'package.json': /tmp/.mount_arduin2cP9ka/resources/app/package.json
2025-10-27 17:06:24 Setting 'theia.frontend.config.appVersion' application configuration value to: "2.3.6" (type of string)
2025-10-27 17:06:24 Setting 'theia.frontend.config.cliVersion' application configuration value to: "1.2.0" (type of string)
2025-10-27 17:06:24 Setting 'theia.frontend.config.buildDate' application configuration value to: "2025-04-09T11:24:04.835Z" (type of string)
2025-10-27 17:06:24 Frontend application configuration after modifications: {"applicationName":"Arduino IDE","defaultTheme":{"light":"arduino-theme","dark":"arduino-theme-dark"},"defaultIconTheme":"none","electron":{"windowOptions":{},"showWindowEarly":true,"splashScreenOptions":{},"uriScheme":"arduino-ide"},"defaultLocale":"","validatePreferencesSchema":false,"reloadOnReconnect":true,"uriScheme":"theia","preferences":{"window.title":"${rootName}${activeEditorShort}${appName}","files.autoSave":"afterDelay","editor.minimap.enabled":false,"editor.tabSize":2,"editor.scrollBeyondLastLine":false,"editor.quickSuggestions":{"other":false,"comments":false,"strings":false},"editor.maxTokenizationLineLength":500,"editor.bracketPairColorization.enabled":false,"breadcrumbs.enabled":false,"workbench.tree.renderIndentGuides":"none","explorer.compactFolders":false},"appVersion":"2.3.6","cliVersion":"1.2.0","buildDate":"2025-04-09T11:24:04.835Z"}
2025-10-27 17:06:24 Starting backend process. PID: 5221
2025-10-27 17:06:24 Showing main window early
2025-10-27 17:06:25 Using browser-only version of superagent in non-browser environment
2025-10-27 17:06:25 Configuration directory URI: 'file:///home/kamal/.arduinoIDE'
2025-10-27 17:06:25 Configuring to accept webviews on '^.+\.webview\..+$' hostname.
2025-10-27 17:06:25 2025-10-27T11:36:25.294Z root INFO Backend u.initialize: 39.1 ms [Finished 0.931 s after backend start]
2025-10-27 17:06:25 2025-10-27T11:36:25.299Z root INFO Backend Object.initialize: 37.2 ms [Finished 0.931 s after backend start]
2025-10-27 17:06:25 2025-10-27T11:36:25.299Z root INFO Backend a.initialize: 1.4 ms [Finished 0.931 s after backend start]
2025-10-27 17:06:25 2025-10-27T11:36:25.299Z root INFO Backend a.initialize: 1.1 ms [Finished 0.931 s after backend start]
2025-10-27 17:06:25 2025-10-27T11:36:25.299Z root INFO Backend u.initialize: 1.4 ms [Finished 0.932 s after backend start]
2025-10-27 17:06:25 2025-10-27T11:36:25.302Z root INFO Backend l.initialize: 38.7 ms [Finished 0.933 s after backend start]
2025-10-27 17:06:25 2025-10-27T11:36:25.310Z root INFO configured all backend app contributions
2025-10-27 17:06:25 2025-10-27T11:36:25.311Z root INFO Backend l.onStart: 1.6 ms [Finished 0.950 s after backend start]
2025-10-27 17:06:25 2025-10-27T11:36:25.312Z root INFO Backend d.onStart: 0.1 ms [Finished 0.950 s after backend start]
2025-10-27 17:06:25 2025-10-27T11:36:25.313Z root INFO Backend a.onStart: 0.6 ms [Finished 0.951 s after backend start]
2025-10-27 17:06:25 2025-10-27T11:36:25.313Z config INFO >>> Initializing CLI configuration...
2025-10-27 17:06:25 2025-10-27T11:36:25.313Z root INFO Backend x.onStart: 0.5 ms [Finished 0.951 s after backend start]
2025-10-27 17:06:25 2025-10-27T11:36:25.313Z config INFO Loading CLI configuration from /home/kamal/.arduinoIDE/arduino-cli.yaml...
2025-10-27 17:06:25 2025-10-27T11:36:25.313Z daemon INFO Starting daemon from /tmp/.mount_arduin2cP9ka/resources/app/lib/backend/resources/arduino-cli...
2025-10-27 17:06:25 2025-10-27T11:36:25.313Z root INFO Backend w.onStart: 0.5 ms [Finished 0.952 s after backend start]
2025-10-27 17:06:25 2025-10-27T11:36:25.313Z discovery-log INFO start
2025-10-27 17:06:25 2025-10-27T11:36:25.313Z discovery-log INFO start new deferred
2025-10-27 17:06:25 2025-10-27T11:36:25.313Z root INFO Backend v.onStart: 0.3 ms [Finished 0.952 s after backend start]
2025-10-27 17:06:25 2025-10-27T11:36:25.313Z root INFO Backend a.onStart: 0.1 ms [Finished 0.952 s after backend start]
2025-10-27 17:06:25 2025-10-27T11:36:25.318Z root INFO Theia app listening on http://127.0.0.1:45451.
2025-10-27 17:06:25 2025-10-27T11:36:25.318Z root INFO Finished starting backend application: 5.0 ms [Finished 0.957 s after backend start]
2025-10-27 17:06:25 Restoring workspace roots: /home/kamal/Arduino/led
2025-10-27 17:06:25 2025-10-27T11:36:25.321Z root WARN The local plugin referenced by local-dir:/home/kamal/.arduinoIDE/plugins does not exist.
2025-10-27 17:06:25 2025-10-27T11:36:25.321Z root WARN The local plugin referenced by local-dir:/home/kamal/.arduinoIDE/deployedPlugins does not exist.
2025-10-27 17:06:25 isTempSketch: false. Input was /home/kamal/Arduino/led/led.ino
2025-10-27 17:06:25 2025-10-27T11:36:25.333Z config INFO Loaded CLI configuration: {"board_manager":{"additional_urls":["https://espressif.github.io/arduino-esp32/package_esp32_index.json"]},"directories":{"builtin":{"libraries":"/home/kamal/.arduino15/libraries"},"data":"/home/kamal/.arduino15","user":"/home/kamal/Arduino"},"locale":"en"}
2025-10-27 17:06:25 2025-10-27T11:36:25.333Z config INFO 'directories.data' and 'directories.user' are set in the CLI configuration model.
2025-10-27 17:06:25 2025-10-27T11:36:25.333Z config INFO Loaded the CLI configuration.
2025-10-27 17:06:25 2025-10-27T11:36:25.345Z config INFO Mapped the CLI configuration: {"dataDirUri":"file:///home/kamal/.arduino15","sketchDirUri":"file:///home/kamal/Arduino","additionalUrls":["https://espressif.github.io/arduino-esp32/package_esp32_index.json"],"network":"none","locale":"en"}
2025-10-27 17:06:25 2025-10-27T11:36:25.345Z config INFO Validating the CLI configuration...
2025-10-27 17:06:25 2025-10-27T11:36:25.345Z config INFO The CLI config is valid.
2025-10-27 17:06:25 2025-10-27T11:36:25.345Z config INFO <<< Initialized the CLI configuration.
2025-10-27 17:06:25 2025-10-27T11:36:25.481Z root INFO Resolve plugins list: 165.7 ms [Finished 1.120 s after backend start]
2025-10-27 17:06:25 2025-10-27T11:36:25.704Z daemon INFO time="2025-10-27T17:06:25+05:30" level=info msg="arduino-cli version 1.2.0"
2025-10-27 17:06:25 2025-10-27T11:36:25.704Z daemon INFO time="2025-10-27T17:06:25+05:30" level=info msg="Using config file: /home/kamal/.arduinoIDE/arduino-cli.yaml"
time="2025-10-27T17:06:25+05:30" level=info msg="Executing `arduino-cli daemon`"
2025-10-27 17:06:25 2025-10-27T11:36:25.724Z daemon INFO Daemon is now listening on 127.0.0.1:35509
{"IP":"127.0.0.1","Port":"35509"}
2025-10-27 17:06:25 2025-10-27T11:36:25.724Z daemon INFO Daemon is running.
2025-10-27 17:06:25 2025-10-27T11:36:25.845Z daemon INFO time="2025-10-27T17:06:25+05:30" level=info msg="Checking signature" index=/home/kamal/.arduino15/package_index.json signatureFile=/home/kamal/.arduino15/package_index.json.sig trusted=true
2025-10-27 17:06:25 2025-10-27T11:36:25.849Z daemon INFO time="2025-10-27T17:06:25+05:30" level=info msg="Missing signature file" index=/home/kamal/.arduino15/package_esp32_index.json
2025-10-27 17:06:25 2025-10-27T11:36:25.849Z daemon INFO time="2025-10-27T17:06:25+05:30" level=info msg="Loading hardware from: /home/kamal/.arduino15/packages"
time="2025-10-27T17:06:25+05:30" level=info msg="Loading package arduino from: /home/kamal/.arduino15/packages/arduino/hardware"
2025-10-27 17:06:25 2025-10-27T11:36:25.850Z daemon INFO time="2025-10-27T17:06:25+05:30" level=info msg="Missing signature file" index=/home/kamal/.arduino15/packages/arduino/hardware/avr/1.8.6/installed.json
2025-10-27 17:06:25 2025-10-27T11:36:25.853Z daemon INFO time="2025-10-27T17:06:25+05:30" level=info msg="Adding monitor tool" protocol=serial tool="builtin:serial-monitor"
time="2025-10-27T17:06:25+05:30" level=info msg="Loaded platform" platform="arduino:avr@1.8.6"
time="2025-10-27T17:06:25+05:30" level=info msg="Checking existence of 'tools' path: /home/kamal/.arduino15/packages/arduino/tools"
2025-10-27 17:06:25 2025-10-27T11:36:25.853Z daemon INFO time="2025-10-27T17:06:25+05:30" level=info msg="Loading tools from dir: /home/kamal/.arduino15/packages/arduino/tools"
time="2025-10-27T17:06:25+05:30" level=info msg="Loaded tool" tool="arduino:arduinoOTA@1.3.0"
time="2025-10-27T17:06:25+05:30" level=info msg="Loaded tool" tool="arduino:avr-gcc@7.3.0-atmel3.6.1-arduino7"
time="2025-10-27T17:06:25+05:30" level=info msg="Loaded tool" tool="arduino:avrdude@6.3.0-arduino17"
time="2025-10-27T17:06:25+05:30" level=info msg="Loaded tool" tool="arduino:dfu-util@0.11.0-arduino5"
time="2025-10-27T17:06:25+05:30" level=info msg="Loading package builtin from: /home/kamal/.arduino15/packages/builtin"
time="2025-10-27T17:06:25+05:30" level=info msg="Checking existence of 'tools' path: /home/kamal/.arduino15/packages/builtin/tools"
time="2025-10-27T17:06:25+05:30" level=info msg="Loading tools from dir: /home/kamal/.arduino15/packages/builtin/tools"
time="2025-10-27T17:06:25+05:30" level=info msg="Loaded tool" tool="builtin:ctags@5.8-arduino11"
2025-10-27 17:06:25 2025-10-27T11:36:25.853Z daemon INFO time="2025-10-27T17:06:25+05:30" level=info msg="Loaded tool" tool="builtin:dfu-discovery@0.1.2"
time="2025-10-27T17:06:25+05:30" level=info msg="Loaded tool" tool="builtin:mdns-discovery@1.0.9"
time="2025-10-27T17:06:25+05:30" level=info msg="Loaded tool" tool="builtin:serial-discovery@1.4.1"
2025-10-27 17:06:25 2025-10-27T11:36:25.853Z daemon INFO time="2025-10-27T17:06:25+05:30" level=info msg="Loaded tool" tool="builtin:serial-monitor@0.15.0"
time="2025-10-27T17:06:25+05:30" level=info msg="Loading package esp32 from: /home/kamal/.arduino15/packages/esp32/hardware"
2025-10-27 17:06:25 2025-10-27T11:36:25.856Z daemon INFO time="2025-10-27T17:06:25+05:30" level=info msg="Missing signature file" index=/home/kamal/.arduino15/packages/esp32/hardware/esp32/3.3.2/installed.json
2025-10-27 17:06:26 2025-10-27T11:36:26.035Z daemon INFO time="2025-10-27T17:06:26+05:30" level=info msg="Adding monitor tool" protocol=serial tool="builtin:serial-monitor"
time="2025-10-27T17:06:26+05:30" level=info msg="Loaded platform" platform="esp32:esp32@3.3.2"
time="2025-10-27T17:06:26+05:30" level=info msg="Checking existence of 'tools' path: /home/kamal/.arduino15/packages/esp32/tools"
time="2025-10-27T17:06:26+05:30" level=info msg="Loading tools from dir: /home/kamal/.arduino15/packages/esp32/tools"
time="2025-10-27T17:06:26+05:30" level=info msg="Loaded tool" tool="esp32:esp-rv32@2507"
time="2025-10-27T17:06:26+05:30" level=info msg="Loaded tool" tool="esp32:esp-x32@2507"
time="2025-10-27T17:06:26+05:30" level=info msg="Loaded tool" tool="esp32:esp32-arduino-libs@idf-release_v5.5-07e9bf49-v1"
time="2025-10-27T17:06:26+05:30" level=info msg="Loaded tool" tool="esp32:esptool_py@5.1.0"
time="2025-10-27T17:06:26+05:30" level=info msg="Loaded tool" tool="esp32:mklittlefs@4.0.2-db0513a"
time="2025-10-27T17:06:26+05:30" level=info msg="Loaded tool" tool="esp32:mkspiffs@0.2.3"
time="2025-10-27T17:06:26+05:30" level=info msg="Loaded tool" tool="esp32:openocd-esp32@v0.12.0-esp32-20250707"
time="2025-10-27T17:06:26+05:30" level=info msg="Loaded tool" tool="esp32:riscv32-esp-elf-gdb@16.3_20250913"
time="2025-10-27T17:06:26+05:30" level=info msg="Loaded tool" tool="esp32:xtensa-esp-elf-gdb@16.3_20250913"
time="2025-10-27T17:06:26+05:30" level=info msg="Adding libraries dir" dir=/home/kamal/.arduino15/packages/arduino/hardware/avr/1.8.6/libraries isSingleLibrary=false location=platform
time="2025-10-27T17:06:26+05:30" level=info msg="Adding libraries dir" dir=/home/kamal/.arduino15/packages/esp32/hardware/esp32/3.3.2/libraries isSingleLibrary=false location=platform
time="2025-10-27T17:06:26+05:30" level=info msg="Loading libraries index file" index=/home/kamal/.arduino15/library_index.json
2025-10-27 17:06:26 2025-10-27T11:36:26.321Z daemon INFO time="2025-10-27T17:06:26+05:30" level=info msg="Adding libraries dir" dir=/home/kamal/.arduino15/libraries isSingleLibrary=false location=ide
time="2025-10-27T17:06:26+05:30" level=info msg="Adding libraries dir" dir=/home/kamal/Arduino/libraries isSingleLibrary=false location=user
2025-10-27 17:06:26 2025-10-27T11:36:26.366Z discovery-log INFO start resolved watching
2025-10-27 17:06:26 2025-10-27T11:36:26.652Z root INFO Deploy plugins list: 1337.4 ms [Finished 2.292 s after backend start]
2025-10-27 17:06:27 2025-10-27T11:36:27.023Z root INFO creating connection for 1
2025-10-27 17:06:28 2025-10-27T11:36:28.114Z root WARN A command editor.action.toggleStickyScroll is already registered.
2025-10-27 17:06:28 2025-10-27T11:36:28.151Z sketches-service WARN Warning! The request sketch path was different than the response sketch path from the CLI. This could be a potential bug. Request: </home/kamal/Arduino/led/led.ino>, response: </home/kamal/Arduino/led>.
2025-10-27 17:06:28 Opening channel for service path '/services/electron-window'.
2025-10-27 17:06:28 Opening channel for service path '/services/ide-updater'.
2025-10-27 17:06:28 2025-10-27T11:36:28.264Z root INFO Start frontend contributions: 343.0 ms [Finished 2.908 s after frontend start]
2025-10-27 17:06:28 2025-10-27T11:36:28.264Z root INFO Changed application state from 'init' to 'started_contributions'.
2025-10-27 17:06:28 2025-10-27T11:36:28.277Z root INFO Changed application state from 'started_contributions' to 'attached_shell'.
2025-10-27 17:06:28 2025-10-27T11:36:28.277Z root INFO >>> Restoring the layout state...
2025-10-27 17:06:28 2025-10-27T11:36:28.339Z root INFO [bf94f884-6887-4999-9120-b6bf7fefa31d] Waiting for backend deployment: 96.2 ms [Finished 2.994 s after frontend start]
2025-10-27 17:06:28 2025-10-27T11:36:28.978Z root INFO [hosted-plugin: 5336] PLUGIN_HOST(5336) starting instance
[Object: null prototype] {}
2025-10-27 17:06:29 2025-10-27T11:36:29.692Z root INFO [bf94f884-6887-4999-9120-b6bf7fefa31d] Sync of 23 plugins: 1363.9 ms [Finished 4.358 s after frontend start]
2025-10-27 17:06:29 2025-10-27T11:36:29.725Z root INFO ------- SERIALIZED LAYOUT DATA -------
2025-10-27 17:06:29 2025-10-27T11:36:29.725Z root INFO {"version":5,"mainPanel":{"main":{"type":"tab-area","widgets":[{"constructionOptions":{"factoryId":"code-editor-opener","options":{"counter":0,"kind":"navigatable","uri":"file:///home/kamal/Arduino/led/led.ino"}},"innerWidgetState":"{\"cursorState\":[{\"inSelectionMode\":false,\"selectionStart\":{\"lineNumber\":1,\"column\":1},\"position\":{\"lineNumber\":1,\"column\":1}}],\"viewState\":{\"scrollLeft\":0,\"firstPosition\":{\"lineNumber\":1,\"column\":1},\"firstPositionDeltaTop\":0},\"contributionsState\":{\"editor.contrib.folding\":{\"lineCount\":18,\"provider\":\"indent\",\"foldedImports\":false},\"editor.contrib.wordHighlighter\":false}}"}],"currentIndex":0}},"mainPanelPinned":[false],"bottomPanel":{"config":{"main":{"type":"tab-area","widgets":[{"constructionOptions":{"factoryId":"outputView"},"innerWidgetState":"{\"locked\":false}"}],"currentIndex":0}},"pinned":[false],"size":367,"expanded":true},"leftPanel":{"type":"sidepanel","items":[{"widget":{"constructionOptions":{"factoryId":"arduino-sketchbook-widget"}},"rank":1,"expanded":false,"pinned":false},{"widget":{"constructionOptions":{"factoryId":"boards-list-widget"}},"rank":2,"expanded":false,"pinned":false},{"widget":{"constructionOptions":{"factoryId":"library-list-widget"}},"rank":3,"expanded":false,"pinned":false},{"widget":{"constructionOptions":{"factoryId":"debug"},"innerWidgetState":"{\"parts\":[{\"widget\":{\"constructionOptions\":{\"factoryId\":\"debug:threads\"},\"innerWidgetState\":\"{}\"},\"partId\":\"debug:threads:-1\",\"collapsed\":false,\"hidden\":false,\"originalContainerId\":\"debug:view-container:-1\",\"originalContainerTitle\":{\"label\":\"debug\",\"iconClass\":\"codicon codicon-debug-alt\",\"closeable\":true}},{\"widget\":{\"constructionOptions\":{\"factoryId\":\"debug:frames\"},\"innerWidgetState\":\"{}\"},\"partId\":\"debug:frames:-1\",\"collapsed\":false,\"hidden\":false,\"originalContainerId\":\"debug:view-container:-1\",\"originalContainerTitle\":{\"label\":\"debug\",\"iconClass\":\"codicon codicon-debug-alt\",\"closeable\":true}},{\"widget\":{\"constructionOptions\":{\"factoryId\":\"debug:variables\"},\"innerWidgetState\":\"{}\"},\"partId\":\"debug:variables:-1\",\"collapsed\":false,\"hidden\":false,\"originalContainerId\":\"debug:view-container:-1\",\"originalContainerTitle\":{\"label\":\"debug\",\"iconClass\":\"codicon codicon-debug-alt\",\"closeable\":true}},{\"widget\":{\"constructionOptions\":{\"factoryId\":\"debug:watch\"},\"innerWidgetState\":\"{}\"},\"partId\":\"debug:watch:-1\",\"collapsed\":false,\"hidden\":false,\"originalContainerId\":\"debug:view-container:-1\",\"originalContainerTitle\":{\"label\":\"debug\",\"iconClass\":\"codicon codicon-debug-alt\",\"closeable\":true}},{\"widget\":{\"constructionOptions\":{\"factoryId\":\"debug:breakpoints\"},\"innerWidgetState\":\"{}\"},\"partId\":\"debug:breakpoints:-1\",\"collapsed\":false,\"hidden\":false,\"originalContainerId\":\"debug:view-container:-1\",\"originalContainerTitle\":{\"label\":\"debug\",\"iconClass\":\"codicon codicon-debug-alt\",\"closeable\":true}},{\"widget\":{\"constructionOptions\":{\"factoryId\":\"plugin-view\",\"options\":{\"id\":\"plugin-view:cortex-debug.peripherals\",\"viewId\":\"cortex-debug.peripherals\"}},\"innerWidgetState\":\"{\\\"label\\\":\\\"Cortex Peripherals\\\",\\\"widgets\\\":[],\\\"suppressUpdateViewVisibility\\\":false,\\\"currentViewContainerId\\\":\\\"debug\\\"}\"},\"partId\":\"plugin-view:cortex-debug.peripherals\",\"collapsed\":true,\"hidden\":true,\"originalContainerId\":\"debug:view-container:-1\",\"originalContainerTitle\":{\"label\":\"debug\",\"iconClass\":\"codicon codicon-debug-alt\",\"closeable\":true}},{\"widget\":{\"constructionOptions\":{\"factoryId\":\"plugin-view\",\"options\":{\"id\":\"plugin-view:cortex-debug.registers\",\"viewId\":\"cortex-debug.registers\"}},\"innerWidgetState\":\"{\\\"label\\\":\\\"Cortex Registers\\\",\\\"widgets\\\":[],\\\"suppressUpdateViewVisibility\\\":false,\\\"currentViewContainerId\\\":\\\"debug\\\"}\"},\"partId\":\"plugin-view:cortex-debug.registers\",\"collapsed\":true,\"hidden\":true,\"originalContainerId\":\"debug:view-container:-1\",\"originalContainerTitle\":{\"label\":\"debug\",\"iconClass\":\"codicon codicon-debug-alt\",\"closeable\":true}}],\"title\":{\"label\":\"debug\",\"iconClass\":\"codicon codicon-debug-alt\",\"closeable\":true}}"},"rank":4,"expanded":false,"pinned":false},{"widget":{"constructionOptions":{"factoryId":"search-view-container"},"innerWidgetState":"{\"parts\":[{\"widget\":{\"constructionOptions\":{\"factoryId\":\"search-in-workspace\"},\"innerWidgetState\":\"{\\\"matchCaseState\\\":{\\\"className\\\":\\\"codicon codicon-case-sensitive\\\",\\\"enabled\\\":false,\\\"title\\\":\\\"Match Case\\\"},\\\"wholeWordState\\\":{\\\"className\\\":\\\"codicon codicon-whole-word\\\",\\\"enabled\\\":false,\\\"title\\\":\\\"Match Whole Word\\\"},\\\"regExpState\\\":{\\\"className\\\":\\\"codicon codicon-regex\\\",\\\"enabled\\\":false,\\\"title\\\":\\\"Use Regular Expression\\\"},\\\"includeIgnoredState\\\":{\\\"className\\\":\\\"codicon codicon-eye\\\",\\\"enabled\\\":false,\\\"title\\\":\\\"Include Ignored Files\\\"},\\\"showSearchDetails\\\":false,\\\"searchInWorkspaceOptions\\\":{\\\"matchCase\\\":false,\\\"matchWholeWord\\\":false,\\\"useRegExp\\\":false,\\\"multiline\\\":false,\\\"includeIgnored\\\":false,\\\"include\\\":[],\\\"exclude\\\":[],\\\"maxResults\\\":2000},\\\"searchTerm\\\":\\\"\\\",\\\"replaceTerm\\\":\\\"\\\",\\\"showReplaceField\\\":false,\\\"searchHistoryState\\\":{\\\"history\\\":[],\\\"index\\\":0},\\\"replaceHistoryState\\\":{\\\"history\\\":[],\\\"index\\\":0},\\\"includeHistoryState\\\":{\\\"history\\\":[],\\\"index\\\":0},\\\"excludeHistoryState\\\":{\\\"history\\\":[],\\\"index\\\":0}}\"},\"partId\":\"search-in-workspace\",\"collapsed\":false,\"hidden\":false,\"originalContainerId\":\"search-view-container\",\"originalContainerTitle\":{\"label\":\"Search\",\"iconClass\":\"codicon codicon-search\",\"closeable\":true}}],\"title\":{\"label\":\"Search\",\"iconClass\":\"fa fa-arduino-search\",\"closeable\":true}}"},"rank":5,"expanded":false,"pinned":false}]},"rightPanel":{"type":"sidepanel","items":[]}}
2025-10-27 17:06:29 2025-10-27T11:36:29.725Z root INFO ------- END SERIALIZED LAYOUT DATA -------
2025-10-27 17:06:30 2025-10-27T11:36:30.103Z root INFO <<< The layout has been successfully restored.
2025-10-27 17:06:30 2025-10-27T11:36:30.196Z root INFO Initialize the workbench layout: 1826.6 ms [Finished 4.769 s after frontend start]
2025-10-27 17:06:30 2025-10-27T11:36:30.198Z root INFO Changed application state from 'attached_shell' to 'initialized_layout'.
2025-10-27 17:06:30 2025-10-27T11:36:30.199Z root INFO [bf94f884-6887-4999-9120-b6bf7fefa31d] Loading plugin contributions
2025-10-27 17:06:30 2025-10-27T11:36:30.199Z root INFO [bf94f884-6887-4999-9120-b6bf7fefa31d] Load contributions of 23 plugins: 89.9 ms [Finished 4.860 s after frontend start]
2025-10-27 17:06:30 2025-10-27T11:36:30.262Z root WARN 'cpp' language is remapped from 'source.cpp.embedded.macro' to 'source.cpp' scope
2025-10-27 17:06:30 2025-10-27T11:36:30.263Z root WARN a registered grammar configuration for 'cpp' language is overridden
2025-10-27 17:06:30 2025-10-27T11:36:30.423Z root ERROR [hosted-plugin: 5336] Conflict in settings file Default: Ignoring cortex-debug.armToolchainPath.linux as cortex-debug.armToolchainPath is null
2025-10-27 17:06:30 2025-10-27T11:36:30.423Z root ERROR [hosted-plugin: 5336] Conflict in settings file Default: Ignoring cortex-debug.armToolchainPath.osx as cortex-debug.armToolchainPath is null
Conflict in settings file Default: Ignoring cortex-debug.armToolchainPath.windows as cortex-debug.armToolchainPath is null
Conflict in settings file Default: Ignoring cortex-debug.JLinkGDBServerPath.linux as cortex-debug.JLinkGDBServerPath is null
Conflict in settings file Default: Ignoring cortex-debug.JLinkGDBServerPath.osx as cortex-debug.JLinkGDBServerPath is null
Conflict in settings file Default: Ignoring cortex-debug.JLinkGDBServerPath.windows as cortex-debug.JLinkGDBServerPath is null
Conflict in settings file Default: Ignoring cortex-debug.openocdPath.linux as cortex-debug.openocdPath is null
Conflict in settings file Default: Ignoring cortex-debug.openocdPath.osx as cortex-debug.openocdPath is null
Conflict in settings file Default: Ignoring cortex-debug.openocdPath.windows as cortex-debug.openocdPath is null
Conflict in settings file Default: Ignoring cortex-debug.pyocdPath.linux as cortex-debug.pyocdPath is null
Conflict in settings file Default: Ignoring cortex-debug.pyocdPath.osx as cortex-debug.pyocdPath is null
Conflict in settings file Default: Ignoring cortex-debug.pyocdPath.windows as cortex-debug.pyocdPath is null
2025-10-27 17:06:30 2025-10-27T11:36:30.423Z root ERROR [hosted-plugin: 5336] Conflict in settings file Default: Ignoring cortex-debug.PEGDBServerPath.linux as cortex-debug.PEGDBServerPath is null
Conflict in settings file Default: Ignoring cortex-debug.PEGDBServerPath.osx as cortex-debug.PEGDBServerPath is null
Conflict in settings file Default: Ignoring cortex-debug.PEGDBServerPath.windows as cortex-debug.PEGDBServerPath is null
Conflict in settings file Default: Ignoring cortex-debug.stutilPath.linux as cortex-debug.stutilPath is null
Conflict in settings file Default: Ignoring cortex-debug.stutilPath.osx as cortex-debug.stutilPath is null
Conflict in settings file Default: Ignoring cortex-debug.stutilPath.windows as cortex-debug.stutilPath is null
Conflict in settings file Default: Ignoring cortex-debug.stlinkPath.linux as cortex-debug.stlinkPath is null
2025-10-27 17:06:30 2025-10-27T11:36:30.423Z root ERROR [hosted-plugin: 5336] Conflict in settings file Default: Ignoring cortex-debug.stlinkPath.osx as cortex-debug.stlinkPath is null
Conflict in settings file Default: Ignoring cortex-debug.stlinkPath.windows as cortex-debug.stlinkPath is null
Conflict in settings file Default: Ignoring cortex-debug.stm32cubeprogrammer.linux as cortex-debug.stm32cubeprogrammer is null
Conflict in settings file Default: Ignoring cortex-debug.stm32cubeprogrammer.osx as cortex-debug.stm32cubeprogrammer is null
Conflict in settings file Default: Ignoring cortex-debug.stm32cubeprogrammer.windows as cortex-debug.stm32cubeprogrammer is null
2025-10-27 17:06:30 2025-10-27T11:36:30.434Z root INFO [hosted-plugin: 5336] PLUGIN_HOST(5336): PluginManagerExtImpl/init()
2025-10-27 17:06:30 2025-10-27T11:36:30.436Z root INFO [hosted-plugin: 5336] PLUGIN_HOST(5336): initializing(vscode-arduino-api@0.1.2 with /tmp/.mount_arduin2cP9ka/resources/app/lib/backend/plugin-vscode-init)
2025-10-27 17:06:30 2025-10-27T11:36:30.545Z root INFO [hosted-plugin: 5336] PLUGIN_HOST(5336): initializing(json-language-features@1.88.1 with /tmp/.mount_arduin2cP9ka/resources/app/lib/backend/plugin-vscode-init)
2025-10-27 17:06:30 2025-10-27T11:36:30.553Z root INFO [hosted-plugin: 5336] PLUGIN_HOST(5336): initializing(cortex-debug@1.5.1 with /tmp/.mount_arduin2cP9ka/resources/app/lib/backend/plugin-vscode-init)
Debugger contribution has been registered: cortex-debug
2025-10-27 17:06:30 2025-10-27T11:36:30.558Z root INFO [hosted-plugin: 5336] PLUGIN_HOST(5336): initializing(vscode-arduino-tools@0.1.3 with /tmp/.mount_arduin2cP9ka/resources/app/lib/backend/plugin-vscode-init)
2025-10-27 17:06:30 2025-10-27T11:36:30.562Z root INFO [hosted-plugin: 5336] PLUGIN_HOST(5336): initializing(cpp@1.88.1 with /tmp/.mount_arduin2cP9ka/resources/app/lib/backend/plugin-vscode-init)
2025-10-27 17:06:30 2025-10-27T11:36:30.568Z root INFO [hosted-plugin: 5336] PLUGIN_HOST(5336): initializing(json@1.88.1 with /tmp/.mount_arduin2cP9ka/resources/app/lib/backend/plugin-vscode-init)
2025-10-27 17:06:30 2025-10-27T11:36:30.569Z root INFO [hosted-plugin: 5336] PLUGIN_HOST(5336): initializing(vscode-language-pack-bg@1.48.3 with /tmp/.mount_arduin2cP9ka/resources/app/lib/backend/plugin-vscode-init)
2025-10-27 17:06:30 2025-10-27T11:36:30.571Z root INFO [hosted-plugin: 5336] PLUGIN_HOST(5336): initializing(vscode-language-pack-cs@1.96.0 with /tmp/.mount_arduin2cP9ka/resources/app/lib/backend/plugin-vscode-init)
2025-10-27 17:06:30 2025-10-27T11:36:30.573Z root INFO [hosted-plugin: 5336] PLUGIN_HOST(5336): initializing(vscode-language-pack-de@1.96.0 with /tmp/.mount_arduin2cP9ka/resources/app/lib/backend/plugin-vscode-init)
2025-10-27 17:06:30 2025-10-27T11:36:30.575Z root INFO [hosted-plugin: 5336] PLUGIN_HOST(5336): initializing(vscode-language-pack-es@1.96.0 with /tmp/.mount_arduin2cP9ka/resources/app/lib/backend/plugin-vscode-init)
2025-10-27 17:06:30 2025-10-27T11:36:30.577Z root INFO [hosted-plugin: 5336] PLUGIN_HOST(5336): initializing(vscode-language-pack-fr@1.96.0 with /tmp/.mount_arduin2cP9ka/resources/app/lib/backend/plugin-vscode-init)
2025-10-27 17:06:30 2025-10-27T11:36:30.578Z root INFO [hosted-plugin: 5336] PLUGIN_HOST(5336): initializing(vscode-language-pack-hu@1.48.3 with /tmp/.mount_arduin2cP9ka/resources/app/lib/backend/plugin-vscode-init)
2025-10-27 17:06:30 2025-10-27T11:36:30.579Z root INFO [hosted-plugin: 5336] PLUGIN_HOST(5336): initializing(vscode-language-pack-it@1.96.0 with /tmp/.mount_arduin2cP9ka/resources/app/lib/backend/plugin-vscode-init)
2025-10-27 17:06:30 2025-10-27T11:36:30.579Z root INFO [hosted-plugin: 5336] PLUGIN_HOST(5336): initializing(vscode-language-pack-ja@1.96.0 with /tmp/.mount_arduin2cP9ka/resources/app/lib/backend/plugin-vscode-init)
2025-10-27 17:06:30 2025-10-27T11:36:30.580Z root INFO [hosted-plugin: 5336] PLUGIN_HOST(5336): initializing(vscode-language-pack-ko@1.96.0 with /tmp/.mount_arduin2cP9ka/resources/app/lib/backend/plugin-vscode-init)
2025-10-27 17:06:30 2025-10-27T11:36:30.581Z root INFO [hosted-plugin: 5336] PLUGIN_HOST(5336): initializing(vscode-language-pack-nl@1.48.3 with /tmp/.mount_arduin2cP9ka/resources/app/lib/backend/plugin-vscode-init)
2025-10-27 17:06:30 2025-10-27T11:36:30.582Z root INFO [hosted-plugin: 5336] PLUGIN_HOST(5336): initializing(vscode-language-pack-pl@1.96.0 with /tmp/.mount_arduin2cP9ka/resources/app/lib/backend/plugin-vscode-init)
2025-10-27 17:06:30 2025-10-27T11:36:30.583Z root INFO [hosted-plugin: 5336] PLUGIN_HOST(5336): initializing(vscode-language-pack-pt-BR@1.96.0 with /tmp/.mount_arduin2cP9ka/resources/app/lib/backend/plugin-vscode-init)
2025-10-27 17:06:30 2025-10-27T11:36:30.584Z root INFO [hosted-plugin: 5336] PLUGIN_HOST(5336): initializing(vscode-language-pack-ru@1.96.0 with /tmp/.mount_arduin2cP9ka/resources/app/lib/backend/plugin-vscode-init)
2025-10-27 17:06:30 2025-10-27T11:36:30.585Z root INFO [hosted-plugin: 5336] PLUGIN_HOST(5336): initializing(vscode-language-pack-tr@1.96.0 with /tmp/.mount_arduin2cP9ka/resources/app/lib/backend/plugin-vscode-init)
2025-10-27 17:06:30 2025-10-27T11:36:30.586Z root INFO [hosted-plugin: 5336] PLUGIN_HOST(5336): initializing(vscode-language-pack-uk@1.48.3 with /tmp/.mount_arduin2cP9ka/resources/app/lib/backend/plugin-vscode-init)
2025-10-27 17:06:30 2025-10-27T11:36:30.586Z root INFO [hosted-plugin: 5336] PLUGIN_HOST(5336): initializing(vscode-language-pack-zh-hans@1.96.0 with /tmp/.mount_arduin2cP9ka/resources/app/lib/backend/plugin-vscode-init)
2025-10-27 17:06:30 2025-10-27T11:36:30.588Z root INFO [hosted-plugin: 5336] PLUGIN_HOST(5336): initializing(vscode-language-pack-zh-hant@1.96.0 with /tmp/.mount_arduin2cP9ka/resources/app/lib/backend/plugin-vscode-init)
2025-10-27 17:06:30 2025-10-27T11:36:30.600Z root INFO [hosted-plugin: 5336] PLUGIN_HOST(5336): PluginManagerExtImpl/loadPlugin(/tmp/.mount_arduin2cP9ka/resources/app/plugins/vscode-builtin-json-language-features/extension/client/dist/node/jsonClientMain)
2025-10-27 17:06:30 2025-10-27T11:36:30.665Z root INFO [hosted-plugin: 5336] PLUGIN_HOST(5336): PluginManagerExtImpl/loadPlugin(/tmp/.mount_arduin2cP9ka/resources/app/plugins/vscode-arduino-tools/extension/dist/extension.js)
2025-10-27 17:06:30 2025-10-27T11:36:30.697Z root INFO [hosted-plugin: 5336] PLUGIN_HOST(5336): PluginManagerExtImpl/loadPlugin(/tmp/.mount_arduin2cP9ka/resources/app/plugins/vscode-arduino-api/extension/dist/extension.js)
2025-10-27 17:06:30 2025-10-27T11:36:30.701Z root INFO [hosted-plugin: 5336] calling activation function on VS Code Arduino Tools
2025-10-27 17:06:30 2025-10-27T11:36:30.701Z root INFO [hosted-plugin: 5336] calling activation function on Arduino IDE API for VS Code extensions
2025-10-27 17:06:30 2025-10-27T11:36:30.727Z root INFO [bf94f884-6887-4999-9120-b6bf7fefa31d] Starting plugins.
2025-10-27 17:06:30 2025-10-27T11:36:30.753Z root INFO [hosted-plugin: 5336] PLUGIN_HOST(5336): PluginManagerExtImpl/loadPlugin(/tmp/.mount_arduin2cP9ka/resources/app/plugins/cortex-debug/extension/dist/extension.js)
2025-10-27 17:06:30 2025-10-27T11:36:30.795Z root INFO [hosted-plugin: 5336] Debug configuration provider has been registered: cortex-debug, trigger: 1
2025-10-27 17:06:30 2025-10-27T11:36:30.795Z root INFO [hosted-plugin: 5336] calling activation function on Cortex-Debug
2025-10-27 17:06:30 2025-10-27T11:36:30.798Z root INFO [hosted-plugin: 5336] GDB server console created
2025-10-27 17:06:30 2025-10-27T11:36:30.805Z root INFO [bf94f884-6887-4999-9120-b6bf7fefa31d] Start of 23 plugins: 603.9 ms [Finished 5.470 s after frontend start]
2025-10-27 17:06:30 2025-10-27T11:36:30.966Z root INFO [hosted-plugin: 5336] calling activation function on JSON Language Features (built-in)
2025-10-27 17:06:31 2025-10-27T11:36:31.295Z root INFO Frontend application start: 3230.3 ms [Finished 6.933 s after backend start]
2025-10-27 17:06:31 Checking for update
2025-10-27 17:06:31 2025-10-27T11:36:31.334Z root INFO Replace loading indicator with ready workbench UI (animation): 847.4 ms [Finished 5.712 s after frontend start]
2025-10-27 17:06:31 2025-10-27T11:36:31.334Z root INFO Changed application state from 'initialized_layout' to 'ready'.
2025-10-27 17:06:31 2025-10-27T11:36:31.334Z root WARN Linked preference "workbench.colorCustomizations" not found.
2025-10-27 17:06:31 2025-10-27T11:36:31.617Z daemon INFO time="2025-10-27T17:06:31+05:30" level=info msg="Tool required for debug" tool="arduino:dfu-util@0.11.0-arduino5"
time="2025-10-27T17:06:31+05:30" level=info msg="Tool required for debug" tool="esp32:esp-rv32@2507"
time="2025-10-27T17:06:31+05:30" level=info msg="Tool required for debug" tool="esp32:esp-x32@2507"
time="2025-10-27T17:06:31+05:30" level=info msg="Tool required for debug" tool="esp32:esp32-arduino-libs@idf-release_v5.5-07e9bf49-v1"
time="2025-10-27T17:06:31+05:30" level=info msg="Tool required for debug" tool="esp32:esptool_py@5.1.0"
time="2025-10-27T17:06:31+05:30" level=info msg="Tool required for debug" tool="esp32:mklittlefs@4.0.2-db0513a"
time="2025-10-27T17:06:31+05:30" level=info msg="Tool required for debug" tool="esp32:mkspiffs@0.2.3"
time="2025-10-27T17:06:31+05:30" level=info msg="Tool required for debug" tool="esp32:openocd-esp32@v0.12.0-esp32-20250707"
time="2025-10-27T17:06:31+05:30" level=info msg="Tool required for debug" tool="esp32:riscv32-esp-elf-gdb@16.3_20250913"
time="2025-10-27T17:06:31+05:30" level=info msg="Tool required for debug" tool="esp32:xtensa-esp-elf-gdb@16.3_20250913"
time="2025-10-27T17:06:31+05:30" level=info msg="Tool required for debug" tool="builtin:serial-discovery@1.4.1"
time="2025-10-27T17:06:31+05:30" level=info msg="Tool required for debug" tool="arduino:arduinoOTA@1.3.0"
time="2025-10-27T17:06:31+05:30" level=info msg="Tool required for debug" tool="arduino:avr-gcc@7.3.0-atmel3.6.1-arduino7"
time="2025-10-27T17:06:31+05:30" level=info msg="Tool required for debug" tool="builtin:dfu-discovery@0.1.2"
time="2025-10-27T17:06:31+05:30" level=info msg="Tool required for debug" tool="builtin:ctags@5.8-arduino11"
time="2025-10-27T17:06:31+05:30" level=info msg="Tool required for debug" tool="builtin:mdns-discovery@1.0.9"
time="2025-10-27T17:06:31+05:30" level=info msg="Tool required for debug" tool="builtin:serial-monitor@0.15.0"
time="2025-10-27T17:06:31+05:30" level=info msg="Tool required for debug" tool="arduino:avrdude@6.3.0-arduino17"
2025-10-27 17:06:31 2025-10-27T11:36:31.618Z daemon INFO time="2025-10-27T17:06:31+05:30" level=info msg="Tool required for debug" tool="arduino:dfu-util@0.11.0-arduino5"
time="2025-10-27T17:06:31+05:30" level=info msg="Tool required for debug" tool="esp32:esp-rv32@2507"
2025-10-27 17:06:31 2025-10-27T11:36:31.618Z daemon INFO time="2025-10-27T17:06:31+05:30" level=info msg="Tool required for debug" tool="esp32:esp-x32@2507"
time="2025-10-27T17:06:31+05:30" level=info msg="Tool required for debug" tool="esp32:esp32-arduino-libs@idf-release_v5.5-07e9bf49-v1"
time="2025-10-27T17:06:31+05:30" level=info msg="Tool required for debug" tool="esp32:esptool_py@5.1.0"
time="2025-10-27T17:06:31+05:30" level=info msg="Tool required for debug" tool="esp32:mklittlefs@4.0.2-db0513a"
time="2025-10-27T17:06:31+05:30" level=info msg="Tool required for debug" tool="esp32:mkspiffs@0.2.3"
time="2025-10-27T17:06:31+05:30" level=info msg="Tool required for debug" tool="esp32:openocd-esp32@v0.12.0-esp32-20250707"
time="2025-10-27T17:06:31+05:30" level=info msg="Tool required for debug" tool="esp32:riscv32-esp-elf-gdb@16.3_20250913"
time="2025-10-27T17:06:31+05:30" level=info msg="Tool required for debug" tool="esp32:xtensa-esp-elf-gdb@16.3_20250913"
time="2025-10-27T17:06:31+05:30" level=info msg="Tool required for debug" tool="arduino:arduinoOTA@1.3.0"
time="2025-10-27T17:06:31+05:30" level=info msg="Tool required for debug" tool="arduino:avr-gcc@7.3.0-atmel3.6.1-arduino7"
time="2025-10-27T17:06:31+05:30" level=info msg="Tool required for debug" tool="arduino:avrdude@6.3.0-arduino17"
time="2025-10-27T17:06:31+05:30" level=info msg="Tool required for debug" tool="builtin:serial-discovery@1.4.1"
2025-10-27 17:06:31 2025-10-27T11:36:31.618Z daemon INFO time="2025-10-27T17:06:31+05:30" level=info msg="Tool required for debug" tool="builtin:ctags@5.8-arduino11"
time="2025-10-27T17:06:31+05:30" level=info msg="Tool required for debug" tool="builtin:mdns-discovery@1.0.9"
time="2025-10-27T17:06:31+05:30" level=info msg="Tool required for debug" tool="builtin:serial-monitor@0.15.0"
time="2025-10-27T17:06:31+05:30" level=info msg="Tool required for debug" tool="builtin:dfu-discovery@0.1.2"
2025-10-27 17:06:31 2025-10-27T11:36:31.623Z daemon INFO time="2025-10-27T17:06:31+05:30" level=info msg="Tool required for debug" tool="arduino:dfu-util@0.11.0-arduino5"
time="2025-10-27T17:06:31+05:30" level=info msg="Tool required for debug" tool="esp32:esp-rv32@2507"
time="2025-10-27T17:06:31+05:30" level=info msg="Tool required for debug" tool="esp32:esp-x32@2507"
time="2025-10-27T17:06:31+05:30" level=info msg="Tool required for debug" tool="esp32:esp32-arduino-libs@idf-release_v5.5-07e9bf49-v1"
2025-10-27 17:06:31 2025-10-27T11:36:31.623Z daemon INFO time="2025-10-27T17:06:31+05:30" level=info msg="Tool required for debug" tool="esp32:esptool_py@5.1.0"
time="2025-10-27T17:06:31+05:30" level=info msg="Tool required for debug" tool="esp32:mklittlefs@4.0.2-db0513a"
time="2025-10-27T17:06:31+05:30" level=info msg="Tool required for debug" tool="esp32:mkspiffs@0.2.3"
time="2025-10-27T17:06:31+05:30" level=info msg="Tool required for debug" tool="esp32:openocd-esp32@v0.12.0-esp32-20250707"
time="2025-10-27T17:06:31+05:30" level=info msg="Tool required for debug" tool="esp32:riscv32-esp-elf-gdb@16.3_20250913"
time="2025-10-27T17:06:31+05:30" level=info msg="Tool required for debug" tool="esp32:xtensa-esp-elf-gdb@16.3_20250913"
time="2025-10-27T17:06:31+05:30" level=info msg="Tool required for debug" tool="builtin:mdns-discovery@1.0.9"
time="2025-10-27T17:06:31+05:30" level=info msg="Tool required for debug" tool="builtin:ctags@5.8-arduino11"
time="2025-10-27T17:06:31+05:30" level=info msg="Tool required for debug" tool="arduino:arduinoOTA@1.3.0"
time="2025-10-27T17:06:31+05:30" level=info msg="Tool required for debug" tool="builtin:serial-monitor@0.15.0"
time="2025-10-27T17:06:31+05:30" level=info msg="Tool required for debug" tool="builtin:dfu-discovery@0.1.2"
time="2025-10-27T17:06:31+05:30" level=info msg="Tool required for debug" tool="arduino:avrdude@6.3.0-arduino17"
time="2025-10-27T17:06:31+05:30" level=info msg="Tool required for debug" tool="builtin:serial-discovery@1.4.1"
time="2025-10-27T17:06:31+05:30" level=info msg="Tool required for debug" tool="arduino:avr-gcc@7.3.0-atmel3.6.1-arduino7"
2025-10-27 17:06:31 2025-10-27T11:36:31.628Z daemon INFO time="2025-10-27T17:06:31+05:30" level=info msg="Tool required for debug" tool="arduino:dfu-util@0.11.0-arduino5"
time="2025-10-27T17:06:31+05:30" level=info msg="Tool required for debug" tool="esp32:esp-rv32@2507"
2025-10-27 17:06:31 2025-10-27T11:36:31.628Z daemon INFO time="2025-10-27T17:06:31+05:30" level=info msg="Tool required for debug" tool="esp32:esp-x32@2507"
time="2025-10-27T17:06:31+05:30" level=info msg="Tool required for debug" tool="esp32:esp32-arduino-libs@idf-release_v5.5-07e9bf49-v1"
time="2025-10-27T17:06:31+05:30" level=info msg="Tool required for debug" tool="esp32:esptool_py@5.1.0"
time="2025-10-27T17:06:31+05:30" level=info msg="Tool required for debug" tool="esp32:mklittlefs@4.0.2-db0513a"
time="2025-10-27T17:06:31+05:30" level=info msg="Tool required for debug" tool="esp32:mkspiffs@0.2.3"
time="2025-10-27T17:06:31+05:30" level=info msg="Tool required for debug" tool="esp32:openocd-esp32@v0.12.0-esp32-20250707"
time="2025-10-27T17:06:31+05:30" level=info msg="Tool required for debug" tool="esp32:riscv32-esp-elf-gdb@16.3_20250913"
time="2025-10-27T17:06:31+05:30" level=info msg="Tool required for debug" tool="esp32:xtensa-esp-elf-gdb@16.3_20250913"
time="2025-10-27T17:06:31+05:30" level=info msg="Tool required for debug" tool="builtin:mdns-discovery@1.0.9"
time="2025-10-27T17:06:31+05:30" level=info msg="Tool required for debug" tool="arduino:avr-gcc@7.3.0-atmel3.6.1-arduino7"
2025-10-27 17:06:31 2025-10-27T11:36:31.628Z daemon INFO time="2025-10-27T17:06:31+05:30" level=info msg="Tool required for debug" tool="builtin:ctags@5.8-arduino11"
time="2025-10-27T17:06:31+05:30" level=info msg="Tool required for debug" tool="builtin:dfu-discovery@0.1.2"
time="2025-10-27T17:06:31+05:30" level=info msg="Tool required for debug" tool="arduino:avrdude@6.3.0-arduino17"
time="2025-10-27T17:06:31+05:30" level=info msg="Tool required for debug" tool="builtin:serial-monitor@0.15.0"
time="2025-10-27T17:06:31+05:30" level=info msg="Tool required for debug" tool="arduino:arduinoOTA@1.3.0"
time="2025-10-27T17:06:31+05:30" level=info msg="Tool required for debug" tool="builtin:serial-discovery@1.4.1"
2025-10-27 17:06:31 2025-10-27T11:36:31.633Z root INFO Starting language server: esp32:esp32:esp32:UploadSpeed=921600,CPUFreq=240,FlashFreq=80,FlashMode=qio,FlashSize=4M,PartitionScheme=default,DebugLevel=none,PSRAM=disabled,LoopCore=1,EventsCore=1,EraseFlash=none,JTAGAdapter=default,ZigbeeMode=default
2025-10-27 17:06:31 2025-10-27T11:36:31.633Z daemon INFO time="2025-10-27T17:06:31+05:30" level=info msg="Tool required for debug" tool="arduino:dfu-util@0.11.0-arduino5"
time="2025-10-27T17:06:31+05:30" level=info msg="Tool required for debug" tool="esp32:esp-rv32@2507"
time="2025-10-27T17:06:31+05:30" level=info msg="Tool required for debug" tool="esp32:esp-x32@2507"
time="2025-10-27T17:06:31+05:30" level=info msg="Tool required for debug" tool="esp32:esp32-arduino-libs@idf-release_v5.5-07e9bf49-v1"
time="2025-10-27T17:06:31+05:30" level=info msg="Tool required for debug" tool="esp32:esptool_py@5.1.0"
time="2025-10-27T17:06:31+05:30" level=info msg="Tool required for debug" tool="esp32:mklittlefs@4.0.2-db0513a"
time="2025-10-27T17:06:31+05:30" level=info msg="Tool required for debug" tool="esp32:mkspiffs@0.2.3"
time="2025-10-27T17:06:31+05:30" level=info msg="Tool required for debug" tool="esp32:openocd-esp32@v0.12.0-esp32-20250707"
time="2025-10-27T17:06:31+05:30" level=info msg="Tool required for debug" tool="esp32:riscv32-esp-elf-gdb@16.3_20250913"
time="2025-10-27T17:06:31+05:30" level=info msg="Tool required for debug" tool="esp32:xtensa-esp-elf-gdb@16.3_20250913"
time="2025-10-27T17:06:31+05:30" level=info msg="Tool required for debug" tool="arduino:avr-gcc@7.3.0-atmel3.6.1-arduino7"
time="2025-10-27T17:06:31+05:30" level=info msg="Tool required for debug" tool="arduino:avrdude@6.3.0-arduino17"
time="2025-10-27T17:06:31+05:30" level=info msg="Tool required for debug" tool="builtin:dfu-discovery@0.1.2"
time="2025-10-27T17:06:31+05:30" level=info msg="Tool required for debug" tool="builtin:serial-discovery@1.4.1"
time="2025-10-27T17:06:31+05:30" level=info msg="Tool required for debug" tool="builtin:ctags@5.8-arduino11"
time="2025-10-27T17:06:31+05:30" level=info msg="Tool required for debug" tool="builtin:mdns-discovery@1.0.9"
time="2025-10-27T17:06:31+05:30" level=info msg="Tool required for debug" tool="arduino:arduinoOTA@1.3.0"
time="2025-10-27T17:06:31+05:30" level=info msg="Tool required for debug" tool="builtin:serial-monitor@0.15.0"
2025-10-27 17:06:31 2025-10-27T11:36:31.636Z daemon INFO time="2025-10-27T17:06:31+05:30" level=info msg="Tool required for debug" tool="arduino:dfu-util@0.11.0-arduino5"
time="2025-10-27T17:06:31+05:30" level=info msg="Tool required for debug" tool="esp32:esp-rv32@2507"
time="2025-10-27T17:06:31+05:30" level=info msg="Tool required for debug" tool="esp32:esp-x32@2507"
time="2025-10-27T17:06:31+05:30" level=info msg="Tool required for debug" tool="esp32:esp32-arduino-libs@idf-release_v5.5-07e9bf49-v1"
2025-10-27 17:06:31 2025-10-27T11:36:31.636Z daemon INFO time="2025-10-27T17:06:31+05:30" level=info msg="Tool required for debug" tool="esp32:esptool_py@5.1.0"
time="2025-10-27T17:06:31+05:30" level=info msg="Tool required for debug" tool="esp32:mklittlefs@4.0.2-db0513a"
time="2025-10-27T17:06:31+05:30" level=info msg="Tool required for debug" tool="esp32:mkspiffs@0.2.3"
time="2025-10-27T17:06:31+05:30" level=info msg="Tool required for debug" tool="esp32:openocd-esp32@v0.12.0-esp32-20250707"
time="2025-10-27T17:06:31+05:30" level=info msg="Tool required for debug" tool="esp32:riscv32-esp-elf-gdb@16.3_20250913"
time="2025-10-27T17:06:31+05:30" level=info msg="Tool required for debug" tool="esp32:xtensa-esp-elf-gdb@16.3_20250913"
time="2025-10-27T17:06:31+05:30" level=info msg="Tool required for debug" tool="arduino:avrdude@6.3.0-arduino17"
time="2025-10-27T17:06:31+05:30" level=info msg="Tool required for debug" tool="builtin:ctags@5.8-arduino11"
time="2025-10-27T17:06:31+05:30" level=info msg="Tool required for debug" tool="arduino:arduinoOTA@1.3.0"
time="2025-10-27T17:06:31+05:30" level=info msg="Tool required for debug" tool="arduino:avr-gcc@7.3.0-atmel3.6.1-arduino7"
time="2025-10-27T17:06:31+05:30" level=info msg="Tool required for debug" tool="builtin:dfu-discovery@0.1.2"
2025-10-27 17:06:31 2025-10-27T11:36:31.636Z daemon INFO time="2025-10-27T17:06:31+05:30" level=info msg="Tool required for debug" tool="builtin:mdns-discovery@1.0.9"
time="2025-10-27T17:06:31+05:30" level=info msg="Tool required for debug" tool="builtin:serial-discovery@1.4.1"
time="2025-10-27T17:06:31+05:30" level=info msg="Tool required for debug" tool="builtin:serial-monitor@0.15.0"
2025-10-27 17:06:31 2025-10-27T11:36:31.642Z daemon INFO time="2025-10-27T17:06:31+05:30" level=info msg="Tool required for debug" tool="arduino:dfu-util@0.11.0-arduino5"
time="2025-10-27T17:06:31+05:30" level=info msg="Tool required for debug" tool="esp32:esp-rv32@2507"
time="2025-10-27T17:06:31+05:30" level=info msg="Tool required for debug" tool="esp32:esp-x32@2507"
time="2025-10-27T17:06:31+05:30" level=info msg="Tool required for debug" tool="esp32:esp32-arduino-libs@idf-release_v5.5-07e9bf49-v1"
time="2025-10-27T17:06:31+05:30" level=info msg="Tool required for debug" tool="esp32:esptool_py@5.1.0"
time="2025-10-27T17:06:31+05:30" level=info msg="Tool required for debug" tool="esp32:mklittlefs@4.0.2-db0513a"
time="2025-10-27T17:06:31+05:30" level=info msg="Tool required for debug" tool="esp32:mkspiffs@0.2.3"
time="2025-10-27T17:06:31+05:30" level=info msg="Tool required for debug" tool="esp32:openocd-esp32@v0.12.0-esp32-20250707"
time="2025-10-27T17:06:31+05:30" level=info msg="Tool required for debug" tool="esp32:riscv32-esp-elf-gdb@16.3_20250913"
time="2025-10-27T17:06:31+05:30" level=info msg="Tool required for debug" tool="esp32:xtensa-esp-elf-gdb@16.3_20250913"
time="2025-10-27T17:06:31+05:30" level=info msg="Tool required for debug" tool="builtin:dfu-discovery@0.1.2"
time="2025-10-27T17:06:31+05:30" level=info msg="Tool required for debug" tool="builtin:mdns-discovery@1.0.9"
time="2025-10-27T17:06:31+05:30" level=info msg="Tool required for debug" tool="arduino:avr-gcc@7.3.0-atmel3.6.1-arduino7"
time="2025-10-27T17:06:31+05:30" level=info msg="Tool required for debug" tool="builtin:serial-discovery@1.4.1"
time="2025-10-27T17:06:31+05:30" level=info msg="Tool required for debug" tool="arduino:arduinoOTA@1.3.0"
time="2025-10-27T17:06:31+05:30" level=info msg="Tool required for debug" tool="arduino:avrdude@6.3.0-arduino17"
time="2025-10-27T17:06:31+05:30" level=info msg="Tool required for debug" tool="builtin:ctags@5.8-arduino11"
time="2025-10-27T17:06:31+05:30" level=info msg="Tool required for debug" tool="builtin:serial-monitor@0.15.0"
2025-10-27 17:06:31 2025-10-27T11:36:31.646Z daemon INFO time="2025-10-27T17:06:31+05:30" level=info msg="Tool required for debug" tool="arduino:dfu-util@0.11.0-arduino5"
time="2025-10-27T17:06:31+05:30" level=info msg="Tool required for debug" tool="esp32:esp-rv32@2507"
time="2025-10-27T17:06:31+05:30" level=info msg="Tool required for debug" tool="esp32:esp-x32@2507"
time="2025-10-27T17:06:31+05:30" level=info msg="Tool required for debug" tool="esp32:esp32-arduino-libs@idf-release_v5.5-07e9bf49-v1"
time="2025-10-27T17:06:31+05:30" level=info msg="Tool required for debug" tool="esp32:esptool_py@5.1.0"
time="2025-10-27T17:06:31+05:30" level=info msg="Tool required for debug" tool="esp32:mklittlefs@4.0.2-db0513a"
time="2025-10-27T17:06:31+05:30" level=info msg="Tool required for debug" tool="esp32:mkspiffs@0.2.3"
time="2025-10-27T17:06:31+05:30" level=info msg="Tool required for debug" tool="esp32:openocd-esp32@v0.12.0-esp32-20250707"
time="2025-10-27T17:06:31+05:30" level=info msg="Tool required for debug" tool="esp32:riscv32-esp-elf-gdb@16.3_20250913"
time="2025-10-27T17:06:31+05:30" level=info msg="Tool required for debug" tool="esp32:xtensa-esp-elf-gdb@16.3_20250913"
time="2025-10-27T17:06:31+05:30" level=info msg="Tool required for debug" tool="builtin:mdns-discovery@1.0.9"
time="2025-10-27T17:06:31+05:30" level=info msg="Tool required for debug" tool="builtin:serial-discovery@1.4.1"
time="2025-10-27T17:06:31+05:30" level=info msg="Tool required for debug" tool="arduino:arduinoOTA@1.3.0"
time="2025-10-27T17:06:31+05:30" level=info msg="Tool required for debug" tool="builtin:serial-monitor@0.15.0"
time="2025-10-27T17:06:31+05:30" level=info msg="Tool required for debug" tool="builtin:ctags@5.8-arduino11"
time="2025-10-27T17:06:31+05:30" level=info msg="Tool required for debug" tool="arduino:avrdude@6.3.0-arduino17"
time="2025-10-27T17:06:31+05:30" level=info msg="Tool required for debug" tool="arduino:avr-gcc@7.3.0-atmel3.6.1-arduino7"
time="2025-10-27T17:06:31+05:30" level=info msg="Tool required for debug" tool="builtin:dfu-discovery@0.1.2"
2025-10-27 17:06:32 2025-10-27T11:36:32.066Z daemon INFO time="2025-10-27T17:06:31+05:30" level=info msg="Tool required for debug" tool="arduino:dfu-util@0.11.0-arduino5"
time="2025-10-27T17:06:31+05:30" level=info msg="Tool required for debug" tool="esp32:esp-rv32@2507"
time="2025-10-27T17:06:31+05:30" level=info msg="Tool required for debug" tool="esp32:esp-x32@2507"
time="2025-10-27T17:06:31+05:30" level=info msg="Tool required for debug" tool="esp32:esp32-arduino-libs@idf-release_v5.5-07e9bf49-v1"
time="2025-10-27T17:06:31+05:30" level=info msg="Tool required for debug" tool="esp32:esptool_py@5.1.0"
time="2025-10-27T17:06:31+05:30" level=info msg="Tool required for debug" tool="esp32:mklittlefs@4.0.2-db0513a"
time="2025-10-27T17:06:31+05:30" level=info msg="Tool required for debug" tool="esp32:mkspiffs@0.2.3"
time="2025-10-27T17:06:31+05:30" level=info msg="Tool required for debug" tool="esp32:openocd-esp32@v0.12.0-esp32-20250707"
time="2025-10-27T17:06:31+05:30" level=info msg="Tool required for debug" tool="esp32:riscv32-esp-elf-gdb@16.3_20250913"
time="2025-10-27T17:06:31+05:30" level=info msg="Tool required for debug" tool="esp32:xtensa-esp-elf-gdb@16.3_20250913"
time="2025-10-27T17:06:31+05:30" level=info msg="Tool required for debug" tool="builtin:dfu-discovery@0.1.2"
time="2025-10-27T17:06:31+05:30" level=info msg="Tool required for debug" tool="arduino:avr-gcc@7.3.0-atmel3.6.1-arduino7"
time="2025-10-27T17:06:31+05:30" level=info msg="Tool required for debug" tool="builtin:ctags@5.8-arduino11"
time="2025-10-27T17:06:31+05:30" level=info msg="Tool required for debug" tool="builtin:serial-discovery@1.4.1"
time="2025-10-27T17:06:31+05:30" level=info msg="Tool required for debug" tool="builtin:serial-monitor@0.15.0"
time="2025-10-27T17:06:31+05:30" level=info msg="Tool required for debug" tool="arduino:avrdude@6.3.0-arduino17"
time="2025-10-27T17:06:31+05:30" level=info msg="Tool required for debug" tool="arduino:arduinoOTA@1.3.0"
time="2025-10-27T17:06:31+05:30" level=info msg="Tool required for debug" tool="builtin:mdns-discovery@1.0.9"
time="2025-10-27T17:06:31+05:30" level=info msg="Tool required for debug" tool="arduino:dfu-util@0.11.0-arduino5"
time="2025-10-27T17:06:31+05:30" level=info msg="Tool required for debug" tool="esp32:esp-rv32@2507"
time="2025-10-27T17:06:31+05:30" level=info msg="Tool required for debug" tool="esp32:esp-x32@2507"
time="2025-10-27T17:06:31+05:30" level=info msg="Tool required for debug" tool="esp32:esp32-arduino-libs@idf-release_v5.5-07e9bf49-v1"
time="2025-10-27T17:06:31+05:30" level=info msg="Tool required for debug" tool="esp32:esptool_py@5.1.0"
time="2025-10-27T17:06:31+05:30" level=info msg="Tool required for debug" tool="esp32:mklittlefs@4.0.2-db0513a"
time="2025-10-27T17:06:31+05:30" level=info msg="Tool required for debug" tool="esp32:mkspiffs@0.2.3"
time="2025-10-27T17:06:31+05:30" level=info msg="Tool required for debug" tool="esp32:openocd-esp32@v0.12.0-esp32-20250707"
time="2025-10-27T17:06:31+05:30" level=info msg="Tool required for debug" tool="esp32:riscv32-esp-elf-gdb@16.3_20250913"
time="2025-10-27T17:06:31+05:30" level=info msg="Tool required for debug" tool="esp32:xtensa-esp-elf-gdb@16.3_20250913"
time="2025-10-27T17:06:31+05:30" level=info msg="Tool required for debug" tool="builtin:dfu-discovery@0.1.2"
time="2025-10-27T17:06:31+05:30" level=info msg="Tool required for debug" tool="builtin:serial-monitor@0.15.0"
time="2025-10-27T17:06:31+05:30" level=info msg="Tool required for debug" tool="arduino:arduinoOTA@1.3.0"
time="2025-10-27T17:06:31+05:30" level=info msg="Tool required for debug" tool="arduino:avr-gcc@7.3.0-atmel3.6.1-arduino7"
time="2025-10-27T17:06:31+05:30" level=info msg="Tool required for debug" tool="arduino:avrdude@6.3.0-arduino17"
time="2025-10-27T17:06:31+05:30" level=info msg="Tool required for debug" tool="builtin:ctags@5.8-arduino11"
time="2025-10-27T17:06:31+05:30" level=info msg="Tool required for debug" tool="builtin:mdns-discovery@1.0.9"
time="2025-10-27T17:06:31+05:30" level=info msg="Tool required for debug" tool="builtin:serial-discovery@1.4.1"
time="2025-10-27T17:06:31+05:30" level=info msg="Tool required for debug" tool="arduino:dfu-util@0.11.0-arduino5"
time="2025-10-27T17:06:31+05:30" level=info msg="Tool required for debug" tool="esp32:esp-rv32@2507"
time="2025-10-27T17:06:31+05:30" level=info msg="Tool required for debug" tool="esp32:esp-x32@2507"
time="2025-10-27T17:06:31+05:30" level=info msg="Tool required for debug" tool="esp32:esp32-arduino-libs@idf-release_v5.5-07e9bf49-v1"
time="2025-10-27T17:06:31+05:30" level=info msg="Tool required for debug" tool="esp32:esptool_py@5.1.0"
time="2025-10-27T17:06:31+05:30" level=info msg="Tool required for debug" tool="esp32:mklittlefs@4.0.2-db0513a"
time="2025-10-27T17:06:31+05:30" level=info msg="Tool required for debug" tool="esp32:mkspiffs@0.2.3"
time="2025-10-27T17:06:31+05:30" level=info msg="Tool required for debug" tool="esp32:openocd-esp32@v0.12.0-esp32-20250707"
time="2025-10-27T17:06:31+05:30" level=info msg="Tool required for debug" tool="esp32:riscv32-esp-elf-gdb@16.3_20250913"
time="2025-10-27T17:06:31+05:30" level=info msg="Tool required for debug" tool="esp32:xtensa-esp-elf-gdb@16.3_20250913"
time="2025-10-27T17:06:31+05:30" level=info msg="Tool required for debug" tool="builtin:serial-discovery@1.4.1"
time="2025-10-27T17:06:31+05:30" level=info msg="Tool required for debug" tool="builtin:dfu-discovery@0.1.2"
time="2025-10-27T17:06:31+05:30" level=info msg="Tool required for debug" tool="builtin:mdns-discovery@1.0.9"
time="2025-10-27T17:06:31+05:30" level=info msg="Tool required for debug" tool="arduino:arduinoOTA@1.3.0"
time="2025-10-27T17:06:31+05:30" level=info msg="Tool required for debug" tool="builtin:serial-monitor@0.15.0"
time="2025-10-27T17:06:31+05:30" level=info msg="Tool required for debug" tool="builtin:ctags@5.8-arduino11"
time="2025-10-27T17:06:31+05:30" level=info msg="Tool required for debug" tool="arduino:avrdude@6.3.0-arduino17"
time="2025-10-27T17:06:31+05:30" level=info msg="Tool required for debug" tool="arduino:avr-gcc@7.3.0-atmel3.6.1-arduino7"
time="2025-10-27T17:06:31+05:30" level=info msg="Tool required for debug" tool="arduino:dfu-util@0.11.0-arduino5"
time="2025-10-27T17:06:31+05:30" level=info msg="Tool required for debug" tool="esp32:esp-rv32@2507"
time="2025-10-27T17:06:31+05:30" level=info msg="Tool required for debug" tool="esp32:esp-x32@2507"
time="2025-10-27T17:06:31+05:30" level=info msg="Tool required for debug" tool="esp32:esp32-arduino-libs@idf-release_v5.5-07e9bf49-v1"
time="2025-10-27T17:06:31+05:30" level=info msg="Tool required for debug" tool="esp32:esptool_py@5.1.0"
time="2025-10-27T17:06:31+05:30" level=info msg="Tool required for debug" tool="esp32:mklittlefs@4.0.2-db0513a"
time="2025-10-27T17:06:31+05:30" level=info msg="Tool required for debug" tool="esp32:mkspiffs@0.2.3"
time="2025-10-27T17:06:31+05:30" level=info msg="Tool required for debug" tool="esp32:openocd-esp32@v0.12.0-esp32-20250707"
time="2025-10-27T17:06:31+05:30" level=info msg="Tool required for debug" tool="esp32:riscv32-esp-elf-gdb@16.3_20250913"
time="2025-10-27T17:06:31+05:30" level=info msg="Tool required for debug" tool="esp32:xtensa-esp-elf-gdb@16.3_20250913"
time="2025-10-27T17:06:31+05:30" level=info msg="Tool required for debug" tool="builtin:mdns-discovery@1.0.9"
time="2025-10-27T17:06:31+05:30" level=info msg="Tool required for debug" tool="arduino:arduinoOTA@1.3.0"
time="2025-10-27T17:06:31+05:30" level=info msg="Tool required for debug" tool="arduino:avrdude@6.3.0-arduino17"
time="2025-10-27T17:06:31+05:30" level=info msg="Tool required for debug" tool="arduino:avr-gcc@7.3.0-atmel3.6.1-arduino7"
time="2025-10-27T17:06:31+05:30" level=info msg="Tool required for debug" tool="builtin:serial-discovery@1.4.1"
time="2025-10-27T17:06:31+05:30" level=info msg="Tool required for debug" tool="builtin:serial-monitor@0.15.0"
time="2025-10-27T17:06:31+05:30" level=info msg="Tool required for debug" tool="builtin:ctags@5.8-arduino11"
time="2025-10-27T17:06:31+05:30" level=info msg="Tool required for debug" tool="builtin:dfu-discovery@0.1.2"
time="2025-10-27T17:06:31+05:30" level=info msg="Tool required for debug" tool="arduino:dfu-util@0.11.0-arduino5"
time="2025-10-27T17:06:31+05:30" level=info msg="Tool required for debug" tool="esp32:esp-rv32@2507"
time="2025-10-27T17:06:31+05:30" level=info msg="Tool required for debug" tool="esp32:esp-x32@2507"
time="2025-10-27T17:06:31+05:30" level=info msg="Tool required for debug" tool="esp32:esp32-arduino-libs@idf-release_v5.5-07e9bf49-v1"
time="2025-10-27T17:06:31+05:30" level=info msg="Tool required for debug" tool="esp32:esptool_py@5.1.0"
time="2025-10-27T17:06:31+05:30" level=info msg="Tool required for debug" tool="esp32:mklittlefs@4.0.2-db0513a"
time="2025-10-27T17:06:31+05:30" level=info msg="Tool required for debug" tool="esp32:mkspiffs@0.2.3"
time="2025-10-27T17:06:31+05:30" level=info msg="Tool required for debug" tool="esp32:openocd-esp32@v0.12.0-esp32-20250707"
time="2025-10-27T17:06:31+05:30" level=info msg="Tool required for debug" tool="esp32:riscv32-esp-elf-gdb@16.3_20250913"
time="2025-10-27T17:06:31+05:30" level=info msg="Tool required for debug" tool="esp32:xtensa-esp-elf-gdb@16.3_20250913"
time="2025-10-27T17:06:31+05:30" level=info msg="Tool required for debug" tool="builtin:serial-monitor@0.15.0"
time="2025-10-27T17:06:31+05:30" level=info msg="Tool required for debug" tool="arduino:avr-gcc@7.3.0-atmel3.6.1-arduino7"
time="2025-10-27T17:06:31+05:30" level=info msg="Tool required for debug" tool="builtin:dfu-discovery@0.1.2"
time="2025-10-27T17:06:31+05:30" level=info msg="Tool required for debug" tool="builtin:mdns-discovery@1.0.9"
time="2025-10-27T17:06:31+05:30" level=info msg="Tool required for debug" tool="arduino:arduinoOTA@1.3.0"
time="2025-10-27T17:06:31+05:30" level=info msg="Tool required for debug" tool="builtin:ctags@5.8-arduino11"
time="2025-10-27T17:06:31+05:30" level=info msg="Tool required for debug" tool="arduino:avrdude@6.3.0-arduino17"
time="2025-10-27T17:06:31+05:30" level=info msg="Tool required for debug" tool="builtin:serial-discovery@1.4.1"
time="2025-10-27T17:06:31+05:30" level=info msg="Tool required for debug" tool="arduino:dfu-util@0.11.0-arduino5"
time="2025-10-27T17:06:31+05:30" level=info msg="Tool required for debug" tool="esp32:esp-rv32@2507"
time="2025-10-27T17:06:31+05:30" level=info msg="Tool required for debug" tool="esp32:esp-x32@2507"
time="2025-10-27T17:06:31+05:30" level=info msg="Tool required for debug" tool="esp32:esp32-arduino-libs@idf-release_v5.5-07e9bf49-v1"
time="2025-10-27T17:06:31+05:30" level=info msg="Tool required for debug" tool="esp32:esptool_py@5.1.0"
time="2025-10-27T17:06:31+05:30" level=info msg="Tool required for debug" tool="esp32:mklittlefs@4.0.2-db0513a"
time="2025-10-27T17:06:31+05:30" level=info msg="Tool required for debug" tool="esp32:mkspiffs@0.2.3"
time="2025-10-27T17:06:31+05:30" level=info msg="Tool required for debug" tool="esp32:openocd-esp32@v0.12.0-esp32-20250707"
time="2025-10-27T17:06:31+05:30" level=info msg="Tool required for debug" tool="esp32:riscv32-esp-elf-gdb@16.3_20250913"
time="2025-10-27T17:06:31+05:30" level=info msg="Tool required for debug" tool="esp32:xtensa-esp-elf-gdb@16.3_20250913"
time="2025-10-27T17:06:31+05:30" level=info msg="Tool required for debug" tool="arduino:avr-gcc@7.3.0-atmel3.6.1-arduino7"
time="2025-10-27T17:06:31+05:30" level=info msg="Tool required for debug" tool="builtin:mdns-discovery@1.0.9"
time="2025-10-27T17:06:31+05:30" level=info msg="Tool required for debug" tool="arduino:arduinoOTA@1.3.0"
time="2025-10-27T17:06:31+05:30" level=info msg="Tool required for debug" tool="arduino:avrdude@6.3.0-arduino17"
time="2025-10-27T17:06:31+05:30" level=info msg="Tool required for debug" tool="builtin:dfu-discovery@0.1.2"
time="2025-10-27T17:06:31+05:30" level=info msg="Tool required for debug" tool="builtin:ctags@5.8-arduino11"
time="2025-10-27T17:06:31+05:30" level=info msg="Tool required for debug" tool="builtin:serial-discovery@1.4.1"
time="2025-10-27T17:06:31+05:30" level=info msg="Tool required for debug" tool="builtin:serial-monitor@0.15.0"
2025-10-27 17:06:32 2025-10-27T11:36:32.336Z root ERROR ---- !!!SLOW!!! DURATION: search took 985.533 ms. Args: [{"type":"Updatable"}] ----
2025-10-27 17:06:32 2025-10-27T11:36:32.555Z daemon INFO time="2025-10-27T17:06:32+05:30" level=info msg="Adding libraries dir" dir=/home/kamal/.arduino15/libraries isSingleLibrary=false location=ide
time="2025-10-27T17:06:32+05:30" level=info msg="Adding libraries dir" dir=/home/kamal/.arduino15/packages/esp32/hardware/esp32/3.3.2/libraries isSingleLibrary=false location=platform
time="2025-10-27T17:06:32+05:30" level=info msg="Adding libraries dir" dir=/home/kamal/Arduino/libraries isSingleLibrary=false location=user
2025-10-27 17:06:33 Update for version 2.3.6 is not available (latest version: 2.3.6, downgrade is allowed).
2025-10-27 17:06:34 2025-10-27T11:36:34.653Z daemon INFO time="2025-10-27T17:06:34+05:30" level=info msg="Adding libraries dir" dir=/home/kamal/.arduino15/libraries isSingleLibrary=false location=ide
time="2025-10-27T17:06:34+05:30" level=info msg="Adding libraries dir" dir=/home/kamal/.arduino15/packages/esp32/hardware/esp32/3.3.2/libraries isSingleLibrary=false location=platform
time="2025-10-27T17:06:34+05:30" level=info msg="Adding libraries dir" dir=/home/kamal/Arduino/libraries isSingleLibrary=false location=user
2025-10-27 17:06:39 isTempSketch: false. Input was /home/kamal/Arduino/led
2025-10-27 17:06:39 Marking workspace as a closed sketch. Workspace URI: file:///home/kamal/Arduino/led. Date: 1761564999930.
2025-10-27 17:06:39 isTempSketch: false. Input was /home/kamal/Arduino/led
2025-10-27 17:06:39 Marking workspace as a closed sketch. Workspace URI: file:///home/kamal/Arduino/led. Date: 1761564999933.
2025-10-27 17:06:39 2025-10-27T11:36:39.938Z root INFO socked closed
2025-10-27 17:06:39 2025-10-27T11:36:39.938Z root INFO closing connection for 1
2025-10-27 17:06:39 2025-10-27T11:36:39.938Z root INFO Closing channel on service path '/localization-server'.
2025-10-27 17:06:39 2025-10-27T11:36:39.938Z root INFO Closing channel on service path '/os'.
2025-10-27 17:06:39 2025-10-27T11:36:39.938Z root INFO Closing channel on service path '/services/commands'.
2025-10-27 17:06:39 2025-10-27T11:36:39.938Z root INFO Closing channel on service path '/services/keyboard'.
2025-10-27 17:06:39 2025-10-27T11:36:39.938Z root INFO Closing channel on service path '/services/logger'.
2025-10-27 17:06:39 2025-10-27T11:36:39.939Z root INFO Closing channel on service path '/services/messageService'.
2025-10-27 17:06:39 2025-10-27T11:36:39.939Z root INFO Closing channel on service path '/services/ChannelCloseService'.
2025-10-27 17:06:39 2025-10-27T11:36:39.939Z root INFO Closing channel on service path '/services/remote-filesystem'.
2025-10-27 17:06:39 2025-10-27T11:36:39.939Z root INFO Closing channel on service path '/services/envs'.
2025-10-27 17:06:39 2025-10-27T11:36:39.939Z root INFO Closing channel on service path '/services/authentication-service'.
2025-10-27 17:06:39 2025-10-27T11:36:39.939Z root INFO Closing channel on service path '/services/sketches-service'.
2025-10-27 17:06:39 2025-10-27T11:36:39.939Z root INFO Closing channel on service path '/services/config-service'.
2025-10-27 17:06:39 2025-10-27T11:36:39.939Z root INFO Closing channel on service path '/services/workspace'.
2025-10-27 17:06:39 2025-10-27T11:36:39.939Z root INFO Closing channel on service path '/services/notification-service'.
2025-10-27 17:06:39 2025-10-27T11:36:39.939Z root INFO Closing channel on service path '/services/arduino-daemon'.
2025-10-27 17:06:39 2025-10-27T11:36:39.939Z root INFO Closing channel on service path '/services/stopwatch'.
2025-10-27 17:06:39 2025-10-27T11:36:39.939Z root INFO Closing channel on service path '/services/application'.
2025-10-27 17:06:39 2025-10-27T11:36:39.939Z root INFO Closing channel on service path '/services/i18n'.
2025-10-27 17:06:39 2025-10-27T11:36:39.939Z root INFO Closing channel on service path '/services/quickInput'.
2025-10-27 17:06:39 2025-10-27T11:36:39.939Z root INFO Closing channel on service path '/services/debug'.
2025-10-27 17:06:39 2025-10-27T11:36:39.939Z root INFO Closing channel on service path '/services/shell-terminal'.
2025-10-27 17:06:39 2025-10-27T11:36:39.939Z root INFO Closing channel on service path '/services/quickPick'.
2025-10-27 17:06:39 2025-10-27T11:36:39.939Z root INFO Closing channel on service path '/services/task'.
2025-10-27 17:06:39 2025-10-27T11:36:39.939Z root INFO Closing channel on service path '/services/search'.
2025-10-27 17:06:39 2025-10-27T11:36:39.939Z root INFO Closing channel on service path '/services/hostedPlugin'.
2025-10-27 17:06:39 2025-10-27T11:36:39.939Z root INFO Closing channel on service path '/services/plugin-ext'.
2025-10-27 17:06:39 2025-10-27T11:36:39.939Z root INFO Closing channel on service path '/services/plugin-paths'.
2025-10-27 17:06:39 2025-10-27T11:36:39.939Z root INFO Closing channel on service path '/services/cli-preferences'.
2025-10-27 17:06:39 2025-10-27T11:36:39.939Z root INFO Closing channel on service path '/services/boards-service'.
2025-10-27 17:06:39 2025-10-27T11:36:39.939Z root INFO Closing channel on service path '/services/response-service'.
2025-10-27 17:06:39 2025-10-27T11:36:39.939Z root INFO Closing channel on service path '/services/file-system-ext'.
2025-10-27 17:06:39 2025-10-27T11:36:39.939Z root INFO Closing channel on service path '/services/core-service'.
2025-10-27 17:06:39 2025-10-27T11:36:39.939Z root INFO Closing channel on service path '/services/example-service'.
2025-10-27 17:06:39 2025-10-27T11:36:39.939Z root INFO Closing channel on service path '/services/library-service'.
2025-10-27 17:06:39 2025-10-27T11:36:39.939Z root INFO Closing channel on service path '/services/executable-service'.
2025-10-27 17:06:39 2025-10-27T11:36:39.939Z root INFO Closing channel on service path '/services/arduino-firmware-uploader'.
2025-10-27 17:06:39 2025-10-27T11:36:39.939Z root INFO Closing channel on service path '/services/formatter'.
2025-10-27 17:06:39 2025-10-27T11:36:39.939Z root INFO Closing channel on service path '/services/search-in-workspace'.
2025-10-27 17:06:39 2025-10-27T11:36:39.939Z root INFO Closing channel on service path '/services/request-service'.
2025-10-27 17:06:39 2025-10-27T11:36:39.939Z root INFO Closing channel on service path '/services/keyStore'.
2025-10-27 17:06:39 2025-10-27T11:36:39.939Z root INFO Closing channel on service path '/services/languagePackService'.
2025-10-27 17:06:39 Closing channel on service path '/services/electron-window'.
2025-10-27 17:06:39 Closing channel on service path '/services/ide-updater'.
2025-10-27 17:06:39 Storing the sketch as a workspace root: </home/kamal/Arduino/led>.
2025-10-27 17:06:39 Skipped storing sketch as workspace root. Already visited: </home/kamal/Arduino/led>.
2025-10-27 17:06:39 Stored workspaces roots: /home/kamal/Arduino/led
2025-10-27 17:06:39 No sketches were scheduled for deletion.
2025-10-27 17:17:48 Arduino IDE 2.3.6
2025-10-27 17:17:48 Checking for frontend application configuration customizations. Module path: /tmp/.mount_arduin3jL2lu/resources/app/lib/backend/electron-main.js, destination 'package.json': /tmp/.mount_arduin3jL2lu/resources/app/package.json
2025-10-27 17:17:49 Setting 'theia.frontend.config.appVersion' application configuration value to: "2.3.6" (type of string)
2025-10-27 17:17:49 Setting 'theia.frontend.config.cliVersion' application configuration value to: "1.2.0" (type of string)
2025-10-27 17:17:49 Setting 'theia.frontend.config.buildDate' application configuration value to: "2025-04-09T11:24:04.835Z" (type of string)
2025-10-27 17:17:49 Frontend application configuration after modifications: {"applicationName":"Arduino IDE","defaultTheme":{"light":"arduino-theme","dark":"arduino-theme-dark"},"defaultIconTheme":"none","electron":{"windowOptions":{},"showWindowEarly":true,"splashScreenOptions":{},"uriScheme":"arduino-ide"},"defaultLocale":"","validatePreferencesSchema":false,"reloadOnReconnect":true,"uriScheme":"theia","preferences":{"window.title":"${rootName}${activeEditorShort}${appName}","files.autoSave":"afterDelay","editor.minimap.enabled":false,"editor.tabSize":2,"editor.scrollBeyondLastLine":false,"editor.quickSuggestions":{"other":false,"comments":false,"strings":false},"editor.maxTokenizationLineLength":500,"editor.bracketPairColorization.enabled":false,"breadcrumbs.enabled":false,"workbench.tree.renderIndentGuides":"none","explorer.compactFolders":false},"appVersion":"2.3.6","cliVersion":"1.2.0","buildDate":"2025-04-09T11:24:04.835Z"}
2025-10-27 17:17:49 Starting backend process. PID: 8539
2025-10-27 17:17:49 Showing main window early
2025-10-27 17:17:50 Using browser-only version of superagent in non-browser environment
2025-10-27 17:17:50 Configuration directory URI: 'file:///home/kamal/.arduinoIDE'
2025-10-27 17:17:50 Configuring to accept webviews on '^.+\.webview\..+$' hostname.
2025-10-27 17:17:50 2025-10-27T11:47:50.190Z root INFO Backend u.initialize: 38.5 ms [Finished 0.918 s after backend start]
2025-10-27 17:17:50 2025-10-27T11:47:50.195Z root INFO Backend Object.initialize: 36.6 ms [Finished 0.918 s after backend start]
2025-10-27 17:17:50 2025-10-27T11:47:50.195Z root INFO Backend a.initialize: 1.4 ms [Finished 0.918 s after backend start]
2025-10-27 17:17:50 2025-10-27T11:47:50.195Z root INFO Backend a.initialize: 1.1 ms [Finished 0.918 s after backend start]
2025-10-27 17:17:50 2025-10-27T11:47:50.195Z root INFO Backend u.initialize: 1.4 ms [Finished 0.918 s after backend start]
2025-10-27 17:17:50 2025-10-27T11:47:50.198Z root INFO Backend l.initialize: 38.1 ms [Finished 0.919 s after backend start]
2025-10-27 17:17:50 2025-10-27T11:47:50.206Z root INFO configured all backend app contributions
2025-10-27 17:17:50 2025-10-27T11:47:50.206Z root INFO Backend l.onStart: 1.4 ms [Finished 0.935 s after backend start]
2025-10-27 17:17:50 2025-10-27T11:47:50.207Z root INFO Backend d.onStart: 0.1 ms [Finished 0.935 s after backend start]
2025-10-27 17:17:50 2025-10-27T11:47:50.207Z root INFO Backend a.onStart: 0.4 ms [Finished 0.936 s after backend start]
2025-10-27 17:17:50 2025-10-27T11:47:50.208Z config INFO >>> Initializing CLI configuration...
2025-10-27 17:17:50 2025-10-27T11:47:50.208Z root INFO Backend x.onStart: 0.4 ms [Finished 0.936 s after backend start]
2025-10-27 17:17:50 2025-10-27T11:47:50.208Z config INFO Loading CLI configuration from /home/kamal/.arduinoIDE/arduino-cli.yaml...
2025-10-27 17:17:50 2025-10-27T11:47:50.208Z daemon INFO Starting daemon from /tmp/.mount_arduin3jL2lu/resources/app/lib/backend/resources/arduino-cli...
2025-10-27 17:17:50 2025-10-27T11:47:50.208Z root INFO Backend w.onStart: 0.4 ms [Finished 0.937 s after backend start]
2025-10-27 17:17:50 2025-10-27T11:47:50.208Z discovery-log INFO start
2025-10-27 17:17:50 2025-10-27T11:47:50.208Z discovery-log INFO start new deferred
2025-10-27 17:17:50 2025-10-27T11:47:50.208Z root INFO Backend v.onStart: 0.2 ms [Finished 0.937 s after backend start]
2025-10-27 17:17:50 2025-10-27T11:47:50.208Z root INFO Backend a.onStart: 0.1 ms [Finished 0.937 s after backend start]
2025-10-27 17:17:50 2025-10-27T11:47:50.212Z root INFO Theia app listening on http://127.0.0.1:41973.
2025-10-27 17:17:50 2025-10-27T11:47:50.212Z root INFO Finished starting backend application: 4.4 ms [Finished 0.942 s after backend start]
2025-10-27 17:17:50 Restoring workspace roots: /home/kamal/Arduino/led
2025-10-27 17:17:50 2025-10-27T11:47:50.215Z root WARN The local plugin referenced by local-dir:/home/kamal/.arduinoIDE/plugins does not exist.
2025-10-27 17:17:50 2025-10-27T11:47:50.215Z root WARN The local plugin referenced by local-dir:/home/kamal/.arduinoIDE/deployedPlugins does not exist.
2025-10-27 17:17:50 isTempSketch: false. Input was /home/kamal/Arduino/led/led.ino
2025-10-27 17:17:50 2025-10-27T11:47:50.227Z config INFO Loaded CLI configuration: {"board_manager":{"additional_urls":["https://espressif.github.io/arduino-esp32/package_esp32_index.json"]},"directories":{"builtin":{"libraries":"/home/kamal/.arduino15/libraries"},"data":"/home/kamal/.arduino15","user":"/home/kamal/Arduino"},"locale":"en"}
2025-10-27 17:17:50 2025-10-27T11:47:50.227Z config INFO 'directories.data' and 'directories.user' are set in the CLI configuration model.
2025-10-27 17:17:50 2025-10-27T11:47:50.227Z config INFO Loaded the CLI configuration.
2025-10-27 17:17:50 2025-10-27T11:47:50.241Z config INFO Mapped the CLI configuration: {"dataDirUri":"file:///home/kamal/.arduino15","sketchDirUri":"file:///home/kamal/Arduino","additionalUrls":["https://espressif.github.io/arduino-esp32/package_esp32_index.json"],"network":"none","locale":"en"}
2025-10-27 17:17:50 2025-10-27T11:47:50.241Z config INFO Validating the CLI configuration...
2025-10-27 17:17:50 2025-10-27T11:47:50.241Z config INFO The CLI config is valid.
2025-10-27 17:17:50 2025-10-27T11:47:50.241Z config INFO <<< Initialized the CLI configuration.
2025-10-27 17:17:50 2025-10-27T11:47:50.373Z root INFO Resolve plugins list: 163.4 ms [Finished 1.102 s after backend start]
2025-10-27 17:17:50 2025-10-27T11:47:50.591Z daemon INFO time="2025-10-27T17:17:50+05:30" level=info msg="arduino-cli version 1.2.0"
time="2025-10-27T17:17:50+05:30" level=info msg="Using config file: /home/kamal/.arduinoIDE/arduino-cli.yaml"
time="2025-10-27T17:17:50+05:30" level=info msg="Executing `arduino-cli daemon`"
2025-10-27 17:17:50 2025-10-27T11:47:50.621Z daemon INFO Daemon is now listening on 127.0.0.1:46547
{"IP":"127.0.0.1","Port":"46547"}
2025-10-27 17:17:50 2025-10-27T11:47:50.622Z daemon INFO Daemon is running.
2025-10-27 17:17:50 2025-10-27T11:47:50.730Z daemon INFO time="2025-10-27T17:17:50+05:30" level=info msg="Checking signature" index=/home/kamal/.arduino15/package_index.json signatureFile=/home/kamal/.arduino15/package_index.json.sig trusted=true
2025-10-27 17:17:50 2025-10-27T11:47:50.734Z daemon INFO time="2025-10-27T17:17:50+05:30" level=info msg="Missing signature file" index=/home/kamal/.arduino15/package_esp32_index.json
2025-10-27 17:17:50 2025-10-27T11:47:50.734Z daemon INFO time="2025-10-27T17:17:50+05:30" level=info msg="Loading hardware from: /home/kamal/.arduino15/packages"
time="2025-10-27T17:17:50+05:30" level=info msg="Loading package arduino from: /home/kamal/.arduino15/packages/arduino/hardware"
2025-10-27 17:17:50 2025-10-27T11:47:50.735Z daemon INFO time="2025-10-27T17:17:50+05:30" level=info msg="Missing signature file" index=/home/kamal/.arduino15/packages/arduino/hardware/avr/1.8.6/installed.json
2025-10-27 17:17:50 2025-10-27T11:47:50.738Z daemon INFO time="2025-10-27T17:17:50+05:30" level=info msg="Adding monitor tool" protocol=serial tool="builtin:serial-monitor"
time="2025-10-27T17:17:50+05:30" level=info msg="Loaded platform" platform="arduino:avr@1.8.6"
2025-10-27 17:17:50 2025-10-27T11:47:50.738Z daemon INFO time="2025-10-27T17:17:50+05:30" level=info msg="Checking existence of 'tools' path: /home/kamal/.arduino15/packages/arduino/tools"
time="2025-10-27T17:17:50+05:30" level=info msg="Loading tools from dir: /home/kamal/.arduino15/packages/arduino/tools"
time="2025-10-27T17:17:50+05:30" level=info msg="Loaded tool" tool="arduino:arduinoOTA@1.3.0"
time="2025-10-27T17:17:50+05:30" level=info msg="Loaded tool" tool="arduino:avr-gcc@7.3.0-atmel3.6.1-arduino7"
time="2025-10-27T17:17:50+05:30" level=info msg="Loaded tool" tool="arduino:avrdude@6.3.0-arduino17"
time="2025-10-27T17:17:50+05:30" level=info msg="Loaded tool" tool="arduino:dfu-util@0.11.0-arduino5"
time="2025-10-27T17:17:50+05:30" level=info msg="Loading package builtin from: /home/kamal/.arduino15/packages/builtin"
time="2025-10-27T17:17:50+05:30" level=info msg="Checking existence of 'tools' path: /home/kamal/.arduino15/packages/builtin/tools"
time="2025-10-27T17:17:50+05:30" level=info msg="Loading tools from dir: /home/kamal/.arduino15/packages/builtin/tools"
2025-10-27 17:17:50 2025-10-27T11:47:50.738Z daemon INFO time="2025-10-27T17:17:50+05:30" level=info msg="Loaded tool" tool="builtin:ctags@5.8-arduino11"
2025-10-27 17:17:50 2025-10-27T11:47:50.738Z daemon INFO time="2025-10-27T17:17:50+05:30" level=info msg="Loaded tool" tool="builtin:dfu-discovery@0.1.2"
time="2025-10-27T17:17:50+05:30" level=info msg="Loaded tool" tool="builtin:mdns-discovery@1.0.9"
time="2025-10-27T17:17:50+05:30" level=info msg="Loaded tool" tool="builtin:serial-discovery@1.4.1"
2025-10-27 17:17:50 2025-10-27T11:47:50.738Z daemon INFO time="2025-10-27T17:17:50+05:30" level=info msg="Loaded tool" tool="builtin:serial-monitor@0.15.0"
time="2025-10-27T17:17:50+05:30" level=info msg="Loading package esp32 from: /home/kamal/.arduino15/packages/esp32/hardware"
2025-10-27 17:17:50 2025-10-27T11:47:50.741Z daemon INFO time="2025-10-27T17:17:50+05:30" level=info msg="Missing signature file" index=/home/kamal/.arduino15/packages/esp32/hardware/esp32/3.3.2/installed.json
2025-10-27 17:17:50 2025-10-27T11:47:50.917Z daemon INFO time="2025-10-27T17:17:50+05:30" level=info msg="Adding monitor tool" protocol=serial tool="builtin:serial-monitor"
time="2025-10-27T17:17:50+05:30" level=info msg="Loaded platform" platform="esp32:esp32@3.3.2"
time="2025-10-27T17:17:50+05:30" level=info msg="Checking existence of 'tools' path: /home/kamal/.arduino15/packages/esp32/tools"
time="2025-10-27T17:17:50+05:30" level=info msg="Loading tools from dir: /home/kamal/.arduino15/packages/esp32/tools"
time="2025-10-27T17:17:50+05:30" level=info msg="Loaded tool" tool="esp32:esp-rv32@2507"
time="2025-10-27T17:17:50+05:30" level=info msg="Loaded tool" tool="esp32:esp-x32@2507"
time="2025-10-27T17:17:50+05:30" level=info msg="Loaded tool" tool="esp32:esp32-arduino-libs@idf-release_v5.5-07e9bf49-v1"
time="2025-10-27T17:17:50+05:30" level=info msg="Loaded tool" tool="esp32:esptool_py@5.1.0"
time="2025-10-27T17:17:50+05:30" level=info msg="Loaded tool" tool="esp32:mklittlefs@4.0.2-db0513a"
time="2025-10-27T17:17:50+05:30" level=info msg="Loaded tool" tool="esp32:mkspiffs@0.2.3"
time="2025-10-27T17:17:50+05:30" level=info msg="Loaded tool" tool="esp32:openocd-esp32@v0.12.0-esp32-20250707"
time="2025-10-27T17:17:50+05:30" level=info msg="Loaded tool" tool="esp32:riscv32-esp-elf-gdb@16.3_20250913"
time="2025-10-27T17:17:50+05:30" level=info msg="Loaded tool" tool="esp32:xtensa-esp-elf-gdb@16.3_20250913"
2025-10-27 17:17:50 2025-10-27T11:47:50.920Z daemon INFO time="2025-10-27T17:17:50+05:30" level=info msg="Adding libraries dir" dir=/home/kamal/.arduino15/packages/esp32/hardware/esp32/3.3.2/libraries isSingleLibrary=false location=platform
2025-10-27 17:17:50 2025-10-27T11:47:50.920Z daemon INFO time="2025-10-27T17:17:50+05:30" level=info msg="Adding libraries dir" dir=/home/kamal/.arduino15/packages/arduino/hardware/avr/1.8.6/libraries isSingleLibrary=false location=platform
time="2025-10-27T17:17:50+05:30" level=info msg="Loading libraries index file" index=/home/kamal/.arduino15/library_index.json
2025-10-27 17:17:51 2025-10-27T11:47:51.203Z daemon INFO time="2025-10-27T17:17:51+05:30" level=info msg="Adding libraries dir" dir=/home/kamal/.arduino15/libraries isSingleLibrary=false location=ide
2025-10-27 17:17:51 2025-10-27T11:47:51.203Z daemon INFO time="2025-10-27T17:17:51+05:30" level=info msg="Adding libraries dir" dir=/home/kamal/Arduino/libraries isSingleLibrary=false location=user
2025-10-27 17:17:51 2025-10-27T11:47:51.256Z discovery-log INFO start resolved watching
2025-10-27 17:17:51 2025-10-27T11:47:51.525Z root INFO Deploy plugins list: 1315.7 ms [Finished 2.254 s after backend start]
2025-10-27 17:17:51 2025-10-27T11:47:51.928Z root INFO creating connection for 1
2025-10-27 17:17:53 2025-10-27T11:47:53.049Z root WARN A command editor.action.toggleStickyScroll is already registered.
2025-10-27 17:17:53 2025-10-27T11:47:53.084Z sketches-service WARN Warning! The request sketch path was different than the response sketch path from the CLI. This could be a potential bug. Request: </home/kamal/Arduino/led/led.ino>, response: </home/kamal/Arduino/led>.
2025-10-27 17:17:53 Opening channel for service path '/services/electron-window'.
2025-10-27 17:17:53 Opening channel for service path '/services/ide-updater'.
2025-10-27 17:17:53 2025-10-27T11:47:53.196Z root INFO Start frontend contributions: 348.4 ms [Finished 2.945 s after frontend start]
2025-10-27 17:17:53 2025-10-27T11:47:53.196Z root INFO Changed application state from 'init' to 'started_contributions'.
2025-10-27 17:17:53 2025-10-27T11:47:53.207Z root INFO Changed application state from 'started_contributions' to 'attached_shell'.
2025-10-27 17:17:53 2025-10-27T11:47:53.207Z root INFO >>> Restoring the layout state...
2025-10-27 17:17:53 2025-10-27T11:47:53.276Z root INFO [4f3f5a8a-269a-488b-a7a6-aea440c932a8] Waiting for backend deployment: 98.2 ms [Finished 3.038 s after frontend start]
2025-10-27 17:17:53 2025-10-27T11:47:53.855Z root INFO [hosted-plugin: 8657] PLUGIN_HOST(8657) starting instance
[Object: null prototype] {}
2025-10-27 17:17:54 2025-10-27T11:47:54.569Z root INFO [4f3f5a8a-269a-488b-a7a6-aea440c932a8] Sync of 23 plugins: 1303.2 ms [Finished 4.341 s after frontend start]
2025-10-27 17:17:54 2025-10-27T11:47:54.599Z root INFO ------- SERIALIZED LAYOUT DATA -------
2025-10-27 17:17:54 2025-10-27T11:47:54.599Z root INFO {"version":5,"mainPanel":{"main":{"type":"tab-area","widgets":[{"constructionOptions":{"factoryId":"code-editor-opener","options":{"counter":0,"kind":"navigatable","uri":"file:///home/kamal/Arduino/led/led.ino"}},"innerWidgetState":"{\"cursorState\":[{\"inSelectionMode\":false,\"selectionStart\":{\"lineNumber\":1,\"column\":1},\"position\":{\"lineNumber\":1,\"column\":1}}],\"viewState\":{\"scrollLeft\":0,\"firstPosition\":{\"lineNumber\":1,\"column\":1},\"firstPositionDeltaTop\":0},\"contributionsState\":{\"editor.contrib.folding\":{\"lineCount\":18,\"provider\":\"indent\",\"foldedImports\":false},\"editor.contrib.wordHighlighter\":false}}"}],"currentIndex":0}},"mainPanelPinned":[false],"bottomPanel":{"config":{"main":{"type":"tab-area","widgets":[{"constructionOptions":{"factoryId":"outputView"},"innerWidgetState":"{\"locked\":false}"}],"currentIndex":0}},"pinned":[false],"size":367,"expanded":true},"leftPanel":{"type":"sidepanel","items":[{"widget":{"constructionOptions":{"factoryId":"arduino-sketchbook-widget"}},"rank":1,"expanded":false,"pinned":false},{"widget":{"constructionOptions":{"factoryId":"boards-list-widget"}},"rank":2,"expanded":false,"pinned":false},{"widget":{"constructionOptions":{"factoryId":"library-list-widget"}},"rank":3,"expanded":false,"pinned":false},{"widget":{"constructionOptions":{"factoryId":"debug"},"innerWidgetState":"{\"parts\":[{\"partId\":\"debug:threads:-1\",\"collapsed\":false,\"hidden\":false,\"originalContainerId\":\"debug:view-container:-1\",\"originalContainerTitle\":{\"label\":\"debug\",\"iconClass\":\"codicon codicon-debug-alt\",\"closeable\":true},\"widget\":{\"constructionOptions\":{\"factoryId\":\"debug:threads\"},\"innerWidgetState\":\"{}\"}},{\"partId\":\"debug:frames:-1\",\"collapsed\":false,\"hidden\":false,\"originalContainerId\":\"debug:view-container:-1\",\"originalContainerTitle\":{\"label\":\"debug\",\"iconClass\":\"codicon codicon-debug-alt\",\"closeable\":true},\"widget\":{\"constructionOptions\":{\"factoryId\":\"debug:frames\"},\"innerWidgetState\":\"{}\"}},{\"partId\":\"debug:variables:-1\",\"collapsed\":false,\"hidden\":false,\"originalContainerId\":\"debug:view-container:-1\",\"originalContainerTitle\":{\"label\":\"debug\",\"iconClass\":\"codicon codicon-debug-alt\",\"closeable\":true},\"widget\":{\"constructionOptions\":{\"factoryId\":\"debug:variables\"},\"innerWidgetState\":\"{}\"}},{\"partId\":\"debug:watch:-1\",\"collapsed\":false,\"hidden\":false,\"originalContainerId\":\"debug:view-container:-1\",\"originalContainerTitle\":{\"label\":\"debug\",\"iconClass\":\"codicon codicon-debug-alt\",\"closeable\":true},\"widget\":{\"constructionOptions\":{\"factoryId\":\"debug:watch\"},\"innerWidgetState\":\"{}\"}},{\"partId\":\"debug:breakpoints:-1\",\"collapsed\":false,\"hidden\":false,\"originalContainerId\":\"debug:view-container:-1\",\"originalContainerTitle\":{\"label\":\"debug\",\"iconClass\":\"codicon codicon-debug-alt\",\"closeable\":true},\"widget\":{\"constructionOptions\":{\"factoryId\":\"debug:breakpoints\"},\"innerWidgetState\":\"{}\"}},{\"partId\":\"plugin-view:cortex-debug.peripherals\",\"collapsed\":true,\"hidden\":true,\"originalContainerId\":\"debug:view-container:-1\",\"originalContainerTitle\":{\"label\":\"debug\",\"iconClass\":\"codicon codicon-debug-alt\",\"closeable\":true},\"widget\":{\"constructionOptions\":{\"factoryId\":\"plugin-view\",\"options\":{\"id\":\"plugin-view:cortex-debug.peripherals\",\"viewId\":\"cortex-debug.peripherals\"}},\"innerWidgetState\":\"{\\\"label\\\":\\\"Cortex Peripherals\\\",\\\"widgets\\\":[],\\\"suppressUpdateViewVisibility\\\":false,\\\"currentViewContainerId\\\":\\\"debug\\\"}\"}},{\"partId\":\"plugin-view:cortex-debug.registers\",\"collapsed\":true,\"hidden\":true,\"originalContainerId\":\"debug:view-container:-1\",\"originalContainerTitle\":{\"label\":\"debug\",\"iconClass\":\"codicon codicon-debug-alt\",\"closeable\":true},\"widget\":{\"constructionOptions\":{\"factoryId\":\"plugin-view\",\"options\":{\"id\":\"plugin-view:cortex-debug.registers\",\"viewId\":\"cortex-debug.registers\"}},\"innerWidgetState\":\"{\\\"label\\\":\\\"Cortex Registers\\\",\\\"widgets\\\":[],\\\"suppressUpdateViewVisibility\\\":false,\\\"currentViewContainerId\\\":\\\"debug\\\"}\"}}],\"title\":{\"label\":\"debug\",\"iconClass\":\"codicon codicon-debug-alt\",\"closeable\":true}}"},"rank":4,"expanded":false,"pinned":false},{"widget":{"constructionOptions":{"factoryId":"search-view-container"},"innerWidgetState":"{\"parts\":[{\"partId\":\"search-in-workspace\",\"collapsed\":false,\"hidden\":false,\"originalContainerId\":\"search-view-container\",\"originalContainerTitle\":{\"label\":\"Search\",\"iconClass\":\"codicon codicon-search\",\"closeable\":true},\"widget\":{\"constructionOptions\":{\"factoryId\":\"search-in-workspace\"},\"innerWidgetState\":\"{\\\"matchCaseState\\\":{\\\"className\\\":\\\"codicon codicon-case-sensitive\\\",\\\"enabled\\\":false,\\\"title\\\":\\\"Match Case\\\"},\\\"wholeWordState\\\":{\\\"className\\\":\\\"codicon codicon-whole-word\\\",\\\"enabled\\\":false,\\\"title\\\":\\\"Match Whole Word\\\"},\\\"regExpState\\\":{\\\"className\\\":\\\"codicon codicon-regex\\\",\\\"enabled\\\":false,\\\"title\\\":\\\"Use Regular Expression\\\"},\\\"includeIgnoredState\\\":{\\\"className\\\":\\\"codicon codicon-eye\\\",\\\"enabled\\\":false,\\\"title\\\":\\\"Include Ignored Files\\\"},\\\"showSearchDetails\\\":false,\\\"searchInWorkspaceOptions\\\":{\\\"matchCase\\\":false,\\\"matchWholeWord\\\":false,\\\"useRegExp\\\":false,\\\"multiline\\\":false,\\\"includeIgnored\\\":false,\\\"include\\\":[],\\\"exclude\\\":[],\\\"maxResults\\\":2000},\\\"searchTerm\\\":\\\"\\\",\\\"replaceTerm\\\":\\\"\\\",\\\"showReplaceField\\\":false,\\\"searchHistoryState\\\":{\\\"history\\\":[],\\\"index\\\":0},\\\"replaceHistoryState\\\":{\\\"history\\\":[],\\\"index\\\":0},\\\"includeHistoryState\\\":{\\\"history\\\":[],\\\"index\\\":0},\\\"excludeHistoryState\\\":{\\\"history\\\":[],\\\"index\\\":0}}\"}}],\"title\":{\"label\":\"Search\",\"iconClass\":\"fa fa-arduino-search\",\"closeable\":true}}"},"rank":5,"expanded":false,"pinned":false}]},"rightPanel":{"type":"sidepanel","items":[]}}
2025-10-27 17:17:54 2025-10-27T11:47:54.600Z root INFO ------- END SERIALIZED LAYOUT DATA -------
2025-10-27 17:17:54 2025-10-27T11:47:54.985Z root INFO <<< The layout has been successfully restored.
2025-10-27 17:17:55 2025-10-27T11:47:55.077Z root INFO Initialize the workbench layout: 1778.5 ms [Finished 4.757 s after frontend start]
2025-10-27 17:17:55 2025-10-27T11:47:55.077Z root INFO Changed application state from 'attached_shell' to 'initialized_layout'.
2025-10-27 17:17:55 2025-10-27T11:47:55.079Z root INFO [4f3f5a8a-269a-488b-a7a6-aea440c932a8] Loading plugin contributions
2025-10-27 17:17:55 2025-10-27T11:47:55.080Z root INFO [4f3f5a8a-269a-488b-a7a6-aea440c932a8] Load contributions of 23 plugins: 86.9 ms [Finished 4.846 s after frontend start]
2025-10-27 17:17:55 2025-10-27T11:47:55.140Z root WARN 'cpp' language is remapped from 'source.cpp.embedded.macro' to 'source.cpp' scope
2025-10-27 17:17:55 2025-10-27T11:47:55.140Z root WARN a registered grammar configuration for 'cpp' language is overridden
2025-10-27 17:17:55 2025-10-27T11:47:55.286Z root ERROR [hosted-plugin: 8657] Conflict in settings file Default: Ignoring cortex-debug.armToolchainPath.linux as cortex-debug.armToolchainPath is null
Conflict in settings file Default: Ignoring cortex-debug.armToolchainPath.osx as cortex-debug.armToolchainPath is null
2025-10-27 17:17:55 2025-10-27T11:47:55.286Z root ERROR [hosted-plugin: 8657] Conflict in settings file Default: Ignoring cortex-debug.armToolchainPath.windows as cortex-debug.armToolchainPath is null
Conflict in settings file Default: Ignoring cortex-debug.JLinkGDBServerPath.linux as cortex-debug.JLinkGDBServerPath is null
Conflict in settings file Default: Ignoring cortex-debug.JLinkGDBServerPath.osx as cortex-debug.JLinkGDBServerPath is null
Conflict in settings file Default: Ignoring cortex-debug.JLinkGDBServerPath.windows as cortex-debug.JLinkGDBServerPath is null
Conflict in settings file Default: Ignoring cortex-debug.openocdPath.linux as cortex-debug.openocdPath is null
Conflict in settings file Default: Ignoring cortex-debug.openocdPath.osx as cortex-debug.openocdPath is null
Conflict in settings file Default: Ignoring cortex-debug.openocdPath.windows as cortex-debug.openocdPath is null
Conflict in settings file Default: Ignoring cortex-debug.pyocdPath.linux as cortex-debug.pyocdPath is null
Conflict in settings file Default: Ignoring cortex-debug.pyocdPath.osx as cortex-debug.pyocdPath is null
Conflict in settings file Default: Ignoring cortex-debug.pyocdPath.windows as cortex-debug.pyocdPath is null
2025-10-27 17:17:55 2025-10-27T11:47:55.287Z root ERROR [hosted-plugin: 8657] Conflict in settings file Default: Ignoring cortex-debug.PEGDBServerPath.linux as cortex-debug.PEGDBServerPath is null
Conflict in settings file Default: Ignoring cortex-debug.PEGDBServerPath.osx as cortex-debug.PEGDBServerPath is null
Conflict in settings file Default: Ignoring cortex-debug.PEGDBServerPath.windows as cortex-debug.PEGDBServerPath is null
Conflict in settings file Default: Ignoring cortex-debug.stutilPath.linux as cortex-debug.stutilPath is null
Conflict in settings file Default: Ignoring cortex-debug.stutilPath.osx as cortex-debug.stutilPath is null
Conflict in settings file Default: Ignoring cortex-debug.stutilPath.windows as cortex-debug.stutilPath is null
Conflict in settings file Default: Ignoring cortex-debug.stlinkPath.linux as cortex-debug.stlinkPath is null
2025-10-27 17:17:55 2025-10-27T11:47:55.287Z root ERROR [hosted-plugin: 8657] Conflict in settings file Default: Ignoring cortex-debug.stlinkPath.osx as cortex-debug.stlinkPath is null
Conflict in settings file Default: Ignoring cortex-debug.stlinkPath.windows as cortex-debug.stlinkPath is null
Conflict in settings file Default: Ignoring cortex-debug.stm32cubeprogrammer.linux as cortex-debug.stm32cubeprogrammer is null
Conflict in settings file Default: Ignoring cortex-debug.stm32cubeprogrammer.osx as cortex-debug.stm32cubeprogrammer is null
Conflict in settings file Default: Ignoring cortex-debug.stm32cubeprogrammer.windows as cortex-debug.stm32cubeprogrammer is null
2025-10-27 17:17:55 2025-10-27T11:47:55.299Z root INFO [hosted-plugin: 8657] PLUGIN_HOST(8657): PluginManagerExtImpl/init()
2025-10-27 17:17:55 2025-10-27T11:47:55.301Z root INFO [hosted-plugin: 8657] PLUGIN_HOST(8657): initializing(vscode-arduino-api@0.1.2 with /tmp/.mount_arduin3jL2lu/resources/app/lib/backend/plugin-vscode-init)
2025-10-27 17:17:55 2025-10-27T11:47:55.416Z root INFO [hosted-plugin: 8657] PLUGIN_HOST(8657): initializing(json-language-features@1.88.1 with /tmp/.mount_arduin3jL2lu/resources/app/lib/backend/plugin-vscode-init)
2025-10-27 17:17:55 2025-10-27T11:47:55.422Z root INFO [hosted-plugin: 8657] PLUGIN_HOST(8657): initializing(cortex-debug@1.5.1 with /tmp/.mount_arduin3jL2lu/resources/app/lib/backend/plugin-vscode-init)
2025-10-27 17:17:55 2025-10-27T11:47:55.423Z root INFO [hosted-plugin: 8657] Debugger contribution has been registered: cortex-debug
2025-10-27 17:17:55 2025-10-27T11:47:55.426Z root INFO [hosted-plugin: 8657] PLUGIN_HOST(8657): initializing(vscode-arduino-tools@0.1.3 with /tmp/.mount_arduin3jL2lu/resources/app/lib/backend/plugin-vscode-init)
2025-10-27 17:17:55 2025-10-27T11:47:55.429Z root INFO [hosted-plugin: 8657] PLUGIN_HOST(8657): initializing(cpp@1.88.1 with /tmp/.mount_arduin3jL2lu/resources/app/lib/backend/plugin-vscode-init)
2025-10-27 17:17:55 2025-10-27T11:47:55.435Z root INFO [hosted-plugin: 8657] PLUGIN_HOST(8657): initializing(json@1.88.1 with /tmp/.mount_arduin3jL2lu/resources/app/lib/backend/plugin-vscode-init)
2025-10-27 17:17:55 2025-10-27T11:47:55.436Z root INFO [hosted-plugin: 8657] PLUGIN_HOST(8657): initializing(vscode-language-pack-bg@1.48.3 with /tmp/.mount_arduin3jL2lu/resources/app/lib/backend/plugin-vscode-init)
2025-10-27 17:17:55 2025-10-27T11:47:55.437Z root INFO [hosted-plugin: 8657] PLUGIN_HOST(8657): initializing(vscode-language-pack-cs@1.96.0 with /tmp/.mount_arduin3jL2lu/resources/app/lib/backend/plugin-vscode-init)
2025-10-27 17:17:55 2025-10-27T11:47:55.439Z root INFO [hosted-plugin: 8657] PLUGIN_HOST(8657): initializing(vscode-language-pack-de@1.96.0 with /tmp/.mount_arduin3jL2lu/resources/app/lib/backend/plugin-vscode-init)
2025-10-27 17:17:55 2025-10-27T11:47:55.440Z root INFO [hosted-plugin: 8657] PLUGIN_HOST(8657): initializing(vscode-language-pack-es@1.96.0 with /tmp/.mount_arduin3jL2lu/resources/app/lib/backend/plugin-vscode-init)
2025-10-27 17:17:55 2025-10-27T11:47:55.442Z root INFO [hosted-plugin: 8657] PLUGIN_HOST(8657): initializing(vscode-language-pack-fr@1.96.0 with /tmp/.mount_arduin3jL2lu/resources/app/lib/backend/plugin-vscode-init)
2025-10-27 17:17:55 2025-10-27T11:47:55.443Z root INFO [hosted-plugin: 8657] PLUGIN_HOST(8657): initializing(vscode-language-pack-hu@1.48.3 with /tmp/.mount_arduin3jL2lu/resources/app/lib/backend/plugin-vscode-init)
2025-10-27 17:17:55 2025-10-27T11:47:55.445Z root INFO [hosted-plugin: 8657] PLUGIN_HOST(8657): initializing(vscode-language-pack-it@1.96.0 with /tmp/.mount_arduin3jL2lu/resources/app/lib/backend/plugin-vscode-init)
2025-10-27 17:17:55 2025-10-27T11:47:55.446Z root INFO [hosted-plugin: 8657] PLUGIN_HOST(8657): initializing(vscode-language-pack-ja@1.96.0 with /tmp/.mount_arduin3jL2lu/resources/app/lib/backend/plugin-vscode-init)
2025-10-27 17:17:55 2025-10-27T11:47:55.447Z root INFO [hosted-plugin: 8657] PLUGIN_HOST(8657): initializing(vscode-language-pack-ko@1.96.0 with /tmp/.mount_arduin3jL2lu/resources/app/lib/backend/plugin-vscode-init)
2025-10-27 17:17:55 2025-10-27T11:47:55.448Z root INFO [hosted-plugin: 8657] PLUGIN_HOST(8657): initializing(vscode-language-pack-nl@1.48.3 with /tmp/.mount_arduin3jL2lu/resources/app/lib/backend/plugin-vscode-init)
2025-10-27 17:17:55 2025-10-27T11:47:55.448Z root INFO [hosted-plugin: 8657] PLUGIN_HOST(8657): initializing(vscode-language-pack-pl@1.96.0 with /tmp/.mount_arduin3jL2lu/resources/app/lib/backend/plugin-vscode-init)
2025-10-27 17:17:55 2025-10-27T11:47:55.449Z root INFO [hosted-plugin: 8657] PLUGIN_HOST(8657): initializing(vscode-language-pack-pt-BR@1.96.0 with /tmp/.mount_arduin3jL2lu/resources/app/lib/backend/plugin-vscode-init)
2025-10-27 17:17:55 2025-10-27T11:47:55.450Z root INFO [hosted-plugin: 8657] PLUGIN_HOST(8657): initializing(vscode-language-pack-ru@1.96.0 with /tmp/.mount_arduin3jL2lu/resources/app/lib/backend/plugin-vscode-init)
2025-10-27 17:17:55 2025-10-27T11:47:55.451Z root INFO [hosted-plugin: 8657] PLUGIN_HOST(8657): initializing(vscode-language-pack-tr@1.96.0 with /tmp/.mount_arduin3jL2lu/resources/app/lib/backend/plugin-vscode-init)
2025-10-27 17:17:55 2025-10-27T11:47:55.451Z root INFO [hosted-plugin: 8657] PLUGIN_HOST(8657): initializing(vscode-language-pack-uk@1.48.3 with /tmp/.mount_arduin3jL2lu/resources/app/lib/backend/plugin-vscode-init)
2025-10-27 17:17:55 2025-10-27T11:47:55.452Z root INFO [hosted-plugin: 8657] PLUGIN_HOST(8657): initializing(vscode-language-pack-zh-hans@1.96.0 with /tmp/.mount_arduin3jL2lu/resources/app/lib/backend/plugin-vscode-init)
2025-10-27 17:17:55 2025-10-27T11:47:55.453Z root INFO [hosted-plugin: 8657] PLUGIN_HOST(8657): initializing(vscode-language-pack-zh-hant@1.96.0 with /tmp/.mount_arduin3jL2lu/resources/app/lib/backend/plugin-vscode-init)
2025-10-27 17:17:55 2025-10-27T11:47:55.458Z root INFO [hosted-plugin: 8657] PLUGIN_HOST(8657): PluginManagerExtImpl/loadPlugin(/tmp/.mount_arduin3jL2lu/resources/app/plugins/vscode-builtin-json-language-features/extension/client/dist/node/jsonClientMain)
2025-10-27 17:17:55 2025-10-27T11:47:55.523Z root INFO [hosted-plugin: 8657] PLUGIN_HOST(8657): PluginManagerExtImpl/loadPlugin(/tmp/.mount_arduin3jL2lu/resources/app/plugins/vscode-arduino-tools/extension/dist/extension.js)
2025-10-27 17:17:55 2025-10-27T11:47:55.554Z root INFO [hosted-plugin: 8657] PLUGIN_HOST(8657): PluginManagerExtImpl/loadPlugin(/tmp/.mount_arduin3jL2lu/resources/app/plugins/vscode-arduino-api/extension/dist/extension.js)
2025-10-27 17:17:55 2025-10-27T11:47:55.559Z root INFO [hosted-plugin: 8657] calling activation function on VS Code Arduino Tools
calling activation function on Arduino IDE API for VS Code extensions
2025-10-27 17:17:55 2025-10-27T11:47:55.579Z root INFO [4f3f5a8a-269a-488b-a7a6-aea440c932a8] Starting plugins.
2025-10-27 17:17:55 2025-10-27T11:47:55.606Z root INFO [hosted-plugin: 8657] PLUGIN_HOST(8657): PluginManagerExtImpl/loadPlugin(/tmp/.mount_arduin3jL2lu/resources/app/plugins/cortex-debug/extension/dist/extension.js)
2025-10-27 17:17:55 2025-10-27T11:47:55.646Z root INFO [hosted-plugin: 8657] Debug configuration provider has been registered: cortex-debug, trigger: 1
2025-10-27 17:17:55 2025-10-27T11:47:55.646Z root INFO [hosted-plugin: 8657] calling activation function on Cortex-Debug
2025-10-27 17:17:55 2025-10-27T11:47:55.648Z root INFO [hosted-plugin: 8657] GDB server console created
2025-10-27 17:17:55 2025-10-27T11:47:55.655Z root INFO [4f3f5a8a-269a-488b-a7a6-aea440c932a8] Start of 23 plugins: 574.0 ms [Finished 5.426 s after frontend start]
2025-10-27 17:17:55 2025-10-27T11:47:55.815Z root INFO [hosted-plugin: 8657] calling activation function on JSON Language Features (built-in)
2025-10-27 17:17:56 2025-10-27T11:47:56.144Z root INFO Frontend application start: 3148.6 ms [Finished 6.873 s after backend start]
2025-10-27 17:17:56 Checking for update
2025-10-27 17:17:56 2025-10-27T11:47:56.187Z root INFO Replace loading indicator with ready workbench UI (animation): 844.9 ms [Finished 5.696 s after frontend start]
2025-10-27 17:17:56 2025-10-27T11:47:56.187Z root INFO Changed application state from 'initialized_layout' to 'ready'.
2025-10-27 17:17:56 2025-10-27T11:47:56.187Z root WARN Linked preference "workbench.colorCustomizations" not found.
2025-10-27 17:17:56 2025-10-27T11:47:56.472Z daemon INFO time="2025-10-27T17:17:56+05:30" level=info msg="Tool required for debug" tool="arduino:dfu-util@0.11.0-arduino5"
time="2025-10-27T17:17:56+05:30" level=info msg="Tool required for debug" tool="esp32:esp-rv32@2507"
time="2025-10-27T17:17:56+05:30" level=info msg="Tool required for debug" tool="esp32:esp-x32@2507"
time="2025-10-27T17:17:56+05:30" level=info msg="Tool required for debug" tool="esp32:esp32-arduino-libs@idf-release_v5.5-07e9bf49-v1"
time="2025-10-27T17:17:56+05:30" level=info msg="Tool required for debug" tool="esp32:esptool_py@5.1.0"
time="2025-10-27T17:17:56+05:30" level=info msg="Tool required for debug" tool="esp32:mklittlefs@4.0.2-db0513a"
time="2025-10-27T17:17:56+05:30" level=info msg="Tool required for debug" tool="esp32:mkspiffs@0.2.3"
time="2025-10-27T17:17:56+05:30" level=info msg="Tool required for debug" tool="esp32:openocd-esp32@v0.12.0-esp32-20250707"
time="2025-10-27T17:17:56+05:30" level=info msg="Tool required for debug" tool="esp32:riscv32-esp-elf-gdb@16.3_20250913"
time="2025-10-27T17:17:56+05:30" level=info msg="Tool required for debug" tool="esp32:xtensa-esp-elf-gdb@16.3_20250913"
time="2025-10-27T17:17:56+05:30" level=info msg="Tool required for debug" tool="builtin:mdns-discovery@1.0.9"
time="2025-10-27T17:17:56+05:30" level=info msg="Tool required for debug" tool="builtin:serial-discovery@1.4.1"
time="2025-10-27T17:17:56+05:30" level=info msg="Tool required for debug" tool="builtin:serial-monitor@0.15.0"
time="2025-10-27T17:17:56+05:30" level=info msg="Tool required for debug" tool="arduino:arduinoOTA@1.3.0"
time="2025-10-27T17:17:56+05:30" level=info msg="Tool required for debug" tool="arduino:avr-gcc@7.3.0-atmel3.6.1-arduino7"
time="2025-10-27T17:17:56+05:30" level=info msg="Tool required for debug" tool="arduino:avrdude@6.3.0-arduino17"
time="2025-10-27T17:17:56+05:30" level=info msg="Tool required for debug" tool="builtin:ctags@5.8-arduino11"
time="2025-10-27T17:17:56+05:30" level=info msg="Tool required for debug" tool="builtin:dfu-discovery@0.1.2"
2025-10-27 17:17:56 2025-10-27T11:47:56.473Z root INFO Starting language server: esp32:esp32:esp32:UploadSpeed=921600,CPUFreq=240,FlashFreq=80,FlashMode=qio,FlashSize=4M,PartitionScheme=default,DebugLevel=none,PSRAM=disabled,LoopCore=1,EventsCore=1,EraseFlash=none,JTAGAdapter=default,ZigbeeMode=default
2025-10-27 17:17:56 2025-10-27T11:47:56.478Z daemon INFO time="2025-10-27T17:17:56+05:30" level=info msg="Tool required for debug" tool="arduino:dfu-util@0.11.0-arduino5"
time="2025-10-27T17:17:56+05:30" level=info msg="Tool required for debug" tool="esp32:esp-rv32@2507"
time="2025-10-27T17:17:56+05:30" level=info msg="Tool required for debug" tool="esp32:esp-x32@2507"
time="2025-10-27T17:17:56+05:30" level=info msg="Tool required for debug" tool="esp32:esp32-arduino-libs@idf-release_v5.5-07e9bf49-v1"
time="2025-10-27T17:17:56+05:30" level=info msg="Tool required for debug" tool="esp32:esptool_py@5.1.0"
time="2025-10-27T17:17:56+05:30" level=info msg="Tool required for debug" tool="esp32:mklittlefs@4.0.2-db0513a"
time="2025-10-27T17:17:56+05:30" level=info msg="Tool required for debug" tool="esp32:mkspiffs@0.2.3"
time="2025-10-27T17:17:56+05:30" level=info msg="Tool required for debug" tool="esp32:openocd-esp32@v0.12.0-esp32-20250707"
time="2025-10-27T17:17:56+05:30" level=info msg="Tool required for debug" tool="esp32:riscv32-esp-elf-gdb@16.3_20250913"
time="2025-10-27T17:17:56+05:30" level=info msg="Tool required for debug" tool="esp32:xtensa-esp-elf-gdb@16.3_20250913"
time="2025-10-27T17:17:56+05:30" level=info msg="Tool required for debug" tool="arduino:avr-gcc@7.3.0-atmel3.6.1-arduino7"
time="2025-10-27T17:17:56+05:30" level=info msg="Tool required for debug" tool="builtin:serial-discovery@1.4.1"
time="2025-10-27T17:17:56+05:30" level=info msg="Tool required for debug" tool="arduino:avrdude@6.3.0-arduino17"
time="2025-10-27T17:17:56+05:30" level=info msg="Tool required for debug" tool="arduino:arduinoOTA@1.3.0"
time="2025-10-27T17:17:56+05:30" level=info msg="Tool required for debug" tool="builtin:serial-monitor@0.15.0"
time="2025-10-27T17:17:56+05:30" level=info msg="Tool required for debug" tool="builtin:mdns-discovery@1.0.9"
time="2025-10-27T17:17:56+05:30" level=info msg="Tool required for debug" tool="builtin:dfu-discovery@0.1.2"
time="2025-10-27T17:17:56+05:30" level=info msg="Tool required for debug" tool="builtin:ctags@5.8-arduino11"
2025-10-27 17:17:56 2025-10-27T11:47:56.481Z daemon INFO time="2025-10-27T17:17:56+05:30" level=info msg="Tool required for debug" tool="arduino:dfu-util@0.11.0-arduino5"
time="2025-10-27T17:17:56+05:30" level=info msg="Tool required for debug" tool="esp32:esp-rv32@2507"
time="2025-10-27T17:17:56+05:30" level=info msg="Tool required for debug" tool="esp32:esp-x32@2507"
time="2025-10-27T17:17:56+05:30" level=info msg="Tool required for debug" tool="esp32:esp32-arduino-libs@idf-release_v5.5-07e9bf49-v1"
time="2025-10-27T17:17:56+05:30" level=info msg="Tool required for debug" tool="esp32:esptool_py@5.1.0"
time="2025-10-27T17:17:56+05:30" level=info msg="Tool required for debug" tool="esp32:mklittlefs@4.0.2-db0513a"
time="2025-10-27T17:17:56+05:30" level=info msg="Tool required for debug" tool="esp32:mkspiffs@0.2.3"
time="2025-10-27T17:17:56+05:30" level=info msg="Tool required for debug" tool="esp32:openocd-esp32@v0.12.0-esp32-20250707"
time="2025-10-27T17:17:56+05:30" level=info msg="Tool required for debug" tool="esp32:riscv32-esp-elf-gdb@16.3_20250913"
time="2025-10-27T17:17:56+05:30" level=info msg="Tool required for debug" tool="esp32:xtensa-esp-elf-gdb@16.3_20250913"
time="2025-10-27T17:17:56+05:30" level=info msg="Tool required for debug" tool="builtin:ctags@5.8-arduino11"
2025-10-27 17:17:56 2025-10-27T11:47:56.481Z daemon INFO time="2025-10-27T17:17:56+05:30" level=info msg="Tool required for debug" tool="builtin:dfu-discovery@0.1.2"
time="2025-10-27T17:17:56+05:30" level=info msg="Tool required for debug" tool="arduino:avr-gcc@7.3.0-atmel3.6.1-arduino7"
time="2025-10-27T17:17:56+05:30" level=info msg="Tool required for debug" tool="arduino:avrdude@6.3.0-arduino17"
time="2025-10-27T17:17:56+05:30" level=info msg="Tool required for debug" tool="builtin:serial-discovery@1.4.1"
time="2025-10-27T17:17:56+05:30" level=info msg="Tool required for debug" tool="arduino:arduinoOTA@1.3.0"
time="2025-10-27T17:17:56+05:30" level=info msg="Tool required for debug" tool="builtin:mdns-discovery@1.0.9"
time="2025-10-27T17:17:56+05:30" level=info msg="Tool required for debug" tool="builtin:serial-monitor@0.15.0"
2025-10-27 17:17:56 2025-10-27T11:47:56.696Z daemon INFO time="2025-10-27T17:17:56+05:30" level=info msg="Tool required for debug" tool="arduino:dfu-util@0.11.0-arduino5"
time="2025-10-27T17:17:56+05:30" level=info msg="Tool required for debug" tool="esp32:esp-rv32@2507"
time="2025-10-27T17:17:56+05:30" level=info msg="Tool required for debug" tool="esp32:esp-x32@2507"
time="2025-10-27T17:17:56+05:30" level=info msg="Tool required for debug" tool="esp32:esp32-arduino-libs@idf-release_v5.5-07e9bf49-v1"
time="2025-10-27T17:17:56+05:30" level=info msg="Tool required for debug" tool="esp32:esptool_py@5.1.0"
time="2025-10-27T17:17:56+05:30" level=info msg="Tool required for debug" tool="esp32:mklittlefs@4.0.2-db0513a"
time="2025-10-27T17:17:56+05:30" level=info msg="Tool required for debug" tool="esp32:mkspiffs@0.2.3"
time="2025-10-27T17:17:56+05:30" level=info msg="Tool required for debug" tool="esp32:openocd-esp32@v0.12.0-esp32-20250707"
time="2025-10-27T17:17:56+05:30" level=info msg="Tool required for debug" tool="esp32:riscv32-esp-elf-gdb@16.3_20250913"
time="2025-10-27T17:17:56+05:30" level=info msg="Tool required for debug" tool="esp32:xtensa-esp-elf-gdb@16.3_20250913"
time="2025-10-27T17:17:56+05:30" level=info msg="Tool required for debug" tool="arduino:arduinoOTA@1.3.0"
time="2025-10-27T17:17:56+05:30" level=info msg="Tool required for debug" tool="builtin:ctags@5.8-arduino11"
time="2025-10-27T17:17:56+05:30" level=info msg="Tool required for debug" tool="builtin:serial-discovery@1.4.1"
time="2025-10-27T17:17:56+05:30" level=info msg="Tool required for debug" tool="arduino:avr-gcc@7.3.0-atmel3.6.1-arduino7"
time="2025-10-27T17:17:56+05:30" level=info msg="Tool required for debug" tool="arduino:avrdude@6.3.0-arduino17"
time="2025-10-27T17:17:56+05:30" level=info msg="Tool required for debug" tool="builtin:serial-monitor@0.15.0"
time="2025-10-27T17:17:56+05:30" level=info msg="Tool required for debug" tool="builtin:dfu-discovery@0.1.2"
time="2025-10-27T17:17:56+05:30" level=info msg="Tool required for debug" tool="builtin:mdns-discovery@1.0.9"
time="2025-10-27T17:17:56+05:30" level=info msg="Tool required for debug" tool="arduino:dfu-util@0.11.0-arduino5"
time="2025-10-27T17:17:56+05:30" level=info msg="Tool required for debug" tool="esp32:esp-rv32@2507"
time="2025-10-27T17:17:56+05:30" level=info msg="Tool required for debug" tool="esp32:esp-x32@2507"
time="2025-10-27T17:17:56+05:30" level=info msg="Tool required for debug" tool="esp32:esp32-arduino-libs@idf-release_v5.5-07e9bf49-v1"
time="2025-10-27T17:17:56+05:30" level=info msg="Tool required for debug" tool="esp32:esptool_py@5.1.0"
time="2025-10-27T17:17:56+05:30" level=info msg="Tool required for debug" tool="esp32:mklittlefs@4.0.2-db0513a"
time="2025-10-27T17:17:56+05:30" level=info msg="Tool required for debug" tool="esp32:mkspiffs@0.2.3"
time="2025-10-27T17:17:56+05:30" level=info msg="Tool required for debug" tool="esp32:openocd-esp32@v0.12.0-esp32-20250707"
time="2025-10-27T17:17:56+05:30" level=info msg="Tool required for debug" tool="esp32:riscv32-esp-elf-gdb@16.3_20250913"
time="2025-10-27T17:17:56+05:30" level=info msg="Tool required for debug" tool="esp32:xtensa-esp-elf-gdb@16.3_20250913"
time="2025-10-27T17:17:56+05:30" level=info msg="Tool required for debug" tool="builtin:serial-monitor@0.15.0"
time="2025-10-27T17:17:56+05:30" level=info msg="Tool required for debug" tool="builtin:dfu-discovery@0.1.2"
time="2025-10-27T17:17:56+05:30" level=info msg="Tool required for debug" tool="arduino:avr-gcc@7.3.0-atmel3.6.1-arduino7"
time="2025-10-27T17:17:56+05:30" level=info msg="Tool required for debug" tool="arduino:avrdude@6.3.0-arduino17"
time="2025-10-27T17:17:56+05:30" level=info msg="Tool required for debug" tool="builtin:serial-discovery@1.4.1"
time="2025-10-27T17:17:56+05:30" level=info msg="Tool required for debug" tool="arduino:arduinoOTA@1.3.0"
time="2025-10-27T17:17:56+05:30" level=info msg="Tool required for debug" tool="builtin:ctags@5.8-arduino11"
time="2025-10-27T17:17:56+05:30" level=info msg="Tool required for debug" tool="builtin:mdns-discovery@1.0.9"
time="2025-10-27T17:17:56+05:30" level=info msg="Tool required for debug" tool="arduino:dfu-util@0.11.0-arduino5"
time="2025-10-27T17:17:56+05:30" level=info msg="Tool required for debug" tool="esp32:esp-rv32@2507"
time="2025-10-27T17:17:56+05:30" level=info msg="Tool required for debug" tool="esp32:esp-x32@2507"
time="2025-10-27T17:17:56+05:30" level=info msg="Tool required for debug" tool="esp32:esp32-arduino-libs@idf-release_v5.5-07e9bf49-v1"
time="2025-10-27T17:17:56+05:30" level=info msg="Tool required for debug" tool="esp32:esptool_py@5.1.0"
time="2025-10-27T17:17:56+05:30" level=info msg="Tool required for debug" tool="esp32:mklittlefs@4.0.2-db0513a"
time="2025-10-27T17:17:56+05:30" level=info msg="Tool required for debug" tool="esp32:mkspiffs@0.2.3"
time="2025-10-27T17:17:56+05:30" level=info msg="Tool required for debug" tool="esp32:openocd-esp32@v0.12.0-esp32-20250707"
time="2025-10-27T17:17:56+05:30" level=info msg="Tool required for debug" tool="esp32:riscv32-esp-elf-gdb@16.3_20250913"
time="2025-10-27T17:17:56+05:30" level=info msg="Tool required for debug" tool="esp32:xtensa-esp-elf-gdb@16.3_20250913"
time="2025-10-27T17:17:56+05:30" level=info msg="Tool required for debug" tool="builtin:serial-discovery@1.4.1"
time="2025-10-27T17:17:56+05:30" level=info msg="Tool required for debug" tool="arduino:arduinoOTA@1.3.0"
time="2025-10-27T17:17:56+05:30" level=info msg="Tool required for debug" tool="builtin:serial-monitor@0.15.0"
time="2025-10-27T17:17:56+05:30" level=info msg="Tool required for debug" tool="builtin:mdns-discovery@1.0.9"
time="2025-10-27T17:17:56+05:30" level=info msg="Tool required for debug" tool="builtin:dfu-discovery@0.1.2"
time="2025-10-27T17:17:56+05:30" level=info msg="Tool required for debug" tool="arduino:avr-gcc@7.3.0-atmel3.6.1-arduino7"
time="2025-10-27T17:17:56+05:30" level=info msg="Tool required for debug" tool="arduino:avrdude@6.3.0-arduino17"
time="2025-10-27T17:17:56+05:30" level=info msg="Tool required for debug" tool="builtin:ctags@5.8-arduino11"
time="2025-10-27T17:17:56+05:30" level=info msg="Tool required for debug" tool="arduino:dfu-util@0.11.0-arduino5"
time="2025-10-27T17:17:56+05:30" level=info msg="Tool required for debug" tool="esp32:esp-rv32@2507"
time="2025-10-27T17:17:56+05:30" level=info msg="Tool required for debug" tool="esp32:esp-x32@2507"
time="2025-10-27T17:17:56+05:30" level=info msg="Tool required for debug" tool="esp32:esp32-arduino-libs@idf-release_v5.5-07e9bf49-v1"
time="2025-10-27T17:17:56+05:30" level=info msg="Tool required for debug" tool="esp32:esptool_py@5.1.0"
time="2025-10-27T17:17:56+05:30" level=info msg="Tool required for debug" tool="esp32:mklittlefs@4.0.2-db0513a"
time="2025-10-27T17:17:56+05:30" level=info msg="Tool required for debug" tool="esp32:mkspiffs@0.2.3"
time="2025-10-27T17:17:56+05:30" level=info msg="Tool required for debug" tool="esp32:openocd-esp32@v0.12.0-esp32-20250707"
time="2025-10-27T17:17:56+05:30" level=info msg="Tool required for debug" tool="esp32:riscv32-esp-elf-gdb@16.3_20250913"
time="2025-10-27T17:17:56+05:30" level=info msg="Tool required for debug" tool="esp32:xtensa-esp-elf-gdb@16.3_20250913"
time="2025-10-27T17:17:56+05:30" level=info msg="Tool required for debug" tool="arduino:arduinoOTA@1.3.0"
time="2025-10-27T17:17:56+05:30" level=info msg="Tool required for debug" tool="builtin:ctags@5.8-arduino11"
time="2025-10-27T17:17:56+05:30" level=info msg="Tool required for debug" tool="builtin:dfu-discovery@0.1.2"
time="2025-10-27T17:17:56+05:30" level=info msg="Tool required for debug" tool="builtin:serial-monitor@0.15.0"
time="2025-10-27T17:17:56+05:30" level=info msg="Tool required for debug" tool="arduino:avrdude@6.3.0-arduino17"
time="2025-10-27T17:17:56+05:30" level=info msg="Tool required for debug" tool="arduino:avr-gcc@7.3.0-atmel3.6.1-arduino7"
time="2025-10-27T17:17:56+05:30" level=info msg="Tool required for debug" tool="builtin:mdns-discovery@1.0.9"
time="2025-10-27T17:17:56+05:30" level=info msg="Tool required for debug" tool="builtin:serial-discovery@1.4.1"
time="2025-10-27T17:17:56+05:30" level=info msg="Tool required for debug" tool="arduino:dfu-util@0.11.0-arduino5"
time="2025-10-27T17:17:56+05:30" level=info msg="Tool required for debug" tool="esp32:esp-rv32@2507"
time="2025-10-27T17:17:56+05:30" level=info msg="Tool required for debug" tool="esp32:esp-x32@2507"
time="2025-10-27T17:17:56+05:30" level=info msg="Tool required for debug" tool="esp32:esp32-arduino-libs@idf-release_v5.5-07e9bf49-v1"
time="2025-10-27T17:17:56+05:30" level=info msg="Tool required for debug" tool="esp32:esptool_py@5.1.0"
time="2025-10-27T17:17:56+05:30" level=info msg="Tool required for debug" tool="esp32:mklittlefs@4.0.2-db0513a"
time="2025-10-27T17:17:56+05:30" level=info msg="Tool required for debug" tool="esp32:mkspiffs@0.2.3"
time="2025-10-27T17:17:56+05:30" level=info msg="Tool required for debug" tool="esp32:openocd-esp32@v0.12.0-esp32-20250707"
time="2025-10-27T17:17:56+05:30" level=info msg="Tool required for debug" tool="esp32:riscv32-esp-elf-gdb@16.3_20250913"
time="2025-10-27T17:17:56+05:30" level=info msg="Tool required for debug" tool="esp32:xtensa-esp-elf-gdb@16.3_20250913"
time="2025-10-27T17:17:56+05:30" level=info msg="Tool required for debug" tool="arduino:avr-gcc@7.3.0-atmel3.6.1-arduino7"
time="2025-10-27T17:17:56+05:30" level=info msg="Tool required for debug" tool="builtin:ctags@5.8-arduino11"
time="2025-10-27T17:17:56+05:30" level=info msg="Tool required for debug" tool="builtin:serial-discovery@1.4.1"
time="2025-10-27T17:17:56+05:30" level=info msg="Tool required for debug" tool="arduino:avrdude@6.3.0-arduino17"
time="2025-10-27T17:17:56+05:30" level=info msg="Tool required for debug" tool="builtin:mdns-discovery@1.0.9"
time="2025-10-27T17:17:56+05:30" level=info msg="Tool required for debug" tool="builtin:serial-monitor@0.15.0"
time="2025-10-27T17:17:56+05:30" level=info msg="Tool required for debug" tool="builtin:dfu-discovery@0.1.2"
time="2025-10-27T17:17:56+05:30" level=info msg="Tool required for debug" tool="arduino:arduinoOTA@1.3.0"
time="2025-10-27T17:17:56+05:30" level=info msg="Tool required for debug" tool="arduino:dfu-util@0.11.0-arduino5"
time="2025-10-27T17:17:56+05:30" level=info msg="Tool required for debug" tool="esp32:esp-rv32@2507"
time="2025-10-27T17:17:56+05:30" level=info msg="Tool required for debug" tool="esp32:esp-x32@2507"
time="2025-10-27T17:17:56+05:30" level=info msg="Tool required for debug" tool="esp32:esp32-arduino-libs@idf-release_v5.5-07e9bf49-v1"
time="2025-10-27T17:17:56+05:30" level=info msg="Tool required for debug" tool="esp32:esptool_py@5.1.0"
time="2025-10-27T17:17:56+05:30" level=info msg="Tool required for debug" tool="esp32:mklittlefs@4.0.2-db0513a"
time="2025-10-27T17:17:56+05:30" level=info msg="Tool required for debug" tool="esp32:mkspiffs@0.2.3"
time="2025-10-27T17:17:56+05:30" level=info msg="Tool required for debug" tool="esp32:openocd-esp32@v0.12.0-esp32-20250707"
time="2025-10-27T17:17:56+05:30" level=info msg="Tool required for debug" tool="esp32:riscv32-esp-elf-gdb@16.3_20250913"
time="2025-10-27T17:17:56+05:30" level=info msg="Tool required for debug" tool="esp32:xtensa-esp-elf-gdb@16.3_20250913"
time="2025-10-27T17:17:56+05:30" level=info msg="Tool required for debug" tool="arduino:avr-gcc@7.3.0-atmel3.6.1-arduino7"
time="2025-10-27T17:17:56+05:30" level=info msg="Tool required for debug" tool="arduino:avrdude@6.3.0-arduino17"
time="2025-10-27T17:17:56+05:30" level=info msg="Tool required for debug" tool="builtin:serial-monitor@0.15.0"
time="2025-10-27T17:17:56+05:30" level=info msg="Tool required for debug" tool="builtin:dfu-discovery@0.1.2"
time="2025-10-27T17:17:56+05:30" level=info msg="Tool required for debug" tool="builtin:serial-discovery@1.4.1"
time="2025-10-27T17:17:56+05:30" level=info msg="Tool required for debug" tool="builtin:ctags@5.8-arduino11"
time="2025-10-27T17:17:56+05:30" level=info msg="Tool required for debug" tool="arduino:arduinoOTA@1.3.0"
time="2025-10-27T17:17:56+05:30" level=info msg="Tool required for debug" tool="builtin:mdns-discovery@1.0.9"
time="2025-10-27T17:17:56+05:30" level=info msg="Tool required for debug" tool="arduino:dfu-util@0.11.0-arduino5"
time="2025-10-27T17:17:56+05:30" level=info msg="Tool required for debug" tool="esp32:esp-rv32@2507"
time="2025-10-27T17:17:56+05:30" level=info msg="Tool required for debug" tool="esp32:esp-x32@2507"
time="2025-10-27T17:17:56+05:30" level=info msg="Tool required for debug" tool="esp32:esp32-arduino-libs@idf-release_v5.5-07e9bf49-v1"
time="2025-10-27T17:17:56+05:30" level=info msg="Tool required for debug" tool="esp32:esptool_py@5.1.0"
time="2025-10-27T17:17:56+05:30" level=info msg="Tool required for debug" tool="esp32:mklittlefs@4.0.2-db0513a"
time="2025-10-27T17:17:56+05:30" level=info msg="Tool required for debug" tool="esp32:mkspiffs@0.2.3"
time="2025-10-27T17:17:56+05:30" level=info msg="Tool required for debug" tool="esp32:openocd-esp32@v0.12.0-esp32-20250707"
time="2025-10-27T17:17:56+05:30" level=info msg="Tool required for debug" tool="esp32:riscv32-esp-elf-gdb@16.3_20250913"
time="2025-10-27T17:17:56+05:30" level=info msg="Tool required for debug" tool="esp32:xtensa-esp-elf-gdb@16.3_20250913"
time="2025-10-27T17:17:56+05:30" level=info msg="Tool required for debug" tool="builtin:mdns-discovery@1.0.9"
time="2025-10-27T17:17:56+05:30" level=info msg="Tool required for debug" tool="arduino:arduinoOTA@1.3.0"
time="2025-10-27T17:17:56+05:30" level=info msg="Tool required for debug" tool="arduino:avrdude@6.3.0-arduino17"
time="2025-10-27T17:17:56+05:30" level=info msg="Tool required for debug" tool="builtin:serial-discovery@1.4.1"
time="2025-10-27T17:17:56+05:30" level=info msg="Tool required for debug" tool="arduino:avr-gcc@7.3.0-atmel3.6.1-arduino7"
time="2025-10-27T17:17:56+05:30" level=info msg="Tool required for debug" tool="builtin:dfu-discovery@0.1.2"
time="2025-10-27T17:17:56+05:30" level=info msg="Tool required for debug" tool="builtin:ctags@5.8-arduino11"
time="2025-10-27T17:17:56+05:30" level=info msg="Tool required for debug" tool="builtin:serial-monitor@0.15.0"
time="2025-10-27T17:17:56+05:30" level=info msg="Tool required for debug" tool="arduino:dfu-util@0.11.0-arduino5"
time="2025-10-27T17:17:56+05:30" level=info msg="Tool required for debug" tool="esp32:esp-rv32@2507"
time="2025-10-27T17:17:56+05:30" level=info msg="Tool required for debug" tool="esp32:esp-x32@2507"
time="2025-10-27T17:17:56+05:30" level=info msg="Tool required for debug" tool="esp32:esp32-arduino-libs@idf-release_v5.5-07e9bf49-v1"
time="2025-10-27T17:17:56+05:30" level=info msg="Tool required for debug" tool="esp32:esptool_py@5.1.0"
time="2025-10-27T17:17:56+05:30" level=info msg="Tool required for debug" tool="esp32:mklittlefs@4.0.2-db0513a"
time="2025-10-27T17:17:56+05:30" level=info msg="Tool required for debug" tool="esp32:mkspiffs@0.2.3"
time="2025-10-27T17:17:56+05:30" level=info msg="Tool required for debug" tool="esp32:openocd-esp32@v0.12.0-esp32-20250707"
time="2025-10-27T17:17:56+05:30" level=info msg="Tool required for debug" tool="esp32:riscv32-esp-elf-gdb@16.3_20250913"
time="2025-10-27T17:17:56+05:30" level=info msg="Tool required for debug" tool="esp32:xtensa-esp-elf-gdb@16.3_20250913"
time="2025-10-27T17:17:56+05:30" level=info msg="Tool required for debug" tool="arduino:avr-gcc@7.3.0-atmel3.6.1-arduino7"
time="2025-10-27T17:17:56+05:30" level=info msg="Tool required for debug" tool="builtin:ctags@5.8-arduino11"
time="2025-10-27T17:17:56+05:30" level=info msg="Tool required for debug" tool="builtin:serial-monitor@0.15.0"
time="2025-10-27T17:17:56+05:30" level=info msg="Tool required for debug" tool="arduino:arduinoOTA@1.3.0"
time="2025-10-27T17:17:56+05:30" level=info msg="Tool required for debug" tool="builtin:serial-discovery@1.4.1"
time="2025-10-27T17:17:56+05:30" level=info msg="Tool required for debug" tool="builtin:mdns-discovery@1.0.9"
time="2025-10-27T17:17:56+05:30" level=info msg="Tool required for debug" tool="arduino:avrdude@6.3.0-arduino17"
time="2025-10-27T17:17:56+05:30" level=info msg="Tool required for debug" tool="builtin:dfu-discovery@0.1.2"
time="2025-10-27T17:17:56+05:30" level=info msg="Tool required for debug" tool="arduino:dfu-util@0.11.0-arduino5"
time="2025-10-27T17:17:56+05:30" level=info msg="Tool required for debug" tool="esp32:esp-rv32@2507"
time="2025-10-27T17:17:56+05:30" level=info msg="Tool required for debug" tool="esp32:esp-x32@2507"
time="2025-10-27T17:17:56+05:30" level=info msg="Tool required for debug" tool="esp32:esp32-arduino-libs@idf-release_v5.5-07e9bf49-v1"
time="2025-10-27T17:17:56+05:30" level=info msg="Tool required for debug" tool="esp32:esptool_py@5.1.0"
time="2025-10-27T17:17:56+05:30" level=info msg="Tool required for debug" tool="esp32:mklittlefs@4.0.2-db0513a"
time="2025-10-27T17:17:56+05:30" level=info msg="Tool required for debug" tool="esp32:mkspiffs@0.2.3"
time="2025-10-27T17:17:56+05:30" level=info msg="Tool required for debug" tool="esp32:openocd-esp32@v0.12.0-esp32-20250707"
time="2025-10-27T17:17:56+05:30" level=info msg="Tool required for debug" tool="esp32:riscv32-esp-elf-gdb@16.3_20250913"
time="2025-10-27T17:17:56+05:30" level=info msg="Tool required for debug" tool="esp32:xtensa-esp-elf-gdb@16.3_20250913"
time="2025-10-27T17:17:56+05:30" level=info msg="Tool required for debug" tool="builtin:serial-discovery@1.4.1"
time="2025-10-27T17:17:56+05:30" level=info msg="Tool required for debug" tool="builtin:serial-monitor@0.15.0"
time="2025-10-27T17:17:56+05:30" level=info msg="Tool required for debug" tool="arduino:arduinoOTA@1.3.0"
time="2025-10-27T17:17:56+05:30" level=info msg="Tool required for debug" tool="arduino:avr-gcc@7.3.0-atmel3.6.1-arduino7"
time="2025-10-27T17:17:56+05:30" level=info msg="Tool required for debug" tool="arduino:avrdude@6.3.0-arduino17"
time="2025-10-27T17:17:56+05:30" level=info msg="Tool required for debug" tool="builtin:ctags@5.8-arduino11"
time="2025-10-27T17:17:56+05:30" level=info msg="Tool required for debug" tool="builtin:dfu-discovery@0.1.2"
time="2025-10-27T17:17:56+05:30" level=info msg="Tool required for debug" tool="builtin:mdns-discovery@1.0.9"
time="2025-10-27T17:17:56+05:30" level=info msg="Tool required for debug" tool="arduino:dfu-util@0.11.0-arduino5"
time="2025-10-27T17:17:56+05:30" level=info msg="Tool required for debug" tool="esp32:esp-rv32@2507"
time="2025-10-27T17:17:56+05:30" level=info msg="Tool required for debug" tool="esp32:esp-x32@2507"
time="2025-10-27T17:17:56+05:30" level=info msg="Tool required for debug" tool="esp32:esp32-arduino-libs@idf-release_v5.5-07e9bf49-v1"
time="2025-10-27T17:17:56+05:30" level=info msg="Tool required for debug" tool="esp32:esptool_py@5.1.0"
time="2025-10-27T17:17:56+05:30" level=info msg="Tool required for debug" tool="esp32:mklittlefs@4.0.2-db0513a"
time="2025-10-27T17:17:56+05:30" level=info msg="Tool required for debug" tool="esp32:mkspiffs@0.2.3"
time="2025-10-27T17:17:56+05:30" level=info msg="Tool required for debug" tool="esp32:openocd-esp32@v0.12.0-esp32-20250707"
time="2025-10-27T17:17:56+05:30" level=info msg="Tool required for debug" tool="esp32:riscv32-esp-elf-gdb@16.3_20250913"
time="2025-10-27T17:17:56+05:30" level=info msg="Tool required for debug" tool="esp32:xtensa-esp-elf-gdb@16.3_20250913"
time="2025-10-27T17:17:56+05:30" level=info msg="Tool required for debug" tool="builtin:ctags@5.8-arduino11"
time="2025-10-27T17:17:56+05:30" level=info msg="Tool required for debug" tool="arduino:avrdude@6.3.0-arduino17"
time="2025-10-27T17:17:56+05:30" level=info msg="Tool required for debug" tool="builtin:dfu-discovery@0.1.2"
time="2025-10-27T17:17:56+05:30" level=info msg="Tool required for debug" tool="builtin:mdns-discovery@1.0.9"
time="2025-10-27T17:17:56+05:30" level=info msg="Tool required for debug" tool="builtin:serial-monitor@0.15.0"
time="2025-10-27T17:17:56+05:30" level=info msg="Tool required for debug" tool="arduino:avr-gcc@7.3.0-atmel3.6.1-arduino7"
time="2025-10-27T17:17:56+05:30" level=info msg="Tool required for debug" tool="builtin:serial-discovery@1.4.1"
time="2025-10-27T17:17:56+05:30" level=info msg="Tool required for debug" tool="arduino:arduinoOTA@1.3.0"
time="2025-10-27T17:17:56+05:30" level=info msg="Tool required for debug" tool="arduino:dfu-util@0.11.0-arduino5"
time="2025-10-27T17:17:56+05:30" level=info msg="Tool required for debug" tool="esp32:esp-rv32@2507"
time="2025-10-27T17:17:56+05:30" level=info msg="Tool required for debug" tool="esp32:esp-x32@2507"
time="2025-10-27T17:17:56+05:30" level=info msg="Tool required for debug" tool="esp32:esp32-arduino-libs@idf-release_v5.5-07e9bf49-v1"
time="2025-10-27T17:17:56+05:30" level=info msg="Tool required for debug" tool="esp32:esptool_py@5.1.0"
time="2025-10-27T17:17:56+05:30" level=info msg="Tool required for debug" tool="esp32:mklittlefs@4.0.2-db0513a"
time="2025-10-27T17:17:56+05:30" level=info msg="Tool required for debug" tool="esp32:mkspiffs@0.2.3"
time="2025-10-27T17:17:56+05:30" level=info msg="Tool required for debug" tool="esp32:openocd-esp32@v0.12.0-esp32-20250707"
time="2025-10-27T17:17:56+05:30" level=info msg="Tool required for debug" tool="esp32:riscv32-esp-elf-gdb@16.3_20250913"
time="2025-10-27T17:17:56+05:30" level=info msg="Tool required for debug" tool="esp32:xtensa-esp-elf-gdb@16.3_20250913"
time="2025-10-27T17:17:56+05:30" level=info msg="Tool required for debug" tool="arduino:avr-gcc@7.3.0-atmel3.6.1-arduino7"
time="2025-10-27T17:17:56+05:30" level=info msg="Tool required for debug" tool="builtin:serial-discovery@1.4.1"
time="2025-10-27T17:17:56+05:30" level=info msg="Tool required for debug" tool="arduino:avrdude@6.3.0-arduino17"
time="2025-10-27T17:17:56+05:30" level=info msg="Tool required for debug" tool="builtin:ctags@5.8-arduino11"
time="2025-10-27T17:17:56+05:30" level=info msg="Tool required for debug" tool="arduino:arduinoOTA@1.3.0"
time="2025-10-27T17:17:56+05:30" level=info msg="Tool required for debug" tool="builtin:serial-monitor@0.15.0"
time="2025-10-27T17:17:56+05:30" level=info msg="Tool required for debug" tool="builtin:mdns-discovery@1.0.9"
time="2025-10-27T17:17:56+05:30" level=info msg="Tool required for debug" tool="builtin:dfu-discovery@0.1.2"
2025-10-27 17:17:57 isTempSketch: false. Input was /home/kamal/Arduino/led
2025-10-27 17:17:57 Marking workspace as a closed sketch. Workspace URI: file:///home/kamal/Arduino/led. Date: 1761565677164.
2025-10-27 17:17:57 2025-10-27T11:47:57.219Z root ERROR ---- !!!SLOW!!! DURATION: search took 1032.464 ms. Args: [{"type":"Updatable"}] ----
2025-10-27 17:17:57 2025-10-27T11:47:57.221Z daemon INFO time="2025-10-27T17:17:57+05:30" level=info msg="Adding libraries dir" dir=/home/kamal/.arduino15/libraries isSingleLibrary=false location=ide
time="2025-10-27T17:17:57+05:30" level=info msg="Adding libraries dir" dir=/home/kamal/.arduino15/packages/esp32/hardware/esp32/3.3.2/libraries isSingleLibrary=false location=platform
time="2025-10-27T17:17:57+05:30" level=info msg="Adding libraries dir" dir=/home/kamal/Arduino/libraries isSingleLibrary=false location=user
2025-10-27 17:17:57 isTempSketch: false. Input was /home/kamal/Arduino/led
2025-10-27 17:17:57 Marking workspace as a closed sketch. Workspace URI: file:///home/kamal/Arduino/led. Date: 1761565677230.
2025-10-27 17:17:57 2025-10-27T11:47:57.238Z root INFO socked closed
2025-10-27 17:17:57 2025-10-27T11:47:57.238Z root INFO closing connection for 1
2025-10-27 17:17:57 2025-10-27T11:47:57.238Z root INFO Closing channel on service path '/localization-server'.
2025-10-27 17:17:57 2025-10-27T11:47:57.238Z root INFO Closing channel on service path '/os'.
2025-10-27 17:17:57 2025-10-27T11:47:57.238Z root INFO Closing channel on service path '/services/commands'.
2025-10-27 17:17:57 2025-10-27T11:47:57.238Z root INFO Closing channel on service path '/services/keyboard'.
2025-10-27 17:17:57 2025-10-27T11:47:57.238Z root INFO Closing channel on service path '/services/logger'.
2025-10-27 17:17:57 2025-10-27T11:47:57.238Z root INFO Closing channel on service path '/services/messageService'.
2025-10-27 17:17:57 2025-10-27T11:47:57.238Z root INFO Closing channel on service path '/services/ChannelCloseService'.
2025-10-27 17:17:57 2025-10-27T11:47:57.238Z root INFO Closing channel on service path '/services/remote-filesystem'.
2025-10-27 17:17:57 2025-10-27T11:47:57.238Z root INFO Closing channel on service path '/services/envs'.
2025-10-27 17:17:57 2025-10-27T11:47:57.238Z root INFO Closing channel on service path '/services/authentication-service'.
2025-10-27 17:17:57 2025-10-27T11:47:57.238Z root INFO Closing channel on service path '/services/sketches-service'.
2025-10-27 17:17:57 2025-10-27T11:47:57.238Z root INFO Closing channel on service path '/services/config-service'.
2025-10-27 17:17:57 2025-10-27T11:47:57.238Z root INFO Closing channel on service path '/services/workspace'.
2025-10-27 17:17:57 2025-10-27T11:47:57.238Z root INFO Closing channel on service path '/services/notification-service'.
2025-10-27 17:17:57 2025-10-27T11:47:57.238Z root INFO Closing channel on service path '/services/arduino-daemon'.
2025-10-27 17:17:57 2025-10-27T11:47:57.238Z root INFO Closing channel on service path '/services/stopwatch'.
2025-10-27 17:17:57 2025-10-27T11:47:57.238Z root INFO Closing channel on service path '/services/application'.
2025-10-27 17:17:57 2025-10-27T11:47:57.238Z root INFO Closing channel on service path '/services/i18n'.
2025-10-27 17:17:57 2025-10-27T11:47:57.238Z root INFO Closing channel on service path '/services/quickInput'.
2025-10-27 17:17:57 2025-10-27T11:47:57.238Z root INFO Closing channel on service path '/services/debug'.
2025-10-27 17:17:57 2025-10-27T11:47:57.238Z root INFO Closing channel on service path '/services/shell-terminal'.
2025-10-27 17:17:57 2025-10-27T11:47:57.238Z root INFO Closing channel on service path '/services/quickPick'.
2025-10-27 17:17:57 2025-10-27T11:47:57.238Z root INFO Closing channel on service path '/services/task'.
2025-10-27 17:17:57 2025-10-27T11:47:57.238Z root INFO Closing channel on service path '/services/search'.
2025-10-27 17:17:57 2025-10-27T11:47:57.238Z root INFO Closing channel on service path '/services/hostedPlugin'.
2025-10-27 17:17:57 2025-10-27T11:47:57.238Z root INFO Closing channel on service path '/services/plugin-ext'.
2025-10-27 17:17:57 2025-10-27T11:47:57.238Z root INFO Closing channel on service path '/services/plugin-paths'.
2025-10-27 17:17:57 2025-10-27T11:47:57.238Z root INFO Closing channel on service path '/services/cli-preferences'.
2025-10-27 17:17:57 2025-10-27T11:47:57.238Z root INFO Closing channel on service path '/services/boards-service'.
2025-10-27 17:17:57 2025-10-27T11:47:57.238Z root INFO Closing channel on service path '/services/response-service'.
2025-10-27 17:17:57 2025-10-27T11:47:57.238Z root INFO Closing channel on service path '/services/file-system-ext'.
2025-10-27 17:17:57 2025-10-27T11:47:57.238Z root INFO Closing channel on service path '/services/core-service'.
2025-10-27 17:17:57 2025-10-27T11:47:57.238Z root INFO Closing channel on service path '/services/example-service'.
2025-10-27 17:17:57 2025-10-27T11:47:57.238Z root INFO Closing channel on service path '/services/library-service'.
2025-10-27 17:17:57 2025-10-27T11:47:57.238Z root INFO Closing channel on service path '/services/executable-service'.
2025-10-27 17:17:57 2025-10-27T11:47:57.238Z root INFO Closing channel on service path '/services/arduino-firmware-uploader'.
2025-10-27 17:17:57 2025-10-27T11:47:57.238Z root INFO Closing channel on service path '/services/formatter'.
2025-10-27 17:17:57 2025-10-27T11:47:57.238Z root INFO Closing channel on service path '/services/search-in-workspace'.
2025-10-27 17:17:57 2025-10-27T11:47:57.238Z root INFO Closing channel on service path '/services/request-service'.
2025-10-27 17:17:57 2025-10-27T11:47:57.238Z root INFO Closing channel on service path '/services/keyStore'.
2025-10-27 17:17:57 2025-10-27T11:47:57.238Z root INFO Closing channel on service path '/services/languagePackService'.
2025-10-27 17:17:57 Closing channel on service path '/services/electron-window'.
2025-10-27 17:17:57 Closing channel on service path '/services/ide-updater'.
2025-10-27 17:17:57 Storing the sketch as a workspace root: </home/kamal/Arduino/led>.
2025-10-27 17:17:57 Skipped storing sketch as workspace root. Already visited: </home/kamal/Arduino/led>.
2025-10-27 17:17:57 Stored workspaces roots: /home/kamal/Arduino/led
2025-10-27 17:17:57 No sketches were scheduled for deletion.
2025-10-27 17:19:00 Arduino IDE 2.3.6
2025-10-27 17:19:00 Checking for frontend application configuration customizations. Module path: /tmp/.mount_arduinMYsjgj/resources/app/lib/backend/electron-main.js, destination 'package.json': /tmp/.mount_arduinMYsjgj/resources/app/package.json
2025-10-27 17:19:00 Setting 'theia.frontend.config.appVersion' application configuration value to: "2.3.6" (type of string)
2025-10-27 17:19:00 Setting 'theia.frontend.config.cliVersion' application configuration value to: "1.2.0" (type of string)
2025-10-27 17:19:00 Setting 'theia.frontend.config.buildDate' application configuration value to: "2025-04-09T11:24:04.835Z" (type of string)
2025-10-27 17:19:00 Frontend application configuration after modifications: {"applicationName":"Arduino IDE","defaultTheme":{"light":"arduino-theme","dark":"arduino-theme-dark"},"defaultIconTheme":"none","electron":{"windowOptions":{},"showWindowEarly":true,"splashScreenOptions":{},"uriScheme":"arduino-ide"},"defaultLocale":"","validatePreferencesSchema":false,"reloadOnReconnect":true,"uriScheme":"theia","preferences":{"window.title":"${rootName}${activeEditorShort}${appName}","files.autoSave":"afterDelay","editor.minimap.enabled":false,"editor.tabSize":2,"editor.scrollBeyondLastLine":false,"editor.quickSuggestions":{"other":false,"comments":false,"strings":false},"editor.maxTokenizationLineLength":500,"editor.bracketPairColorization.enabled":false,"breadcrumbs.enabled":false,"workbench.tree.renderIndentGuides":"none","explorer.compactFolders":false},"appVersion":"2.3.6","cliVersion":"1.2.0","buildDate":"2025-04-09T11:24:04.835Z"}
2025-10-27 17:19:00 Starting backend process. PID: 8864
2025-10-27 17:19:01 Showing main window early
2025-10-27 17:19:01 Using browser-only version of superagent in non-browser environment
2025-10-27 17:19:01 Configuration directory URI: 'file:///home/kamal/.arduinoIDE'
2025-10-27 17:19:01 Configuring to accept webviews on '^.+\.webview\..+$' hostname.
2025-10-27 17:19:01 2025-10-27T11:49:01.793Z root WARN Backend u.initialize took longer than the expected maximum 50 milliseconds: 57.1 ms [Finished 0.986 s after backend start]
2025-10-27 17:19:01 2025-10-27T11:49:01.797Z root WARN Backend Object.initialize took longer than the expected maximum 50 milliseconds: 55.1 ms [Finished 0.986 s after backend start]
2025-10-27 17:19:01 2025-10-27T11:49:01.797Z root INFO Backend a.initialize: 1.4 ms [Finished 0.986 s after backend start]
2025-10-27 17:19:01 2025-10-27T11:49:01.797Z root INFO Backend a.initialize: 1.1 ms [Finished 0.986 s after backend start]
2025-10-27 17:19:01 2025-10-27T11:49:01.797Z root INFO Backend u.initialize: 1.4 ms [Finished 0.986 s after backend start]
2025-10-27 17:19:01 2025-10-27T11:49:01.800Z root WARN Backend l.initialize took longer than the expected maximum 50 milliseconds: 56.6 ms [Finished 0.987 s after backend start]
2025-10-27 17:19:01 2025-10-27T11:49:01.808Z root INFO configured all backend app contributions
2025-10-27 17:19:01 2025-10-27T11:49:01.808Z root INFO Backend l.onStart: 1.5 ms [Finished 1.003 s after backend start]
2025-10-27 17:19:01 2025-10-27T11:49:01.809Z root INFO Backend d.onStart: 0.1 ms [Finished 1.003 s after backend start]
2025-10-27 17:19:01 2025-10-27T11:49:01.810Z root INFO Backend a.onStart: 0.4 ms [Finished 1.003 s after backend start]
2025-10-27 17:19:01 2025-10-27T11:49:01.810Z config INFO >>> Initializing CLI configuration...
2025-10-27 17:19:01 2025-10-27T11:49:01.810Z root INFO Backend x.onStart: 0.5 ms [Finished 1.004 s after backend start]
2025-10-27 17:19:01 2025-10-27T11:49:01.810Z config INFO Loading CLI configuration from /home/kamal/.arduinoIDE/arduino-cli.yaml...
2025-10-27 17:19:01 2025-10-27T11:49:01.810Z daemon INFO Starting daemon from /tmp/.mount_arduinMYsjgj/resources/app/lib/backend/resources/arduino-cli...
2025-10-27 17:19:01 2025-10-27T11:49:01.810Z root INFO Backend w.onStart: 0.5 ms [Finished 1.005 s after backend start]
2025-10-27 17:19:01 2025-10-27T11:49:01.810Z discovery-log INFO start
2025-10-27 17:19:01 2025-10-27T11:49:01.810Z discovery-log INFO start new deferred
2025-10-27 17:19:01 2025-10-27T11:49:01.810Z root INFO Backend v.onStart: 0.3 ms [Finished 1.005 s after backend start]
2025-10-27 17:19:01 2025-10-27T11:49:01.810Z root INFO Backend a.onStart: 0.1 ms [Finished 1.005 s after backend start]
2025-10-27 17:19:01 2025-10-27T11:49:01.815Z root INFO Theia app listening on http://127.0.0.1:43697.
2025-10-27 17:19:01 2025-10-27T11:49:01.815Z root INFO Finished starting backend application: 4.2 ms [Finished 1.009 s after backend start]
2025-10-27 17:19:01 Restoring workspace roots: /home/kamal/Arduino/led
2025-10-27 17:19:01 2025-10-27T11:49:01.817Z root WARN The local plugin referenced by local-dir:/home/kamal/.arduinoIDE/plugins does not exist.
2025-10-27 17:19:01 2025-10-27T11:49:01.817Z root WARN The local plugin referenced by local-dir:/home/kamal/.arduinoIDE/deployedPlugins does not exist.
2025-10-27 17:19:01 isTempSketch: false. Input was /home/kamal/Arduino/led/led.ino
2025-10-27 17:19:01 2025-10-27T11:49:01.829Z config INFO Loaded CLI configuration: {"board_manager":{"additional_urls":["https://espressif.github.io/arduino-esp32/package_esp32_index.json"]},"directories":{"builtin":{"libraries":"/home/kamal/.arduino15/libraries"},"data":"/home/kamal/.arduino15","user":"/home/kamal/Arduino"},"locale":"en"}
2025-10-27 17:19:01 2025-10-27T11:49:01.829Z config INFO 'directories.data' and 'directories.user' are set in the CLI configuration model.
2025-10-27 17:19:01 2025-10-27T11:49:01.829Z config INFO Loaded the CLI configuration.
2025-10-27 17:19:01 2025-10-27T11:49:01.844Z config INFO Mapped the CLI configuration: {"dataDirUri":"file:///home/kamal/.arduino15","sketchDirUri":"file:///home/kamal/Arduino","additionalUrls":["https://espressif.github.io/arduino-esp32/package_esp32_index.json"],"network":"none","locale":"en"}
2025-10-27 17:19:01 2025-10-27T11:49:01.844Z config INFO Validating the CLI configuration...
2025-10-27 17:19:01 2025-10-27T11:49:01.844Z config INFO The CLI config is valid.
2025-10-27 17:19:01 2025-10-27T11:49:01.844Z config INFO <<< Initialized the CLI configuration.
2025-10-27 17:19:01 2025-10-27T11:49:01.980Z root INFO Resolve plugins list: 167.4 ms [Finished 1.174 s after backend start]
2025-10-27 17:19:02 2025-10-27T11:49:02.179Z daemon INFO time="2025-10-27T17:19:02+05:30" level=info msg="arduino-cli version 1.2.0"
2025-10-27 17:19:02 2025-10-27T11:49:02.180Z daemon INFO time="2025-10-27T17:19:02+05:30" level=info msg="Using config file: /home/kamal/.arduinoIDE/arduino-cli.yaml"
time="2025-10-27T17:19:02+05:30" level=info msg="Executing `arduino-cli daemon`"
2025-10-27 17:19:02 2025-10-27T11:49:02.199Z daemon INFO Daemon is now listening on 127.0.0.1:36977
{"IP":"127.0.0.1","Port":"36977"}
2025-10-27 17:19:02 2025-10-27T11:49:02.199Z daemon INFO Daemon is running.
2025-10-27 17:19:02 2025-10-27T11:49:02.305Z daemon INFO time="2025-10-27T17:19:02+05:30" level=info msg="Checking signature" index=/home/kamal/.arduino15/package_index.json signatureFile=/home/kamal/.arduino15/package_index.json.sig trusted=true
2025-10-27 17:19:02 2025-10-27T11:49:02.310Z daemon INFO time="2025-10-27T17:19:02+05:30" level=info msg="Missing signature file" index=/home/kamal/.arduino15/package_esp32_index.json
2025-10-27 17:19:02 2025-10-27T11:49:02.310Z daemon INFO time="2025-10-27T17:19:02+05:30" level=info msg="Loading hardware from: /home/kamal/.arduino15/packages"
time="2025-10-27T17:19:02+05:30" level=info msg="Loading package arduino from: /home/kamal/.arduino15/packages/arduino/hardware"
2025-10-27 17:19:02 2025-10-27T11:49:02.311Z daemon INFO time="2025-10-27T17:19:02+05:30" level=info msg="Missing signature file" index=/home/kamal/.arduino15/packages/arduino/hardware/avr/1.8.6/installed.json
2025-10-27 17:19:02 2025-10-27T11:49:02.315Z daemon INFO time="2025-10-27T17:19:02+05:30" level=info msg="Adding monitor tool" protocol=serial tool="builtin:serial-monitor"
time="2025-10-27T17:19:02+05:30" level=info msg="Loaded platform" platform="arduino:avr@1.8.6"
time="2025-10-27T17:19:02+05:30" level=info msg="Checking existence of 'tools' path: /home/kamal/.arduino15/packages/arduino/tools"
time="2025-10-27T17:19:02+05:30" level=info msg="Loading tools from dir: /home/kamal/.arduino15/packages/arduino/tools"
2025-10-27 17:19:02 2025-10-27T11:49:02.315Z daemon INFO time="2025-10-27T17:19:02+05:30" level=info msg="Loaded tool" tool="arduino:arduinoOTA@1.3.0"
time="2025-10-27T17:19:02+05:30" level=info msg="Loaded tool" tool="arduino:avr-gcc@7.3.0-atmel3.6.1-arduino7"
time="2025-10-27T17:19:02+05:30" level=info msg="Loaded tool" tool="arduino:avrdude@6.3.0-arduino17"
time="2025-10-27T17:19:02+05:30" level=info msg="Loaded tool" tool="arduino:dfu-util@0.11.0-arduino5"
time="2025-10-27T17:19:02+05:30" level=info msg="Loading package builtin from: /home/kamal/.arduino15/packages/builtin"
time="2025-10-27T17:19:02+05:30" level=info msg="Checking existence of 'tools' path: /home/kamal/.arduino15/packages/builtin/tools"
time="2025-10-27T17:19:02+05:30" level=info msg="Loading tools from dir: /home/kamal/.arduino15/packages/builtin/tools"
2025-10-27 17:19:02 2025-10-27T11:49:02.315Z daemon INFO time="2025-10-27T17:19:02+05:30" level=info msg="Loaded tool" tool="builtin:ctags@5.8-arduino11"
time="2025-10-27T17:19:02+05:30" level=info msg="Loaded tool" tool="builtin:dfu-discovery@0.1.2"
time="2025-10-27T17:19:02+05:30" level=info msg="Loaded tool" tool="builtin:mdns-discovery@1.0.9"
time="2025-10-27T17:19:02+05:30" level=info msg="Loaded tool" tool="builtin:serial-discovery@1.4.1"
2025-10-27 17:19:02 2025-10-27T11:49:02.315Z daemon INFO time="2025-10-27T17:19:02+05:30" level=info msg="Loaded tool" tool="builtin:serial-monitor@0.15.0"
time="2025-10-27T17:19:02+05:30" level=info msg="Loading package esp32 from: /home/kamal/.arduino15/packages/esp32/hardware"
2025-10-27 17:19:02 2025-10-27T11:49:02.317Z daemon INFO time="2025-10-27T17:19:02+05:30" level=info msg="Missing signature file" index=/home/kamal/.arduino15/packages/esp32/hardware/esp32/3.3.2/installed.json
2025-10-27 17:19:02 2025-10-27T11:49:02.479Z daemon INFO time="2025-10-27T17:19:02+05:30" level=info msg="Adding monitor tool" protocol=serial tool="builtin:serial-monitor"
time="2025-10-27T17:19:02+05:30" level=info msg="Loaded platform" platform="esp32:esp32@3.3.2"
time="2025-10-27T17:19:02+05:30" level=info msg="Checking existence of 'tools' path: /home/kamal/.arduino15/packages/esp32/tools"
2025-10-27 17:19:02 2025-10-27T11:49:02.479Z daemon INFO time="2025-10-27T17:19:02+05:30" level=info msg="Loading tools from dir: /home/kamal/.arduino15/packages/esp32/tools"
time="2025-10-27T17:19:02+05:30" level=info msg="Loaded tool" tool="esp32:esp-rv32@2507"
time="2025-10-27T17:19:02+05:30" level=info msg="Loaded tool" tool="esp32:esp-x32@2507"
time="2025-10-27T17:19:02+05:30" level=info msg="Loaded tool" tool="esp32:esp32-arduino-libs@idf-release_v5.5-07e9bf49-v1"
time="2025-10-27T17:19:02+05:30" level=info msg="Loaded tool" tool="esp32:esptool_py@5.1.0"
time="2025-10-27T17:19:02+05:30" level=info msg="Loaded tool" tool="esp32:mklittlefs@4.0.2-db0513a"
time="2025-10-27T17:19:02+05:30" level=info msg="Loaded tool" tool="esp32:mkspiffs@0.2.3"
time="2025-10-27T17:19:02+05:30" level=info msg="Loaded tool" tool="esp32:openocd-esp32@v0.12.0-esp32-20250707"
time="2025-10-27T17:19:02+05:30" level=info msg="Loaded tool" tool="esp32:riscv32-esp-elf-gdb@16.3_20250913"
2025-10-27 17:19:02 2025-10-27T11:49:02.479Z daemon INFO time="2025-10-27T17:19:02+05:30" level=info msg="Loaded tool" tool="esp32:xtensa-esp-elf-gdb@16.3_20250913"
2025-10-27 17:19:02 2025-10-27T11:49:02.483Z daemon INFO time="2025-10-27T17:19:02+05:30" level=info msg="Adding libraries dir" dir=/home/kamal/.arduino15/packages/arduino/hardware/avr/1.8.6/libraries isSingleLibrary=false location=platform
2025-10-27 17:19:02 2025-10-27T11:49:02.484Z daemon INFO time="2025-10-27T17:19:02+05:30" level=info msg="Adding libraries dir" dir=/home/kamal/.arduino15/packages/esp32/hardware/esp32/3.3.2/libraries isSingleLibrary=false location=platform
time="2025-10-27T17:19:02+05:30" level=info msg="Loading libraries index file" index=/home/kamal/.arduino15/library_index.json
2025-10-27 17:19:02 2025-10-27T11:49:02.776Z daemon INFO time="2025-10-27T17:19:02+05:30" level=info msg="Adding libraries dir" dir=/home/kamal/.arduino15/libraries isSingleLibrary=false location=ide
time="2025-10-27T17:19:02+05:30" level=info msg="Adding libraries dir" dir=/home/kamal/Arduino/libraries isSingleLibrary=false location=user
2025-10-27 17:19:02 2025-10-27T11:49:02.818Z discovery-log INFO start resolved watching
2025-10-27 17:19:03 2025-10-27T11:49:03.104Z root INFO Deploy plugins list: 1292.4 ms [Finished 2.299 s after backend start]
2025-10-27 17:19:03 2025-10-27T11:49:03.524Z root INFO creating connection for 1
2025-10-27 17:19:03 isTempSketch: false. Input was /home/kamal/Arduino/led/led.ino
2025-10-27 17:19:03 Marking workspace as a closed sketch. Workspace URI: file:///home/kamal/Arduino/led/led.ino. Date: 1761565743809.
2025-10-27 17:19:04 Storing the sketch as a workspace root: </home/kamal/Arduino/led/led.ino>.
2025-10-27 17:19:04 Stored workspaces roots: /home/kamal/Arduino/led/led.ino
2025-10-27 17:19:04 No sketches were scheduled for deletion.
