--------------------------------------------------------------------------------
[Oct 07, 2025 4:39:03.6 AM GMT:ERROR:creative_new_tab_page_ads_util.cc(123)] Successfully saved creative new tab page ads
[Oct 07, 2025 4:39:03.6 AM GMT:ERROR:creative_new_tab_page_ads_util.cc(108)] Successfully saved creative set conversions
[Oct 07, 2025 4:39:03.6 AM GMT:ERROR:creative_new_tab_page_ads_util.cc(123)] Successfully saved creative new tab page ads
[Oct 07, 2025 4:39:03.6 AM GMT:ERROR:creative_new_tab_page_ads_util.cc(108)] Successfully saved creative set conversions
--------------------------------------------------------------------------------
[Oct 15, 2025 5:21:07.5 AM GMT:ERROR:creative_new_tab_page_ads_util.cc(123)] Successfully saved creative new tab page ads
[Oct 15, 2025 5:21:07.5 AM GMT:ERROR:creative_new_tab_page_ads_util.cc(108)] Successfully saved creative set conversions
--------------------------------------------------------------------------------
[Oct 15, 2025 5:27:28.3 AM GMT:ERROR:creative_new_tab_page_ads_util.cc(123)] Successfully saved creative new tab page ads
[Oct 15, 2025 5:27:28.3 AM GMT:ERROR:creative_new_tab_page_ads_util.cc(108)] Successfully saved creative set conversions
[Oct 15, 2025 5:28:06.1 AM GMT:ERROR:creative_new_tab_page_ads_util.cc(123)] Successfully saved creative new tab page ads
[Oct 15, 2025 5:28:06.1 AM GMT:ERROR:creative_new_tab_page_ads_util.cc(108)] Successfully saved creative set conversions
--------------------------------------------------------------------------------
[Oct 15, 2025 6:26:01.9 AM GMT:ERROR:creative_new_tab_page_ads_util.cc(123)] Successfully saved creative new tab page ads
[Oct 15, 2025 6:26:01.9 AM GMT:ERROR:creative_new_tab_page_ads_util.cc(108)] Successfully saved creative set conversions
--------------------------------------------------------------------------------
[Oct 15, 2025 10:20:37.9 AM GMT:ERROR:creative_new_tab_page_ads_util.cc(123)] Successfully saved creative new tab page ads
[Oct 15, 2025 10:20:37.9 AM GMT:ERROR:creative_new_tab_page_ads_util.cc(108)] Successfully saved creative set conversions
--------------------------------------------------------------------------------
[Oct 15, 2025 10:20:52.4 AM GMT:ERROR:creative_new_tab_page_ads_util.cc(123)] Successfully saved creative new tab page ads
[Oct 15, 2025 10:20:52.4 AM GMT:ERROR:creative_new_tab_page_ads_util.cc(108)] Successfully saved creative set conversions
--------------------------------------------------------------------------------
[Oct 15, 2025 10:44:20.7 AM GMT:ERROR:creative_new_tab_page_ads_util.cc(123)] Successfully saved creative new tab page ads
[Oct 15, 2025 10:44:20.7 AM GMT:ERROR:creative_new_tab_page_ads_util.cc(108)] Successfully saved creative set conversions
--------------------------------------------------------------------------------
[Oct 15, 2025 10:44:30.9 AM GMT:ERROR:creative_new_tab_page_ads_util.cc(123)] Successfully saved creative new tab page ads
[Oct 15, 2025 10:44:30.9 AM GMT:ERROR:creative_new_tab_page_ads_util.cc(108)] Successfully saved creative set conversions
--------------------------------------------------------------------------------
[Oct 15, 2025 1:39:59.5 PM GMT:ERROR:creative_new_tab_page_ads_util.cc(123)] Successfully saved creative new tab page ads
[Oct 15, 2025 1:39:59.5 PM GMT:ERROR:creative_new_tab_page_ads_util.cc(108)] Successfully saved creative set conversions
--------------------------------------------------------------------------------
[Oct 15, 2025 2:41:19.5 PM GMT:ERROR:creative_new_tab_page_ads_util.cc(123)] Successfully saved creative new tab page ads
[Oct 15, 2025 2:41:19.5 PM GMT:ERROR:creative_new_tab_page_ads_util.cc(108)] Successfully saved creative set conversions
--------------------------------------------------------------------------------
[Oct 15, 2025 2:58:59.0 PM GMT:ERROR:creative_new_tab_page_ads_util.cc(123)] Successfully saved creative new tab page ads
[Oct 15, 2025 2:58:59.0 PM GMT:ERROR:creative_new_tab_page_ads_util.cc(108)] Successfully saved creative set conversions
--------------------------------------------------------------------------------
[Oct 16, 2025 5:27:16.0 AM GMT:ERROR:creative_new_tab_page_ads_util.cc(123)] Successfully saved creative new tab page ads
[Oct 16, 2025 5:27:16.0 AM GMT:ERROR:creative_new_tab_page_ads_util.cc(108)] Successfully saved creative set conversions
--------------------------------------------------------------------------------
[Oct 16, 2025 5:43:35.6 AM GMT:ERROR:creative_new_tab_page_ads_util.cc(123)] Successfully saved creative new tab page ads
[Oct 16, 2025 5:43:35.6 AM GMT:ERROR:creative_new_tab_page_ads_util.cc(108)] Successfully saved creative set conversions
[Oct 16, 2025 5:44:56.1 AM GMT:ERROR:creative_new_tab_page_ads_util.cc(123)] Successfully saved creative new tab page ads
[Oct 16, 2025 5:44:56.1 AM GMT:ERROR:creative_new_tab_page_ads_util.cc(108)] Successfully saved creative set conversions
--------------------------------------------------------------------------------
[Oct 16, 2025 10:34:54.9 AM GMT:ERROR:creative_new_tab_page_ads_util.cc(123)] Successfully saved creative new tab page ads
[Oct 16, 2025 10:34:54.9 AM GMT:ERROR:creative_new_tab_page_ads_util.cc(108)] Successfully saved creative set conversions
--------------------------------------------------------------------------------
[Oct 17, 2025 7:11:03.6 AM GMT:ERROR:creative_new_tab_page_ads_util.cc(123)] Successfully saved creative new tab page ads
[Oct 17, 2025 7:11:03.6 AM GMT:ERROR:creative_new_tab_page_ads_util.cc(108)] Successfully saved creative set conversions
[Oct 17, 2025 7:14:42.9 AM GMT:ERROR:creative_new_tab_page_ads_util.cc(123)] Successfully saved creative new tab page ads
[Oct 17, 2025 7:14:42.9 AM GMT:ERROR:creative_new_tab_page_ads_util.cc(108)] Successfully saved creative set conversions
--------------------------------------------------------------------------------
[Oct 17, 2025 7:45:24.1 AM GMT:ERROR:creative_new_tab_page_ads_util.cc(123)] Successfully saved creative new tab page ads
[Oct 17, 2025 7:45:24.1 AM GMT:ERROR:creative_new_tab_page_ads_util.cc(108)] Successfully saved creative set conversions
[Oct 17, 2025 9:48:27.1 AM GMT:ERROR:conversion_resource.cc(68)] Failed to load and parse nnqccijfhvzwyrxpxwjrpmynaiazctqb conversion resource
[Oct 17, 2025 9:48:27.1 AM GMT:ERROR:conversion_resource.cc(68)] Failed to load and parse nnqccijfhvzwyrxpxwjrpmynaiazctqb conversion resource
--------------------------------------------------------------------------------
[Oct 17, 2025 9:59:54.9 AM GMT:ERROR:creative_new_tab_page_ads_util.cc(123)] Successfully saved creative new tab page ads
[Oct 17, 2025 9:59:54.9 AM GMT:ERROR:creative_new_tab_page_ads_util.cc(108)] Successfully saved creative set conversions
[Oct 17, 2025 9:59:55.0 AM GMT:ERROR:conversion_resource.cc(68)] Failed to load and parse nnqccijfhvzwyrxpxwjrpmynaiazctqb conversion resource
--------------------------------------------------------------------------------
[Oct 17, 2025 3:44:34.0 PM GMT:ERROR:creative_new_tab_page_ads_util.cc(123)] Successfully saved creative new tab page ads
[Oct 17, 2025 3:44:34.0 PM GMT:ERROR:creative_new_tab_page_ads_util.cc(108)] Successfully saved creative set conversions
[Oct 17, 2025 3:44:34.0 PM GMT:ERROR:conversion_resource.cc(68)] Failed to load and parse nnqccijfhvzwyrxpxwjrpmynaiazctqb conversion resource
--------------------------------------------------------------------------------
[Oct 17, 2025 4:32:45.5 PM GMT:ERROR:creative_new_tab_page_ads_util.cc(123)] Successfully saved creative new tab page ads
[Oct 17, 2025 4:32:45.5 PM GMT:ERROR:creative_new_tab_page_ads_util.cc(108)] Successfully saved creative set conversions
[Oct 17, 2025 4:32:45.5 PM GMT:ERROR:conversion_resource.cc(68)] Failed to load and parse nnqccijfhvzwyrxpxwjrpmynaiazctqb conversion resource
--------------------------------------------------------------------------------
[Oct 17, 2025 4:32:59.1 PM GMT:ERROR:creative_new_tab_page_ads_util.cc(123)] Successfully saved creative new tab page ads
[Oct 17, 2025 4:32:59.1 PM GMT:ERROR:creative_new_tab_page_ads_util.cc(108)] Successfully saved creative set conversions
[Oct 17, 2025 4:32:59.1 PM GMT:ERROR:conversion_resource.cc(68)] Failed to load and parse nnqccijfhvzwyrxpxwjrpmynaiazctqb conversion resource
--------------------------------------------------------------------------------
[Oct 17, 2025 4:33:07.8 PM GMT:ERROR:creative_new_tab_page_ads_util.cc(123)] Successfully saved creative new tab page ads
[Oct 17, 2025 4:33:07.8 PM GMT:ERROR:creative_new_tab_page_ads_util.cc(108)] Successfully saved creative set conversions
[Oct 17, 2025 4:33:07.8 PM GMT:ERROR:conversion_resource.cc(68)] Failed to load and parse nnqccijfhvzwyrxpxwjrpmynaiazctqb conversion resource
[Oct 17, 2025 4:35:14.6 PM GMT:ERROR:url_loader.cc(131)] Network error: net::ERR_NAME_NOT_RESOLVED
[Oct 17, 2025 4:35:14.6 PM GMT:ERROR:get_parameters.cc(124)] Unexpected status code! (HTTP -1)
--------------------------------------------------------------------------------
[Oct 17, 2025 4:53:18.0 PM GMT:ERROR:creative_new_tab_page_ads_util.cc(123)] Successfully saved creative new tab page ads
[Oct 17, 2025 4:53:18.0 PM GMT:ERROR:creative_new_tab_page_ads_util.cc(108)] Successfully saved creative set conversions
[Oct 17, 2025 4:53:18.0 PM GMT:ERROR:conversion_resource.cc(68)] Failed to load and parse nnqccijfhvzwyrxpxwjrpmynaiazctqb conversion resource
--------------------------------------------------------------------------------
[Oct 17, 2025 5:01:17.0 PM GMT:ERROR:creative_new_tab_page_ads_util.cc(123)] Successfully saved creative new tab page ads
[Oct 17, 2025 5:01:17.0 PM GMT:ERROR:creative_new_tab_page_ads_util.cc(108)] Successfully saved creative set conversions
[Oct 17, 2025 5:01:17.0 PM GMT:ERROR:conversion_resource.cc(68)] Failed to load and parse nnqccijfhvzwyrxpxwjrpmynaiazctqb conversion resource
--------------------------------------------------------------------------------
[Oct 17, 2025 5:20:02.1 PM GMT:ERROR:creative_new_tab_page_ads_util.cc(123)] Successfully saved creative new tab page ads
[Oct 17, 2025 5:20:02.1 PM GMT:ERROR:creative_new_tab_page_ads_util.cc(108)] Successfully saved creative set conversions
[Oct 17, 2025 5:20:02.1 PM GMT:ERROR:conversion_resource.cc(68)] Failed to load and parse nnqccijfhvzwyrxpxwjrpmynaiazctqb conversion resource
--------------------------------------------------------------------------------
[Oct 17, 2025 5:25:13.4 PM GMT:ERROR:creative_new_tab_page_ads_util.cc(123)] Successfully saved creative new tab page ads
[Oct 17, 2025 5:25:13.4 PM GMT:ERROR:creative_new_tab_page_ads_util.cc(108)] Successfully saved creative set conversions
[Oct 17, 2025 5:25:13.4 PM GMT:ERROR:conversion_resource.cc(68)] Failed to load and parse nnqccijfhvzwyrxpxwjrpmynaiazctqb conversion resource
--------------------------------------------------------------------------------
[Oct 17, 2025 6:16:07.8 PM GMT:ERROR:creative_new_tab_page_ads_util.cc(123)] Successfully saved creative new tab page ads
[Oct 17, 2025 6:16:07.8 PM GMT:ERROR:creative_new_tab_page_ads_util.cc(108)] Successfully saved creative set conversions
[Oct 17, 2025 6:16:07.8 PM GMT:ERROR:conversion_resource.cc(68)] Failed to load and parse nnqccijfhvzwyrxpxwjrpmynaiazctqb conversion resource
--------------------------------------------------------------------------------
[Oct 17, 2025 6:18:22.3 PM GMT:ERROR:creative_new_tab_page_ads_util.cc(123)] Successfully saved creative new tab page ads
[Oct 17, 2025 6:18:22.3 PM GMT:ERROR:creative_new_tab_page_ads_util.cc(108)] Successfully saved creative set conversions
[Oct 17, 2025 6:18:22.3 PM GMT:ERROR:conversion_resource.cc(68)] Failed to load and parse nnqccijfhvzwyrxpxwjrpmynaiazctqb conversion resource
--------------------------------------------------------------------------------
[Oct 17, 2025 6:45:41.9 PM GMT:ERROR:creative_new_tab_page_ads_util.cc(123)] Successfully saved creative new tab page ads
[Oct 17, 2025 6:45:41.9 PM GMT:ERROR:creative_new_tab_page_ads_util.cc(108)] Successfully saved creative set conversions
[Oct 17, 2025 6:45:41.9 PM GMT:ERROR:conversion_resource.cc(68)] Failed to load and parse nnqccijfhvzwyrxpxwjrpmynaiazctqb conversion resource
--------------------------------------------------------------------------------
[Oct 23, 2025 4:42:29.8 AM GMT:ERROR:creative_new_tab_page_ads_util.cc(123)] Successfully saved creative new tab page ads
[Oct 23, 2025 4:42:29.8 AM GMT:ERROR:creative_new_tab_page_ads_util.cc(108)] Successfully saved creative set conversions
[Oct 23, 2025 4:42:29.8 AM GMT:ERROR:conversion_resource.cc(68)] Failed to load and parse nnqccijfhvzwyrxpxwjrpmynaiazctqb conversion resource
[Oct 23, 2025 4:42:38.8 AM GMT:ERROR:creative_new_tab_page_ads_util.cc(123)] Successfully saved creative new tab page ads
[Oct 23, 2025 4:42:38.8 AM GMT:ERROR:creative_new_tab_page_ads_util.cc(108)] Successfully saved creative set conversions
--------------------------------------------------------------------------------
[Oct 23, 2025 4:53:11.2 AM GMT:ERROR:creative_new_tab_page_ads_util.cc(123)] Successfully saved creative new tab page ads
[Oct 23, 2025 4:53:11.2 AM GMT:ERROR:creative_new_tab_page_ads_util.cc(108)] Successfully saved creative set conversions
[Oct 23, 2025 4:53:11.2 AM GMT:ERROR:conversion_resource.cc(68)] Failed to load and parse nnqccijfhvzwyrxpxwjrpmynaiazctqb conversion resource
--------------------------------------------------------------------------------
[Oct 23, 2025 8:18:48.7 AM GMT:ERROR:creative_new_tab_page_ads_util.cc(123)] Successfully saved creative new tab page ads
[Oct 23, 2025 8:18:48.7 AM GMT:ERROR:creative_new_tab_page_ads_util.cc(108)] Successfully saved creative set conversions
[Oct 23, 2025 8:18:48.7 AM GMT:ERROR:conversion_resource.cc(68)] Failed to load and parse nnqccijfhvzwyrxpxwjrpmynaiazctqb conversion resource
--------------------------------------------------------------------------------
[Oct 23, 2025 2:06:42.9 PM GMT:ERROR:url_loader.cc(131)] Network error: net::ERR_INTERNET_DISCONNECTED
[Oct 23, 2025 2:06:42.9 PM GMT:ERROR:get_parameters.cc(124)] Unexpected status code! (HTTP -1)
[Oct 23, 2025 2:06:42.9 PM GMT:ERROR:url_loader.cc(131)] Network error: net::ERR_INTERNET_DISCONNECTED
[Oct 23, 2025 2:06:42.9 PM GMT:ERROR:get_wallet.cc(88)] Unexpected status code! (HTTP -1)
[Oct 23, 2025 2:06:43.0 PM GMT:ERROR:creative_new_tab_page_ads_util.cc(123)] Successfully saved creative new tab page ads
[Oct 23, 2025 2:06:43.0 PM GMT:ERROR:creative_new_tab_page_ads_util.cc(108)] Successfully saved creative set conversions
[Oct 23, 2025 2:06:43.0 PM GMT:ERROR:catalog_url_request.cc(144)] Failed to fetch catalog
[Oct 23, 2025 2:06:43.0 PM GMT:ERROR:subdivision_url_request.cc(128)] Failed to fetch subdivision
[Oct 23, 2025 2:06:43.0 PM GMT:ERROR:conversion_resource.cc(68)] Failed to load and parse nnqccijfhvzwyrxpxwjrpmynaiazctqb conversion resource
--------------------------------------------------------------------------------
[Oct 23, 2025 2:06:45.8 PM GMT:ERROR:url_loader.cc(131)] Network error: net::ERR_INTERNET_DISCONNECTED
[Oct 23, 2025 2:06:45.8 PM GMT:ERROR:get_parameters.cc(124)] Unexpected status code! (HTTP -1)
[Oct 23, 2025 2:06:45.8 PM GMT:ERROR:url_loader.cc(131)] Network error: net::ERR_INTERNET_DISCONNECTED
[Oct 23, 2025 2:06:45.8 PM GMT:ERROR:get_wallet.cc(88)] Unexpected status code! (HTTP -1)
[Oct 23, 2025 2:06:45.9 PM GMT:ERROR:creative_new_tab_page_ads_util.cc(123)] Successfully saved creative new tab page ads
[Oct 23, 2025 2:06:45.9 PM GMT:ERROR:creative_new_tab_page_ads_util.cc(108)] Successfully saved creative set conversions
[Oct 23, 2025 2:06:45.9 PM GMT:ERROR:conversion_resource.cc(68)] Failed to load and parse nnqccijfhvzwyrxpxwjrpmynaiazctqb conversion resource
[Oct 23, 2025 2:06:45.9 PM GMT:ERROR:catalog_url_request.cc(144)] Failed to fetch catalog
[Oct 23, 2025 2:06:45.9 PM GMT:ERROR:subdivision_url_request.cc(128)] Failed to fetch subdivision
--------------------------------------------------------------------------------
[Oct 23, 2025 2:09:58.5 PM GMT:ERROR:creative_new_tab_page_ads_util.cc(123)] Successfully saved creative new tab page ads
[Oct 23, 2025 2:09:58.5 PM GMT:ERROR:creative_new_tab_page_ads_util.cc(108)] Successfully saved creative set conversions
[Oct 23, 2025 2:09:58.6 PM GMT:ERROR:conversion_resource.cc(68)] Failed to load and parse nnqccijfhvzwyrxpxwjrpmynaiazctqb conversion resource
--------------------------------------------------------------------------------
[Oct 24, 2025 5:36:04.3 AM GMT:ERROR:creative_new_tab_page_ads_util.cc(123)] Successfully saved creative new tab page ads
[Oct 24, 2025 5:36:04.3 AM GMT:ERROR:creative_new_tab_page_ads_util.cc(108)] Successfully saved creative set conversions
[Oct 24, 2025 5:36:04.3 AM GMT:ERROR:conversion_resource.cc(68)] Failed to load and parse nnqccijfhvzwyrxpxwjrpmynaiazctqb conversion resource
--------------------------------------------------------------------------------
[Oct 24, 2025 6:21:51.3 AM GMT:ERROR:url_loader.cc(131)] Network error: net::ERR_INTERNET_DISCONNECTED
[Oct 24, 2025 6:21:51.3 AM GMT:ERROR:get_parameters.cc(124)] Unexpected status code! (HTTP -1)
[Oct 24, 2025 6:21:51.3 AM GMT:ERROR:url_loader.cc(131)] Network error: net::ERR_INTERNET_DISCONNECTED
[Oct 24, 2025 6:21:51.3 AM GMT:ERROR:get_wallet.cc(88)] Unexpected status code! (HTTP -1)
[Oct 24, 2025 6:21:51.3 AM GMT:ERROR:creative_new_tab_page_ads_util.cc(123)] Successfully saved creative new tab page ads
[Oct 24, 2025 6:21:51.3 AM GMT:ERROR:creative_new_tab_page_ads_util.cc(108)] Successfully saved creative set conversions
[Oct 24, 2025 6:21:51.3 AM GMT:ERROR:catalog_url_request.cc(144)] Failed to fetch catalog
[Oct 24, 2025 6:21:51.3 AM GMT:ERROR:subdivision_url_request.cc(128)] Failed to fetch subdivision
[Oct 24, 2025 6:21:51.3 AM GMT:ERROR:conversion_resource.cc(68)] Failed to load and parse nnqccijfhvzwyrxpxwjrpmynaiazctqb conversion resource
--------------------------------------------------------------------------------
[Oct 24, 2025 7:19:49.1 AM GMT:ERROR:creative_new_tab_page_ads_util.cc(123)] Successfully saved creative new tab page ads
[Oct 24, 2025 7:19:49.1 AM GMT:ERROR:creative_new_tab_page_ads_util.cc(108)] Successfully saved creative set conversions
[Oct 24, 2025 7:19:49.1 AM GMT:ERROR:conversion_resource.cc(68)] Failed to load and parse nnqccijfhvzwyrxpxwjrpmynaiazctqb conversion resource
[Oct 24, 2025 7:20:17.1 AM GMT:ERROR:creative_new_tab_page_ads_util.cc(123)] Successfully saved creative new tab page ads
[Oct 24, 2025 7:20:17.1 AM GMT:ERROR:creative_new_tab_page_ads_util.cc(108)] Successfully saved creative set conversions
--------------------------------------------------------------------------------
[Oct 24, 2025 9:48:26.6 AM GMT:ERROR:creative_new_tab_page_ads_util.cc(123)] Successfully saved creative new tab page ads
[Oct 24, 2025 9:48:26.6 AM GMT:ERROR:creative_new_tab_page_ads_util.cc(108)] Successfully saved creative set conversions
[Oct 24, 2025 9:48:26.6 AM GMT:ERROR:conversion_resource.cc(68)] Failed to load and parse nnqccijfhvzwyrxpxwjrpmynaiazctqb conversion resource
--------------------------------------------------------------------------------
[Oct 24, 2025 1:33:28.8 PM GMT:ERROR:creative_new_tab_page_ads_util.cc(123)] Successfully saved creative new tab page ads
[Oct 24, 2025 1:33:28.8 PM GMT:ERROR:creative_new_tab_page_ads_util.cc(108)] Successfully saved creative set conversions
[Oct 24, 2025 1:33:28.8 PM GMT:ERROR:conversion_resource.cc(68)] Failed to load and parse nnqccijfhvzwyrxpxwjrpmynaiazctqb conversion resource
--------------------------------------------------------------------------------
[Oct 25, 2025 4:15:45.3 AM GMT:ERROR:creative_new_tab_page_ads_util.cc(123)] Successfully saved creative new tab page ads
[Oct 25, 2025 4:15:45.3 AM GMT:ERROR:creative_new_tab_page_ads_util.cc(108)] Successfully saved creative set conversions
[Oct 25, 2025 4:15:45.3 AM GMT:ERROR:conversion_resource.cc(68)] Failed to load and parse nnqccijfhvzwyrxpxwjrpmynaiazctqb conversion resource
[Oct 25, 2025 4:16:39.6 AM GMT:ERROR:creative_new_tab_page_ads_util.cc(123)] Successfully saved creative new tab page ads
[Oct 25, 2025 4:16:39.6 AM GMT:ERROR:creative_new_tab_page_ads_util.cc(108)] Successfully saved creative set conversions
[Oct 25, 2025 4:42:28.0 AM GMT:ERROR:redeem_non_reward_confirmation.cc(116)] Failed to redeem non-reward kDismissed confirmation for kNotificationAd with transaction id 6047b61c-84ed-4e9e-be5d-2d4403fd7783 and creative instance id 3150a5d7-4131-4881-af38-9485856b888f
[Oct 25, 2025 4:42:28.0 AM GMT:ERROR:confirmations.cc(104)] Failed to process kDismissed confirmation for kNotificationAd with transaction id 6047b61c-84ed-4e9e-be5d-2d4403fd7783 and creative instance id 3150a5d7-4131-4881-af38-9485856b888f
[Oct 25, 2025 4:42:42.8 AM GMT:ERROR:redeem_non_reward_confirmation.cc(116)] Failed to redeem non-reward kDismissed confirmation for kNotificationAd with transaction id 6047b61c-84ed-4e9e-be5d-2d4403fd7783 and creative instance id 3150a5d7-4131-4881-af38-9485856b888f
[Oct 25, 2025 4:42:42.8 AM GMT:ERROR:confirmations.cc(104)] Failed to process kDismissed confirmation for kNotificationAd with transaction id 6047b61c-84ed-4e9e-be5d-2d4403fd7783 and creative instance id 3150a5d7-4131-4881-af38-9485856b888f
[Oct 25, 2025 4:43:26.9 AM GMT:ERROR:redeem_non_reward_confirmation.cc(116)] Failed to redeem non-reward kDismissed confirmation for kNotificationAd with transaction id 6047b61c-84ed-4e9e-be5d-2d4403fd7783 and creative instance id 3150a5d7-4131-4881-af38-9485856b888f
[Oct 25, 2025 4:43:26.9 AM GMT:ERROR:confirmations.cc(104)] Failed to process kDismissed confirmation for kNotificationAd with transaction id 6047b61c-84ed-4e9e-be5d-2d4403fd7783 and creative instance id 3150a5d7-4131-4881-af38-9485856b888f
[Oct 25, 2025 4:43:57.1 AM GMT:ERROR:redeem_non_reward_confirmation.cc(116)] Failed to redeem non-reward kDismissed confirmation for kNotificationAd with transaction id 6047b61c-84ed-4e9e-be5d-2d4403fd7783 and creative instance id 3150a5d7-4131-4881-af38-9485856b888f
[Oct 25, 2025 4:43:57.1 AM GMT:ERROR:confirmations.cc(104)] Failed to process kDismissed confirmation for kNotificationAd with transaction id 6047b61c-84ed-4e9e-be5d-2d4403fd7783 and creative instance id 3150a5d7-4131-4881-af38-9485856b888f
[Oct 25, 2025 10:20:38.4 AM GMT:ERROR:catalog_url_request.cc(144)] Failed to fetch catalog
--------------------------------------------------------------------------------
[Oct 25, 2025 4:29:22.5 PM GMT:ERROR:creative_new_tab_page_ads_util.cc(123)] Successfully saved creative new tab page ads
[Oct 25, 2025 4:29:22.5 PM GMT:ERROR:creative_new_tab_page_ads_util.cc(108)] Successfully saved creative set conversions
[Oct 25, 2025 4:29:22.5 PM GMT:ERROR:conversion_resource.cc(68)] Failed to load and parse nnqccijfhvzwyrxpxwjrpmynaiazctqb conversion resource
--------------------------------------------------------------------------------
[Oct 26, 2025 4:05:19.1 AM GMT:ERROR:url_loader.cc(131)] Network error: net::ERR_INTERNET_DISCONNECTED
[Oct 26, 2025 4:05:19.1 AM GMT:ERROR:get_parameters.cc(124)] Unexpected status code! (HTTP -1)
[Oct 26, 2025 4:05:19.1 AM GMT:ERROR:url_loader.cc(131)] Network error: net::ERR_INTERNET_DISCONNECTED
[Oct 26, 2025 4:05:19.1 AM GMT:ERROR:get_wallet.cc(88)] Unexpected status code! (HTTP -1)
[Oct 26, 2025 4:05:19.2 AM GMT:ERROR:creative_new_tab_page_ads_util.cc(123)] Successfully saved creative new tab page ads
[Oct 26, 2025 4:05:19.2 AM GMT:ERROR:creative_new_tab_page_ads_util.cc(108)] Successfully saved creative set conversions
[Oct 26, 2025 4:05:19.2 AM GMT:ERROR:catalog_url_request.cc(144)] Failed to fetch catalog
[Oct 26, 2025 4:05:19.2 AM GMT:ERROR:subdivision_url_request.cc(128)] Failed to fetch subdivision
[Oct 26, 2025 4:05:19.2 AM GMT:ERROR:conversion_resource.cc(68)] Failed to load and parse nnqccijfhvzwyrxpxwjrpmynaiazctqb conversion resource
--------------------------------------------------------------------------------
[Oct 26, 2025 4:05:55.7 AM GMT:ERROR:url_loader.cc(131)] Network error: net::ERR_INTERNET_DISCONNECTED
[Oct 26, 2025 4:05:55.7 AM GMT:ERROR:get_parameters.cc(124)] Unexpected status code! (HTTP -1)
[Oct 26, 2025 4:05:55.7 AM GMT:ERROR:url_loader.cc(131)] Network error: net::ERR_INTERNET_DISCONNECTED
[Oct 26, 2025 4:05:55.7 AM GMT:ERROR:get_wallet.cc(88)] Unexpected status code! (HTTP -1)
[Oct 26, 2025 4:05:55.8 AM GMT:ERROR:creative_new_tab_page_ads_util.cc(123)] Successfully saved creative new tab page ads
[Oct 26, 2025 4:05:55.8 AM GMT:ERROR:creative_new_tab_page_ads_util.cc(108)] Successfully saved creative set conversions
[Oct 26, 2025 4:05:55.8 AM GMT:ERROR:catalog_url_request.cc(144)] Failed to fetch catalog
[Oct 26, 2025 4:05:55.8 AM GMT:ERROR:subdivision_url_request.cc(128)] Failed to fetch subdivision
[Oct 26, 2025 4:05:55.8 AM GMT:ERROR:conversion_resource.cc(68)] Failed to load and parse nnqccijfhvzwyrxpxwjrpmynaiazctqb conversion resource
[Oct 26, 2025 4:06:00.8 AM GMT:ERROR:redeem_non_reward_confirmation.cc(116)] Failed to redeem non-reward kViewedImpression confirmation for kNewTabPageAd with transaction id cf0f833e-8ce2-4e6f-90ed-53ad78b96a6b and creative instance id a0ca1e4e-bd45-4c97-9f92-f8e688ed05b1
[Oct 26, 2025 4:06:00.8 AM GMT:ERROR:confirmations.cc(104)] Failed to process kViewedImpression confirmation for kNewTabPageAd with transaction id cf0f833e-8ce2-4e6f-90ed-53ad78b96a6b and creative instance id a0ca1e4e-bd45-4c97-9f92-f8e688ed05b1
[Oct 26, 2025 4:06:05.8 AM GMT:ERROR:redeem_non_reward_confirmation.cc(116)] Failed to redeem non-reward kViewedImpression confirmation for kNewTabPageAd with transaction id 205e8b28-52da-4103-81c4-082deeea359e and creative instance id 01bf56ca-fa7d-4e07-82ea-102e94d9aee2
[Oct 26, 2025 4:06:05.8 AM GMT:ERROR:confirmations.cc(104)] Failed to process kViewedImpression confirmation for kNewTabPageAd with transaction id 205e8b28-52da-4103-81c4-082deeea359e and creative instance id 01bf56ca-fa7d-4e07-82ea-102e94d9aee2
[Oct 26, 2025 4:06:10.8 AM GMT:ERROR:redeem_non_reward_confirmation.cc(116)] Failed to redeem non-reward kViewedImpression confirmation for kNewTabPageAd with transaction id cf0f833e-8ce2-4e6f-90ed-53ad78b96a6b and creative instance id a0ca1e4e-bd45-4c97-9f92-f8e688ed05b1
[Oct 26, 2025 4:06:10.8 AM GMT:ERROR:confirmations.cc(104)] Failed to process kViewedImpression confirmation for kNewTabPageAd with transaction id cf0f833e-8ce2-4e6f-90ed-53ad78b96a6b and creative instance id a0ca1e4e-bd45-4c97-9f92-f8e688ed05b1
[Oct 26, 2025 4:06:24.7 AM GMT:ERROR:redeem_non_reward_confirmation.cc(116)] Failed to redeem non-reward kViewedImpression confirmation for kNewTabPageAd with transaction id 205e8b28-52da-4103-81c4-082deeea359e and creative instance id 01bf56ca-fa7d-4e07-82ea-102e94d9aee2
[Oct 26, 2025 4:06:24.7 AM GMT:ERROR:confirmations.cc(104)] Failed to process kViewedImpression confirmation for kNewTabPageAd with transaction id 205e8b28-52da-4103-81c4-082deeea359e and creative instance id 01bf56ca-fa7d-4e07-82ea-102e94d9aee2
[Oct 26, 2025 4:06:52.8 AM GMT:ERROR:redeem_non_reward_confirmation.cc(116)] Failed to redeem non-reward kViewedImpression confirmation for kNewTabPageAd with transaction id cf0f833e-8ce2-4e6f-90ed-53ad78b96a6b and creative instance id a0ca1e4e-bd45-4c97-9f92-f8e688ed05b1
[Oct 26, 2025 4:06:52.8 AM GMT:ERROR:confirmations.cc(104)] Failed to process kViewedImpression confirmation for kNewTabPageAd with transaction id cf0f833e-8ce2-4e6f-90ed-53ad78b96a6b and creative instance id a0ca1e4e-bd45-4c97-9f92-f8e688ed05b1
[Oct 26, 2025 4:06:57.8 AM GMT:ERROR:redeem_non_reward_confirmation.cc(116)] Failed to redeem non-reward kViewedImpression confirmation for kNewTabPageAd with transaction id 205e8b28-52da-4103-81c4-082deeea359e and creative instance id 01bf56ca-fa7d-4e07-82ea-102e94d9aee2
[Oct 26, 2025 4:06:57.8 AM GMT:ERROR:confirmations.cc(104)] Failed to process kViewedImpression confirmation for kNewTabPageAd with transaction id 205e8b28-52da-4103-81c4-082deeea359e and creative instance id 01bf56ca-fa7d-4e07-82ea-102e94d9aee2
[Oct 26, 2025 4:07:13.3 AM GMT:ERROR:subdivision_url_request.cc(128)] Failed to fetch subdivision
[Oct 26, 2025 4:07:24.9 AM GMT:ERROR:catalog_url_request.cc(144)] Failed to fetch catalog
[Oct 26, 2025 4:07:30.1 AM GMT:ERROR:redeem_non_reward_confirmation.cc(116)] Failed to redeem non-reward kViewedImpression confirmation for kNewTabPageAd with transaction id 205e8b28-52da-4103-81c4-082deeea359e and creative instance id 01bf56ca-fa7d-4e07-82ea-102e94d9aee2
[Oct 26, 2025 4:07:30.1 AM GMT:ERROR:confirmations.cc(104)] Failed to process kViewedImpression confirmation for kNewTabPageAd with transaction id 205e8b28-52da-4103-81c4-082deeea359e and creative instance id 01bf56ca-fa7d-4e07-82ea-102e94d9aee2
[Oct 26, 2025 4:07:51.8 AM GMT:ERROR:redeem_non_reward_confirmation.cc(116)] Failed to redeem non-reward kViewedImpression confirmation for kNewTabPageAd with transaction id cf0f833e-8ce2-4e6f-90ed-53ad78b96a6b and creative instance id a0ca1e4e-bd45-4c97-9f92-f8e688ed05b1
[Oct 26, 2025 4:07:51.8 AM GMT:ERROR:confirmations.cc(104)] Failed to process kViewedImpression confirmation for kNewTabPageAd with transaction id cf0f833e-8ce2-4e6f-90ed-53ad78b96a6b and creative instance id a0ca1e4e-bd45-4c97-9f92-f8e688ed05b1
[Oct 26, 2025 4:08:36.8 AM GMT:ERROR:subdivision_url_request.cc(128)] Failed to fetch subdivision
[Oct 26, 2025 4:08:44.4 AM GMT:ERROR:catalog_url_request.cc(144)] Failed to fetch catalog
--------------------------------------------------------------------------------
[Oct 26, 2025 3:44:44.9 PM GMT:ERROR:creative_new_tab_page_ads_util.cc(123)] Successfully saved creative new tab page ads
[Oct 26, 2025 3:44:44.9 PM GMT:ERROR:creative_new_tab_page_ads_util.cc(108)] Successfully saved creative set conversions
[Oct 26, 2025 3:44:44.9 PM GMT:ERROR:conversion_resource.cc(68)] Failed to load and parse nnqccijfhvzwyrxpxwjrpmynaiazctqb conversion resource
--------------------------------------------------------------------------------
[Oct 26, 2025 5:49:33.1 PM GMT:ERROR:creative_new_tab_page_ads_util.cc(123)] Successfully saved creative new tab page ads
[Oct 26, 2025 5:49:33.1 PM GMT:ERROR:creative_new_tab_page_ads_util.cc(108)] Successfully saved creative set conversions
[Oct 26, 2025 5:49:33.1 PM GMT:ERROR:conversion_resource.cc(68)] Failed to load and parse nnqccijfhvzwyrxpxwjrpmynaiazctqb conversion resource
--------------------------------------------------------------------------------
[Oct 27, 2025 9:19:56.9 AM GMT:ERROR:creative_new_tab_page_ads_util.cc(123)] Successfully saved creative new tab page ads
[Oct 27, 2025 9:19:56.9 AM GMT:ERROR:creative_new_tab_page_ads_util.cc(108)] Successfully saved creative set conversions
[Oct 27, 2025 9:19:56.9 AM GMT:ERROR:conversion_resource.cc(68)] Failed to load and parse nnqccijfhvzwyrxpxwjrpmynaiazctqb conversion resource
[Oct 27, 2025 9:20:29.9 AM GMT:ERROR:subdivision_url_request.cc(128)] Failed to fetch subdivision
[Oct 27, 2025 9:22:06.7 AM GMT:ERROR:creative_new_tab_page_ads_util.cc(123)] Successfully saved creative new tab page ads
[Oct 27, 2025 9:22:06.7 AM GMT:ERROR:creative_new_tab_page_ads_util.cc(108)] Successfully saved creative set conversions
[Oct 27, 2025 9:33:05.0 AM GMT:ERROR:url_loader.cc(131)] Network error: net::ERR_INTERNET_DISCONNECTED
[Oct 27, 2025 9:33:05.0 AM GMT:ERROR:get_publisher.cc(169)] Unexpected HTTP status: -1
[Oct 27, 2025 9:33:05.0 AM GMT:ERROR:url_loader.cc(131)] Network error: net::ERR_INTERNET_DISCONNECTED
[Oct 27, 2025 9:33:05.0 AM GMT:ERROR:get_publisher.cc(169)] Unexpected HTTP status: -1
[Oct 27, 2025 9:33:05.0 AM GMT:ERROR:url_loader.cc(131)] Network error: net::ERR_INTERNET_DISCONNECTED
[Oct 27, 2025 9:33:05.0 AM GMT:ERROR:get_publisher.cc(169)] Unexpected HTTP status: -1
[Oct 27, 2025 9:33:05.0 AM GMT:ERROR:url_loader.cc(131)] Network error: net::ERR_INTERNET_DISCONNECTED
[Oct 27, 2025 9:33:05.0 AM GMT:ERROR:get_publisher.cc(169)] Unexpected HTTP status: -1
[Oct 27, 2025 9:33:05.0 AM GMT:ERROR:url_loader.cc(131)] Network error: net::ERR_INTERNET_DISCONNECTED
[Oct 27, 2025 9:33:05.0 AM GMT:ERROR:get_publisher.cc(169)] Unexpected HTTP status: -1
[Oct 27, 2025 9:33:05.0 AM GMT:ERROR:url_loader.cc(131)] Network error: net::ERR_INTERNET_DISCONNECTED
[Oct 27, 2025 9:33:05.0 AM GMT:ERROR:get_publisher.cc(169)] Unexpected HTTP status: -1
[Oct 27, 2025 9:33:05.0 AM GMT:ERROR:url_loader.cc(131)] Network error: net::ERR_INTERNET_DISCONNECTED
[Oct 27, 2025 9:33:05.0 AM GMT:ERROR:get_publisher.cc(169)] Unexpected HTTP status: -1
[Oct 27, 2025 9:33:05.0 AM GMT:ERROR:url_loader.cc(131)] Network error: net::ERR_INTERNET_DISCONNECTED
[Oct 27, 2025 9:33:05.0 AM GMT:ERROR:get_publisher.cc(169)] Unexpected HTTP status: -1
[Oct 27, 2025 9:33:05.0 AM GMT:ERROR:url_loader.cc(131)] Network error: net::ERR_INTERNET_DISCONNECTED
[Oct 27, 2025 9:33:05.0 AM GMT:ERROR:get_publisher.cc(169)] Unexpected HTTP status: -1
[Oct 27, 2025 9:33:05.0 AM GMT:ERROR:url_loader.cc(131)] Network error: net::ERR_INTERNET_DISCONNECTED
[Oct 27, 2025 9:33:05.0 AM GMT:ERROR:get_publisher.cc(169)] Unexpected HTTP status: -1
[Oct 27, 2025 9:33:05.0 AM GMT:ERROR:url_loader.cc(131)] Network error: net::ERR_INTERNET_DISCONNECTED
[Oct 27, 2025 9:33:05.0 AM GMT:ERROR:get_publisher.cc(169)] Unexpected HTTP status: -1
[Oct 27, 2025 9:33:05.0 AM GMT:ERROR:url_loader.cc(131)] Network error: net::ERR_INTERNET_DISCONNECTED
[Oct 27, 2025 9:33:05.0 AM GMT:ERROR:get_publisher.cc(169)] Unexpected HTTP status: -1
[Oct 27, 2025 9:33:05.1 AM GMT:ERROR:url_loader.cc(131)] Network error: net::ERR_INTERNET_DISCONNECTED
[Oct 27, 2025 9:33:05.1 AM GMT:ERROR:get_publisher.cc(169)] Unexpected HTTP status: -1
[Oct 27, 2025 9:33:05.1 AM GMT:ERROR:url_loader.cc(131)] Network error: net::ERR_INTERNET_DISCONNECTED
[Oct 27, 2025 9:33:05.1 AM GMT:ERROR:get_publisher.cc(169)] Unexpected HTTP status: -1
[Oct 27, 2025 9:33:05.1 AM GMT:ERROR:url_loader.cc(131)] Network error: net::ERR_INTERNET_DISCONNECTED
[Oct 27, 2025 9:33:05.1 AM GMT:ERROR:get_publisher.cc(169)] Unexpected HTTP status: -1
[Oct 27, 2025 9:33:05.1 AM GMT:ERROR:url_loader.cc(131)] Network error: net::ERR_INTERNET_DISCONNECTED
[Oct 27, 2025 9:33:05.1 AM GMT:ERROR:get_publisher.cc(169)] Unexpected HTTP status: -1
[Oct 27, 2025 9:33:05.1 AM GMT:ERROR:url_loader.cc(131)] Network error: net::ERR_INTERNET_DISCONNECTED
[Oct 27, 2025 9:33:05.1 AM GMT:ERROR:get_publisher.cc(169)] Unexpected HTTP status: -1
[Oct 27, 2025 9:33:05.1 AM GMT:ERROR:url_loader.cc(131)] Network error: net::ERR_INTERNET_DISCONNECTED
[Oct 27, 2025 9:33:05.1 AM GMT:ERROR:get_publisher.cc(169)] Unexpected HTTP status: -1
[Oct 27, 2025 9:33:05.1 AM GMT:ERROR:url_loader.cc(131)] Network error: net::ERR_INTERNET_DISCONNECTED
[Oct 27, 2025 9:33:05.1 AM GMT:ERROR:get_publisher.cc(169)] Unexpected HTTP status: -1
[Oct 27, 2025 9:33:05.1 AM GMT:ERROR:url_loader.cc(131)] Network error: net::ERR_INTERNET_DISCONNECTED
[Oct 27, 2025 9:33:05.1 AM GMT:ERROR:get_publisher.cc(169)] Unexpected HTTP status: -1
[Oct 27, 2025 9:33:05.1 AM GMT:ERROR:url_loader.cc(131)] Network error: net::ERR_INTERNET_DISCONNECTED
[Oct 27, 2025 9:33:05.1 AM GMT:ERROR:get_publisher.cc(169)] Unexpected HTTP status: -1
[Oct 27, 2025 9:33:05.1 AM GMT:ERROR:url_loader.cc(131)] Network error: net::ERR_INTERNET_DISCONNECTED
[Oct 27, 2025 9:33:05.1 AM GMT:ERROR:get_publisher.cc(169)] Unexpected HTTP status: -1
[Oct 27, 2025 9:33:05.1 AM GMT:ERROR:url_loader.cc(131)] Network error: net::ERR_INTERNET_DISCONNECTED
[Oct 27, 2025 9:33:05.1 AM GMT:ERROR:get_publisher.cc(169)] Unexpected HTTP status: -1
[Oct 27, 2025 9:33:05.1 AM GMT:ERROR:url_loader.cc(131)] Network error: net::ERR_INTERNET_DISCONNECTED
[Oct 27, 2025 9:33:05.1 AM GMT:ERROR:get_publisher.cc(169)] Unexpected HTTP status: -1
[Oct 27, 2025 9:33:05.1 AM GMT:ERROR:url_loader.cc(131)] Network error: net::ERR_INTERNET_DISCONNECTED
[Oct 27, 2025 9:33:05.1 AM GMT:ERROR:get_publisher.cc(169)] Unexpected HTTP status: -1
[Oct 27, 2025 9:33:05.1 AM GMT:ERROR:url_loader.cc(131)] Network error: net::ERR_INTERNET_DISCONNECTED
[Oct 27, 2025 9:33:05.1 AM GMT:ERROR:get_publisher.cc(169)] Unexpected HTTP status: -1
[Oct 27, 2025 9:33:05.1 AM GMT:ERROR:url_loader.cc(131)] Network error: net::ERR_INTERNET_DISCONNECTED
[Oct 27, 2025 9:33:05.1 AM GMT:ERROR:get_publisher.cc(169)] Unexpected HTTP status: -1
[Oct 27, 2025 9:33:05.1 AM GMT:ERROR:url_loader.cc(131)] Network error: net::ERR_INTERNET_DISCONNECTED
[Oct 27, 2025 9:33:05.1 AM GMT:ERROR:get_publisher.cc(169)] Unexpected HTTP status: -1
[Oct 27, 2025 9:33:05.1 AM GMT:ERROR:url_loader.cc(131)] Network error: net::ERR_INTERNET_DISCONNECTED
[Oct 27, 2025 9:33:05.1 AM GMT:ERROR:get_publisher.cc(169)] Unexpected HTTP status: -1
[Oct 27, 2025 9:33:05.1 AM GMT:ERROR:url_loader.cc(131)] Network error: net::ERR_INTERNET_DISCONNECTED
[Oct 27, 2025 9:33:05.1 AM GMT:ERROR:get_publisher.cc(169)] Unexpected HTTP status: -1
[Oct 27, 2025 9:33:05.1 AM GMT:ERROR:url_loader.cc(131)] Network error: net::ERR_INTERNET_DISCONNECTED
[Oct 27, 2025 9:33:05.1 AM GMT:ERROR:get_publisher.cc(169)] Unexpected HTTP status: -1
[Oct 27, 2025 9:33:05.1 AM GMT:ERROR:url_loader.cc(131)] Network error: net::ERR_INTERNET_DISCONNECTED
[Oct 27, 2025 9:33:05.1 AM GMT:ERROR:get_publisher.cc(169)] Unexpected HTTP status: -1
[Oct 27, 2025 9:33:05.1 AM GMT:ERROR:url_loader.cc(131)] Network error: net::ERR_INTERNET_DISCONNECTED
[Oct 27, 2025 9:33:05.1 AM GMT:ERROR:get_publisher.cc(169)] Unexpected HTTP status: -1
[Oct 27, 2025 9:33:05.1 AM GMT:ERROR:url_loader.cc(131)] Network error: net::ERR_INTERNET_DISCONNECTED
[Oct 27, 2025 9:33:05.1 AM GMT:ERROR:get_publisher.cc(169)] Unexpected HTTP status: -1
[Oct 27, 2025 9:33:05.1 AM GMT:ERROR:url_loader.cc(131)] Network error: net::ERR_INTERNET_DISCONNECTED
[Oct 27, 2025 9:33:05.1 AM GMT:ERROR:get_publisher.cc(169)] Unexpected HTTP status: -1
[Oct 27, 2025 9:33:05.1 AM GMT:ERROR:url_loader.cc(131)] Network error: net::ERR_INTERNET_DISCONNECTED
[Oct 27, 2025 9:33:05.1 AM GMT:ERROR:get_publisher.cc(169)] Unexpected HTTP status: -1
[Oct 27, 2025 9:33:05.1 AM GMT:ERROR:url_loader.cc(131)] Network error: net::ERR_INTERNET_DISCONNECTED
[Oct 27, 2025 9:33:05.1 AM GMT:ERROR:get_publisher.cc(169)] Unexpected HTTP status: -1
[Oct 27, 2025 9:33:05.1 AM GMT:ERROR:url_loader.cc(131)] Network error: net::ERR_INTERNET_DISCONNECTED
[Oct 27, 2025 9:33:05.1 AM GMT:ERROR:get_publisher.cc(169)] Unexpected HTTP status: -1
[Oct 27, 2025 9:33:05.1 AM GMT:ERROR:url_loader.cc(131)] Network error: net::ERR_INTERNET_DISCONNECTED
[Oct 27, 2025 9:33:05.1 AM GMT:ERROR:get_publisher.cc(169)] Unexpected HTTP status: -1
[Oct 27, 2025 9:33:05.1 AM GMT:ERROR:url_loader.cc(131)] Network error: net::ERR_INTERNET_DISCONNECTED
[Oct 27, 2025 9:33:05.1 AM GMT:ERROR:get_publisher.cc(169)] Unexpected HTTP status: -1
[Oct 27, 2025 9:33:05.1 AM GMT:ERROR:url_loader.cc(131)] Network error: net::ERR_INTERNET_DISCONNECTED
[Oct 27, 2025 9:33:05.1 AM GMT:ERROR:get_publisher.cc(169)] Unexpected HTTP status: -1
[Oct 27, 2025 9:33:05.1 AM GMT:ERROR:url_loader.cc(131)] Network error: net::ERR_INTERNET_DISCONNECTED
[Oct 27, 2025 9:33:05.1 AM GMT:ERROR:get_publisher.cc(169)] Unexpected HTTP status: -1
[Oct 27, 2025 9:33:05.1 AM GMT:ERROR:url_loader.cc(131)] Network error: net::ERR_INTERNET_DISCONNECTED
[Oct 27, 2025 9:33:05.1 AM GMT:ERROR:get_publisher.cc(169)] Unexpected HTTP status: -1
[Oct 27, 2025 9:33:05.1 AM GMT:ERROR:url_loader.cc(131)] Network error: net::ERR_INTERNET_DISCONNECTED
[Oct 27, 2025 9:33:05.1 AM GMT:ERROR:get_publisher.cc(169)] Unexpected HTTP status: -1
[Oct 27, 2025 9:33:05.1 AM GMT:ERROR:url_loader.cc(131)] Network error: net::ERR_INTERNET_DISCONNECTED
[Oct 27, 2025 9:33:05.1 AM GMT:ERROR:get_publisher.cc(169)] Unexpected HTTP status: -1
[Oct 27, 2025 9:33:05.1 AM GMT:ERROR:url_loader.cc(131)] Network error: net::ERR_INTERNET_DISCONNECTED
[Oct 27, 2025 9:33:05.1 AM GMT:ERROR:get_publisher.cc(169)] Unexpected HTTP status: -1
[Oct 27, 2025 9:33:05.1 AM GMT:ERROR:url_loader.cc(131)] Network error: net::ERR_INTERNET_DISCONNECTED
[Oct 27, 2025 9:33:05.1 AM GMT:ERROR:get_publisher.cc(169)] Unexpected HTTP status: -1
[Oct 27, 2025 9:33:05.1 AM GMT:ERROR:url_loader.cc(131)] Network error: net::ERR_INTERNET_DISCONNECTED
[Oct 27, 2025 9:33:05.1 AM GMT:ERROR:get_publisher.cc(169)] Unexpected HTTP status: -1
[Oct 27, 2025 9:33:05.1 AM GMT:ERROR:url_loader.cc(131)] Network error: net::ERR_INTERNET_DISCONNECTED
[Oct 27, 2025 9:33:05.1 AM GMT:ERROR:get_publisher.cc(169)] Unexpected HTTP status: -1
[Oct 27, 2025 9:33:05.1 AM GMT:ERROR:url_loader.cc(131)] Network error: net::ERR_INTERNET_DISCONNECTED
[Oct 27, 2025 9:33:05.1 AM GMT:ERROR:get_publisher.cc(169)] Unexpected HTTP status: -1
[Oct 27, 2025 9:33:05.1 AM GMT:ERROR:url_loader.cc(131)] Network error: net::ERR_INTERNET_DISCONNECTED
[Oct 27, 2025 9:33:05.1 AM GMT:ERROR:get_publisher.cc(169)] Unexpected HTTP status: -1
[Oct 27, 2025 9:33:05.1 AM GMT:ERROR:url_loader.cc(131)] Network error: net::ERR_INTERNET_DISCONNECTED
[Oct 27, 2025 9:33:05.1 AM GMT:ERROR:get_publisher.cc(169)] Unexpected HTTP status: -1
[Oct 27, 2025 9:33:05.2 AM GMT:ERROR:url_loader.cc(131)] Network error: net::ERR_INTERNET_DISCONNECTED
[Oct 27, 2025 9:33:05.2 AM GMT:ERROR:get_publisher.cc(169)] Unexpected HTTP status: -1
[Oct 27, 2025 9:33:05.2 AM GMT:ERROR:url_loader.cc(131)] Network error: net::ERR_INTERNET_DISCONNECTED
[Oct 27, 2025 9:33:05.2 AM GMT:ERROR:get_publisher.cc(169)] Unexpected HTTP status: -1
[Oct 27, 2025 9:33:05.2 AM GMT:ERROR:url_loader.cc(131)] Network error: net::ERR_INTERNET_DISCONNECTED
[Oct 27, 2025 9:33:05.2 AM GMT:ERROR:get_publisher.cc(169)] Unexpected HTTP status: -1
[Oct 27, 2025 9:33:05.2 AM GMT:ERROR:url_loader.cc(131)] Network error: net::ERR_INTERNET_DISCONNECTED
[Oct 27, 2025 9:33:05.2 AM GMT:ERROR:get_publisher.cc(169)] Unexpected HTTP status: -1
[Oct 27, 2025 9:33:05.2 AM GMT:ERROR:url_loader.cc(131)] Network error: net::ERR_INTERNET_DISCONNECTED
[Oct 27, 2025 9:33:05.2 AM GMT:ERROR:get_publisher.cc(169)] Unexpected HTTP status: -1
[Oct 27, 2025 9:33:05.2 AM GMT:ERROR:url_loader.cc(131)] Network error: net::ERR_INTERNET_DISCONNECTED
[Oct 27, 2025 9:33:05.2 AM GMT:ERROR:get_publisher.cc(169)] Unexpected HTTP status: -1
[Oct 27, 2025 9:33:05.2 AM GMT:ERROR:url_loader.cc(131)] Network error: net::ERR_INTERNET_DISCONNECTED
[Oct 27, 2025 9:33:05.2 AM GMT:ERROR:get_publisher.cc(169)] Unexpected HTTP status: -1
[Oct 27, 2025 9:33:05.2 AM GMT:ERROR:url_loader.cc(131)] Network error: net::ERR_INTERNET_DISCONNECTED
[Oct 27, 2025 9:33:05.2 AM GMT:ERROR:get_publisher.cc(169)] Unexpected HTTP status: -1
[Oct 27, 2025 9:33:05.2 AM GMT:ERROR:url_loader.cc(131)] Network error: net::ERR_INTERNET_DISCONNECTED
[Oct 27, 2025 9:33:05.2 AM GMT:ERROR:get_publisher.cc(169)] Unexpected HTTP status: -1
[Oct 27, 2025 9:33:05.2 AM GMT:ERROR:url_loader.cc(131)] Network error: net::ERR_INTERNET_DISCONNECTED
[Oct 27, 2025 9:33:05.2 AM GMT:ERROR:get_publisher.cc(169)] Unexpected HTTP status: -1
[Oct 27, 2025 9:33:05.2 AM GMT:ERROR:url_loader.cc(131)] Network error: net::ERR_INTERNET_DISCONNECTED
[Oct 27, 2025 9:33:05.2 AM GMT:ERROR:get_publisher.cc(169)] Unexpected HTTP status: -1
[Oct 27, 2025 9:33:05.2 AM GMT:ERROR:url_loader.cc(131)] Network error: net::ERR_INTERNET_DISCONNECTED
[Oct 27, 2025 9:33:05.2 AM GMT:ERROR:get_publisher.cc(169)] Unexpected HTTP status: -1
[Oct 27, 2025 9:33:05.2 AM GMT:ERROR:url_loader.cc(131)] Network error: net::ERR_INTERNET_DISCONNECTED
[Oct 27, 2025 9:33:05.2 AM GMT:ERROR:get_publisher.cc(169)] Unexpected HTTP status: -1
[Oct 27, 2025 9:33:05.2 AM GMT:ERROR:url_loader.cc(131)] Network error: net::ERR_INTERNET_DISCONNECTED
[Oct 27, 2025 9:33:05.2 AM GMT:ERROR:get_publisher.cc(169)] Unexpected HTTP status: -1
[Oct 27, 2025 9:33:05.2 AM GMT:ERROR:url_loader.cc(131)] Network error: net::ERR_INTERNET_DISCONNECTED
[Oct 27, 2025 9:33:05.2 AM GMT:ERROR:get_publisher.cc(169)] Unexpected HTTP status: -1
[Oct 27, 2025 9:33:05.2 AM GMT:ERROR:url_loader.cc(131)] Network error: net::ERR_INTERNET_DISCONNECTED
[Oct 27, 2025 9:33:05.2 AM GMT:ERROR:get_publisher.cc(169)] Unexpected HTTP status: -1
[Oct 27, 2025 9:33:05.2 AM GMT:ERROR:url_loader.cc(131)] Network error: net::ERR_INTERNET_DISCONNECTED
[Oct 27, 2025 9:33:05.2 AM GMT:ERROR:get_publisher.cc(169)] Unexpected HTTP status: -1
[Oct 27, 2025 9:33:05.2 AM GMT:ERROR:url_loader.cc(131)] Network error: net::ERR_INTERNET_DISCONNECTED
[Oct 27, 2025 9:33:05.2 AM GMT:ERROR:get_publisher.cc(169)] Unexpected HTTP status: -1
[Oct 27, 2025 9:33:05.2 AM GMT:ERROR:url_loader.cc(131)] Network error: net::ERR_INTERNET_DISCONNECTED
[Oct 27, 2025 9:33:05.2 AM GMT:ERROR:get_publisher.cc(169)] Unexpected HTTP status: -1
[Oct 27, 2025 9:33:05.2 AM GMT:ERROR:url_loader.cc(131)] Network error: net::ERR_INTERNET_DISCONNECTED
[Oct 27, 2025 9:33:05.2 AM GMT:ERROR:get_publisher.cc(169)] Unexpected HTTP status: -1
[Oct 27, 2025 9:33:05.2 AM GMT:ERROR:url_loader.cc(131)] Network error: net::ERR_INTERNET_DISCONNECTED
[Oct 27, 2025 9:33:05.2 AM GMT:ERROR:get_publisher.cc(169)] Unexpected HTTP status: -1
[Oct 27, 2025 9:33:05.2 AM GMT:ERROR:url_loader.cc(131)] Network error: net::ERR_INTERNET_DISCONNECTED
[Oct 27, 2025 9:33:05.2 AM GMT:ERROR:get_publisher.cc(169)] Unexpected HTTP status: -1
[Oct 27, 2025 9:33:05.2 AM GMT:ERROR:url_loader.cc(131)] Network error: net::ERR_INTERNET_DISCONNECTED
[Oct 27, 2025 9:33:05.2 AM GMT:ERROR:get_publisher.cc(169)] Unexpected HTTP status: -1
[Oct 27, 2025 9:33:05.2 AM GMT:ERROR:url_loader.cc(131)] Network error: net::ERR_INTERNET_DISCONNECTED
[Oct 27, 2025 9:33:05.2 AM GMT:ERROR:get_publisher.cc(169)] Unexpected HTTP status: -1
[Oct 27, 2025 9:33:05.2 AM GMT:ERROR:url_loader.cc(131)] Network error: net::ERR_INTERNET_DISCONNECTED
[Oct 27, 2025 9:33:05.2 AM GMT:ERROR:get_publisher.cc(169)] Unexpected HTTP status: -1
[Oct 27, 2025 9:33:05.2 AM GMT:ERROR:url_loader.cc(131)] Network error: net::ERR_INTERNET_DISCONNECTED
[Oct 27, 2025 9:33:05.2 AM GMT:ERROR:get_publisher.cc(169)] Unexpected HTTP status: -1
[Oct 27, 2025 9:33:05.2 AM GMT:ERROR:url_loader.cc(131)] Network error: net::ERR_INTERNET_DISCONNECTED
[Oct 27, 2025 9:33:05.2 AM GMT:ERROR:get_publisher.cc(169)] Unexpected HTTP status: -1
[Oct 27, 2025 9:33:05.2 AM GMT:ERROR:url_loader.cc(131)] Network error: net::ERR_INTERNET_DISCONNECTED
[Oct 27, 2025 9:33:05.2 AM GMT:ERROR:get_publisher.cc(169)] Unexpected HTTP status: -1
[Oct 27, 2025 9:33:05.2 AM GMT:ERROR:url_loader.cc(131)] Network error: net::ERR_INTERNET_DISCONNECTED
[Oct 27, 2025 9:33:05.2 AM GMT:ERROR:get_publisher.cc(169)] Unexpected HTTP status: -1
[Oct 27, 2025 9:33:05.2 AM GMT:ERROR:url_loader.cc(131)] Network error: net::ERR_INTERNET_DISCONNECTED
[Oct 27, 2025 9:33:05.2 AM GMT:ERROR:get_publisher.cc(169)] Unexpected HTTP status: -1
[Oct 27, 2025 9:33:05.2 AM GMT:ERROR:url_loader.cc(131)] Network error: net::ERR_INTERNET_DISCONNECTED
[Oct 27, 2025 9:33:05.2 AM GMT:ERROR:get_publisher.cc(169)] Unexpected HTTP status: -1
[Oct 27, 2025 9:33:05.2 AM GMT:ERROR:url_loader.cc(131)] Network error: net::ERR_INTERNET_DISCONNECTED
[Oct 27, 2025 9:33:05.2 AM GMT:ERROR:get_publisher.cc(169)] Unexpected HTTP status: -1
[Oct 27, 2025 9:33:05.2 AM GMT:ERROR:url_loader.cc(131)] Network error: net::ERR_INTERNET_DISCONNECTED
[Oct 27, 2025 9:33:05.2 AM GMT:ERROR:get_publisher.cc(169)] Unexpected HTTP status: -1
[Oct 27, 2025 9:33:05.2 AM GMT:ERROR:url_loader.cc(131)] Network error: net::ERR_INTERNET_DISCONNECTED
[Oct 27, 2025 9:33:05.2 AM GMT:ERROR:get_publisher.cc(169)] Unexpected HTTP status: -1
[Oct 27, 2025 9:33:05.2 AM GMT:ERROR:url_loader.cc(131)] Network error: net::ERR_INTERNET_DISCONNECTED
[Oct 27, 2025 9:33:05.2 AM GMT:ERROR:get_publisher.cc(169)] Unexpected HTTP status: -1
[Oct 27, 2025 9:33:05.2 AM GMT:ERROR:url_loader.cc(131)] Network error: net::ERR_INTERNET_DISCONNECTED
[Oct 27, 2025 9:33:05.2 AM GMT:ERROR:get_publisher.cc(169)] Unexpected HTTP status: -1
[Oct 27, 2025 9:33:05.2 AM GMT:ERROR:url_loader.cc(131)] Network error: net::ERR_INTERNET_DISCONNECTED
[Oct 27, 2025 9:33:05.2 AM GMT:ERROR:get_publisher.cc(169)] Unexpected HTTP status: -1
[Oct 27, 2025 9:33:05.2 AM GMT:ERROR:url_loader.cc(131)] Network error: net::ERR_INTERNET_DISCONNECTED
[Oct 27, 2025 9:33:05.2 AM GMT:ERROR:get_publisher.cc(169)] Unexpected HTTP status: -1
[Oct 27, 2025 9:33:05.2 AM GMT:ERROR:url_loader.cc(131)] Network error: net::ERR_INTERNET_DISCONNECTED
[Oct 27, 2025 9:33:05.2 AM GMT:ERROR:get_publisher.cc(169)] Unexpected HTTP status: -1
[Oct 27, 2025 9:33:05.2 AM GMT:ERROR:url_loader.cc(131)] Network error: net::ERR_INTERNET_DISCONNECTED
[Oct 27, 2025 9:33:05.2 AM GMT:ERROR:get_publisher.cc(169)] Unexpected HTTP status: -1
[Oct 27, 2025 9:33:05.2 AM GMT:ERROR:url_loader.cc(131)] Network error: net::ERR_INTERNET_DISCONNECTED
[Oct 27, 2025 9:33:05.2 AM GMT:ERROR:get_publisher.cc(169)] Unexpected HTTP status: -1
[Oct 27, 2025 9:33:05.2 AM GMT:ERROR:url_loader.cc(131)] Network error: net::ERR_INTERNET_DISCONNECTED
[Oct 27, 2025 9:33:05.2 AM GMT:ERROR:get_publisher.cc(169)] Unexpected HTTP status: -1
[Oct 27, 2025 9:33:05.2 AM GMT:ERROR:url_loader.cc(131)] Network error: net::ERR_INTERNET_DISCONNECTED
[Oct 27, 2025 9:33:05.2 AM GMT:ERROR:get_publisher.cc(169)] Unexpected HTTP status: -1
[Oct 27, 2025 9:33:05.2 AM GMT:ERROR:url_loader.cc(131)] Network error: net::ERR_INTERNET_DISCONNECTED
[Oct 27, 2025 9:33:05.2 AM GMT:ERROR:get_publisher.cc(169)] Unexpected HTTP status: -1
[Oct 27, 2025 9:33:05.2 AM GMT:ERROR:url_loader.cc(131)] Network error: net::ERR_INTERNET_DISCONNECTED
[Oct 27, 2025 9:33:05.2 AM GMT:ERROR:get_publisher.cc(169)] Unexpected HTTP status: -1
[Oct 27, 2025 9:33:05.2 AM GMT:ERROR:url_loader.cc(131)] Network error: net::ERR_INTERNET_DISCONNECTED
[Oct 27, 2025 9:33:05.2 AM GMT:ERROR:get_publisher.cc(169)] Unexpected HTTP status: -1
[Oct 27, 2025 9:33:05.2 AM GMT:ERROR:url_loader.cc(131)] Network error: net::ERR_INTERNET_DISCONNECTED
[Oct 27, 2025 9:33:05.2 AM GMT:ERROR:get_publisher.cc(169)] Unexpected HTTP status: -1
[Oct 27, 2025 9:33:05.2 AM GMT:ERROR:url_loader.cc(131)] Network error: net::ERR_INTERNET_DISCONNECTED
[Oct 27, 2025 9:33:05.2 AM GMT:ERROR:get_publisher.cc(169)] Unexpected HTTP status: -1
[Oct 27, 2025 9:33:05.2 AM GMT:ERROR:url_loader.cc(131)] Network error: net::ERR_INTERNET_DISCONNECTED
[Oct 27, 2025 9:33:05.2 AM GMT:ERROR:get_publisher.cc(169)] Unexpected HTTP status: -1
[Oct 27, 2025 9:33:05.2 AM GMT:ERROR:url_loader.cc(131)] Network error: net::ERR_INTERNET_DISCONNECTED
[Oct 27, 2025 9:33:05.2 AM GMT:ERROR:get_publisher.cc(169)] Unexpected HTTP status: -1
[Oct 27, 2025 9:33:05.2 AM GMT:ERROR:url_loader.cc(131)] Network error: net::ERR_INTERNET_DISCONNECTED
[Oct 27, 2025 9:33:05.2 AM GMT:ERROR:get_publisher.cc(169)] Unexpected HTTP status: -1
[Oct 27, 2025 9:33:05.2 AM GMT:ERROR:url_loader.cc(131)] Network error: net::ERR_INTERNET_DISCONNECTED
[Oct 27, 2025 9:33:05.2 AM GMT:ERROR:get_publisher.cc(169)] Unexpected HTTP status: -1
[Oct 27, 2025 9:33:05.2 AM GMT:ERROR:url_loader.cc(131)] Network error: net::ERR_INTERNET_DISCONNECTED
[Oct 27, 2025 9:33:05.2 AM GMT:ERROR:get_publisher.cc(169)] Unexpected HTTP status: -1
[Oct 27, 2025 9:33:05.2 AM GMT:ERROR:url_loader.cc(131)] Network error: net::ERR_INTERNET_DISCONNECTED
[Oct 27, 2025 9:33:05.2 AM GMT:ERROR:get_publisher.cc(169)] Unexpected HTTP status: -1
[Oct 27, 2025 9:33:05.2 AM GMT:ERROR:url_loader.cc(131)] Network error: net::ERR_INTERNET_DISCONNECTED
[Oct 27, 2025 9:33:05.2 AM GMT:ERROR:get_publisher.cc(169)] Unexpected HTTP status: -1
[Oct 27, 2025 9:33:05.2 AM GMT:ERROR:url_loader.cc(131)] Network error: net::ERR_INTERNET_DISCONNECTED
[Oct 27, 2025 9:33:05.2 AM GMT:ERROR:get_publisher.cc(169)] Unexpected HTTP status: -1
[Oct 27, 2025 9:33:05.2 AM GMT:ERROR:url_loader.cc(131)] Network error: net::ERR_INTERNET_DISCONNECTED
[Oct 27, 2025 9:33:05.2 AM GMT:ERROR:get_publisher.cc(169)] Unexpected HTTP status: -1
[Oct 27, 2025 9:33:05.2 AM GMT:ERROR:url_loader.cc(131)] Network error: net::ERR_INTERNET_DISCONNECTED
[Oct 27, 2025 9:33:05.2 AM GMT:ERROR:get_publisher.cc(169)] Unexpected HTTP status: -1
[Oct 27, 2025 9:33:05.2 AM GMT:ERROR:url_loader.cc(131)] Network error: net::ERR_INTERNET_DISCONNECTED
[Oct 27, 2025 9:33:05.2 AM GMT:ERROR:get_publisher.cc(169)] Unexpected HTTP status: -1
[Oct 27, 2025 9:33:05.2 AM GMT:ERROR:url_loader.cc(131)] Network error: net::ERR_INTERNET_DISCONNECTED
[Oct 27, 2025 9:33:05.2 AM GMT:ERROR:get_publisher.cc(169)] Unexpected HTTP status: -1
[Oct 27, 2025 9:33:05.2 AM GMT:ERROR:url_loader.cc(131)] Network error: net::ERR_INTERNET_DISCONNECTED
[Oct 27, 2025 9:33:05.2 AM GMT:ERROR:get_publisher.cc(169)] Unexpected HTTP status: -1
[Oct 27, 2025 9:33:05.2 AM GMT:ERROR:url_loader.cc(131)] Network error: net::ERR_INTERNET_DISCONNECTED
[Oct 27, 2025 9:33:05.2 AM GMT:ERROR:get_publisher.cc(169)] Unexpected HTTP status: -1
[Oct 27, 2025 9:33:05.3 AM GMT:ERROR:url_loader.cc(131)] Network error: net::ERR_INTERNET_DISCONNECTED
[Oct 27, 2025 9:33:05.3 AM GMT:ERROR:get_publisher.cc(169)] Unexpected HTTP status: -1
[Oct 27, 2025 9:33:05.3 AM GMT:ERROR:url_loader.cc(131)] Network error: net::ERR_INTERNET_DISCONNECTED
[Oct 27, 2025 9:33:05.3 AM GMT:ERROR:get_publisher.cc(169)] Unexpected HTTP status: -1
[Oct 27, 2025 9:33:05.3 AM GMT:ERROR:url_loader.cc(131)] Network error: net::ERR_INTERNET_DISCONNECTED
[Oct 27, 2025 9:33:05.3 AM GMT:ERROR:get_publisher.cc(169)] Unexpected HTTP status: -1
[Oct 27, 2025 9:33:05.3 AM GMT:ERROR:url_loader.cc(131)] Network error: net::ERR_INTERNET_DISCONNECTED
[Oct 27, 2025 9:33:05.3 AM GMT:ERROR:get_publisher.cc(169)] Unexpected HTTP status: -1
[Oct 27, 2025 9:33:05.3 AM GMT:ERROR:url_loader.cc(131)] Network error: net::ERR_INTERNET_DISCONNECTED
[Oct 27, 2025 9:33:05.3 AM GMT:ERROR:get_publisher.cc(169)] Unexpected HTTP status: -1
[Oct 27, 2025 9:33:05.3 AM GMT:ERROR:url_loader.cc(131)] Network error: net::ERR_INTERNET_DISCONNECTED
[Oct 27, 2025 9:33:05.3 AM GMT:ERROR:get_publisher.cc(169)] Unexpected HTTP status: -1
[Oct 27, 2025 9:33:05.3 AM GMT:ERROR:url_loader.cc(131)] Network error: net::ERR_INTERNET_DISCONNECTED
[Oct 27, 2025 9:33:05.3 AM GMT:ERROR:get_publisher.cc(169)] Unexpected HTTP status: -1
[Oct 27, 2025 9:33:05.3 AM GMT:ERROR:url_loader.cc(131)] Network error: net::ERR_INTERNET_DISCONNECTED
[Oct 27, 2025 9:33:05.3 AM GMT:ERROR:get_publisher.cc(169)] Unexpected HTTP status: -1
[Oct 27, 2025 9:33:05.3 AM GMT:ERROR:url_loader.cc(131)] Network error: net::ERR_INTERNET_DISCONNECTED
[Oct 27, 2025 9:33:05.3 AM GMT:ERROR:get_publisher.cc(169)] Unexpected HTTP status: -1
[Oct 27, 2025 9:33:05.3 AM GMT:ERROR:url_loader.cc(131)] Network error: net::ERR_INTERNET_DISCONNECTED
[Oct 27, 2025 9:33:05.3 AM GMT:ERROR:get_publisher.cc(169)] Unexpected HTTP status: -1
[Oct 27, 2025 9:33:05.3 AM GMT:ERROR:url_loader.cc(131)] Network error: net::ERR_INTERNET_DISCONNECTED
[Oct 27, 2025 9:33:05.3 AM GMT:ERROR:get_publisher.cc(169)] Unexpected HTTP status: -1
[Oct 27, 2025 9:33:05.3 AM GMT:ERROR:url_loader.cc(131)] Network error: net::ERR_INTERNET_DISCONNECTED
[Oct 27, 2025 9:33:05.3 AM GMT:ERROR:get_publisher.cc(169)] Unexpected HTTP status: -1
[Oct 27, 2025 9:33:05.3 AM GMT:ERROR:url_loader.cc(131)] Network error: net::ERR_INTERNET_DISCONNECTED
[Oct 27, 2025 9:33:05.3 AM GMT:ERROR:get_publisher.cc(169)] Unexpected HTTP status: -1
[Oct 27, 2025 9:33:05.3 AM GMT:ERROR:url_loader.cc(131)] Network error: net::ERR_INTERNET_DISCONNECTED
[Oct 27, 2025 9:33:05.3 AM GMT:ERROR:get_publisher.cc(169)] Unexpected HTTP status: -1
[Oct 27, 2025 9:33:05.3 AM GMT:ERROR:url_loader.cc(131)] Network error: net::ERR_INTERNET_DISCONNECTED
[Oct 27, 2025 9:33:05.3 AM GMT:ERROR:get_publisher.cc(169)] Unexpected HTTP status: -1
[Oct 27, 2025 9:33:05.3 AM GMT:ERROR:url_loader.cc(131)] Network error: net::ERR_INTERNET_DISCONNECTED
[Oct 27, 2025 9:33:05.3 AM GMT:ERROR:get_publisher.cc(169)] Unexpected HTTP status: -1
[Oct 27, 2025 9:33:05.3 AM GMT:ERROR:url_loader.cc(131)] Network error: net::ERR_INTERNET_DISCONNECTED
[Oct 27, 2025 9:33:05.3 AM GMT:ERROR:get_publisher.cc(169)] Unexpected HTTP status: -1
[Oct 27, 2025 9:33:05.3 AM GMT:ERROR:url_loader.cc(131)] Network error: net::ERR_INTERNET_DISCONNECTED
[Oct 27, 2025 9:33:05.3 AM GMT:ERROR:get_publisher.cc(169)] Unexpected HTTP status: -1
[Oct 27, 2025 9:33:05.3 AM GMT:ERROR:url_loader.cc(131)] Network error: net::ERR_INTERNET_DISCONNECTED
[Oct 27, 2025 9:33:05.3 AM GMT:ERROR:get_publisher.cc(169)] Unexpected HTTP status: -1
[Oct 27, 2025 9:33:05.3 AM GMT:ERROR:url_loader.cc(131)] Network error: net::ERR_INTERNET_DISCONNECTED
[Oct 27, 2025 9:33:05.3 AM GMT:ERROR:get_publisher.cc(169)] Unexpected HTTP status: -1
[Oct 27, 2025 9:33:05.3 AM GMT:ERROR:url_loader.cc(131)] Network error: net::ERR_INTERNET_DISCONNECTED
[Oct 27, 2025 9:33:05.3 AM GMT:ERROR:get_publisher.cc(169)] Unexpected HTTP status: -1
[Oct 27, 2025 9:33:05.3 AM GMT:ERROR:url_loader.cc(131)] Network error: net::ERR_INTERNET_DISCONNECTED
[Oct 27, 2025 9:33:05.3 AM GMT:ERROR:get_publisher.cc(169)] Unexpected HTTP status: -1
[Oct 27, 2025 9:33:05.3 AM GMT:ERROR:url_loader.cc(131)] Network error: net::ERR_INTERNET_DISCONNECTED
[Oct 27, 2025 9:33:05.3 AM GMT:ERROR:get_publisher.cc(169)] Unexpected HTTP status: -1
[Oct 27, 2025 9:33:05.3 AM GMT:ERROR:url_loader.cc(131)] Network error: net::ERR_INTERNET_DISCONNECTED
[Oct 27, 2025 9:33:05.3 AM GMT:ERROR:get_publisher.cc(169)] Unexpected HTTP status: -1
[Oct 27, 2025 9:33:05.3 AM GMT:ERROR:url_loader.cc(131)] Network error: net::ERR_INTERNET_DISCONNECTED
[Oct 27, 2025 9:33:05.3 AM GMT:ERROR:get_publisher.cc(169)] Unexpected HTTP status: -1
[Oct 27, 2025 9:33:05.3 AM GMT:ERROR:url_loader.cc(131)] Network error: net::ERR_INTERNET_DISCONNECTED
[Oct 27, 2025 9:33:05.3 AM GMT:ERROR:get_publisher.cc(169)] Unexpected HTTP status: -1
[Oct 27, 2025 9:33:05.3 AM GMT:ERROR:url_loader.cc(131)] Network error: net::ERR_INTERNET_DISCONNECTED
[Oct 27, 2025 9:33:05.3 AM GMT:ERROR:get_publisher.cc(169)] Unexpected HTTP status: -1
[Oct 27, 2025 9:33:05.3 AM GMT:ERROR:url_loader.cc(131)] Network error: net::ERR_INTERNET_DISCONNECTED
[Oct 27, 2025 9:33:05.3 AM GMT:ERROR:get_publisher.cc(169)] Unexpected HTTP status: -1
[Oct 27, 2025 9:33:05.3 AM GMT:ERROR:url_loader.cc(131)] Network error: net::ERR_INTERNET_DISCONNECTED
[Oct 27, 2025 9:33:05.3 AM GMT:ERROR:get_publisher.cc(169)] Unexpected HTTP status: -1
[Oct 27, 2025 9:33:05.3 AM GMT:ERROR:url_loader.cc(131)] Network error: net::ERR_INTERNET_DISCONNECTED
[Oct 27, 2025 9:33:05.3 AM GMT:ERROR:get_publisher.cc(169)] Unexpected HTTP status: -1
[Oct 27, 2025 9:33:05.3 AM GMT:ERROR:url_loader.cc(131)] Network error: net::ERR_INTERNET_DISCONNECTED
[Oct 27, 2025 9:33:05.3 AM GMT:ERROR:get_publisher.cc(169)] Unexpected HTTP status: -1
[Oct 27, 2025 9:33:05.3 AM GMT:ERROR:url_loader.cc(131)] Network error: net::ERR_INTERNET_DISCONNECTED
[Oct 27, 2025 9:33:05.3 AM GMT:ERROR:get_publisher.cc(169)] Unexpected HTTP status: -1
[Oct 27, 2025 9:33:05.3 AM GMT:ERROR:url_loader.cc(131)] Network error: net::ERR_INTERNET_DISCONNECTED
[Oct 27, 2025 9:33:05.3 AM GMT:ERROR:get_publisher.cc(169)] Unexpected HTTP status: -1
[Oct 27, 2025 9:33:05.3 AM GMT:ERROR:url_loader.cc(131)] Network error: net::ERR_INTERNET_DISCONNECTED
[Oct 27, 2025 9:33:05.3 AM GMT:ERROR:get_publisher.cc(169)] Unexpected HTTP status: -1
[Oct 27, 2025 9:33:05.3 AM GMT:ERROR:url_loader.cc(131)] Network error: net::ERR_INTERNET_DISCONNECTED
[Oct 27, 2025 9:33:05.3 AM GMT:ERROR:get_publisher.cc(169)] Unexpected HTTP status: -1
[Oct 27, 2025 9:33:05.3 AM GMT:ERROR:url_loader.cc(131)] Network error: net::ERR_INTERNET_DISCONNECTED
[Oct 27, 2025 9:33:05.3 AM GMT:ERROR:get_publisher.cc(169)] Unexpected HTTP status: -1
[Oct 27, 2025 9:33:05.3 AM GMT:ERROR:url_loader.cc(131)] Network error: net::ERR_INTERNET_DISCONNECTED
[Oct 27, 2025 9:33:05.3 AM GMT:ERROR:get_publisher.cc(169)] Unexpected HTTP status: -1
[Oct 27, 2025 9:33:05.3 AM GMT:ERROR:url_loader.cc(131)] Network error: net::ERR_INTERNET_DISCONNECTED
[Oct 27, 2025 9:33:05.3 AM GMT:ERROR:get_publisher.cc(169)] Unexpected HTTP status: -1
[Oct 27, 2025 9:33:05.3 AM GMT:ERROR:url_loader.cc(131)] Network error: net::ERR_INTERNET_DISCONNECTED
[Oct 27, 2025 9:33:05.3 AM GMT:ERROR:get_publisher.cc(169)] Unexpected HTTP status: -1
[Oct 27, 2025 9:33:05.3 AM GMT:ERROR:url_loader.cc(131)] Network error: net::ERR_INTERNET_DISCONNECTED
[Oct 27, 2025 9:33:05.3 AM GMT:ERROR:get_publisher.cc(169)] Unexpected HTTP status: -1
[Oct 27, 2025 9:33:05.3 AM GMT:ERROR:url_loader.cc(131)] Network error: net::ERR_INTERNET_DISCONNECTED
[Oct 27, 2025 9:33:05.3 AM GMT:ERROR:get_publisher.cc(169)] Unexpected HTTP status: -1
[Oct 27, 2025 9:33:05.3 AM GMT:ERROR:url_loader.cc(131)] Network error: net::ERR_INTERNET_DISCONNECTED
[Oct 27, 2025 9:33:05.3 AM GMT:ERROR:get_publisher.cc(169)] Unexpected HTTP status: -1
[Oct 27, 2025 9:33:05.3 AM GMT:ERROR:url_loader.cc(131)] Network error: net::ERR_INTERNET_DISCONNECTED
[Oct 27, 2025 9:33:05.3 AM GMT:ERROR:get_publisher.cc(169)] Unexpected HTTP status: -1
[Oct 27, 2025 9:33:05.3 AM GMT:ERROR:url_loader.cc(131)] Network error: net::ERR_INTERNET_DISCONNECTED
[Oct 27, 2025 9:33:05.3 AM GMT:ERROR:get_publisher.cc(169)] Unexpected HTTP status: -1
[Oct 27, 2025 9:33:05.3 AM GMT:ERROR:url_loader.cc(131)] Network error: net::ERR_INTERNET_DISCONNECTED
[Oct 27, 2025 9:33:05.3 AM GMT:ERROR:get_publisher.cc(169)] Unexpected HTTP status: -1
[Oct 27, 2025 9:33:05.3 AM GMT:ERROR:url_loader.cc(131)] Network error: net::ERR_INTERNET_DISCONNECTED
[Oct 27, 2025 9:33:05.3 AM GMT:ERROR:get_publisher.cc(169)] Unexpected HTTP status: -1
[Oct 27, 2025 9:33:05.3 AM GMT:ERROR:url_loader.cc(131)] Network error: net::ERR_INTERNET_DISCONNECTED
[Oct 27, 2025 9:33:05.3 AM GMT:ERROR:get_publisher.cc(169)] Unexpected HTTP status: -1
[Oct 27, 2025 9:33:05.3 AM GMT:ERROR:url_loader.cc(131)] Network error: net::ERR_INTERNET_DISCONNECTED
[Oct 27, 2025 9:33:05.3 AM GMT:ERROR:get_publisher.cc(169)] Unexpected HTTP status: -1
[Oct 27, 2025 9:33:05.3 AM GMT:ERROR:url_loader.cc(131)] Network error: net::ERR_INTERNET_DISCONNECTED
[Oct 27, 2025 9:33:05.3 AM GMT:ERROR:get_publisher.cc(169)] Unexpected HTTP status: -1
[Oct 27, 2025 9:33:05.3 AM GMT:ERROR:url_loader.cc(131)] Network error: net::ERR_INTERNET_DISCONNECTED
[Oct 27, 2025 9:33:05.3 AM GMT:ERROR:get_publisher.cc(169)] Unexpected HTTP status: -1
[Oct 27, 2025 9:33:05.3 AM GMT:ERROR:url_loader.cc(131)] Network error: net::ERR_INTERNET_DISCONNECTED
[Oct 27, 2025 9:33:05.3 AM GMT:ERROR:get_publisher.cc(169)] Unexpected HTTP status: -1
[Oct 27, 2025 9:33:05.3 AM GMT:ERROR:url_loader.cc(131)] Network error: net::ERR_INTERNET_DISCONNECTED
[Oct 27, 2025 9:33:05.3 AM GMT:ERROR:get_publisher.cc(169)] Unexpected HTTP status: -1
[Oct 27, 2025 9:33:05.3 AM GMT:ERROR:url_loader.cc(131)] Network error: net::ERR_INTERNET_DISCONNECTED
[Oct 27, 2025 9:33:05.3 AM GMT:ERROR:get_publisher.cc(169)] Unexpected HTTP status: -1
[Oct 27, 2025 9:33:05.3 AM GMT:ERROR:url_loader.cc(131)] Network error: net::ERR_INTERNET_DISCONNECTED
[Oct 27, 2025 9:33:05.3 AM GMT:ERROR:get_publisher.cc(169)] Unexpected HTTP status: -1
[Oct 27, 2025 9:33:05.3 AM GMT:ERROR:url_loader.cc(131)] Network error: net::ERR_INTERNET_DISCONNECTED
[Oct 27, 2025 9:33:05.3 AM GMT:ERROR:get_publisher.cc(169)] Unexpected HTTP status: -1
[Oct 27, 2025 9:33:05.3 AM GMT:ERROR:url_loader.cc(131)] Network error: net::ERR_INTERNET_DISCONNECTED
[Oct 27, 2025 9:33:05.3 AM GMT:ERROR:get_publisher.cc(169)] Unexpected HTTP status: -1
[Oct 27, 2025 9:33:05.3 AM GMT:ERROR:url_loader.cc(131)] Network error: net::ERR_INTERNET_DISCONNECTED
[Oct 27, 2025 9:33:05.3 AM GMT:ERROR:get_publisher.cc(169)] Unexpected HTTP status: -1
[Oct 27, 2025 9:33:05.3 AM GMT:ERROR:url_loader.cc(131)] Network error: net::ERR_INTERNET_DISCONNECTED
[Oct 27, 2025 9:33:05.3 AM GMT:ERROR:get_publisher.cc(169)] Unexpected HTTP status: -1
[Oct 27, 2025 9:33:05.3 AM GMT:ERROR:url_loader.cc(131)] Network error: net::ERR_INTERNET_DISCONNECTED
[Oct 27, 2025 9:33:05.3 AM GMT:ERROR:get_publisher.cc(169)] Unexpected HTTP status: -1
[Oct 27, 2025 9:33:05.3 AM GMT:ERROR:url_loader.cc(131)] Network error: net::ERR_INTERNET_DISCONNECTED
[Oct 27, 2025 9:33:05.3 AM GMT:ERROR:get_publisher.cc(169)] Unexpected HTTP status: -1
[Oct 27, 2025 9:33:05.3 AM GMT:ERROR:url_loader.cc(131)] Network error: net::ERR_INTERNET_DISCONNECTED
[Oct 27, 2025 9:33:05.3 AM GMT:ERROR:get_publisher.cc(169)] Unexpected HTTP status: -1
[Oct 27, 2025 9:33:05.3 AM GMT:ERROR:url_loader.cc(131)] Network error: net::ERR_INTERNET_DISCONNECTED
[Oct 27, 2025 9:33:05.3 AM GMT:ERROR:get_publisher.cc(169)] Unexpected HTTP status: -1
[Oct 27, 2025 9:33:05.3 AM GMT:ERROR:url_loader.cc(131)] Network error: net::ERR_INTERNET_DISCONNECTED
[Oct 27, 2025 9:33:05.3 AM GMT:ERROR:get_publisher.cc(169)] Unexpected HTTP status: -1
[Oct 27, 2025 9:33:05.3 AM GMT:ERROR:url_loader.cc(131)] Network error: net::ERR_INTERNET_DISCONNECTED
[Oct 27, 2025 9:33:05.3 AM GMT:ERROR:get_publisher.cc(169)] Unexpected HTTP status: -1
[Oct 27, 2025 9:33:05.4 AM GMT:ERROR:url_loader.cc(131)] Network error: net::ERR_INTERNET_DISCONNECTED
[Oct 27, 2025 9:33:05.4 AM GMT:ERROR:get_publisher.cc(169)] Unexpected HTTP status: -1
[Oct 27, 2025 9:33:05.4 AM GMT:ERROR:url_loader.cc(131)] Network error: net::ERR_INTERNET_DISCONNECTED
[Oct 27, 2025 9:33:05.4 AM GMT:ERROR:get_publisher.cc(169)] Unexpected HTTP status: -1
[Oct 27, 2025 9:33:05.4 AM GMT:ERROR:url_loader.cc(131)] Network error: net::ERR_INTERNET_DISCONNECTED
[Oct 27, 2025 9:33:05.4 AM GMT:ERROR:get_publisher.cc(169)] Unexpected HTTP status: -1
[Oct 27, 2025 9:33:05.4 AM GMT:ERROR:url_loader.cc(131)] Network error: net::ERR_INTERNET_DISCONNECTED
[Oct 27, 2025 9:33:05.4 AM GMT:ERROR:get_publisher.cc(169)] Unexpected HTTP status: -1
[Oct 27, 2025 9:33:05.4 AM GMT:ERROR:url_loader.cc(131)] Network error: net::ERR_INTERNET_DISCONNECTED
[Oct 27, 2025 9:33:05.4 AM GMT:ERROR:get_publisher.cc(169)] Unexpected HTTP status: -1
[Oct 27, 2025 9:33:05.4 AM GMT:ERROR:url_loader.cc(131)] Network error: net::ERR_INTERNET_DISCONNECTED
[Oct 27, 2025 9:33:05.4 AM GMT:ERROR:get_publisher.cc(169)] Unexpected HTTP status: -1
[Oct 27, 2025 9:33:05.4 AM GMT:ERROR:url_loader.cc(131)] Network error: net::ERR_INTERNET_DISCONNECTED
[Oct 27, 2025 9:33:05.4 AM GMT:ERROR:get_publisher.cc(169)] Unexpected HTTP status: -1
[Oct 27, 2025 9:33:05.4 AM GMT:ERROR:url_loader.cc(131)] Network error: net::ERR_INTERNET_DISCONNECTED
[Oct 27, 2025 9:33:05.4 AM GMT:ERROR:get_publisher.cc(169)] Unexpected HTTP status: -1
[Oct 27, 2025 9:33:05.4 AM GMT:ERROR:url_loader.cc(131)] Network error: net::ERR_INTERNET_DISCONNECTED
[Oct 27, 2025 9:33:05.4 AM GMT:ERROR:get_publisher.cc(169)] Unexpected HTTP status: -1
[Oct 27, 2025 9:33:05.4 AM GMT:ERROR:url_loader.cc(131)] Network error: net::ERR_INTERNET_DISCONNECTED
[Oct 27, 2025 9:33:05.4 AM GMT:ERROR:get_publisher.cc(169)] Unexpected HTTP status: -1
[Oct 27, 2025 9:33:05.4 AM GMT:ERROR:url_loader.cc(131)] Network error: net::ERR_INTERNET_DISCONNECTED
[Oct 27, 2025 9:33:05.4 AM GMT:ERROR:get_publisher.cc(169)] Unexpected HTTP status: -1
[Oct 27, 2025 9:33:05.4 AM GMT:ERROR:url_loader.cc(131)] Network error: net::ERR_INTERNET_DISCONNECTED
[Oct 27, 2025 9:33:05.4 AM GMT:ERROR:get_publisher.cc(169)] Unexpected HTTP status: -1
[Oct 27, 2025 9:33:05.4 AM GMT:ERROR:url_loader.cc(131)] Network error: net::ERR_INTERNET_DISCONNECTED
[Oct 27, 2025 9:33:05.4 AM GMT:ERROR:get_publisher.cc(169)] Unexpected HTTP status: -1
[Oct 27, 2025 9:33:05.4 AM GMT:ERROR:url_loader.cc(131)] Network error: net::ERR_INTERNET_DISCONNECTED
[Oct 27, 2025 9:33:05.4 AM GMT:ERROR:get_publisher.cc(169)] Unexpected HTTP status: -1
[Oct 27, 2025 9:33:05.4 AM GMT:ERROR:url_loader.cc(131)] Network error: net::ERR_INTERNET_DISCONNECTED
[Oct 27, 2025 9:33:05.4 AM GMT:ERROR:get_publisher.cc(169)] Unexpected HTTP status: -1
[Oct 27, 2025 9:33:05.4 AM GMT:ERROR:url_loader.cc(131)] Network error: net::ERR_INTERNET_DISCONNECTED
[Oct 27, 2025 9:33:05.4 AM GMT:ERROR:get_publisher.cc(169)] Unexpected HTTP status: -1
[Oct 27, 2025 9:33:05.4 AM GMT:ERROR:url_loader.cc(131)] Network error: net::ERR_INTERNET_DISCONNECTED
[Oct 27, 2025 9:33:05.4 AM GMT:ERROR:get_publisher.cc(169)] Unexpected HTTP status: -1
[Oct 27, 2025 9:33:05.4 AM GMT:ERROR:url_loader.cc(131)] Network error: net::ERR_INTERNET_DISCONNECTED
[Oct 27, 2025 9:33:05.4 AM GMT:ERROR:get_publisher.cc(169)] Unexpected HTTP status: -1
[Oct 27, 2025 9:33:05.4 AM GMT:ERROR:url_loader.cc(131)] Network error: net::ERR_INTERNET_DISCONNECTED
[Oct 27, 2025 9:33:05.4 AM GMT:ERROR:get_publisher.cc(169)] Unexpected HTTP status: -1
[Oct 27, 2025 9:33:05.4 AM GMT:ERROR:url_loader.cc(131)] Network error: net::ERR_INTERNET_DISCONNECTED
[Oct 27, 2025 9:33:05.4 AM GMT:ERROR:get_publisher.cc(169)] Unexpected HTTP status: -1
[Oct 27, 2025 9:33:05.4 AM GMT:ERROR:url_loader.cc(131)] Network error: net::ERR_INTERNET_DISCONNECTED
[Oct 27, 2025 9:33:05.4 AM GMT:ERROR:get_publisher.cc(169)] Unexpected HTTP status: -1
[Oct 27, 2025 9:33:05.4 AM GMT:ERROR:url_loader.cc(131)] Network error: net::ERR_INTERNET_DISCONNECTED
[Oct 27, 2025 9:33:05.4 AM GMT:ERROR:get_publisher.cc(169)] Unexpected HTTP status: -1
[Oct 27, 2025 9:33:05.4 AM GMT:ERROR:url_loader.cc(131)] Network error: net::ERR_INTERNET_DISCONNECTED
[Oct 27, 2025 9:33:05.4 AM GMT:ERROR:get_publisher.cc(169)] Unexpected HTTP status: -1
[Oct 27, 2025 9:33:05.4 AM GMT:ERROR:url_loader.cc(131)] Network error: net::ERR_INTERNET_DISCONNECTED
[Oct 27, 2025 9:33:05.4 AM GMT:ERROR:get_publisher.cc(169)] Unexpected HTTP status: -1
[Oct 27, 2025 9:33:05.4 AM GMT:ERROR:url_loader.cc(131)] Network error: net::ERR_INTERNET_DISCONNECTED
[Oct 27, 2025 9:33:05.4 AM GMT:ERROR:get_publisher.cc(169)] Unexpected HTTP status: -1
[Oct 27, 2025 9:33:05.4 AM GMT:ERROR:url_loader.cc(131)] Network error: net::ERR_INTERNET_DISCONNECTED
[Oct 27, 2025 9:33:05.4 AM GMT:ERROR:get_publisher.cc(169)] Unexpected HTTP status: -1
[Oct 27, 2025 9:33:05.4 AM GMT:ERROR:url_loader.cc(131)] Network error: net::ERR_INTERNET_DISCONNECTED
[Oct 27, 2025 9:33:05.4 AM GMT:ERROR:get_publisher.cc(169)] Unexpected HTTP status: -1
[Oct 27, 2025 9:33:05.4 AM GMT:ERROR:url_loader.cc(131)] Network error: net::ERR_INTERNET_DISCONNECTED
[Oct 27, 2025 9:33:05.4 AM GMT:ERROR:get_publisher.cc(169)] Unexpected HTTP status: -1
[Oct 27, 2025 9:33:05.4 AM GMT:ERROR:url_loader.cc(131)] Network error: net::ERR_INTERNET_DISCONNECTED
[Oct 27, 2025 9:33:05.4 AM GMT:ERROR:get_publisher.cc(169)] Unexpected HTTP status: -1
[Oct 27, 2025 9:33:05.4 AM GMT:ERROR:url_loader.cc(131)] Network error: net::ERR_INTERNET_DISCONNECTED
[Oct 27, 2025 9:33:05.4 AM GMT:ERROR:get_publisher.cc(169)] Unexpected HTTP status: -1
[Oct 27, 2025 9:33:05.4 AM GMT:ERROR:url_loader.cc(131)] Network error: net::ERR_INTERNET_DISCONNECTED
[Oct 27, 2025 9:33:05.4 AM GMT:ERROR:get_publisher.cc(169)] Unexpected HTTP status: -1
[Oct 27, 2025 9:33:05.4 AM GMT:ERROR:url_loader.cc(131)] Network error: net::ERR_INTERNET_DISCONNECTED
[Oct 27, 2025 9:33:05.4 AM GMT:ERROR:get_publisher.cc(169)] Unexpected HTTP status: -1
[Oct 27, 2025 9:33:05.4 AM GMT:ERROR:url_loader.cc(131)] Network error: net::ERR_INTERNET_DISCONNECTED
[Oct 27, 2025 9:33:05.4 AM GMT:ERROR:get_publisher.cc(169)] Unexpected HTTP status: -1
[Oct 27, 2025 9:33:05.4 AM GMT:ERROR:url_loader.cc(131)] Network error: net::ERR_INTERNET_DISCONNECTED
[Oct 27, 2025 9:33:05.4 AM GMT:ERROR:get_publisher.cc(169)] Unexpected HTTP status: -1
[Oct 27, 2025 9:33:05.4 AM GMT:ERROR:url_loader.cc(131)] Network error: net::ERR_INTERNET_DISCONNECTED
[Oct 27, 2025 9:33:05.4 AM GMT:ERROR:get_publisher.cc(169)] Unexpected HTTP status: -1
[Oct 27, 2025 9:33:05.4 AM GMT:ERROR:url_loader.cc(131)] Network error: net::ERR_INTERNET_DISCONNECTED
[Oct 27, 2025 9:33:05.4 AM GMT:ERROR:get_publisher.cc(169)] Unexpected HTTP status: -1
[Oct 27, 2025 9:33:05.4 AM GMT:ERROR:url_loader.cc(131)] Network error: net::ERR_INTERNET_DISCONNECTED
[Oct 27, 2025 9:33:05.4 AM GMT:ERROR:get_publisher.cc(169)] Unexpected HTTP status: -1
[Oct 27, 2025 9:33:05.4 AM GMT:ERROR:url_loader.cc(131)] Network error: net::ERR_INTERNET_DISCONNECTED
[Oct 27, 2025 9:33:05.4 AM GMT:ERROR:get_publisher.cc(169)] Unexpected HTTP status: -1
[Oct 27, 2025 9:33:05.4 AM GMT:ERROR:url_loader.cc(131)] Network error: net::ERR_INTERNET_DISCONNECTED
[Oct 27, 2025 9:33:05.4 AM GMT:ERROR:get_publisher.cc(169)] Unexpected HTTP status: -1
[Oct 27, 2025 9:33:05.4 AM GMT:ERROR:url_loader.cc(131)] Network error: net::ERR_INTERNET_DISCONNECTED
[Oct 27, 2025 9:33:05.4 AM GMT:ERROR:get_publisher.cc(169)] Unexpected HTTP status: -1
[Oct 27, 2025 9:33:05.4 AM GMT:ERROR:url_loader.cc(131)] Network error: net::ERR_INTERNET_DISCONNECTED
[Oct 27, 2025 9:33:05.4 AM GMT:ERROR:get_publisher.cc(169)] Unexpected HTTP status: -1
[Oct 27, 2025 9:33:05.4 AM GMT:ERROR:url_loader.cc(131)] Network error: net::ERR_INTERNET_DISCONNECTED
[Oct 27, 2025 9:33:05.4 AM GMT:ERROR:get_publisher.cc(169)] Unexpected HTTP status: -1
[Oct 27, 2025 9:33:05.4 AM GMT:ERROR:url_loader.cc(131)] Network error: net::ERR_INTERNET_DISCONNECTED
[Oct 27, 2025 9:33:05.4 AM GMT:ERROR:get_publisher.cc(169)] Unexpected HTTP status: -1
[Oct 27, 2025 9:33:05.4 AM GMT:ERROR:url_loader.cc(131)] Network error: net::ERR_INTERNET_DISCONNECTED
[Oct 27, 2025 9:33:05.4 AM GMT:ERROR:get_publisher.cc(169)] Unexpected HTTP status: -1
[Oct 27, 2025 9:33:05.4 AM GMT:ERROR:url_loader.cc(131)] Network error: net::ERR_INTERNET_DISCONNECTED
[Oct 27, 2025 9:33:05.4 AM GMT:ERROR:get_publisher.cc(169)] Unexpected HTTP status: -1
[Oct 27, 2025 9:33:05.4 AM GMT:ERROR:url_loader.cc(131)] Network error: net::ERR_INTERNET_DISCONNECTED
[Oct 27, 2025 9:33:05.4 AM GMT:ERROR:get_publisher.cc(169)] Unexpected HTTP status: -1
[Oct 27, 2025 9:33:05.4 AM GMT:ERROR:url_loader.cc(131)] Network error: net::ERR_INTERNET_DISCONNECTED
[Oct 27, 2025 9:33:05.4 AM GMT:ERROR:get_publisher.cc(169)] Unexpected HTTP status: -1
[Oct 27, 2025 9:33:05.4 AM GMT:ERROR:url_loader.cc(131)] Network error: net::ERR_INTERNET_DISCONNECTED
[Oct 27, 2025 9:33:05.4 AM GMT:ERROR:get_publisher.cc(169)] Unexpected HTTP status: -1
[Oct 27, 2025 9:33:05.4 AM GMT:ERROR:url_loader.cc(131)] Network error: net::ERR_INTERNET_DISCONNECTED
[Oct 27, 2025 9:33:05.4 AM GMT:ERROR:get_publisher.cc(169)] Unexpected HTTP status: -1
[Oct 27, 2025 9:33:05.4 AM GMT:ERROR:url_loader.cc(131)] Network error: net::ERR_INTERNET_DISCONNECTED
[Oct 27, 2025 9:33:05.4 AM GMT:ERROR:get_publisher.cc(169)] Unexpected HTTP status: -1
[Oct 27, 2025 9:33:05.4 AM GMT:ERROR:url_loader.cc(131)] Network error: net::ERR_INTERNET_DISCONNECTED
[Oct 27, 2025 9:33:05.4 AM GMT:ERROR:get_publisher.cc(169)] Unexpected HTTP status: -1
[Oct 27, 2025 9:33:05.4 AM GMT:ERROR:url_loader.cc(131)] Network error: net::ERR_INTERNET_DISCONNECTED
[Oct 27, 2025 9:33:05.4 AM GMT:ERROR:get_publisher.cc(169)] Unexpected HTTP status: -1
[Oct 27, 2025 9:33:05.4 AM GMT:ERROR:url_loader.cc(131)] Network error: net::ERR_INTERNET_DISCONNECTED
[Oct 27, 2025 9:33:05.4 AM GMT:ERROR:get_publisher.cc(169)] Unexpected HTTP status: -1
[Oct 27, 2025 9:33:05.4 AM GMT:ERROR:url_loader.cc(131)] Network error: net::ERR_INTERNET_DISCONNECTED
[Oct 27, 2025 9:33:05.4 AM GMT:ERROR:get_publisher.cc(169)] Unexpected HTTP status: -1
[Oct 27, 2025 9:33:05.4 AM GMT:ERROR:url_loader.cc(131)] Network error: net::ERR_INTERNET_DISCONNECTED
[Oct 27, 2025 9:33:05.4 AM GMT:ERROR:get_publisher.cc(169)] Unexpected HTTP status: -1
[Oct 27, 2025 9:33:05.4 AM GMT:ERROR:url_loader.cc(131)] Network error: net::ERR_INTERNET_DISCONNECTED
[Oct 27, 2025 9:33:05.4 AM GMT:ERROR:get_publisher.cc(169)] Unexpected HTTP status: -1
[Oct 27, 2025 9:33:05.4 AM GMT:ERROR:url_loader.cc(131)] Network error: net::ERR_INTERNET_DISCONNECTED
[Oct 27, 2025 9:33:05.4 AM GMT:ERROR:get_publisher.cc(169)] Unexpected HTTP status: -1
[Oct 27, 2025 9:33:05.4 AM GMT:ERROR:url_loader.cc(131)] Network error: net::ERR_INTERNET_DISCONNECTED
[Oct 27, 2025 9:33:05.4 AM GMT:ERROR:get_publisher.cc(169)] Unexpected HTTP status: -1
[Oct 27, 2025 9:33:05.4 AM GMT:ERROR:url_loader.cc(131)] Network error: net::ERR_INTERNET_DISCONNECTED
[Oct 27, 2025 9:33:05.4 AM GMT:ERROR:get_publisher.cc(169)] Unexpected HTTP status: -1
[Oct 27, 2025 9:33:05.4 AM GMT:ERROR:url_loader.cc(131)] Network error: net::ERR_INTERNET_DISCONNECTED
[Oct 27, 2025 9:33:05.4 AM GMT:ERROR:get_publisher.cc(169)] Unexpected HTTP status: -1
[Oct 27, 2025 9:33:05.4 AM GMT:ERROR:url_loader.cc(131)] Network error: net::ERR_INTERNET_DISCONNECTED
[Oct 27, 2025 9:33:05.4 AM GMT:ERROR:get_publisher.cc(169)] Unexpected HTTP status: -1
[Oct 27, 2025 9:33:05.4 AM GMT:ERROR:url_loader.cc(131)] Network error: net::ERR_INTERNET_DISCONNECTED
[Oct 27, 2025 9:33:05.4 AM GMT:ERROR:get_publisher.cc(169)] Unexpected HTTP status: -1
[Oct 27, 2025 9:33:05.5 AM GMT:ERROR:url_loader.cc(131)] Network error: net::ERR_INTERNET_DISCONNECTED
[Oct 27, 2025 9:33:05.5 AM GMT:ERROR:get_publisher.cc(169)] Unexpected HTTP status: -1
[Oct 27, 2025 9:33:05.5 AM GMT:ERROR:url_loader.cc(131)] Network error: net::ERR_INTERNET_DISCONNECTED
[Oct 27, 2025 9:33:05.5 AM GMT:ERROR:get_publisher.cc(169)] Unexpected HTTP status: -1
[Oct 27, 2025 9:33:05.5 AM GMT:ERROR:url_loader.cc(131)] Network error: net::ERR_INTERNET_DISCONNECTED
[Oct 27, 2025 9:33:05.5 AM GMT:ERROR:get_publisher.cc(169)] Unexpected HTTP status: -1
[Oct 27, 2025 9:33:05.5 AM GMT:ERROR:url_loader.cc(131)] Network error: net::ERR_INTERNET_DISCONNECTED
[Oct 27, 2025 9:33:05.5 AM GMT:ERROR:get_publisher.cc(169)] Unexpected HTTP status: -1
[Oct 27, 2025 9:33:05.5 AM GMT:ERROR:url_loader.cc(131)] Network error: net::ERR_INTERNET_DISCONNECTED
[Oct 27, 2025 9:33:05.5 AM GMT:ERROR:get_publisher.cc(169)] Unexpected HTTP status: -1
[Oct 27, 2025 9:33:05.5 AM GMT:ERROR:url_loader.cc(131)] Network error: net::ERR_INTERNET_DISCONNECTED
[Oct 27, 2025 9:33:05.5 AM GMT:ERROR:get_publisher.cc(169)] Unexpected HTTP status: -1
[Oct 27, 2025 9:33:05.5 AM GMT:ERROR:url_loader.cc(131)] Network error: net::ERR_INTERNET_DISCONNECTED
[Oct 27, 2025 9:33:05.5 AM GMT:ERROR:get_publisher.cc(169)] Unexpected HTTP status: -1
[Oct 27, 2025 9:33:05.5 AM GMT:ERROR:url_loader.cc(131)] Network error: net::ERR_INTERNET_DISCONNECTED
[Oct 27, 2025 9:33:05.5 AM GMT:ERROR:get_publisher.cc(169)] Unexpected HTTP status: -1
[Oct 27, 2025 9:33:05.5 AM GMT:ERROR:url_loader.cc(131)] Network error: net::ERR_INTERNET_DISCONNECTED
[Oct 27, 2025 9:33:05.5 AM GMT:ERROR:get_publisher.cc(169)] Unexpected HTTP status: -1
[Oct 27, 2025 9:33:05.5 AM GMT:ERROR:url_loader.cc(131)] Network error: net::ERR_INTERNET_DISCONNECTED
[Oct 27, 2025 9:33:05.5 AM GMT:ERROR:get_publisher.cc(169)] Unexpected HTTP status: -1
[Oct 27, 2025 9:33:05.5 AM GMT:ERROR:url_loader.cc(131)] Network error: net::ERR_INTERNET_DISCONNECTED
[Oct 27, 2025 9:33:05.5 AM GMT:ERROR:get_publisher.cc(169)] Unexpected HTTP status: -1
[Oct 27, 2025 9:33:05.5 AM GMT:ERROR:url_loader.cc(131)] Network error: net::ERR_INTERNET_DISCONNECTED
[Oct 27, 2025 9:33:05.5 AM GMT:ERROR:get_publisher.cc(169)] Unexpected HTTP status: -1
[Oct 27, 2025 9:33:05.5 AM GMT:ERROR:url_loader.cc(131)] Network error: net::ERR_INTERNET_DISCONNECTED
[Oct 27, 2025 9:33:05.5 AM GMT:ERROR:get_publisher.cc(169)] Unexpected HTTP status: -1
[Oct 27, 2025 9:33:05.5 AM GMT:ERROR:url_loader.cc(131)] Network error: net::ERR_INTERNET_DISCONNECTED
[Oct 27, 2025 9:33:05.5 AM GMT:ERROR:get_publisher.cc(169)] Unexpected HTTP status: -1
[Oct 27, 2025 9:33:05.5 AM GMT:ERROR:url_loader.cc(131)] Network error: net::ERR_INTERNET_DISCONNECTED
[Oct 27, 2025 9:33:05.5 AM GMT:ERROR:get_publisher.cc(169)] Unexpected HTTP status: -1
[Oct 27, 2025 9:33:05.5 AM GMT:ERROR:url_loader.cc(131)] Network error: net::ERR_INTERNET_DISCONNECTED
[Oct 27, 2025 9:33:05.5 AM GMT:ERROR:get_publisher.cc(169)] Unexpected HTTP status: -1
[Oct 27, 2025 9:33:05.5 AM GMT:ERROR:url_loader.cc(131)] Network error: net::ERR_INTERNET_DISCONNECTED
[Oct 27, 2025 9:33:05.5 AM GMT:ERROR:get_publisher.cc(169)] Unexpected HTTP status: -1
[Oct 27, 2025 9:33:05.5 AM GMT:ERROR:url_loader.cc(131)] Network error: net::ERR_INTERNET_DISCONNECTED
[Oct 27, 2025 9:33:05.5 AM GMT:ERROR:get_publisher.cc(169)] Unexpected HTTP status: -1
[Oct 27, 2025 9:33:05.5 AM GMT:ERROR:url_loader.cc(131)] Network error: net::ERR_INTERNET_DISCONNECTED
[Oct 27, 2025 9:33:05.5 AM GMT:ERROR:get_publisher.cc(169)] Unexpected HTTP status: -1
[Oct 27, 2025 9:33:05.5 AM GMT:ERROR:url_loader.cc(131)] Network error: net::ERR_INTERNET_DISCONNECTED
[Oct 27, 2025 9:33:05.5 AM GMT:ERROR:get_publisher.cc(169)] Unexpected HTTP status: -1
[Oct 27, 2025 9:33:05.5 AM GMT:ERROR:url_loader.cc(131)] Network error: net::ERR_INTERNET_DISCONNECTED
[Oct 27, 2025 9:33:05.5 AM GMT:ERROR:get_publisher.cc(169)] Unexpected HTTP status: -1
[Oct 27, 2025 9:33:05.5 AM GMT:ERROR:url_loader.cc(131)] Network error: net::ERR_INTERNET_DISCONNECTED
[Oct 27, 2025 9:33:05.5 AM GMT:ERROR:get_publisher.cc(169)] Unexpected HTTP status: -1
[Oct 27, 2025 9:33:05.5 AM GMT:ERROR:url_loader.cc(131)] Network error: net::ERR_INTERNET_DISCONNECTED
[Oct 27, 2025 9:33:05.5 AM GMT:ERROR:get_publisher.cc(169)] Unexpected HTTP status: -1
[Oct 27, 2025 9:33:05.5 AM GMT:ERROR:url_loader.cc(131)] Network error: net::ERR_INTERNET_DISCONNECTED
[Oct 27, 2025 9:33:05.5 AM GMT:ERROR:get_publisher.cc(169)] Unexpected HTTP status: -1
[Oct 27, 2025 9:33:05.5 AM GMT:ERROR:url_loader.cc(131)] Network error: net::ERR_INTERNET_DISCONNECTED
[Oct 27, 2025 9:33:05.5 AM GMT:ERROR:get_publisher.cc(169)] Unexpected HTTP status: -1
[Oct 27, 2025 9:33:05.5 AM GMT:ERROR:url_loader.cc(131)] Network error: net::ERR_INTERNET_DISCONNECTED
[Oct 27, 2025 9:33:05.5 AM GMT:ERROR:get_publisher.cc(169)] Unexpected HTTP status: -1
[Oct 27, 2025 9:33:05.5 AM GMT:ERROR:url_loader.cc(131)] Network error: net::ERR_INTERNET_DISCONNECTED
[Oct 27, 2025 9:33:05.5 AM GMT:ERROR:get_publisher.cc(169)] Unexpected HTTP status: -1
[Oct 27, 2025 9:33:05.5 AM GMT:ERROR:url_loader.cc(131)] Network error: net::ERR_INTERNET_DISCONNECTED
[Oct 27, 2025 9:33:05.5 AM GMT:ERROR:get_publisher.cc(169)] Unexpected HTTP status: -1
[Oct 27, 2025 9:33:05.5 AM GMT:ERROR:url_loader.cc(131)] Network error: net::ERR_INTERNET_DISCONNECTED
[Oct 27, 2025 9:33:05.5 AM GMT:ERROR:get_publisher.cc(169)] Unexpected HTTP status: -1
[Oct 27, 2025 9:33:05.5 AM GMT:ERROR:url_loader.cc(131)] Network error: net::ERR_INTERNET_DISCONNECTED
[Oct 27, 2025 9:33:05.5 AM GMT:ERROR:get_publisher.cc(169)] Unexpected HTTP status: -1
[Oct 27, 2025 9:33:05.5 AM GMT:ERROR:url_loader.cc(131)] Network error: net::ERR_INTERNET_DISCONNECTED
[Oct 27, 2025 9:33:05.5 AM GMT:ERROR:get_publisher.cc(169)] Unexpected HTTP status: -1
[Oct 27, 2025 9:33:05.5 AM GMT:ERROR:url_loader.cc(131)] Network error: net::ERR_INTERNET_DISCONNECTED
[Oct 27, 2025 9:33:05.5 AM GMT:ERROR:get_publisher.cc(169)] Unexpected HTTP status: -1
[Oct 27, 2025 9:33:05.5 AM GMT:ERROR:url_loader.cc(131)] Network error: net::ERR_INTERNET_DISCONNECTED
[Oct 27, 2025 9:33:05.5 AM GMT:ERROR:get_publisher.cc(169)] Unexpected HTTP status: -1
[Oct 27, 2025 9:33:05.5 AM GMT:ERROR:url_loader.cc(131)] Network error: net::ERR_INTERNET_DISCONNECTED
[Oct 27, 2025 9:33:05.5 AM GMT:ERROR:get_publisher.cc(169)] Unexpected HTTP status: -1
[Oct 27, 2025 9:33:05.5 AM GMT:ERROR:url_loader.cc(131)] Network error: net::ERR_INTERNET_DISCONNECTED
[Oct 27, 2025 9:33:05.5 AM GMT:ERROR:get_publisher.cc(169)] Unexpected HTTP status: -1
[Oct 27, 2025 9:33:05.5 AM GMT:ERROR:url_loader.cc(131)] Network error: net::ERR_INTERNET_DISCONNECTED
[Oct 27, 2025 9:33:05.5 AM GMT:ERROR:get_publisher.cc(169)] Unexpected HTTP status: -1
[Oct 27, 2025 9:33:05.5 AM GMT:ERROR:url_loader.cc(131)] Network error: net::ERR_INTERNET_DISCONNECTED
[Oct 27, 2025 9:33:05.5 AM GMT:ERROR:get_publisher.cc(169)] Unexpected HTTP status: -1
[Oct 27, 2025 9:33:05.5 AM GMT:ERROR:url_loader.cc(131)] Network error: net::ERR_INTERNET_DISCONNECTED
[Oct 27, 2025 9:33:05.5 AM GMT:ERROR:get_publisher.cc(169)] Unexpected HTTP status: -1
[Oct 27, 2025 9:33:05.5 AM GMT:ERROR:url_loader.cc(131)] Network error: net::ERR_INTERNET_DISCONNECTED
[Oct 27, 2025 9:33:05.5 AM GMT:ERROR:get_publisher.cc(169)] Unexpected HTTP status: -1
[Oct 27, 2025 9:33:05.5 AM GMT:ERROR:url_loader.cc(131)] Network error: net::ERR_INTERNET_DISCONNECTED
[Oct 27, 2025 9:33:05.5 AM GMT:ERROR:get_publisher.cc(169)] Unexpected HTTP status: -1
[Oct 27, 2025 9:33:05.5 AM GMT:ERROR:url_loader.cc(131)] Network error: net::ERR_INTERNET_DISCONNECTED
[Oct 27, 2025 9:33:05.5 AM GMT:ERROR:get_publisher.cc(169)] Unexpected HTTP status: -1
[Oct 27, 2025 9:33:05.5 AM GMT:ERROR:url_loader.cc(131)] Network error: net::ERR_INTERNET_DISCONNECTED
[Oct 27, 2025 9:33:05.5 AM GMT:ERROR:get_publisher.cc(169)] Unexpected HTTP status: -1
[Oct 27, 2025 9:33:05.5 AM GMT:ERROR:url_loader.cc(131)] Network error: net::ERR_INTERNET_DISCONNECTED
[Oct 27, 2025 9:33:05.5 AM GMT:ERROR:get_publisher.cc(169)] Unexpected HTTP status: -1
[Oct 27, 2025 9:33:05.5 AM GMT:ERROR:url_loader.cc(131)] Network error: net::ERR_INTERNET_DISCONNECTED
[Oct 27, 2025 9:33:05.5 AM GMT:ERROR:get_publisher.cc(169)] Unexpected HTTP status: -1
[Oct 27, 2025 9:33:05.5 AM GMT:ERROR:url_loader.cc(131)] Network error: net::ERR_INTERNET_DISCONNECTED
[Oct 27, 2025 9:33:05.5 AM GMT:ERROR:get_publisher.cc(169)] Unexpected HTTP status: -1
[Oct 27, 2025 9:33:05.5 AM GMT:ERROR:url_loader.cc(131)] Network error: net::ERR_INTERNET_DISCONNECTED
[Oct 27, 2025 9:33:05.5 AM GMT:ERROR:get_publisher.cc(169)] Unexpected HTTP status: -1
[Oct 27, 2025 9:33:05.5 AM GMT:ERROR:url_loader.cc(131)] Network error: net::ERR_INTERNET_DISCONNECTED
[Oct 27, 2025 9:33:05.5 AM GMT:ERROR:get_publisher.cc(169)] Unexpected HTTP status: -1
[Oct 27, 2025 9:33:05.5 AM GMT:ERROR:url_loader.cc(131)] Network error: net::ERR_INTERNET_DISCONNECTED
[Oct 27, 2025 9:33:05.5 AM GMT:ERROR:get_publisher.cc(169)] Unexpected HTTP status: -1
[Oct 27, 2025 9:33:05.5 AM GMT:ERROR:url_loader.cc(131)] Network error: net::ERR_INTERNET_DISCONNECTED
[Oct 27, 2025 9:33:05.5 AM GMT:ERROR:get_publisher.cc(169)] Unexpected HTTP status: -1
[Oct 27, 2025 9:33:05.5 AM GMT:ERROR:url_loader.cc(131)] Network error: net::ERR_INTERNET_DISCONNECTED
[Oct 27, 2025 9:33:05.5 AM GMT:ERROR:get_publisher.cc(169)] Unexpected HTTP status: -1
[Oct 27, 2025 9:33:05.5 AM GMT:ERROR:url_loader.cc(131)] Network error: net::ERR_INTERNET_DISCONNECTED
[Oct 27, 2025 9:33:05.5 AM GMT:ERROR:get_publisher.cc(169)] Unexpected HTTP status: -1
[Oct 27, 2025 9:33:05.5 AM GMT:ERROR:url_loader.cc(131)] Network error: net::ERR_INTERNET_DISCONNECTED
[Oct 27, 2025 9:33:05.5 AM GMT:ERROR:get_publisher.cc(169)] Unexpected HTTP status: -1
[Oct 27, 2025 9:33:05.5 AM GMT:ERROR:url_loader.cc(131)] Network error: net::ERR_INTERNET_DISCONNECTED
[Oct 27, 2025 9:33:05.5 AM GMT:ERROR:get_publisher.cc(169)] Unexpected HTTP status: -1
[Oct 27, 2025 9:33:05.5 AM GMT:ERROR:url_loader.cc(131)] Network error: net::ERR_INTERNET_DISCONNECTED
[Oct 27, 2025 9:33:05.5 AM GMT:ERROR:get_publisher.cc(169)] Unexpected HTTP status: -1
[Oct 27, 2025 9:33:05.5 AM GMT:ERROR:url_loader.cc(131)] Network error: net::ERR_INTERNET_DISCONNECTED
[Oct 27, 2025 9:33:05.5 AM GMT:ERROR:get_publisher.cc(169)] Unexpected HTTP status: -1
[Oct 27, 2025 9:33:05.5 AM GMT:ERROR:url_loader.cc(131)] Network error: net::ERR_INTERNET_DISCONNECTED
[Oct 27, 2025 9:33:05.5 AM GMT:ERROR:get_publisher.cc(169)] Unexpected HTTP status: -1
[Oct 27, 2025 9:33:05.5 AM GMT:ERROR:url_loader.cc(131)] Network error: net::ERR_INTERNET_DISCONNECTED
[Oct 27, 2025 9:33:05.5 AM GMT:ERROR:get_publisher.cc(169)] Unexpected HTTP status: -1
[Oct 27, 2025 9:33:05.5 AM GMT:ERROR:url_loader.cc(131)] Network error: net::ERR_INTERNET_DISCONNECTED
[Oct 27, 2025 9:33:05.5 AM GMT:ERROR:get_publisher.cc(169)] Unexpected HTTP status: -1
[Oct 27, 2025 9:33:05.5 AM GMT:ERROR:url_loader.cc(131)] Network error: net::ERR_INTERNET_DISCONNECTED
[Oct 27, 2025 9:33:05.5 AM GMT:ERROR:get_publisher.cc(169)] Unexpected HTTP status: -1
[Oct 27, 2025 9:33:05.5 AM GMT:ERROR:url_loader.cc(131)] Network error: net::ERR_INTERNET_DISCONNECTED
[Oct 27, 2025 9:33:05.5 AM GMT:ERROR:get_publisher.cc(169)] Unexpected HTTP status: -1
[Oct 27, 2025 9:33:05.5 AM GMT:ERROR:url_loader.cc(131)] Network error: net::ERR_INTERNET_DISCONNECTED
[Oct 27, 2025 9:33:05.5 AM GMT:ERROR:get_publisher.cc(169)] Unexpected HTTP status: -1
[Oct 27, 2025 9:33:05.5 AM GMT:ERROR:url_loader.cc(131)] Network error: net::ERR_INTERNET_DISCONNECTED
[Oct 27, 2025 9:33:05.5 AM GMT:ERROR:get_publisher.cc(169)] Unexpected HTTP status: -1
[Oct 27, 2025 9:33:05.5 AM GMT:ERROR:url_loader.cc(131)] Network error: net::ERR_INTERNET_DISCONNECTED
[Oct 27, 2025 9:33:05.5 AM GMT:ERROR:get_publisher.cc(169)] Unexpected HTTP status: -1
[Oct 27, 2025 9:33:05.5 AM GMT:ERROR:url_loader.cc(131)] Network error: net::ERR_INTERNET_DISCONNECTED
[Oct 27, 2025 9:33:05.5 AM GMT:ERROR:get_publisher.cc(169)] Unexpected HTTP status: -1
[Oct 27, 2025 9:33:05.6 AM GMT:ERROR:url_loader.cc(131)] Network error: net::ERR_INTERNET_DISCONNECTED
[Oct 27, 2025 9:33:05.6 AM GMT:ERROR:get_publisher.cc(169)] Unexpected HTTP status: -1
[Oct 27, 2025 9:33:05.6 AM GMT:ERROR:url_loader.cc(131)] Network error: net::ERR_INTERNET_DISCONNECTED
[Oct 27, 2025 9:33:05.6 AM GMT:ERROR:get_publisher.cc(169)] Unexpected HTTP status: -1
[Oct 27, 2025 9:33:05.6 AM GMT:ERROR:url_loader.cc(131)] Network error: net::ERR_INTERNET_DISCONNECTED
[Oct 27, 2025 9:33:05.6 AM GMT:ERROR:get_publisher.cc(169)] Unexpected HTTP status: -1
[Oct 27, 2025 9:33:05.6 AM GMT:ERROR:url_loader.cc(131)] Network error: net::ERR_INTERNET_DISCONNECTED
[Oct 27, 2025 9:33:05.6 AM GMT:ERROR:get_publisher.cc(169)] Unexpected HTTP status: -1
[Oct 27, 2025 9:33:05.6 AM GMT:ERROR:url_loader.cc(131)] Network error: net::ERR_INTERNET_DISCONNECTED
[Oct 27, 2025 9:33:05.6 AM GMT:ERROR:get_publisher.cc(169)] Unexpected HTTP status: -1
[Oct 27, 2025 9:33:05.6 AM GMT:ERROR:url_loader.cc(131)] Network error: net::ERR_INTERNET_DISCONNECTED
[Oct 27, 2025 9:33:05.6 AM GMT:ERROR:get_publisher.cc(169)] Unexpected HTTP status: -1
[Oct 27, 2025 9:33:05.6 AM GMT:ERROR:url_loader.cc(131)] Network error: net::ERR_INTERNET_DISCONNECTED
[Oct 27, 2025 9:33:05.6 AM GMT:ERROR:get_publisher.cc(169)] Unexpected HTTP status: -1
[Oct 27, 2025 9:33:05.6 AM GMT:ERROR:url_loader.cc(131)] Network error: net::ERR_INTERNET_DISCONNECTED
[Oct 27, 2025 9:33:05.6 AM GMT:ERROR:get_publisher.cc(169)] Unexpected HTTP status: -1
[Oct 27, 2025 9:33:05.6 AM GMT:ERROR:url_loader.cc(131)] Network error: net::ERR_INTERNET_DISCONNECTED
[Oct 27, 2025 9:33:05.6 AM GMT:ERROR:get_publisher.cc(169)] Unexpected HTTP status: -1
[Oct 27, 2025 9:33:05.6 AM GMT:ERROR:url_loader.cc(131)] Network error: net::ERR_INTERNET_DISCONNECTED
[Oct 27, 2025 9:33:05.6 AM GMT:ERROR:get_publisher.cc(169)] Unexpected HTTP status: -1
[Oct 27, 2025 9:33:05.6 AM GMT:ERROR:url_loader.cc(131)] Network error: net::ERR_INTERNET_DISCONNECTED
[Oct 27, 2025 9:33:05.6 AM GMT:ERROR:get_publisher.cc(169)] Unexpected HTTP status: -1
[Oct 27, 2025 9:33:05.6 AM GMT:ERROR:url_loader.cc(131)] Network error: net::ERR_INTERNET_DISCONNECTED
[Oct 27, 2025 9:33:05.6 AM GMT:ERROR:get_publisher.cc(169)] Unexpected HTTP status: -1
[Oct 27, 2025 9:33:05.6 AM GMT:ERROR:url_loader.cc(131)] Network error: net::ERR_INTERNET_DISCONNECTED
[Oct 27, 2025 9:33:05.6 AM GMT:ERROR:get_publisher.cc(169)] Unexpected HTTP status: -1
[Oct 27, 2025 9:33:05.6 AM GMT:ERROR:url_loader.cc(131)] Network error: net::ERR_INTERNET_DISCONNECTED
[Oct 27, 2025 9:33:05.6 AM GMT:ERROR:get_publisher.cc(169)] Unexpected HTTP status: -1
[Oct 27, 2025 9:33:05.6 AM GMT:ERROR:url_loader.cc(131)] Network error: net::ERR_INTERNET_DISCONNECTED
[Oct 27, 2025 9:33:05.6 AM GMT:ERROR:get_publisher.cc(169)] Unexpected HTTP status: -1
[Oct 27, 2025 9:33:05.6 AM GMT:ERROR:url_loader.cc(131)] Network error: net::ERR_INTERNET_DISCONNECTED
[Oct 27, 2025 9:33:05.6 AM GMT:ERROR:get_publisher.cc(169)] Unexpected HTTP status: -1
[Oct 27, 2025 9:33:05.6 AM GMT:ERROR:url_loader.cc(131)] Network error: net::ERR_INTERNET_DISCONNECTED
[Oct 27, 2025 9:33:05.6 AM GMT:ERROR:get_publisher.cc(169)] Unexpected HTTP status: -1
[Oct 27, 2025 9:33:05.6 AM GMT:ERROR:url_loader.cc(131)] Network error: net::ERR_INTERNET_DISCONNECTED
[Oct 27, 2025 9:33:05.6 AM GMT:ERROR:get_publisher.cc(169)] Unexpected HTTP status: -1
[Oct 27, 2025 9:33:05.6 AM GMT:ERROR:url_loader.cc(131)] Network error: net::ERR_INTERNET_DISCONNECTED
[Oct 27, 2025 9:33:05.6 AM GMT:ERROR:get_publisher.cc(169)] Unexpected HTTP status: -1
[Oct 27, 2025 9:33:05.6 AM GMT:ERROR:url_loader.cc(131)] Network error: net::ERR_INTERNET_DISCONNECTED
[Oct 27, 2025 9:33:05.6 AM GMT:ERROR:get_publisher.cc(169)] Unexpected HTTP status: -1
[Oct 27, 2025 9:33:05.6 AM GMT:ERROR:url_loader.cc(131)] Network error: net::ERR_INTERNET_DISCONNECTED
[Oct 27, 2025 9:33:05.6 AM GMT:ERROR:get_publisher.cc(169)] Unexpected HTTP status: -1
[Oct 27, 2025 9:33:05.6 AM GMT:ERROR:url_loader.cc(131)] Network error: net::ERR_INTERNET_DISCONNECTED
[Oct 27, 2025 9:33:05.6 AM GMT:ERROR:get_publisher.cc(169)] Unexpected HTTP status: -1
[Oct 27, 2025 9:33:05.6 AM GMT:ERROR:url_loader.cc(131)] Network error: net::ERR_INTERNET_DISCONNECTED
[Oct 27, 2025 9:33:05.6 AM GMT:ERROR:get_publisher.cc(169)] Unexpected HTTP status: -1
[Oct 27, 2025 9:33:05.6 AM GMT:ERROR:url_loader.cc(131)] Network error: net::ERR_INTERNET_DISCONNECTED
[Oct 27, 2025 9:33:05.6 AM GMT:ERROR:get_publisher.cc(169)] Unexpected HTTP status: -1
[Oct 27, 2025 9:33:05.6 AM GMT:ERROR:url_loader.cc(131)] Network error: net::ERR_INTERNET_DISCONNECTED
[Oct 27, 2025 9:33:05.6 AM GMT:ERROR:get_publisher.cc(169)] Unexpected HTTP status: -1
[Oct 27, 2025 9:33:05.6 AM GMT:ERROR:url_loader.cc(131)] Network error: net::ERR_INTERNET_DISCONNECTED
[Oct 27, 2025 9:33:05.6 AM GMT:ERROR:get_publisher.cc(169)] Unexpected HTTP status: -1
[Oct 27, 2025 9:33:05.6 AM GMT:ERROR:url_loader.cc(131)] Network error: net::ERR_INTERNET_DISCONNECTED
[Oct 27, 2025 9:33:05.6 AM GMT:ERROR:get_publisher.cc(169)] Unexpected HTTP status: -1
[Oct 27, 2025 9:33:05.6 AM GMT:ERROR:url_loader.cc(131)] Network error: net::ERR_INTERNET_DISCONNECTED
[Oct 27, 2025 9:33:05.6 AM GMT:ERROR:get_publisher.cc(169)] Unexpected HTTP status: -1
[Oct 27, 2025 9:33:05.6 AM GMT:ERROR:url_loader.cc(131)] Network error: net::ERR_INTERNET_DISCONNECTED
[Oct 27, 2025 9:33:05.6 AM GMT:ERROR:get_publisher.cc(169)] Unexpected HTTP status: -1
[Oct 27, 2025 9:33:05.6 AM GMT:ERROR:url_loader.cc(131)] Network error: net::ERR_INTERNET_DISCONNECTED
[Oct 27, 2025 9:33:05.6 AM GMT:ERROR:get_publisher.cc(169)] Unexpected HTTP status: -1
[Oct 27, 2025 9:33:05.6 AM GMT:ERROR:url_loader.cc(131)] Network error: net::ERR_INTERNET_DISCONNECTED
[Oct 27, 2025 9:33:05.6 AM GMT:ERROR:get_publisher.cc(169)] Unexpected HTTP status: -1
[Oct 27, 2025 9:33:05.6 AM GMT:ERROR:url_loader.cc(131)] Network error: net::ERR_INTERNET_DISCONNECTED
[Oct 27, 2025 9:33:05.6 AM GMT:ERROR:get_publisher.cc(169)] Unexpected HTTP status: -1
[Oct 27, 2025 9:33:05.6 AM GMT:ERROR:url_loader.cc(131)] Network error: net::ERR_INTERNET_DISCONNECTED
[Oct 27, 2025 9:33:05.6 AM GMT:ERROR:get_publisher.cc(169)] Unexpected HTTP status: -1
[Oct 27, 2025 9:33:05.6 AM GMT:ERROR:url_loader.cc(131)] Network error: net::ERR_INTERNET_DISCONNECTED
[Oct 27, 2025 9:33:05.6 AM GMT:ERROR:get_publisher.cc(169)] Unexpected HTTP status: -1
[Oct 27, 2025 9:33:05.6 AM GMT:ERROR:url_loader.cc(131)] Network error: net::ERR_INTERNET_DISCONNECTED
[Oct 27, 2025 9:33:05.6 AM GMT:ERROR:get_publisher.cc(169)] Unexpected HTTP status: -1
[Oct 27, 2025 9:33:05.6 AM GMT:ERROR:url_loader.cc(131)] Network error: net::ERR_INTERNET_DISCONNECTED
[Oct 27, 2025 9:33:05.6 AM GMT:ERROR:get_publisher.cc(169)] Unexpected HTTP status: -1
[Oct 27, 2025 9:33:05.6 AM GMT:ERROR:url_loader.cc(131)] Network error: net::ERR_INTERNET_DISCONNECTED
[Oct 27, 2025 9:33:05.6 AM GMT:ERROR:get_publisher.cc(169)] Unexpected HTTP status: -1
[Oct 27, 2025 9:33:05.6 AM GMT:ERROR:url_loader.cc(131)] Network error: net::ERR_INTERNET_DISCONNECTED
[Oct 27, 2025 9:33:05.6 AM GMT:ERROR:get_publisher.cc(169)] Unexpected HTTP status: -1
[Oct 27, 2025 9:33:05.6 AM GMT:ERROR:url_loader.cc(131)] Network error: net::ERR_INTERNET_DISCONNECTED
[Oct 27, 2025 9:33:05.6 AM GMT:ERROR:get_publisher.cc(169)] Unexpected HTTP status: -1
[Oct 27, 2025 9:33:05.6 AM GMT:ERROR:url_loader.cc(131)] Network error: net::ERR_INTERNET_DISCONNECTED
[Oct 27, 2025 9:33:05.6 AM GMT:ERROR:get_publisher.cc(169)] Unexpected HTTP status: -1
[Oct 27, 2025 9:33:05.6 AM GMT:ERROR:url_loader.cc(131)] Network error: net::ERR_INTERNET_DISCONNECTED
[Oct 27, 2025 9:33:05.6 AM GMT:ERROR:get_publisher.cc(169)] Unexpected HTTP status: -1
[Oct 27, 2025 9:33:05.6 AM GMT:ERROR:url_loader.cc(131)] Network error: net::ERR_INTERNET_DISCONNECTED
[Oct 27, 2025 9:33:05.6 AM GMT:ERROR:get_publisher.cc(169)] Unexpected HTTP status: -1
[Oct 27, 2025 9:33:05.6 AM GMT:ERROR:url_loader.cc(131)] Network error: net::ERR_INTERNET_DISCONNECTED
[Oct 27, 2025 9:33:05.6 AM GMT:ERROR:get_publisher.cc(169)] Unexpected HTTP status: -1
[Oct 27, 2025 9:33:05.6 AM GMT:ERROR:url_loader.cc(131)] Network error: net::ERR_INTERNET_DISCONNECTED
[Oct 27, 2025 9:33:05.6 AM GMT:ERROR:get_publisher.cc(169)] Unexpected HTTP status: -1
[Oct 27, 2025 9:33:05.6 AM GMT:ERROR:url_loader.cc(131)] Network error: net::ERR_INTERNET_DISCONNECTED
[Oct 27, 2025 9:33:05.6 AM GMT:ERROR:get_publisher.cc(169)] Unexpected HTTP status: -1
[Oct 27, 2025 9:33:05.6 AM GMT:ERROR:url_loader.cc(131)] Network error: net::ERR_INTERNET_DISCONNECTED
[Oct 27, 2025 9:33:05.6 AM GMT:ERROR:get_publisher.cc(169)] Unexpected HTTP status: -1
[Oct 27, 2025 9:33:05.6 AM GMT:ERROR:url_loader.cc(131)] Network error: net::ERR_INTERNET_DISCONNECTED
[Oct 27, 2025 9:33:05.6 AM GMT:ERROR:get_publisher.cc(169)] Unexpected HTTP status: -1
[Oct 27, 2025 9:33:05.6 AM GMT:ERROR:url_loader.cc(131)] Network error: net::ERR_INTERNET_DISCONNECTED
[Oct 27, 2025 9:33:05.6 AM GMT:ERROR:get_publisher.cc(169)] Unexpected HTTP status: -1
[Oct 27, 2025 9:33:05.6 AM GMT:ERROR:url_loader.cc(131)] Network error: net::ERR_INTERNET_DISCONNECTED
[Oct 27, 2025 9:33:05.6 AM GMT:ERROR:get_publisher.cc(169)] Unexpected HTTP status: -1
[Oct 27, 2025 9:33:05.6 AM GMT:ERROR:url_loader.cc(131)] Network error: net::ERR_INTERNET_DISCONNECTED
[Oct 27, 2025 9:33:05.6 AM GMT:ERROR:get_publisher.cc(169)] Unexpected HTTP status: -1
[Oct 27, 2025 9:33:05.6 AM GMT:ERROR:url_loader.cc(131)] Network error: net::ERR_INTERNET_DISCONNECTED
[Oct 27, 2025 9:33:05.6 AM GMT:ERROR:get_publisher.cc(169)] Unexpected HTTP status: -1
[Oct 27, 2025 9:33:05.6 AM GMT:ERROR:url_loader.cc(131)] Network error: net::ERR_INTERNET_DISCONNECTED
[Oct 27, 2025 9:33:05.6 AM GMT:ERROR:get_publisher.cc(169)] Unexpected HTTP status: -1
[Oct 27, 2025 9:33:05.6 AM GMT:ERROR:url_loader.cc(131)] Network error: net::ERR_INTERNET_DISCONNECTED
[Oct 27, 2025 9:33:05.6 AM GMT:ERROR:get_publisher.cc(169)] Unexpected HTTP status: -1
[Oct 27, 2025 9:33:05.6 AM GMT:ERROR:url_loader.cc(131)] Network error: net::ERR_INTERNET_DISCONNECTED
[Oct 27, 2025 9:33:05.6 AM GMT:ERROR:get_publisher.cc(169)] Unexpected HTTP status: -1
[Oct 27, 2025 9:33:05.6 AM GMT:ERROR:url_loader.cc(131)] Network error: net::ERR_INTERNET_DISCONNECTED
[Oct 27, 2025 9:33:05.6 AM GMT:ERROR:get_publisher.cc(169)] Unexpected HTTP status: -1
[Oct 27, 2025 9:33:05.6 AM GMT:ERROR:url_loader.cc(131)] Network error: net::ERR_INTERNET_DISCONNECTED
[Oct 27, 2025 9:33:05.6 AM GMT:ERROR:get_publisher.cc(169)] Unexpected HTTP status: -1
[Oct 27, 2025 9:33:05.6 AM GMT:ERROR:url_loader.cc(131)] Network error: net::ERR_INTERNET_DISCONNECTED
[Oct 27, 2025 9:33:05.6 AM GMT:ERROR:get_publisher.cc(169)] Unexpected HTTP status: -1
[Oct 27, 2025 9:33:05.6 AM GMT:ERROR:url_loader.cc(131)] Network error: net::ERR_INTERNET_DISCONNECTED
[Oct 27, 2025 9:33:05.6 AM GMT:ERROR:get_publisher.cc(169)] Unexpected HTTP status: -1
[Oct 27, 2025 9:33:05.6 AM GMT:ERROR:url_loader.cc(131)] Network error: net::ERR_INTERNET_DISCONNECTED
[Oct 27, 2025 9:33:05.6 AM GMT:ERROR:get_publisher.cc(169)] Unexpected HTTP status: -1
[Oct 27, 2025 9:33:05.6 AM GMT:ERROR:url_loader.cc(131)] Network error: net::ERR_INTERNET_DISCONNECTED
[Oct 27, 2025 9:33:05.6 AM GMT:ERROR:get_publisher.cc(169)] Unexpected HTTP status: -1
[Oct 27, 2025 9:33:05.6 AM GMT:ERROR:url_loader.cc(131)] Network error: net::ERR_INTERNET_DISCONNECTED
[Oct 27, 2025 9:33:05.6 AM GMT:ERROR:get_publisher.cc(169)] Unexpected HTTP status: -1
[Oct 27, 2025 9:33:05.6 AM GMT:ERROR:url_loader.cc(131)] Network error: net::ERR_INTERNET_DISCONNECTED
[Oct 27, 2025 9:33:05.6 AM GMT:ERROR:get_publisher.cc(169)] Unexpected HTTP status: -1
[Oct 27, 2025 9:33:05.7 AM GMT:ERROR:url_loader.cc(131)] Network error: net::ERR_INTERNET_DISCONNECTED
[Oct 27, 2025 9:33:05.7 AM GMT:ERROR:get_publisher.cc(169)] Unexpected HTTP status: -1
[Oct 27, 2025 9:33:05.7 AM GMT:ERROR:url_loader.cc(131)] Network error: net::ERR_INTERNET_DISCONNECTED
[Oct 27, 2025 9:33:05.7 AM GMT:ERROR:get_publisher.cc(169)] Unexpected HTTP status: -1
[Oct 27, 2025 9:33:05.7 AM GMT:ERROR:url_loader.cc(131)] Network error: net::ERR_INTERNET_DISCONNECTED
[Oct 27, 2025 9:33:05.7 AM GMT:ERROR:get_publisher.cc(169)] Unexpected HTTP status: -1
[Oct 27, 2025 9:33:05.7 AM GMT:ERROR:url_loader.cc(131)] Network error: net::ERR_INTERNET_DISCONNECTED
[Oct 27, 2025 9:33:05.7 AM GMT:ERROR:get_publisher.cc(169)] Unexpected HTTP status: -1
[Oct 27, 2025 9:33:05.7 AM GMT:ERROR:url_loader.cc(131)] Network error: net::ERR_INTERNET_DISCONNECTED
[Oct 27, 2025 9:33:05.7 AM GMT:ERROR:get_publisher.cc(169)] Unexpected HTTP status: -1
[Oct 27, 2025 9:33:05.7 AM GMT:ERROR:url_loader.cc(131)] Network error: net::ERR_INTERNET_DISCONNECTED
[Oct 27, 2025 9:33:05.7 AM GMT:ERROR:get_publisher.cc(169)] Unexpected HTTP status: -1
[Oct 27, 2025 9:33:05.7 AM GMT:ERROR:url_loader.cc(131)] Network error: net::ERR_INTERNET_DISCONNECTED
[Oct 27, 2025 9:33:05.7 AM GMT:ERROR:get_publisher.cc(169)] Unexpected HTTP status: -1
[Oct 27, 2025 9:33:05.7 AM GMT:ERROR:url_loader.cc(131)] Network error: net::ERR_INTERNET_DISCONNECTED
[Oct 27, 2025 9:33:05.7 AM GMT:ERROR:get_publisher.cc(169)] Unexpected HTTP status: -1
[Oct 27, 2025 9:33:05.7 AM GMT:ERROR:url_loader.cc(131)] Network error: net::ERR_INTERNET_DISCONNECTED
[Oct 27, 2025 9:33:05.7 AM GMT:ERROR:get_publisher.cc(169)] Unexpected HTTP status: -1
[Oct 27, 2025 9:33:05.7 AM GMT:ERROR:url_loader.cc(131)] Network error: net::ERR_INTERNET_DISCONNECTED
[Oct 27, 2025 9:33:05.7 AM GMT:ERROR:get_publisher.cc(169)] Unexpected HTTP status: -1
[Oct 27, 2025 9:33:05.7 AM GMT:ERROR:url_loader.cc(131)] Network error: net::ERR_INTERNET_DISCONNECTED
[Oct 27, 2025 9:33:05.7 AM GMT:ERROR:get_publisher.cc(169)] Unexpected HTTP status: -1
[Oct 27, 2025 9:33:05.7 AM GMT:ERROR:url_loader.cc(131)] Network error: net::ERR_INTERNET_DISCONNECTED
[Oct 27, 2025 9:33:05.7 AM GMT:ERROR:get_publisher.cc(169)] Unexpected HTTP status: -1
[Oct 27, 2025 9:33:05.7 AM GMT:ERROR:url_loader.cc(131)] Network error: net::ERR_INTERNET_DISCONNECTED
[Oct 27, 2025 9:33:05.7 AM GMT:ERROR:get_publisher.cc(169)] Unexpected HTTP status: -1
[Oct 27, 2025 9:33:05.7 AM GMT:ERROR:url_loader.cc(131)] Network error: net::ERR_INTERNET_DISCONNECTED
[Oct 27, 2025 9:33:05.7 AM GMT:ERROR:get_publisher.cc(169)] Unexpected HTTP status: -1
[Oct 27, 2025 9:33:05.7 AM GMT:ERROR:url_loader.cc(131)] Network error: net::ERR_INTERNET_DISCONNECTED
[Oct 27, 2025 9:33:05.7 AM GMT:ERROR:get_publisher.cc(169)] Unexpected HTTP status: -1
[Oct 27, 2025 9:33:05.7 AM GMT:ERROR:url_loader.cc(131)] Network error: net::ERR_INTERNET_DISCONNECTED
[Oct 27, 2025 9:33:05.7 AM GMT:ERROR:get_publisher.cc(169)] Unexpected HTTP status: -1
[Oct 27, 2025 9:33:05.7 AM GMT:ERROR:url_loader.cc(131)] Network error: net::ERR_INTERNET_DISCONNECTED
[Oct 27, 2025 9:33:05.7 AM GMT:ERROR:get_publisher.cc(169)] Unexpected HTTP status: -1
[Oct 27, 2025 9:33:05.7 AM GMT:ERROR:url_loader.cc(131)] Network error: net::ERR_INTERNET_DISCONNECTED
[Oct 27, 2025 9:33:05.7 AM GMT:ERROR:get_publisher.cc(169)] Unexpected HTTP status: -1
[Oct 27, 2025 9:33:05.7 AM GMT:ERROR:url_loader.cc(131)] Network error: net::ERR_INTERNET_DISCONNECTED
[Oct 27, 2025 9:33:05.7 AM GMT:ERROR:get_publisher.cc(169)] Unexpected HTTP status: -1
[Oct 27, 2025 9:33:05.7 AM GMT:ERROR:url_loader.cc(131)] Network error: net::ERR_INTERNET_DISCONNECTED
[Oct 27, 2025 9:33:05.7 AM GMT:ERROR:get_publisher.cc(169)] Unexpected HTTP status: -1
[Oct 27, 2025 9:33:05.7 AM GMT:ERROR:url_loader.cc(131)] Network error: net::ERR_INTERNET_DISCONNECTED
[Oct 27, 2025 9:33:05.7 AM GMT:ERROR:get_publisher.cc(169)] Unexpected HTTP status: -1
[Oct 27, 2025 9:33:05.7 AM GMT:ERROR:url_loader.cc(131)] Network error: net::ERR_INTERNET_DISCONNECTED
[Oct 27, 2025 9:33:05.7 AM GMT:ERROR:get_publisher.cc(169)] Unexpected HTTP status: -1
[Oct 27, 2025 9:33:05.7 AM GMT:ERROR:url_loader.cc(131)] Network error: net::ERR_INTERNET_DISCONNECTED
[Oct 27, 2025 9:33:05.7 AM GMT:ERROR:get_publisher.cc(169)] Unexpected HTTP status: -1
[Oct 27, 2025 9:33:05.7 AM GMT:ERROR:url_loader.cc(131)] Network error: net::ERR_INTERNET_DISCONNECTED
[Oct 27, 2025 9:33:05.7 AM GMT:ERROR:get_publisher.cc(169)] Unexpected HTTP status: -1
[Oct 27, 2025 9:33:05.7 AM GMT:ERROR:url_loader.cc(131)] Network error: net::ERR_INTERNET_DISCONNECTED
[Oct 27, 2025 9:33:05.7 AM GMT:ERROR:get_publisher.cc(169)] Unexpected HTTP status: -1
[Oct 27, 2025 9:33:05.7 AM GMT:ERROR:url_loader.cc(131)] Network error: net::ERR_INTERNET_DISCONNECTED
[Oct 27, 2025 9:33:05.7 AM GMT:ERROR:get_publisher.cc(169)] Unexpected HTTP status: -1
[Oct 27, 2025 9:33:05.7 AM GMT:ERROR:url_loader.cc(131)] Network error: net::ERR_INTERNET_DISCONNECTED
[Oct 27, 2025 9:33:05.7 AM GMT:ERROR:get_publisher.cc(169)] Unexpected HTTP status: -1
[Oct 27, 2025 9:33:05.7 AM GMT:ERROR:url_loader.cc(131)] Network error: net::ERR_INTERNET_DISCONNECTED
[Oct 27, 2025 9:33:05.7 AM GMT:ERROR:get_publisher.cc(169)] Unexpected HTTP status: -1
[Oct 27, 2025 9:33:05.7 AM GMT:ERROR:url_loader.cc(131)] Network error: net::ERR_INTERNET_DISCONNECTED
[Oct 27, 2025 9:33:05.7 AM GMT:ERROR:get_publisher.cc(169)] Unexpected HTTP status: -1
[Oct 27, 2025 9:33:05.7 AM GMT:ERROR:url_loader.cc(131)] Network error: net::ERR_INTERNET_DISCONNECTED
[Oct 27, 2025 9:33:05.7 AM GMT:ERROR:get_publisher.cc(169)] Unexpected HTTP status: -1
[Oct 27, 2025 9:33:05.7 AM GMT:ERROR:url_loader.cc(131)] Network error: net::ERR_INTERNET_DISCONNECTED
[Oct 27, 2025 9:33:05.7 AM GMT:ERROR:get_publisher.cc(169)] Unexpected HTTP status: -1
[Oct 27, 2025 9:33:05.7 AM GMT:ERROR:url_loader.cc(131)] Network error: net::ERR_INTERNET_DISCONNECTED
[Oct 27, 2025 9:33:05.7 AM GMT:ERROR:get_publisher.cc(169)] Unexpected HTTP status: -1
[Oct 27, 2025 9:33:05.7 AM GMT:ERROR:url_loader.cc(131)] Network error: net::ERR_INTERNET_DISCONNECTED
[Oct 27, 2025 9:33:05.7 AM GMT:ERROR:get_publisher.cc(169)] Unexpected HTTP status: -1
[Oct 27, 2025 9:33:05.7 AM GMT:ERROR:url_loader.cc(131)] Network error: net::ERR_INTERNET_DISCONNECTED
[Oct 27, 2025 9:33:05.7 AM GMT:ERROR:get_publisher.cc(169)] Unexpected HTTP status: -1
[Oct 27, 2025 9:33:05.7 AM GMT:ERROR:url_loader.cc(131)] Network error: net::ERR_INTERNET_DISCONNECTED
[Oct 27, 2025 9:33:05.7 AM GMT:ERROR:get_publisher.cc(169)] Unexpected HTTP status: -1
[Oct 27, 2025 9:33:05.7 AM GMT:ERROR:url_loader.cc(131)] Network error: net::ERR_INTERNET_DISCONNECTED
[Oct 27, 2025 9:33:05.7 AM GMT:ERROR:get_publisher.cc(169)] Unexpected HTTP status: -1
[Oct 27, 2025 9:33:05.7 AM GMT:ERROR:url_loader.cc(131)] Network error: net::ERR_INTERNET_DISCONNECTED
[Oct 27, 2025 9:33:05.7 AM GMT:ERROR:get_publisher.cc(169)] Unexpected HTTP status: -1
[Oct 27, 2025 9:33:05.7 AM GMT:ERROR:url_loader.cc(131)] Network error: net::ERR_INTERNET_DISCONNECTED
[Oct 27, 2025 9:33:05.7 AM GMT:ERROR:get_publisher.cc(169)] Unexpected HTTP status: -1
[Oct 27, 2025 9:33:05.7 AM GMT:ERROR:url_loader.cc(131)] Network error: net::ERR_INTERNET_DISCONNECTED
[Oct 27, 2025 9:33:05.7 AM GMT:ERROR:get_publisher.cc(169)] Unexpected HTTP status: -1
[Oct 27, 2025 9:33:05.7 AM GMT:ERROR:url_loader.cc(131)] Network error: net::ERR_INTERNET_DISCONNECTED
[Oct 27, 2025 9:33:05.7 AM GMT:ERROR:get_publisher.cc(169)] Unexpected HTTP status: -1
[Oct 27, 2025 9:33:05.7 AM GMT:ERROR:url_loader.cc(131)] Network error: net::ERR_INTERNET_DISCONNECTED
[Oct 27, 2025 9:33:05.7 AM GMT:ERROR:get_publisher.cc(169)] Unexpected HTTP status: -1
[Oct 27, 2025 9:33:05.7 AM GMT:ERROR:url_loader.cc(131)] Network error: net::ERR_INTERNET_DISCONNECTED
[Oct 27, 2025 9:33:05.7 AM GMT:ERROR:get_publisher.cc(169)] Unexpected HTTP status: -1
[Oct 27, 2025 9:33:05.7 AM GMT:ERROR:url_loader.cc(131)] Network error: net::ERR_INTERNET_DISCONNECTED
[Oct 27, 2025 9:33:05.7 AM GMT:ERROR:get_publisher.cc(169)] Unexpected HTTP status: -1
[Oct 27, 2025 9:33:05.7 AM GMT:ERROR:url_loader.cc(131)] Network error: net::ERR_INTERNET_DISCONNECTED
[Oct 27, 2025 9:33:05.7 AM GMT:ERROR:get_publisher.cc(169)] Unexpected HTTP status: -1
[Oct 27, 2025 9:33:05.7 AM GMT:ERROR:url_loader.cc(131)] Network error: net::ERR_INTERNET_DISCONNECTED
[Oct 27, 2025 9:33:05.7 AM GMT:ERROR:get_publisher.cc(169)] Unexpected HTTP status: -1
[Oct 27, 2025 9:33:05.7 AM GMT:ERROR:url_loader.cc(131)] Network error: net::ERR_INTERNET_DISCONNECTED
[Oct 27, 2025 9:33:05.7 AM GMT:ERROR:get_publisher.cc(169)] Unexpected HTTP status: -1
[Oct 27, 2025 9:33:05.7 AM GMT:ERROR:url_loader.cc(131)] Network error: net::ERR_INTERNET_DISCONNECTED
[Oct 27, 2025 9:33:05.7 AM GMT:ERROR:get_publisher.cc(169)] Unexpected HTTP status: -1
[Oct 27, 2025 9:33:05.7 AM GMT:ERROR:url_loader.cc(131)] Network error: net::ERR_INTERNET_DISCONNECTED
[Oct 27, 2025 9:33:05.7 AM GMT:ERROR:get_publisher.cc(169)] Unexpected HTTP status: -1
[Oct 27, 2025 9:33:05.7 AM GMT:ERROR:url_loader.cc(131)] Network error: net::ERR_INTERNET_DISCONNECTED
[Oct 27, 2025 9:33:05.7 AM GMT:ERROR:get_publisher.cc(169)] Unexpected HTTP status: -1
[Oct 27, 2025 9:33:05.7 AM GMT:ERROR:url_loader.cc(131)] Network error: net::ERR_INTERNET_DISCONNECTED
[Oct 27, 2025 9:33:05.7 AM GMT:ERROR:get_publisher.cc(169)] Unexpected HTTP status: -1
[Oct 27, 2025 9:33:05.7 AM GMT:ERROR:url_loader.cc(131)] Network error: net::ERR_INTERNET_DISCONNECTED
[Oct 27, 2025 9:33:05.7 AM GMT:ERROR:get_publisher.cc(169)] Unexpected HTTP status: -1
[Oct 27, 2025 9:33:05.7 AM GMT:ERROR:url_loader.cc(131)] Network error: net::ERR_INTERNET_DISCONNECTED
[Oct 27, 2025 9:33:05.7 AM GMT:ERROR:get_publisher.cc(169)] Unexpected HTTP status: -1
[Oct 27, 2025 9:33:05.7 AM GMT:ERROR:url_loader.cc(131)] Network error: net::ERR_INTERNET_DISCONNECTED
[Oct 27, 2025 9:33:05.7 AM GMT:ERROR:get_publisher.cc(169)] Unexpected HTTP status: -1
[Oct 27, 2025 9:33:05.7 AM GMT:ERROR:url_loader.cc(131)] Network error: net::ERR_INTERNET_DISCONNECTED
[Oct 27, 2025 9:33:05.7 AM GMT:ERROR:get_publisher.cc(169)] Unexpected HTTP status: -1
[Oct 27, 2025 9:33:05.7 AM GMT:ERROR:url_loader.cc(131)] Network error: net::ERR_INTERNET_DISCONNECTED
[Oct 27, 2025 9:33:05.7 AM GMT:ERROR:get_publisher.cc(169)] Unexpected HTTP status: -1
[Oct 27, 2025 9:33:05.7 AM GMT:ERROR:url_loader.cc(131)] Network error: net::ERR_INTERNET_DISCONNECTED
[Oct 27, 2025 9:33:05.7 AM GMT:ERROR:get_publisher.cc(169)] Unexpected HTTP status: -1
[Oct 27, 2025 9:33:05.7 AM GMT:ERROR:url_loader.cc(131)] Network error: net::ERR_INTERNET_DISCONNECTED
[Oct 27, 2025 9:33:05.7 AM GMT:ERROR:get_publisher.cc(169)] Unexpected HTTP status: -1
[Oct 27, 2025 9:33:05.7 AM GMT:ERROR:url_loader.cc(131)] Network error: net::ERR_INTERNET_DISCONNECTED
[Oct 27, 2025 9:33:05.7 AM GMT:ERROR:get_publisher.cc(169)] Unexpected HTTP status: -1
[Oct 27, 2025 9:33:05.7 AM GMT:ERROR:url_loader.cc(131)] Network error: net::ERR_INTERNET_DISCONNECTED
[Oct 27, 2025 9:33:05.7 AM GMT:ERROR:get_publisher.cc(169)] Unexpected HTTP status: -1
[Oct 27, 2025 9:33:05.7 AM GMT:ERROR:url_loader.cc(131)] Network error: net::ERR_INTERNET_DISCONNECTED
[Oct 27, 2025 9:33:05.7 AM GMT:ERROR:get_publisher.cc(169)] Unexpected HTTP status: -1
[Oct 27, 2025 9:33:05.7 AM GMT:ERROR:url_loader.cc(131)] Network error: net::ERR_INTERNET_DISCONNECTED
[Oct 27, 2025 9:33:05.7 AM GMT:ERROR:get_publisher.cc(169)] Unexpected HTTP status: -1
[Oct 27, 2025 9:33:05.7 AM GMT:ERROR:url_loader.cc(131)] Network error: net::ERR_INTERNET_DISCONNECTED
[Oct 27, 2025 9:33:05.7 AM GMT:ERROR:get_publisher.cc(169)] Unexpected HTTP status: -1
[Oct 27, 2025 9:33:05.7 AM GMT:ERROR:url_loader.cc(131)] Network error: net::ERR_INTERNET_DISCONNECTED
[Oct 27, 2025 9:33:05.7 AM GMT:ERROR:get_publisher.cc(169)] Unexpected HTTP status: -1
[Oct 27, 2025 9:33:05.7 AM GMT:ERROR:url_loader.cc(131)] Network error: net::ERR_INTERNET_DISCONNECTED
[Oct 27, 2025 9:33:05.7 AM GMT:ERROR:get_publisher.cc(169)] Unexpected HTTP status: -1
[Oct 27, 2025 9:33:05.8 AM GMT:ERROR:url_loader.cc(131)] Network error: net::ERR_INTERNET_DISCONNECTED
[Oct 27, 2025 9:33:05.8 AM GMT:ERROR:get_publisher.cc(169)] Unexpected HTTP status: -1
[Oct 27, 2025 9:33:05.8 AM GMT:ERROR:url_loader.cc(131)] Network error: net::ERR_INTERNET_DISCONNECTED
[Oct 27, 2025 9:33:05.8 AM GMT:ERROR:get_publisher.cc(169)] Unexpected HTTP status: -1
[Oct 27, 2025 9:33:05.8 AM GMT:ERROR:url_loader.cc(131)] Network error: net::ERR_INTERNET_DISCONNECTED
[Oct 27, 2025 9:33:05.8 AM GMT:ERROR:get_publisher.cc(169)] Unexpected HTTP status: -1
[Oct 27, 2025 9:33:05.8 AM GMT:ERROR:url_loader.cc(131)] Network error: net::ERR_INTERNET_DISCONNECTED
[Oct 27, 2025 9:33:05.8 AM GMT:ERROR:get_publisher.cc(169)] Unexpected HTTP status: -1
[Oct 27, 2025 9:33:05.8 AM GMT:ERROR:url_loader.cc(131)] Network error: net::ERR_INTERNET_DISCONNECTED
[Oct 27, 2025 9:33:05.8 AM GMT:ERROR:get_publisher.cc(169)] Unexpected HTTP status: -1
[Oct 27, 2025 9:33:05.8 AM GMT:ERROR:url_loader.cc(131)] Network error: net::ERR_INTERNET_DISCONNECTED
[Oct 27, 2025 9:33:05.8 AM GMT:ERROR:get_publisher.cc(169)] Unexpected HTTP status: -1
[Oct 27, 2025 9:33:05.8 AM GMT:ERROR:url_loader.cc(131)] Network error: net::ERR_INTERNET_DISCONNECTED
[Oct 27, 2025 9:33:05.8 AM GMT:ERROR:get_publisher.cc(169)] Unexpected HTTP status: -1
[Oct 27, 2025 9:33:05.8 AM GMT:ERROR:url_loader.cc(131)] Network error: net::ERR_INTERNET_DISCONNECTED
[Oct 27, 2025 9:33:05.8 AM GMT:ERROR:get_publisher.cc(169)] Unexpected HTTP status: -1
[Oct 27, 2025 9:33:05.8 AM GMT:ERROR:url_loader.cc(131)] Network error: net::ERR_INTERNET_DISCONNECTED
[Oct 27, 2025 9:33:05.8 AM GMT:ERROR:get_publisher.cc(169)] Unexpected HTTP status: -1
[Oct 27, 2025 9:33:05.8 AM GMT:ERROR:url_loader.cc(131)] Network error: net::ERR_INTERNET_DISCONNECTED
[Oct 27, 2025 9:33:05.8 AM GMT:ERROR:get_publisher.cc(169)] Unexpected HTTP status: -1
[Oct 27, 2025 9:33:05.8 AM GMT:ERROR:url_loader.cc(131)] Network error: net::ERR_INTERNET_DISCONNECTED
[Oct 27, 2025 9:33:05.8 AM GMT:ERROR:get_publisher.cc(169)] Unexpected HTTP status: -1
[Oct 27, 2025 9:33:05.8 AM GMT:ERROR:url_loader.cc(131)] Network error: net::ERR_INTERNET_DISCONNECTED
[Oct 27, 2025 9:33:05.8 AM GMT:ERROR:get_publisher.cc(169)] Unexpected HTTP status: -1
[Oct 27, 2025 9:33:05.8 AM GMT:ERROR:url_loader.cc(131)] Network error: net::ERR_INTERNET_DISCONNECTED
[Oct 27, 2025 9:33:05.8 AM GMT:ERROR:get_publisher.cc(169)] Unexpected HTTP status: -1
[Oct 27, 2025 9:33:05.8 AM GMT:ERROR:url_loader.cc(131)] Network error: net::ERR_INTERNET_DISCONNECTED
[Oct 27, 2025 9:33:05.8 AM GMT:ERROR:get_publisher.cc(169)] Unexpected HTTP status: -1
[Oct 27, 2025 9:33:05.8 AM GMT:ERROR:url_loader.cc(131)] Network error: net::ERR_INTERNET_DISCONNECTED
[Oct 27, 2025 9:33:05.8 AM GMT:ERROR:get_publisher.cc(169)] Unexpected HTTP status: -1
[Oct 27, 2025 9:33:05.8 AM GMT:ERROR:url_loader.cc(131)] Network error: net::ERR_INTERNET_DISCONNECTED
[Oct 27, 2025 9:33:05.8 AM GMT:ERROR:get_publisher.cc(169)] Unexpected HTTP status: -1
[Oct 27, 2025 9:33:05.8 AM GMT:ERROR:url_loader.cc(131)] Network error: net::ERR_INTERNET_DISCONNECTED
[Oct 27, 2025 9:33:05.8 AM GMT:ERROR:get_publisher.cc(169)] Unexpected HTTP status: -1
[Oct 27, 2025 9:33:05.8 AM GMT:ERROR:url_loader.cc(131)] Network error: net::ERR_INTERNET_DISCONNECTED
[Oct 27, 2025 9:33:05.8 AM GMT:ERROR:get_publisher.cc(169)] Unexpected HTTP status: -1
[Oct 27, 2025 9:33:05.8 AM GMT:ERROR:url_loader.cc(131)] Network error: net::ERR_INTERNET_DISCONNECTED
[Oct 27, 2025 9:33:05.8 AM GMT:ERROR:get_publisher.cc(169)] Unexpected HTTP status: -1
[Oct 27, 2025 9:33:05.8 AM GMT:ERROR:url_loader.cc(131)] Network error: net::ERR_INTERNET_DISCONNECTED
[Oct 27, 2025 9:33:05.8 AM GMT:ERROR:get_publisher.cc(169)] Unexpected HTTP status: -1
[Oct 27, 2025 9:33:05.8 AM GMT:ERROR:url_loader.cc(131)] Network error: net::ERR_INTERNET_DISCONNECTED
[Oct 27, 2025 9:33:05.8 AM GMT:ERROR:get_publisher.cc(169)] Unexpected HTTP status: -1
[Oct 27, 2025 9:33:05.8 AM GMT:ERROR:url_loader.cc(131)] Network error: net::ERR_INTERNET_DISCONNECTED
[Oct 27, 2025 9:33:05.8 AM GMT:ERROR:get_publisher.cc(169)] Unexpected HTTP status: -1
[Oct 27, 2025 9:33:05.8 AM GMT:ERROR:url_loader.cc(131)] Network error: net::ERR_INTERNET_DISCONNECTED
[Oct 27, 2025 9:33:05.8 AM GMT:ERROR:get_publisher.cc(169)] Unexpected HTTP status: -1
[Oct 27, 2025 9:33:05.8 AM GMT:ERROR:url_loader.cc(131)] Network error: net::ERR_INTERNET_DISCONNECTED
[Oct 27, 2025 9:33:05.8 AM GMT:ERROR:get_publisher.cc(169)] Unexpected HTTP status: -1
[Oct 27, 2025 9:33:05.8 AM GMT:ERROR:url_loader.cc(131)] Network error: net::ERR_INTERNET_DISCONNECTED
[Oct 27, 2025 9:33:05.8 AM GMT:ERROR:get_publisher.cc(169)] Unexpected HTTP status: -1
[Oct 27, 2025 9:33:05.8 AM GMT:ERROR:url_loader.cc(131)] Network error: net::ERR_INTERNET_DISCONNECTED
[Oct 27, 2025 9:33:05.8 AM GMT:ERROR:get_publisher.cc(169)] Unexpected HTTP status: -1
[Oct 27, 2025 9:33:05.8 AM GMT:ERROR:url_loader.cc(131)] Network error: net::ERR_INTERNET_DISCONNECTED
[Oct 27, 2025 9:33:05.8 AM GMT:ERROR:get_publisher.cc(169)] Unexpected HTTP status: -1
[Oct 27, 2025 9:33:05.8 AM GMT:ERROR:url_loader.cc(131)] Network error: net::ERR_INTERNET_DISCONNECTED
[Oct 27, 2025 9:33:05.8 AM GMT:ERROR:get_publisher.cc(169)] Unexpected HTTP status: -1
[Oct 27, 2025 9:33:05.8 AM GMT:ERROR:url_loader.cc(131)] Network error: net::ERR_INTERNET_DISCONNECTED
[Oct 27, 2025 9:33:05.8 AM GMT:ERROR:get_publisher.cc(169)] Unexpected HTTP status: -1
[Oct 27, 2025 9:33:05.8 AM GMT:ERROR:url_loader.cc(131)] Network error: net::ERR_INTERNET_DISCONNECTED
[Oct 27, 2025 9:33:05.8 AM GMT:ERROR:get_publisher.cc(169)] Unexpected HTTP status: -1
[Oct 27, 2025 9:33:05.8 AM GMT:ERROR:url_loader.cc(131)] Network error: net::ERR_INTERNET_DISCONNECTED
[Oct 27, 2025 9:33:05.8 AM GMT:ERROR:get_publisher.cc(169)] Unexpected HTTP status: -1
[Oct 27, 2025 9:33:05.8 AM GMT:ERROR:url_loader.cc(131)] Network error: net::ERR_INTERNET_DISCONNECTED
[Oct 27, 2025 9:33:05.8 AM GMT:ERROR:get_publisher.cc(169)] Unexpected HTTP status: -1
[Oct 27, 2025 9:33:05.8 AM GMT:ERROR:url_loader.cc(131)] Network error: net::ERR_INTERNET_DISCONNECTED
[Oct 27, 2025 9:33:05.8 AM GMT:ERROR:get_publisher.cc(169)] Unexpected HTTP status: -1
[Oct 27, 2025 9:33:05.8 AM GMT:ERROR:url_loader.cc(131)] Network error: net::ERR_INTERNET_DISCONNECTED
[Oct 27, 2025 9:33:05.8 AM GMT:ERROR:get_publisher.cc(169)] Unexpected HTTP status: -1
[Oct 27, 2025 9:33:05.8 AM GMT:ERROR:url_loader.cc(131)] Network error: net::ERR_INTERNET_DISCONNECTED
[Oct 27, 2025 9:33:05.8 AM GMT:ERROR:get_publisher.cc(169)] Unexpected HTTP status: -1
[Oct 27, 2025 9:33:05.8 AM GMT:ERROR:url_loader.cc(131)] Network error: net::ERR_INTERNET_DISCONNECTED
[Oct 27, 2025 9:33:05.8 AM GMT:ERROR:get_publisher.cc(169)] Unexpected HTTP status: -1
[Oct 27, 2025 9:33:05.8 AM GMT:ERROR:url_loader.cc(131)] Network error: net::ERR_INTERNET_DISCONNECTED
[Oct 27, 2025 9:33:05.8 AM GMT:ERROR:get_publisher.cc(169)] Unexpected HTTP status: -1
[Oct 27, 2025 9:33:05.8 AM GMT:ERROR:url_loader.cc(131)] Network error: net::ERR_INTERNET_DISCONNECTED
[Oct 27, 2025 9:33:05.8 AM GMT:ERROR:get_publisher.cc(169)] Unexpected HTTP status: -1
[Oct 27, 2025 9:33:05.8 AM GMT:ERROR:url_loader.cc(131)] Network error: net::ERR_INTERNET_DISCONNECTED
[Oct 27, 2025 9:33:05.8 AM GMT:ERROR:get_publisher.cc(169)] Unexpected HTTP status: -1
[Oct 27, 2025 9:33:05.8 AM GMT:ERROR:url_loader.cc(131)] Network error: net::ERR_INTERNET_DISCONNECTED
[Oct 27, 2025 9:33:05.8 AM GMT:ERROR:get_publisher.cc(169)] Unexpected HTTP status: -1
[Oct 27, 2025 9:33:05.8 AM GMT:ERROR:url_loader.cc(131)] Network error: net::ERR_INTERNET_DISCONNECTED
[Oct 27, 2025 9:33:05.8 AM GMT:ERROR:get_publisher.cc(169)] Unexpected HTTP status: -1
[Oct 27, 2025 9:33:05.8 AM GMT:ERROR:url_loader.cc(131)] Network error: net::ERR_INTERNET_DISCONNECTED
[Oct 27, 2025 9:33:05.8 AM GMT:ERROR:get_publisher.cc(169)] Unexpected HTTP status: -1
[Oct 27, 2025 9:33:05.8 AM GMT:ERROR:url_loader.cc(131)] Network error: net::ERR_INTERNET_DISCONNECTED
[Oct 27, 2025 9:33:05.8 AM GMT:ERROR:get_publisher.cc(169)] Unexpected HTTP status: -1
[Oct 27, 2025 9:33:05.8 AM GMT:ERROR:url_loader.cc(131)] Network error: net::ERR_INTERNET_DISCONNECTED
[Oct 27, 2025 9:33:05.8 AM GMT:ERROR:get_publisher.cc(169)] Unexpected HTTP status: -1
[Oct 27, 2025 9:33:05.8 AM GMT:ERROR:url_loader.cc(131)] Network error: net::ERR_INTERNET_DISCONNECTED
[Oct 27, 2025 9:33:05.8 AM GMT:ERROR:get_publisher.cc(169)] Unexpected HTTP status: -1
[Oct 27, 2025 9:33:05.8 AM GMT:ERROR:url_loader.cc(131)] Network error: net::ERR_INTERNET_DISCONNECTED
[Oct 27, 2025 9:33:05.8 AM GMT:ERROR:get_publisher.cc(169)] Unexpected HTTP status: -1
[Oct 27, 2025 9:33:05.8 AM GMT:ERROR:url_loader.cc(131)] Network error: net::ERR_INTERNET_DISCONNECTED
[Oct 27, 2025 9:33:05.8 AM GMT:ERROR:get_publisher.cc(169)] Unexpected HTTP status: -1
[Oct 27, 2025 9:33:05.8 AM GMT:ERROR:url_loader.cc(131)] Network error: net::ERR_INTERNET_DISCONNECTED
[Oct 27, 2025 9:33:05.8 AM GMT:ERROR:get_publisher.cc(169)] Unexpected HTTP status: -1
[Oct 27, 2025 9:33:05.8 AM GMT:ERROR:url_loader.cc(131)] Network error: net::ERR_INTERNET_DISCONNECTED
[Oct 27, 2025 9:33:05.8 AM GMT:ERROR:get_publisher.cc(169)] Unexpected HTTP status: -1
[Oct 27, 2025 9:33:05.8 AM GMT:ERROR:url_loader.cc(131)] Network error: net::ERR_INTERNET_DISCONNECTED
[Oct 27, 2025 9:33:05.8 AM GMT:ERROR:get_publisher.cc(169)] Unexpected HTTP status: -1
[Oct 27, 2025 9:33:05.8 AM GMT:ERROR:url_loader.cc(131)] Network error: net::ERR_INTERNET_DISCONNECTED
[Oct 27, 2025 9:33:05.8 AM GMT:ERROR:get_publisher.cc(169)] Unexpected HTTP status: -1
[Oct 27, 2025 9:33:05.8 AM GMT:ERROR:url_loader.cc(131)] Network error: net::ERR_INTERNET_DISCONNECTED
[Oct 27, 2025 9:33:05.8 AM GMT:ERROR:get_publisher.cc(169)] Unexpected HTTP status: -1
[Oct 27, 2025 9:33:05.8 AM GMT:ERROR:url_loader.cc(131)] Network error: net::ERR_INTERNET_DISCONNECTED
[Oct 27, 2025 9:33:05.8 AM GMT:ERROR:get_publisher.cc(169)] Unexpected HTTP status: -1
[Oct 27, 2025 9:33:05.8 AM GMT:ERROR:url_loader.cc(131)] Network error: net::ERR_INTERNET_DISCONNECTED
[Oct 27, 2025 9:33:05.8 AM GMT:ERROR:get_publisher.cc(169)] Unexpected HTTP status: -1
[Oct 27, 2025 9:33:05.8 AM GMT:ERROR:url_loader.cc(131)] Network error: net::ERR_INTERNET_DISCONNECTED
[Oct 27, 2025 9:33:05.8 AM GMT:ERROR:get_publisher.cc(169)] Unexpected HTTP status: -1
[Oct 27, 2025 9:33:05.8 AM GMT:ERROR:url_loader.cc(131)] Network error: net::ERR_INTERNET_DISCONNECTED
[Oct 27, 2025 9:33:05.8 AM GMT:ERROR:get_publisher.cc(169)] Unexpected HTTP status: -1
[Oct 27, 2025 9:33:05.8 AM GMT:ERROR:url_loader.cc(131)] Network error: net::ERR_INTERNET_DISCONNECTED
[Oct 27, 2025 9:33:05.8 AM GMT:ERROR:get_publisher.cc(169)] Unexpected HTTP status: -1
[Oct 27, 2025 9:33:05.8 AM GMT:ERROR:url_loader.cc(131)] Network error: net::ERR_INTERNET_DISCONNECTED
[Oct 27, 2025 9:33:05.8 AM GMT:ERROR:get_publisher.cc(169)] Unexpected HTTP status: -1
[Oct 27, 2025 9:33:05.8 AM GMT:ERROR:url_loader.cc(131)] Network error: net::ERR_INTERNET_DISCONNECTED
[Oct 27, 2025 9:33:05.8 AM GMT:ERROR:get_publisher.cc(169)] Unexpected HTTP status: -1
[Oct 27, 2025 9:33:05.8 AM GMT:ERROR:url_loader.cc(131)] Network error: net::ERR_INTERNET_DISCONNECTED
[Oct 27, 2025 9:33:05.8 AM GMT:ERROR:get_publisher.cc(169)] Unexpected HTTP status: -1
[Oct 27, 2025 9:33:05.8 AM GMT:ERROR:url_loader.cc(131)] Network error: net::ERR_INTERNET_DISCONNECTED
[Oct 27, 2025 9:33:05.8 AM GMT:ERROR:get_publisher.cc(169)] Unexpected HTTP status: -1
[Oct 27, 2025 9:33:05.8 AM GMT:ERROR:url_loader.cc(131)] Network error: net::ERR_INTERNET_DISCONNECTED
[Oct 27, 2025 9:33:05.8 AM GMT:ERROR:get_publisher.cc(169)] Unexpected HTTP status: -1
[Oct 27, 2025 9:33:05.8 AM GMT:ERROR:url_loader.cc(131)] Network error: net::ERR_INTERNET_DISCONNECTED
[Oct 27, 2025 9:33:05.8 AM GMT:ERROR:get_publisher.cc(169)] Unexpected HTTP status: -1
[Oct 27, 2025 9:33:05.9 AM GMT:ERROR:url_loader.cc(131)] Network error: net::ERR_INTERNET_DISCONNECTED
[Oct 27, 2025 9:33:05.9 AM GMT:ERROR:get_publisher.cc(169)] Unexpected HTTP status: -1
[Oct 27, 2025 9:33:05.9 AM GMT:ERROR:url_loader.cc(131)] Network error: net::ERR_INTERNET_DISCONNECTED
[Oct 27, 2025 9:33:05.9 AM GMT:ERROR:get_publisher.cc(169)] Unexpected HTTP status: -1
[Oct 27, 2025 9:33:05.9 AM GMT:ERROR:url_loader.cc(131)] Network error: net::ERR_INTERNET_DISCONNECTED
[Oct 27, 2025 9:33:05.9 AM GMT:ERROR:get_publisher.cc(169)] Unexpected HTTP status: -1
[Oct 27, 2025 9:33:05.9 AM GMT:ERROR:url_loader.cc(131)] Network error: net::ERR_INTERNET_DISCONNECTED
[Oct 27, 2025 9:33:05.9 AM GMT:ERROR:get_publisher.cc(169)] Unexpected HTTP status: -1
[Oct 27, 2025 9:33:05.9 AM GMT:ERROR:url_loader.cc(131)] Network error: net::ERR_INTERNET_DISCONNECTED
[Oct 27, 2025 9:33:05.9 AM GMT:ERROR:get_publisher.cc(169)] Unexpected HTTP status: -1
[Oct 27, 2025 9:33:05.9 AM GMT:ERROR:url_loader.cc(131)] Network error: net::ERR_INTERNET_DISCONNECTED
[Oct 27, 2025 9:33:05.9 AM GMT:ERROR:get_publisher.cc(169)] Unexpected HTTP status: -1
[Oct 27, 2025 9:33:05.9 AM GMT:ERROR:url_loader.cc(131)] Network error: net::ERR_INTERNET_DISCONNECTED
[Oct 27, 2025 9:33:05.9 AM GMT:ERROR:get_publisher.cc(169)] Unexpected HTTP status: -1
[Oct 27, 2025 9:33:05.9 AM GMT:ERROR:url_loader.cc(131)] Network error: net::ERR_INTERNET_DISCONNECTED
[Oct 27, 2025 9:33:05.9 AM GMT:ERROR:get_publisher.cc(169)] Unexpected HTTP status: -1
[Oct 27, 2025 9:33:05.9 AM GMT:ERROR:url_loader.cc(131)] Network error: net::ERR_INTERNET_DISCONNECTED
[Oct 27, 2025 9:33:05.9 AM GMT:ERROR:get_publisher.cc(169)] Unexpected HTTP status: -1
[Oct 27, 2025 9:33:05.9 AM GMT:ERROR:url_loader.cc(131)] Network error: net::ERR_INTERNET_DISCONNECTED
[Oct 27, 2025 9:33:05.9 AM GMT:ERROR:get_publisher.cc(169)] Unexpected HTTP status: -1
[Oct 27, 2025 9:33:05.9 AM GMT:ERROR:url_loader.cc(131)] Network error: net::ERR_INTERNET_DISCONNECTED
[Oct 27, 2025 9:33:05.9 AM GMT:ERROR:get_publisher.cc(169)] Unexpected HTTP status: -1
[Oct 27, 2025 9:33:05.9 AM GMT:ERROR:url_loader.cc(131)] Network error: net::ERR_INTERNET_DISCONNECTED
[Oct 27, 2025 9:33:05.9 AM GMT:ERROR:get_publisher.cc(169)] Unexpected HTTP status: -1
[Oct 27, 2025 9:33:05.9 AM GMT:ERROR:url_loader.cc(131)] Network error: net::ERR_INTERNET_DISCONNECTED
[Oct 27, 2025 9:33:05.9 AM GMT:ERROR:get_publisher.cc(169)] Unexpected HTTP status: -1
[Oct 27, 2025 9:33:05.9 AM GMT:ERROR:url_loader.cc(131)] Network error: net::ERR_INTERNET_DISCONNECTED
[Oct 27, 2025 9:33:05.9 AM GMT:ERROR:get_publisher.cc(169)] Unexpected HTTP status: -1
[Oct 27, 2025 9:33:05.9 AM GMT:ERROR:url_loader.cc(131)] Network error: net::ERR_INTERNET_DISCONNECTED
[Oct 27, 2025 9:33:05.9 AM GMT:ERROR:get_publisher.cc(169)] Unexpected HTTP status: -1
[Oct 27, 2025 9:33:05.9 AM GMT:ERROR:url_loader.cc(131)] Network error: net::ERR_INTERNET_DISCONNECTED
[Oct 27, 2025 9:33:05.9 AM GMT:ERROR:get_publisher.cc(169)] Unexpected HTTP status: -1
[Oct 27, 2025 9:33:05.9 AM GMT:ERROR:url_loader.cc(131)] Network error: net::ERR_INTERNET_DISCONNECTED
[Oct 27, 2025 9:33:05.9 AM GMT:ERROR:get_publisher.cc(169)] Unexpected HTTP status: -1
[Oct 27, 2025 9:33:05.9 AM GMT:ERROR:url_loader.cc(131)] Network error: net::ERR_INTERNET_DISCONNECTED
[Oct 27, 2025 9:33:05.9 AM GMT:ERROR:get_publisher.cc(169)] Unexpected HTTP status: -1
[Oct 27, 2025 9:33:05.9 AM GMT:ERROR:url_loader.cc(131)] Network error: net::ERR_INTERNET_DISCONNECTED
[Oct 27, 2025 9:33:05.9 AM GMT:ERROR:get_publisher.cc(169)] Unexpected HTTP status: -1
[Oct 27, 2025 9:33:05.9 AM GMT:ERROR:url_loader.cc(131)] Network error: net::ERR_INTERNET_DISCONNECTED
[Oct 27, 2025 9:33:05.9 AM GMT:ERROR:get_publisher.cc(169)] Unexpected HTTP status: -1
[Oct 27, 2025 9:33:05.9 AM GMT:ERROR:url_loader.cc(131)] Network error: net::ERR_INTERNET_DISCONNECTED
[Oct 27, 2025 9:33:05.9 AM GMT:ERROR:get_publisher.cc(169)] Unexpected HTTP status: -1
[Oct 27, 2025 9:33:05.9 AM GMT:ERROR:url_loader.cc(131)] Network error: net::ERR_INTERNET_DISCONNECTED
[Oct 27, 2025 9:33:05.9 AM GMT:ERROR:get_publisher.cc(169)] Unexpected HTTP status: -1
[Oct 27, 2025 9:33:05.9 AM GMT:ERROR:url_loader.cc(131)] Network error: net::ERR_INTERNET_DISCONNECTED
[Oct 27, 2025 9:33:05.9 AM GMT:ERROR:get_publisher.cc(169)] Unexpected HTTP status: -1
[Oct 27, 2025 9:33:05.9 AM GMT:ERROR:url_loader.cc(131)] Network error: net::ERR_INTERNET_DISCONNECTED
[Oct 27, 2025 9:33:05.9 AM GMT:ERROR:get_publisher.cc(169)] Unexpected HTTP status: -1
[Oct 27, 2025 9:33:05.9 AM GMT:ERROR:url_loader.cc(131)] Network error: net::ERR_INTERNET_DISCONNECTED
[Oct 27, 2025 9:33:05.9 AM GMT:ERROR:get_publisher.cc(169)] Unexpected HTTP status: -1
[Oct 27, 2025 9:33:05.9 AM GMT:ERROR:url_loader.cc(131)] Network error: net::ERR_INTERNET_DISCONNECTED
[Oct 27, 2025 9:33:05.9 AM GMT:ERROR:get_publisher.cc(169)] Unexpected HTTP status: -1
[Oct 27, 2025 9:33:05.9 AM GMT:ERROR:url_loader.cc(131)] Network error: net::ERR_INTERNET_DISCONNECTED
[Oct 27, 2025 9:33:05.9 AM GMT:ERROR:get_publisher.cc(169)] Unexpected HTTP status: -1
[Oct 27, 2025 9:33:05.9 AM GMT:ERROR:url_loader.cc(131)] Network error: net::ERR_INTERNET_DISCONNECTED
[Oct 27, 2025 9:33:05.9 AM GMT:ERROR:get_publisher.cc(169)] Unexpected HTTP status: -1
[Oct 27, 2025 9:33:05.9 AM GMT:ERROR:url_loader.cc(131)] Network error: net::ERR_INTERNET_DISCONNECTED
[Oct 27, 2025 9:33:05.9 AM GMT:ERROR:get_publisher.cc(169)] Unexpected HTTP status: -1
[Oct 27, 2025 9:33:05.9 AM GMT:ERROR:url_loader.cc(131)] Network error: net::ERR_INTERNET_DISCONNECTED
[Oct 27, 2025 9:33:05.9 AM GMT:ERROR:get_publisher.cc(169)] Unexpected HTTP status: -1
[Oct 27, 2025 9:33:05.9 AM GMT:ERROR:url_loader.cc(131)] Network error: net::ERR_INTERNET_DISCONNECTED
[Oct 27, 2025 9:33:05.9 AM GMT:ERROR:get_publisher.cc(169)] Unexpected HTTP status: -1
[Oct 27, 2025 9:33:05.9 AM GMT:ERROR:url_loader.cc(131)] Network error: net::ERR_INTERNET_DISCONNECTED
[Oct 27, 2025 9:33:05.9 AM GMT:ERROR:get_publisher.cc(169)] Unexpected HTTP status: -1
[Oct 27, 2025 9:33:05.9 AM GMT:ERROR:url_loader.cc(131)] Network error: net::ERR_INTERNET_DISCONNECTED
[Oct 27, 2025 9:33:05.9 AM GMT:ERROR:get_publisher.cc(169)] Unexpected HTTP status: -1
[Oct 27, 2025 9:33:05.9 AM GMT:ERROR:url_loader.cc(131)] Network error: net::ERR_INTERNET_DISCONNECTED
[Oct 27, 2025 9:33:05.9 AM GMT:ERROR:get_publisher.cc(169)] Unexpected HTTP status: -1
[Oct 27, 2025 9:33:05.9 AM GMT:ERROR:url_loader.cc(131)] Network error: net::ERR_INTERNET_DISCONNECTED
[Oct 27, 2025 9:33:05.9 AM GMT:ERROR:get_publisher.cc(169)] Unexpected HTTP status: -1
[Oct 27, 2025 9:33:05.9 AM GMT:ERROR:url_loader.cc(131)] Network error: net::ERR_INTERNET_DISCONNECTED
[Oct 27, 2025 9:33:05.9 AM GMT:ERROR:get_publisher.cc(169)] Unexpected HTTP status: -1
[Oct 27, 2025 9:33:05.9 AM GMT:ERROR:url_loader.cc(131)] Network error: net::ERR_INTERNET_DISCONNECTED
[Oct 27, 2025 9:33:05.9 AM GMT:ERROR:get_publisher.cc(169)] Unexpected HTTP status: -1
[Oct 27, 2025 9:33:05.9 AM GMT:ERROR:url_loader.cc(131)] Network error: net::ERR_INTERNET_DISCONNECTED
[Oct 27, 2025 9:33:05.9 AM GMT:ERROR:get_publisher.cc(169)] Unexpected HTTP status: -1
[Oct 27, 2025 9:33:05.9 AM GMT:ERROR:url_loader.cc(131)] Network error: net::ERR_INTERNET_DISCONNECTED
[Oct 27, 2025 9:33:05.9 AM GMT:ERROR:get_publisher.cc(169)] Unexpected HTTP status: -1
[Oct 27, 2025 9:33:05.9 AM GMT:ERROR:url_loader.cc(131)] Network error: net::ERR_INTERNET_DISCONNECTED
[Oct 27, 2025 9:33:05.9 AM GMT:ERROR:get_publisher.cc(169)] Unexpected HTTP status: -1
[Oct 27, 2025 9:33:05.9 AM GMT:ERROR:url_loader.cc(131)] Network error: net::ERR_INTERNET_DISCONNECTED
[Oct 27, 2025 9:33:05.9 AM GMT:ERROR:get_publisher.cc(169)] Unexpected HTTP status: -1
[Oct 27, 2025 9:33:05.9 AM GMT:ERROR:url_loader.cc(131)] Network error: net::ERR_INTERNET_DISCONNECTED
[Oct 27, 2025 9:33:05.9 AM GMT:ERROR:get_publisher.cc(169)] Unexpected HTTP status: -1
[Oct 27, 2025 9:33:05.9 AM GMT:ERROR:url_loader.cc(131)] Network error: net::ERR_INTERNET_DISCONNECTED
[Oct 27, 2025 9:33:05.9 AM GMT:ERROR:get_publisher.cc(169)] Unexpected HTTP status: -1
[Oct 27, 2025 9:33:05.9 AM GMT:ERROR:url_loader.cc(131)] Network error: net::ERR_INTERNET_DISCONNECTED
[Oct 27, 2025 9:33:05.9 AM GMT:ERROR:get_publisher.cc(169)] Unexpected HTTP status: -1
[Oct 27, 2025 9:33:05.9 AM GMT:ERROR:url_loader.cc(131)] Network error: net::ERR_INTERNET_DISCONNECTED
[Oct 27, 2025 9:33:05.9 AM GMT:ERROR:get_publisher.cc(169)] Unexpected HTTP status: -1
[Oct 27, 2025 9:33:05.9 AM GMT:ERROR:url_loader.cc(131)] Network error: net::ERR_INTERNET_DISCONNECTED
[Oct 27, 2025 9:33:05.9 AM GMT:ERROR:get_publisher.cc(169)] Unexpected HTTP status: -1
[Oct 27, 2025 9:33:05.9 AM GMT:ERROR:url_loader.cc(131)] Network error: net::ERR_INTERNET_DISCONNECTED
[Oct 27, 2025 9:33:05.9 AM GMT:ERROR:get_publisher.cc(169)] Unexpected HTTP status: -1
[Oct 27, 2025 9:33:05.9 AM GMT:ERROR:url_loader.cc(131)] Network error: net::ERR_INTERNET_DISCONNECTED
[Oct 27, 2025 9:33:05.9 AM GMT:ERROR:get_publisher.cc(169)] Unexpected HTTP status: -1
[Oct 27, 2025 9:33:05.9 AM GMT:ERROR:url_loader.cc(131)] Network error: net::ERR_INTERNET_DISCONNECTED
[Oct 27, 2025 9:33:05.9 AM GMT:ERROR:get_publisher.cc(169)] Unexpected HTTP status: -1
[Oct 27, 2025 9:33:05.9 AM GMT:ERROR:url_loader.cc(131)] Network error: net::ERR_INTERNET_DISCONNECTED
[Oct 27, 2025 9:33:05.9 AM GMT:ERROR:get_publisher.cc(169)] Unexpected HTTP status: -1
[Oct 27, 2025 9:33:05.9 AM GMT:ERROR:url_loader.cc(131)] Network error: net::ERR_INTERNET_DISCONNECTED
[Oct 27, 2025 9:33:05.9 AM GMT:ERROR:get_publisher.cc(169)] Unexpected HTTP status: -1
[Oct 27, 2025 9:33:05.9 AM GMT:ERROR:url_loader.cc(131)] Network error: net::ERR_INTERNET_DISCONNECTED
[Oct 27, 2025 9:33:05.9 AM GMT:ERROR:get_publisher.cc(169)] Unexpected HTTP status: -1
[Oct 27, 2025 9:33:05.9 AM GMT:ERROR:url_loader.cc(131)] Network error: net::ERR_INTERNET_DISCONNECTED
[Oct 27, 2025 9:33:05.9 AM GMT:ERROR:get_publisher.cc(169)] Unexpected HTTP status: -1
[Oct 27, 2025 9:33:05.9 AM GMT:ERROR:url_loader.cc(131)] Network error: net::ERR_INTERNET_DISCONNECTED
[Oct 27, 2025 9:33:05.9 AM GMT:ERROR:get_publisher.cc(169)] Unexpected HTTP status: -1
[Oct 27, 2025 9:33:05.9 AM GMT:ERROR:url_loader.cc(131)] Network error: net::ERR_INTERNET_DISCONNECTED
[Oct 27, 2025 9:33:05.9 AM GMT:ERROR:get_publisher.cc(169)] Unexpected HTTP status: -1
[Oct 27, 2025 9:33:05.9 AM GMT:ERROR:url_loader.cc(131)] Network error: net::ERR_INTERNET_DISCONNECTED
[Oct 27, 2025 9:33:05.9 AM GMT:ERROR:get_publisher.cc(169)] Unexpected HTTP status: -1
[Oct 27, 2025 9:33:05.9 AM GMT:ERROR:url_loader.cc(131)] Network error: net::ERR_INTERNET_DISCONNECTED
[Oct 27, 2025 9:33:05.9 AM GMT:ERROR:get_publisher.cc(169)] Unexpected HTTP status: -1
[Oct 27, 2025 9:33:05.9 AM GMT:ERROR:url_loader.cc(131)] Network error: net::ERR_INTERNET_DISCONNECTED
[Oct 27, 2025 9:33:05.9 AM GMT:ERROR:get_publisher.cc(169)] Unexpected HTTP status: -1
[Oct 27, 2025 9:33:05.9 AM GMT:ERROR:url_loader.cc(131)] Network error: net::ERR_INTERNET_DISCONNECTED
[Oct 27, 2025 9:33:05.9 AM GMT:ERROR:get_publisher.cc(169)] Unexpected HTTP status: -1
[Oct 27, 2025 9:33:05.9 AM GMT:ERROR:url_loader.cc(131)] Network error: net::ERR_INTERNET_DISCONNECTED
[Oct 27, 2025 9:33:05.9 AM GMT:ERROR:get_publisher.cc(169)] Unexpected HTTP status: -1
[Oct 27, 2025 9:33:05.9 AM GMT:ERROR:url_loader.cc(131)] Network error: net::ERR_INTERNET_DISCONNECTED
[Oct 27, 2025 9:33:05.9 AM GMT:ERROR:get_publisher.cc(169)] Unexpected HTTP status: -1
[Oct 27, 2025 9:33:05.9 AM GMT:ERROR:url_loader.cc(131)] Network error: net::ERR_INTERNET_DISCONNECTED
[Oct 27, 2025 9:33:05.9 AM GMT:ERROR:get_publisher.cc(169)] Unexpected HTTP status: -1
[Oct 27, 2025 9:33:05.9 AM GMT:ERROR:url_loader.cc(131)] Network error: net::ERR_INTERNET_DISCONNECTED
[Oct 27, 2025 9:33:05.9 AM GMT:ERROR:get_publisher.cc(169)] Unexpected HTTP status: -1
[Oct 27, 2025 9:33:05.9 AM GMT:ERROR:url_loader.cc(131)] Network error: net::ERR_INTERNET_DISCONNECTED
[Oct 27, 2025 9:33:05.9 AM GMT:ERROR:get_publisher.cc(169)] Unexpected HTTP status: -1
[Oct 27, 2025 9:33:06.0 AM GMT:ERROR:url_loader.cc(131)] Network error: net::ERR_INTERNET_DISCONNECTED
[Oct 27, 2025 9:33:06.0 AM GMT:ERROR:get_publisher.cc(169)] Unexpected HTTP status: -1
[Oct 27, 2025 9:33:06.0 AM GMT:ERROR:url_loader.cc(131)] Network error: net::ERR_INTERNET_DISCONNECTED
[Oct 27, 2025 9:33:06.0 AM GMT:ERROR:get_publisher.cc(169)] Unexpected HTTP status: -1
[Oct 27, 2025 9:33:06.0 AM GMT:ERROR:url_loader.cc(131)] Network error: net::ERR_INTERNET_DISCONNECTED
[Oct 27, 2025 9:33:06.0 AM GMT:ERROR:get_publisher.cc(169)] Unexpected HTTP status: -1
[Oct 27, 2025 9:33:06.0 AM GMT:ERROR:url_loader.cc(131)] Network error: net::ERR_INTERNET_DISCONNECTED
[Oct 27, 2025 9:33:06.0 AM GMT:ERROR:get_publisher.cc(169)] Unexpected HTTP status: -1
[Oct 27, 2025 9:33:06.0 AM GMT:ERROR:url_loader.cc(131)] Network error: net::ERR_INTERNET_DISCONNECTED
[Oct 27, 2025 9:33:06.0 AM GMT:ERROR:get_publisher.cc(169)] Unexpected HTTP status: -1
[Oct 27, 2025 9:33:06.0 AM GMT:ERROR:url_loader.cc(131)] Network error: net::ERR_INTERNET_DISCONNECTED
[Oct 27, 2025 9:33:06.0 AM GMT:ERROR:get_publisher.cc(169)] Unexpected HTTP status: -1
[Oct 27, 2025 9:33:06.0 AM GMT:ERROR:url_loader.cc(131)] Network error: net::ERR_INTERNET_DISCONNECTED
[Oct 27, 2025 9:33:06.0 AM GMT:ERROR:get_publisher.cc(169)] Unexpected HTTP status: -1
[Oct 27, 2025 9:33:06.0 AM GMT:ERROR:url_loader.cc(131)] Network error: net::ERR_INTERNET_DISCONNECTED
[Oct 27, 2025 9:33:06.0 AM GMT:ERROR:get_publisher.cc(169)] Unexpected HTTP status: -1
[Oct 27, 2025 9:33:06.0 AM GMT:ERROR:url_loader.cc(131)] Network error: net::ERR_INTERNET_DISCONNECTED
[Oct 27, 2025 9:33:06.0 AM GMT:ERROR:get_publisher.cc(169)] Unexpected HTTP status: -1
[Oct 27, 2025 9:33:06.0 AM GMT:ERROR:url_loader.cc(131)] Network error: net::ERR_INTERNET_DISCONNECTED
[Oct 27, 2025 9:33:06.0 AM GMT:ERROR:get_publisher.cc(169)] Unexpected HTTP status: -1
[Oct 27, 2025 9:33:06.0 AM GMT:ERROR:url_loader.cc(131)] Network error: net::ERR_INTERNET_DISCONNECTED
[Oct 27, 2025 9:33:06.0 AM GMT:ERROR:get_publisher.cc(169)] Unexpected HTTP status: -1
[Oct 27, 2025 9:33:06.0 AM GMT:ERROR:url_loader.cc(131)] Network error: net::ERR_INTERNET_DISCONNECTED
[Oct 27, 2025 9:33:06.0 AM GMT:ERROR:get_publisher.cc(169)] Unexpected HTTP status: -1
[Oct 27, 2025 9:33:06.0 AM GMT:ERROR:url_loader.cc(131)] Network error: net::ERR_INTERNET_DISCONNECTED
[Oct 27, 2025 9:33:06.0 AM GMT:ERROR:get_publisher.cc(169)] Unexpected HTTP status: -1
[Oct 27, 2025 9:33:06.0 AM GMT:ERROR:url_loader.cc(131)] Network error: net::ERR_INTERNET_DISCONNECTED
[Oct 27, 2025 9:33:06.0 AM GMT:ERROR:get_publisher.cc(169)] Unexpected HTTP status: -1
[Oct 27, 2025 9:33:06.0 AM GMT:ERROR:url_loader.cc(131)] Network error: net::ERR_INTERNET_DISCONNECTED
[Oct 27, 2025 9:33:06.0 AM GMT:ERROR:get_publisher.cc(169)] Unexpected HTTP status: -1
[Oct 27, 2025 9:33:06.0 AM GMT:ERROR:url_loader.cc(131)] Network error: net::ERR_INTERNET_DISCONNECTED
[Oct 27, 2025 9:33:06.0 AM GMT:ERROR:get_publisher.cc(169)] Unexpected HTTP status: -1
[Oct 27, 2025 9:33:06.0 AM GMT:ERROR:url_loader.cc(131)] Network error: net::ERR_INTERNET_DISCONNECTED
[Oct 27, 2025 9:33:06.0 AM GMT:ERROR:get_publisher.cc(169)] Unexpected HTTP status: -1
[Oct 27, 2025 9:33:06.0 AM GMT:ERROR:url_loader.cc(131)] Network error: net::ERR_INTERNET_DISCONNECTED
[Oct 27, 2025 9:33:06.0 AM GMT:ERROR:get_publisher.cc(169)] Unexpected HTTP status: -1
[Oct 27, 2025 9:33:06.0 AM GMT:ERROR:url_loader.cc(131)] Network error: net::ERR_INTERNET_DISCONNECTED
[Oct 27, 2025 9:33:06.0 AM GMT:ERROR:get_publisher.cc(169)] Unexpected HTTP status: -1
[Oct 27, 2025 9:33:06.0 AM GMT:ERROR:url_loader.cc(131)] Network error: net::ERR_INTERNET_DISCONNECTED
[Oct 27, 2025 9:33:06.0 AM GMT:ERROR:get_publisher.cc(169)] Unexpected HTTP status: -1
[Oct 27, 2025 9:33:06.0 AM GMT:ERROR:url_loader.cc(131)] Network error: net::ERR_INTERNET_DISCONNECTED
[Oct 27, 2025 9:33:06.0 AM GMT:ERROR:get_publisher.cc(169)] Unexpected HTTP status: -1
[Oct 27, 2025 9:33:06.0 AM GMT:ERROR:url_loader.cc(131)] Network error: net::ERR_INTERNET_DISCONNECTED
[Oct 27, 2025 9:33:06.0 AM GMT:ERROR:get_publisher.cc(169)] Unexpected HTTP status: -1
[Oct 27, 2025 9:33:06.0 AM GMT:ERROR:url_loader.cc(131)] Network error: net::ERR_INTERNET_DISCONNECTED
[Oct 27, 2025 9:33:06.0 AM GMT:ERROR:get_publisher.cc(169)] Unexpected HTTP status: -1
[Oct 27, 2025 9:33:06.0 AM GMT:ERROR:url_loader.cc(131)] Network error: net::ERR_INTERNET_DISCONNECTED
[Oct 27, 2025 9:33:06.0 AM GMT:ERROR:get_publisher.cc(169)] Unexpected HTTP status: -1
[Oct 27, 2025 9:33:06.0 AM GMT:ERROR:url_loader.cc(131)] Network error: net::ERR_INTERNET_DISCONNECTED
[Oct 27, 2025 9:33:06.0 AM GMT:ERROR:get_publisher.cc(169)] Unexpected HTTP status: -1
[Oct 27, 2025 9:33:06.0 AM GMT:ERROR:url_loader.cc(131)] Network error: net::ERR_INTERNET_DISCONNECTED
[Oct 27, 2025 9:33:06.0 AM GMT:ERROR:get_publisher.cc(169)] Unexpected HTTP status: -1
[Oct 27, 2025 9:33:06.0 AM GMT:ERROR:url_loader.cc(131)] Network error: net::ERR_INTERNET_DISCONNECTED
[Oct 27, 2025 9:33:06.0 AM GMT:ERROR:get_publisher.cc(169)] Unexpected HTTP status: -1
[Oct 27, 2025 9:33:06.0 AM GMT:ERROR:url_loader.cc(131)] Network error: net::ERR_INTERNET_DISCONNECTED
[Oct 27, 2025 9:33:06.0 AM GMT:ERROR:get_publisher.cc(169)] Unexpected HTTP status: -1
[Oct 27, 2025 9:33:06.0 AM GMT:ERROR:url_loader.cc(131)] Network error: net::ERR_INTERNET_DISCONNECTED
[Oct 27, 2025 9:33:06.0 AM GMT:ERROR:get_publisher.cc(169)] Unexpected HTTP status: -1
[Oct 27, 2025 9:33:06.0 AM GMT:ERROR:url_loader.cc(131)] Network error: net::ERR_INTERNET_DISCONNECTED
[Oct 27, 2025 9:33:06.0 AM GMT:ERROR:get_publisher.cc(169)] Unexpected HTTP status: -1
[Oct 27, 2025 9:33:06.0 AM GMT:ERROR:url_loader.cc(131)] Network error: net::ERR_INTERNET_DISCONNECTED
[Oct 27, 2025 9:33:06.0 AM GMT:ERROR:get_publisher.cc(169)] Unexpected HTTP status: -1
[Oct 27, 2025 9:33:06.0 AM GMT:ERROR:url_loader.cc(131)] Network error: net::ERR_INTERNET_DISCONNECTED
[Oct 27, 2025 9:33:06.0 AM GMT:ERROR:get_publisher.cc(169)] Unexpected HTTP status: -1
[Oct 27, 2025 9:33:06.0 AM GMT:ERROR:url_loader.cc(131)] Network error: net::ERR_INTERNET_DISCONNECTED
[Oct 27, 2025 9:33:06.0 AM GMT:ERROR:get_publisher.cc(169)] Unexpected HTTP status: -1
[Oct 27, 2025 9:33:06.0 AM GMT:ERROR:url_loader.cc(131)] Network error: net::ERR_INTERNET_DISCONNECTED
[Oct 27, 2025 9:33:06.0 AM GMT:ERROR:get_publisher.cc(169)] Unexpected HTTP status: -1
[Oct 27, 2025 9:33:06.0 AM GMT:ERROR:url_loader.cc(131)] Network error: net::ERR_INTERNET_DISCONNECTED
[Oct 27, 2025 9:33:06.0 AM GMT:ERROR:get_publisher.cc(169)] Unexpected HTTP status: -1
[Oct 27, 2025 9:33:06.0 AM GMT:ERROR:url_loader.cc(131)] Network error: net::ERR_INTERNET_DISCONNECTED
[Oct 27, 2025 9:33:06.0 AM GMT:ERROR:get_publisher.cc(169)] Unexpected HTTP status: -1
[Oct 27, 2025 9:33:06.0 AM GMT:ERROR:url_loader.cc(131)] Network error: net::ERR_INTERNET_DISCONNECTED
[Oct 27, 2025 9:33:06.0 AM GMT:ERROR:get_publisher.cc(169)] Unexpected HTTP status: -1
[Oct 27, 2025 9:33:06.0 AM GMT:ERROR:url_loader.cc(131)] Network error: net::ERR_INTERNET_DISCONNECTED
[Oct 27, 2025 9:33:06.0 AM GMT:ERROR:get_publisher.cc(169)] Unexpected HTTP status: -1
[Oct 27, 2025 9:33:06.0 AM GMT:ERROR:url_loader.cc(131)] Network error: net::ERR_INTERNET_DISCONNECTED
[Oct 27, 2025 9:33:06.0 AM GMT:ERROR:get_publisher.cc(169)] Unexpected HTTP status: -1
[Oct 27, 2025 9:33:06.0 AM GMT:ERROR:url_loader.cc(131)] Network error: net::ERR_INTERNET_DISCONNECTED
[Oct 27, 2025 9:33:06.0 AM GMT:ERROR:get_publisher.cc(169)] Unexpected HTTP status: -1
[Oct 27, 2025 9:33:06.0 AM GMT:ERROR:url_loader.cc(131)] Network error: net::ERR_INTERNET_DISCONNECTED
[Oct 27, 2025 9:33:06.0 AM GMT:ERROR:get_publisher.cc(169)] Unexpected HTTP status: -1
[Oct 27, 2025 9:33:06.0 AM GMT:ERROR:url_loader.cc(131)] Network error: net::ERR_INTERNET_DISCONNECTED
[Oct 27, 2025 9:33:06.0 AM GMT:ERROR:get_publisher.cc(169)] Unexpected HTTP status: -1
[Oct 27, 2025 9:33:06.0 AM GMT:ERROR:url_loader.cc(131)] Network error: net::ERR_INTERNET_DISCONNECTED
[Oct 27, 2025 9:33:06.0 AM GMT:ERROR:get_publisher.cc(169)] Unexpected HTTP status: -1
[Oct 27, 2025 9:33:06.0 AM GMT:ERROR:url_loader.cc(131)] Network error: net::ERR_INTERNET_DISCONNECTED
[Oct 27, 2025 9:33:06.0 AM GMT:ERROR:get_publisher.cc(169)] Unexpected HTTP status: -1
[Oct 27, 2025 9:33:06.0 AM GMT:ERROR:url_loader.cc(131)] Network error: net::ERR_INTERNET_DISCONNECTED
[Oct 27, 2025 9:33:06.0 AM GMT:ERROR:get_publisher.cc(169)] Unexpected HTTP status: -1
[Oct 27, 2025 9:33:06.0 AM GMT:ERROR:url_loader.cc(131)] Network error: net::ERR_INTERNET_DISCONNECTED
[Oct 27, 2025 9:33:06.0 AM GMT:ERROR:get_publisher.cc(169)] Unexpected HTTP status: -1
[Oct 27, 2025 9:33:06.0 AM GMT:ERROR:url_loader.cc(131)] Network error: net::ERR_INTERNET_DISCONNECTED
[Oct 27, 2025 9:33:06.0 AM GMT:ERROR:get_publisher.cc(169)] Unexpected HTTP status: -1
[Oct 27, 2025 9:33:06.0 AM GMT:ERROR:url_loader.cc(131)] Network error: net::ERR_INTERNET_DISCONNECTED
[Oct 27, 2025 9:33:06.0 AM GMT:ERROR:get_publisher.cc(169)] Unexpected HTTP status: -1
[Oct 27, 2025 9:33:06.0 AM GMT:ERROR:url_loader.cc(131)] Network error: net::ERR_INTERNET_DISCONNECTED
[Oct 27, 2025 9:33:06.0 AM GMT:ERROR:get_publisher.cc(169)] Unexpected HTTP status: -1
[Oct 27, 2025 9:33:06.0 AM GMT:ERROR:url_loader.cc(131)] Network error: net::ERR_INTERNET_DISCONNECTED
[Oct 27, 2025 9:33:06.0 AM GMT:ERROR:get_publisher.cc(169)] Unexpected HTTP status: -1
[Oct 27, 2025 9:33:06.0 AM GMT:ERROR:url_loader.cc(131)] Network error: net::ERR_INTERNET_DISCONNECTED
[Oct 27, 2025 9:33:06.0 AM GMT:ERROR:get_publisher.cc(169)] Unexpected HTTP status: -1
[Oct 27, 2025 9:33:06.0 AM GMT:ERROR:url_loader.cc(131)] Network error: net::ERR_INTERNET_DISCONNECTED
[Oct 27, 2025 9:33:06.0 AM GMT:ERROR:get_publisher.cc(169)] Unexpected HTTP status: -1
[Oct 27, 2025 9:33:06.0 AM GMT:ERROR:url_loader.cc(131)] Network error: net::ERR_INTERNET_DISCONNECTED
[Oct 27, 2025 9:33:06.0 AM GMT:ERROR:get_publisher.cc(169)] Unexpected HTTP status: -1
[Oct 27, 2025 9:33:06.0 AM GMT:ERROR:url_loader.cc(131)] Network error: net::ERR_INTERNET_DISCONNECTED
[Oct 27, 2025 9:33:06.0 AM GMT:ERROR:get_publisher.cc(169)] Unexpected HTTP status: -1
[Oct 27, 2025 9:33:06.0 AM GMT:ERROR:url_loader.cc(131)] Network error: net::ERR_INTERNET_DISCONNECTED
[Oct 27, 2025 9:33:06.0 AM GMT:ERROR:get_publisher.cc(169)] Unexpected HTTP status: -1
[Oct 27, 2025 9:33:06.0 AM GMT:ERROR:url_loader.cc(131)] Network error: net::ERR_INTERNET_DISCONNECTED
[Oct 27, 2025 9:33:06.0 AM GMT:ERROR:get_publisher.cc(169)] Unexpected HTTP status: -1
[Oct 27, 2025 9:33:06.0 AM GMT:ERROR:url_loader.cc(131)] Network error: net::ERR_INTERNET_DISCONNECTED
[Oct 27, 2025 9:33:06.0 AM GMT:ERROR:get_publisher.cc(169)] Unexpected HTTP status: -1
[Oct 27, 2025 9:33:06.0 AM GMT:ERROR:url_loader.cc(131)] Network error: net::ERR_INTERNET_DISCONNECTED
[Oct 27, 2025 9:33:06.0 AM GMT:ERROR:get_publisher.cc(169)] Unexpected HTTP status: -1
[Oct 27, 2025 9:33:06.0 AM GMT:ERROR:url_loader.cc(131)] Network error: net::ERR_INTERNET_DISCONNECTED
[Oct 27, 2025 9:33:06.0 AM GMT:ERROR:get_publisher.cc(169)] Unexpected HTTP status: -1
[Oct 27, 2025 9:33:06.0 AM GMT:ERROR:url_loader.cc(131)] Network error: net::ERR_INTERNET_DISCONNECTED
[Oct 27, 2025 9:33:06.0 AM GMT:ERROR:get_publisher.cc(169)] Unexpected HTTP status: -1
[Oct 27, 2025 9:33:06.0 AM GMT:ERROR:url_loader.cc(131)] Network error: net::ERR_INTERNET_DISCONNECTED
[Oct 27, 2025 9:33:06.0 AM GMT:ERROR:get_publisher.cc(169)] Unexpected HTTP status: -1
[Oct 27, 2025 9:33:06.0 AM GMT:ERROR:url_loader.cc(131)] Network error: net::ERR_INTERNET_DISCONNECTED
[Oct 27, 2025 9:33:06.0 AM GMT:ERROR:get_publisher.cc(169)] Unexpected HTTP status: -1
[Oct 27, 2025 9:33:06.0 AM GMT:ERROR:url_loader.cc(131)] Network error: net::ERR_INTERNET_DISCONNECTED
[Oct 27, 2025 9:33:06.0 AM GMT:ERROR:get_publisher.cc(169)] Unexpected HTTP status: -1
[Oct 27, 2025 9:33:06.0 AM GMT:ERROR:url_loader.cc(131)] Network error: net::ERR_INTERNET_DISCONNECTED
[Oct 27, 2025 9:33:06.0 AM GMT:ERROR:get_publisher.cc(169)] Unexpected HTTP status: -1
[Oct 27, 2025 9:33:06.1 AM GMT:ERROR:url_loader.cc(131)] Network error: net::ERR_INTERNET_DISCONNECTED
[Oct 27, 2025 9:33:06.1 AM GMT:ERROR:get_publisher.cc(169)] Unexpected HTTP status: -1
[Oct 27, 2025 9:33:06.1 AM GMT:ERROR:url_loader.cc(131)] Network error: net::ERR_INTERNET_DISCONNECTED
[Oct 27, 2025 9:33:06.1 AM GMT:ERROR:get_publisher.cc(169)] Unexpected HTTP status: -1
[Oct 27, 2025 9:33:06.1 AM GMT:ERROR:url_loader.cc(131)] Network error: net::ERR_INTERNET_DISCONNECTED
[Oct 27, 2025 9:33:06.1 AM GMT:ERROR:get_publisher.cc(169)] Unexpected HTTP status: -1
[Oct 27, 2025 9:33:06.1 AM GMT:ERROR:url_loader.cc(131)] Network error: net::ERR_INTERNET_DISCONNECTED
[Oct 27, 2025 9:33:06.1 AM GMT:ERROR:get_publisher.cc(169)] Unexpected HTTP status: -1
[Oct 27, 2025 9:33:06.1 AM GMT:ERROR:url_loader.cc(131)] Network error: net::ERR_INTERNET_DISCONNECTED
[Oct 27, 2025 9:33:06.1 AM GMT:ERROR:get_publisher.cc(169)] Unexpected HTTP status: -1
[Oct 27, 2025 9:33:06.1 AM GMT:ERROR:url_loader.cc(131)] Network error: net::ERR_INTERNET_DISCONNECTED
[Oct 27, 2025 9:33:06.1 AM GMT:ERROR:get_publisher.cc(169)] Unexpected HTTP status: -1
[Oct 27, 2025 9:33:06.1 AM GMT:ERROR:url_loader.cc(131)] Network error: net::ERR_INTERNET_DISCONNECTED
[Oct 27, 2025 9:33:06.1 AM GMT:ERROR:get_publisher.cc(169)] Unexpected HTTP status: -1
[Oct 27, 2025 9:33:06.1 AM GMT:ERROR:url_loader.cc(131)] Network error: net::ERR_INTERNET_DISCONNECTED
[Oct 27, 2025 9:33:06.1 AM GMT:ERROR:get_publisher.cc(169)] Unexpected HTTP status: -1
[Oct 27, 2025 9:33:06.1 AM GMT:ERROR:url_loader.cc(131)] Network error: net::ERR_INTERNET_DISCONNECTED
[Oct 27, 2025 9:33:06.1 AM GMT:ERROR:get_publisher.cc(169)] Unexpected HTTP status: -1
[Oct 27, 2025 9:33:06.1 AM GMT:ERROR:url_loader.cc(131)] Network error: net::ERR_INTERNET_DISCONNECTED
[Oct 27, 2025 9:33:06.1 AM GMT:ERROR:get_publisher.cc(169)] Unexpected HTTP status: -1
[Oct 27, 2025 9:33:06.1 AM GMT:ERROR:url_loader.cc(131)] Network error: net::ERR_INTERNET_DISCONNECTED
[Oct 27, 2025 9:33:06.1 AM GMT:ERROR:get_publisher.cc(169)] Unexpected HTTP status: -1
[Oct 27, 2025 9:33:06.1 AM GMT:ERROR:url_loader.cc(131)] Network error: net::ERR_INTERNET_DISCONNECTED
[Oct 27, 2025 9:33:06.1 AM GMT:ERROR:get_publisher.cc(169)] Unexpected HTTP status: -1
[Oct 27, 2025 9:33:06.1 AM GMT:ERROR:url_loader.cc(131)] Network error: net::ERR_INTERNET_DISCONNECTED
[Oct 27, 2025 9:33:06.1 AM GMT:ERROR:get_publisher.cc(169)] Unexpected HTTP status: -1
[Oct 27, 2025 9:33:06.1 AM GMT:ERROR:url_loader.cc(131)] Network error: net::ERR_INTERNET_DISCONNECTED
[Oct 27, 2025 9:33:06.1 AM GMT:ERROR:get_publisher.cc(169)] Unexpected HTTP status: -1
[Oct 27, 2025 9:33:06.1 AM GMT:ERROR:url_loader.cc(131)] Network error: net::ERR_INTERNET_DISCONNECTED
[Oct 27, 2025 9:33:06.1 AM GMT:ERROR:get_publisher.cc(169)] Unexpected HTTP status: -1
[Oct 27, 2025 9:33:06.1 AM GMT:ERROR:url_loader.cc(131)] Network error: net::ERR_INTERNET_DISCONNECTED
[Oct 27, 2025 9:33:06.1 AM GMT:ERROR:get_publisher.cc(169)] Unexpected HTTP status: -1
[Oct 27, 2025 9:33:06.1 AM GMT:ERROR:url_loader.cc(131)] Network error: net::ERR_INTERNET_DISCONNECTED
[Oct 27, 2025 9:33:06.1 AM GMT:ERROR:get_publisher.cc(169)] Unexpected HTTP status: -1
[Oct 27, 2025 9:33:06.1 AM GMT:ERROR:url_loader.cc(131)] Network error: net::ERR_INTERNET_DISCONNECTED
[Oct 27, 2025 9:33:06.1 AM GMT:ERROR:get_publisher.cc(169)] Unexpected HTTP status: -1
[Oct 27, 2025 9:33:06.1 AM GMT:ERROR:url_loader.cc(131)] Network error: net::ERR_INTERNET_DISCONNECTED
[Oct 27, 2025 9:33:06.1 AM GMT:ERROR:get_publisher.cc(169)] Unexpected HTTP status: -1
[Oct 27, 2025 9:33:06.1 AM GMT:ERROR:url_loader.cc(131)] Network error: net::ERR_INTERNET_DISCONNECTED
[Oct 27, 2025 9:33:06.1 AM GMT:ERROR:get_publisher.cc(169)] Unexpected HTTP status: -1
[Oct 27, 2025 9:33:06.1 AM GMT:ERROR:url_loader.cc(131)] Network error: net::ERR_INTERNET_DISCONNECTED
[Oct 27, 2025 9:33:06.1 AM GMT:ERROR:get_publisher.cc(169)] Unexpected HTTP status: -1
[Oct 27, 2025 9:33:06.1 AM GMT:ERROR:url_loader.cc(131)] Network error: net::ERR_INTERNET_DISCONNECTED
[Oct 27, 2025 9:33:06.1 AM GMT:ERROR:get_publisher.cc(169)] Unexpected HTTP status: -1
[Oct 27, 2025 9:33:06.1 AM GMT:ERROR:url_loader.cc(131)] Network error: net::ERR_INTERNET_DISCONNECTED
[Oct 27, 2025 9:33:06.1 AM GMT:ERROR:get_publisher.cc(169)] Unexpected HTTP status: -1
[Oct 27, 2025 9:33:06.1 AM GMT:ERROR:url_loader.cc(131)] Network error: net::ERR_INTERNET_DISCONNECTED
[Oct 27, 2025 9:33:06.1 AM GMT:ERROR:get_publisher.cc(169)] Unexpected HTTP status: -1
[Oct 27, 2025 9:33:06.1 AM GMT:ERROR:url_loader.cc(131)] Network error: net::ERR_INTERNET_DISCONNECTED
[Oct 27, 2025 9:33:06.1 AM GMT:ERROR:get_publisher.cc(169)] Unexpected HTTP status: -1
[Oct 27, 2025 9:33:06.1 AM GMT:ERROR:url_loader.cc(131)] Network error: net::ERR_INTERNET_DISCONNECTED
[Oct 27, 2025 9:33:06.1 AM GMT:ERROR:get_publisher.cc(169)] Unexpected HTTP status: -1
[Oct 27, 2025 9:33:06.1 AM GMT:ERROR:url_loader.cc(131)] Network error: net::ERR_INTERNET_DISCONNECTED
[Oct 27, 2025 9:33:06.1 AM GMT:ERROR:get_publisher.cc(169)] Unexpected HTTP status: -1
[Oct 27, 2025 9:33:06.1 AM GMT:ERROR:url_loader.cc(131)] Network error: net::ERR_INTERNET_DISCONNECTED
[Oct 27, 2025 9:33:06.1 AM GMT:ERROR:get_publisher.cc(169)] Unexpected HTTP status: -1
[Oct 27, 2025 9:33:06.1 AM GMT:ERROR:url_loader.cc(131)] Network error: net::ERR_INTERNET_DISCONNECTED
[Oct 27, 2025 9:33:06.1 AM GMT:ERROR:get_publisher.cc(169)] Unexpected HTTP status: -1
[Oct 27, 2025 9:33:06.1 AM GMT:ERROR:url_loader.cc(131)] Network error: net::ERR_INTERNET_DISCONNECTED
[Oct 27, 2025 9:33:06.1 AM GMT:ERROR:get_publisher.cc(169)] Unexpected HTTP status: -1
[Oct 27, 2025 9:33:06.1 AM GMT:ERROR:url_loader.cc(131)] Network error: net::ERR_INTERNET_DISCONNECTED
[Oct 27, 2025 9:33:06.1 AM GMT:ERROR:get_publisher.cc(169)] Unexpected HTTP status: -1
[Oct 27, 2025 9:33:06.1 AM GMT:ERROR:url_loader.cc(131)] Network error: net::ERR_INTERNET_DISCONNECTED
[Oct 27, 2025 9:33:06.1 AM GMT:ERROR:get_publisher.cc(169)] Unexpected HTTP status: -1
[Oct 27, 2025 9:33:06.1 AM GMT:ERROR:url_loader.cc(131)] Network error: net::ERR_INTERNET_DISCONNECTED
[Oct 27, 2025 9:33:06.1 AM GMT:ERROR:get_publisher.cc(169)] Unexpected HTTP status: -1
[Oct 27, 2025 9:33:06.1 AM GMT:ERROR:url_loader.cc(131)] Network error: net::ERR_INTERNET_DISCONNECTED
[Oct 27, 2025 9:33:06.1 AM GMT:ERROR:get_publisher.cc(169)] Unexpected HTTP status: -1
[Oct 27, 2025 9:33:06.1 AM GMT:ERROR:url_loader.cc(131)] Network error: net::ERR_INTERNET_DISCONNECTED
[Oct 27, 2025 9:33:06.1 AM GMT:ERROR:get_publisher.cc(169)] Unexpected HTTP status: -1
[Oct 27, 2025 9:33:06.1 AM GMT:ERROR:url_loader.cc(131)] Network error: net::ERR_INTERNET_DISCONNECTED
[Oct 27, 2025 9:33:06.1 AM GMT:ERROR:get_publisher.cc(169)] Unexpected HTTP status: -1
[Oct 27, 2025 9:33:06.1 AM GMT:ERROR:url_loader.cc(131)] Network error: net::ERR_INTERNET_DISCONNECTED
[Oct 27, 2025 9:33:06.1 AM GMT:ERROR:get_publisher.cc(169)] Unexpected HTTP status: -1
[Oct 27, 2025 9:33:06.1 AM GMT:ERROR:url_loader.cc(131)] Network error: net::ERR_INTERNET_DISCONNECTED
[Oct 27, 2025 9:33:06.1 AM GMT:ERROR:get_publisher.cc(169)] Unexpected HTTP status: -1
[Oct 27, 2025 9:33:06.1 AM GMT:ERROR:url_loader.cc(131)] Network error: net::ERR_INTERNET_DISCONNECTED
[Oct 27, 2025 9:33:06.1 AM GMT:ERROR:get_publisher.cc(169)] Unexpected HTTP status: -1
[Oct 27, 2025 9:33:06.1 AM GMT:ERROR:url_loader.cc(131)] Network error: net::ERR_INTERNET_DISCONNECTED
[Oct 27, 2025 9:33:06.1 AM GMT:ERROR:get_publisher.cc(169)] Unexpected HTTP status: -1
[Oct 27, 2025 9:33:06.1 AM GMT:ERROR:url_loader.cc(131)] Network error: net::ERR_INTERNET_DISCONNECTED
[Oct 27, 2025 9:33:06.1 AM GMT:ERROR:get_publisher.cc(169)] Unexpected HTTP status: -1
[Oct 27, 2025 9:33:06.1 AM GMT:ERROR:url_loader.cc(131)] Network error: net::ERR_INTERNET_DISCONNECTED
[Oct 27, 2025 9:33:06.1 AM GMT:ERROR:get_publisher.cc(169)] Unexpected HTTP status: -1
[Oct 27, 2025 9:33:06.1 AM GMT:ERROR:url_loader.cc(131)] Network error: net::ERR_INTERNET_DISCONNECTED
[Oct 27, 2025 9:33:06.1 AM GMT:ERROR:get_publisher.cc(169)] Unexpected HTTP status: -1
[Oct 27, 2025 9:33:06.1 AM GMT:ERROR:url_loader.cc(131)] Network error: net::ERR_INTERNET_DISCONNECTED
[Oct 27, 2025 9:33:06.1 AM GMT:ERROR:get_publisher.cc(169)] Unexpected HTTP status: -1
[Oct 27, 2025 9:33:06.1 AM GMT:ERROR:url_loader.cc(131)] Network error: net::ERR_INTERNET_DISCONNECTED
[Oct 27, 2025 9:33:06.1 AM GMT:ERROR:get_publisher.cc(169)] Unexpected HTTP status: -1
[Oct 27, 2025 9:33:06.1 AM GMT:ERROR:url_loader.cc(131)] Network error: net::ERR_INTERNET_DISCONNECTED
[Oct 27, 2025 9:33:06.1 AM GMT:ERROR:get_publisher.cc(169)] Unexpected HTTP status: -1
[Oct 27, 2025 9:33:06.1 AM GMT:ERROR:url_loader.cc(131)] Network error: net::ERR_INTERNET_DISCONNECTED
[Oct 27, 2025 9:33:06.1 AM GMT:ERROR:get_publisher.cc(169)] Unexpected HTTP status: -1
[Oct 27, 2025 9:33:06.1 AM GMT:ERROR:url_loader.cc(131)] Network error: net::ERR_INTERNET_DISCONNECTED
[Oct 27, 2025 9:33:06.1 AM GMT:ERROR:get_publisher.cc(169)] Unexpected HTTP status: -1
[Oct 27, 2025 9:33:06.1 AM GMT:ERROR:url_loader.cc(131)] Network error: net::ERR_INTERNET_DISCONNECTED
[Oct 27, 2025 9:33:06.1 AM GMT:ERROR:get_publisher.cc(169)] Unexpected HTTP status: -1
[Oct 27, 2025 9:33:06.1 AM GMT:ERROR:url_loader.cc(131)] Network error: net::ERR_INTERNET_DISCONNECTED
[Oct 27, 2025 9:33:06.1 AM GMT:ERROR:get_publisher.cc(169)] Unexpected HTTP status: -1
[Oct 27, 2025 9:33:06.1 AM GMT:ERROR:url_loader.cc(131)] Network error: net::ERR_INTERNET_DISCONNECTED
[Oct 27, 2025 9:33:06.1 AM GMT:ERROR:get_publisher.cc(169)] Unexpected HTTP status: -1
[Oct 27, 2025 9:33:06.1 AM GMT:ERROR:url_loader.cc(131)] Network error: net::ERR_INTERNET_DISCONNECTED
[Oct 27, 2025 9:33:06.1 AM GMT:ERROR:get_publisher.cc(169)] Unexpected HTTP status: -1
[Oct 27, 2025 9:33:06.1 AM GMT:ERROR:url_loader.cc(131)] Network error: net::ERR_INTERNET_DISCONNECTED
[Oct 27, 2025 9:33:06.1 AM GMT:ERROR:get_publisher.cc(169)] Unexpected HTTP status: -1
[Oct 27, 2025 9:33:06.1 AM GMT:ERROR:url_loader.cc(131)] Network error: net::ERR_INTERNET_DISCONNECTED
[Oct 27, 2025 9:33:06.1 AM GMT:ERROR:get_publisher.cc(169)] Unexpected HTTP status: -1
[Oct 27, 2025 9:33:06.1 AM GMT:ERROR:url_loader.cc(131)] Network error: net::ERR_INTERNET_DISCONNECTED
[Oct 27, 2025 9:33:06.1 AM GMT:ERROR:get_publisher.cc(169)] Unexpected HTTP status: -1
[Oct 27, 2025 9:33:06.1 AM GMT:ERROR:url_loader.cc(131)] Network error: net::ERR_INTERNET_DISCONNECTED
[Oct 27, 2025 9:33:06.1 AM GMT:ERROR:get_publisher.cc(169)] Unexpected HTTP status: -1
[Oct 27, 2025 9:33:06.1 AM GMT:ERROR:url_loader.cc(131)] Network error: net::ERR_INTERNET_DISCONNECTED
[Oct 27, 2025 9:33:06.1 AM GMT:ERROR:get_publisher.cc(169)] Unexpected HTTP status: -1
[Oct 27, 2025 9:33:06.1 AM GMT:ERROR:url_loader.cc(131)] Network error: net::ERR_INTERNET_DISCONNECTED
[Oct 27, 2025 9:33:06.1 AM GMT:ERROR:get_publisher.cc(169)] Unexpected HTTP status: -1
[Oct 27, 2025 9:33:06.1 AM GMT:ERROR:url_loader.cc(131)] Network error: net::ERR_INTERNET_DISCONNECTED
[Oct 27, 2025 9:33:06.1 AM GMT:ERROR:get_publisher.cc(169)] Unexpected HTTP status: -1
[Oct 27, 2025 9:33:06.1 AM GMT:ERROR:url_loader.cc(131)] Network error: net::ERR_INTERNET_DISCONNECTED
[Oct 27, 2025 9:33:06.1 AM GMT:ERROR:get_publisher.cc(169)] Unexpected HTTP status: -1
[Oct 27, 2025 9:33:06.1 AM GMT:ERROR:url_loader.cc(131)] Network error: net::ERR_INTERNET_DISCONNECTED
[Oct 27, 2025 9:33:06.1 AM GMT:ERROR:get_publisher.cc(169)] Unexpected HTTP status: -1
[Oct 27, 2025 9:33:06.1 AM GMT:ERROR:url_loader.cc(131)] Network error: net::ERR_INTERNET_DISCONNECTED
[Oct 27, 2025 9:33:06.1 AM GMT:ERROR:get_publisher.cc(169)] Unexpected HTTP status: -1
[Oct 27, 2025 9:33:06.1 AM GMT:ERROR:url_loader.cc(131)] Network error: net::ERR_INTERNET_DISCONNECTED
[Oct 27, 2025 9:33:06.1 AM GMT:ERROR:get_publisher.cc(169)] Unexpected HTTP status: -1
[Oct 27, 2025 9:33:06.1 AM GMT:ERROR:url_loader.cc(131)] Network error: net::ERR_INTERNET_DISCONNECTED
[Oct 27, 2025 9:33:06.1 AM GMT:ERROR:get_publisher.cc(169)] Unexpected HTTP status: -1
[Oct 27, 2025 9:33:06.2 AM GMT:ERROR:url_loader.cc(131)] Network error: net::ERR_INTERNET_DISCONNECTED
[Oct 27, 2025 9:33:06.2 AM GMT:ERROR:get_publisher.cc(169)] Unexpected HTTP status: -1
[Oct 27, 2025 9:33:06.2 AM GMT:ERROR:url_loader.cc(131)] Network error: net::ERR_INTERNET_DISCONNECTED
[Oct 27, 2025 9:33:06.2 AM GMT:ERROR:get_publisher.cc(169)] Unexpected HTTP status: -1
[Oct 27, 2025 9:33:06.2 AM GMT:ERROR:url_loader.cc(131)] Network error: net::ERR_INTERNET_DISCONNECTED
[Oct 27, 2025 9:33:06.2 AM GMT:ERROR:get_publisher.cc(169)] Unexpected HTTP status: -1
[Oct 27, 2025 9:33:06.2 AM GMT:ERROR:url_loader.cc(131)] Network error: net::ERR_INTERNET_DISCONNECTED
[Oct 27, 2025 9:33:06.2 AM GMT:ERROR:get_publisher.cc(169)] Unexpected HTTP status: -1
[Oct 27, 2025 9:33:06.2 AM GMT:ERROR:url_loader.cc(131)] Network error: net::ERR_INTERNET_DISCONNECTED
[Oct 27, 2025 9:33:06.2 AM GMT:ERROR:get_publisher.cc(169)] Unexpected HTTP status: -1
[Oct 27, 2025 9:33:06.2 AM GMT:ERROR:url_loader.cc(131)] Network error: net::ERR_INTERNET_DISCONNECTED
[Oct 27, 2025 9:33:06.2 AM GMT:ERROR:get_publisher.cc(169)] Unexpected HTTP status: -1
[Oct 27, 2025 9:33:06.2 AM GMT:ERROR:url_loader.cc(131)] Network error: net::ERR_INTERNET_DISCONNECTED
[Oct 27, 2025 9:33:06.2 AM GMT:ERROR:get_publisher.cc(169)] Unexpected HTTP status: -1
[Oct 27, 2025 9:33:06.2 AM GMT:ERROR:url_loader.cc(131)] Network error: net::ERR_INTERNET_DISCONNECTED
[Oct 27, 2025 9:33:06.2 AM GMT:ERROR:get_publisher.cc(169)] Unexpected HTTP status: -1
[Oct 27, 2025 9:33:06.2 AM GMT:ERROR:url_loader.cc(131)] Network error: net::ERR_INTERNET_DISCONNECTED
[Oct 27, 2025 9:33:06.2 AM GMT:ERROR:get_publisher.cc(169)] Unexpected HTTP status: -1
[Oct 27, 2025 9:33:06.2 AM GMT:ERROR:url_loader.cc(131)] Network error: net::ERR_INTERNET_DISCONNECTED
[Oct 27, 2025 9:33:06.2 AM GMT:ERROR:get_publisher.cc(169)] Unexpected HTTP status: -1
[Oct 27, 2025 9:33:06.2 AM GMT:ERROR:url_loader.cc(131)] Network error: net::ERR_INTERNET_DISCONNECTED
[Oct 27, 2025 9:33:06.2 AM GMT:ERROR:get_publisher.cc(169)] Unexpected HTTP status: -1
[Oct 27, 2025 9:33:06.2 AM GMT:ERROR:url_loader.cc(131)] Network error: net::ERR_INTERNET_DISCONNECTED
[Oct 27, 2025 9:33:06.2 AM GMT:ERROR:get_publisher.cc(169)] Unexpected HTTP status: -1
[Oct 27, 2025 9:33:06.2 AM GMT:ERROR:url_loader.cc(131)] Network error: net::ERR_INTERNET_DISCONNECTED
[Oct 27, 2025 9:33:06.2 AM GMT:ERROR:get_publisher.cc(169)] Unexpected HTTP status: -1
[Oct 27, 2025 9:33:06.2 AM GMT:ERROR:url_loader.cc(131)] Network error: net::ERR_INTERNET_DISCONNECTED
[Oct 27, 2025 9:33:06.2 AM GMT:ERROR:get_publisher.cc(169)] Unexpected HTTP status: -1
[Oct 27, 2025 9:33:06.2 AM GMT:ERROR:url_loader.cc(131)] Network error: net::ERR_INTERNET_DISCONNECTED
[Oct 27, 2025 9:33:06.2 AM GMT:ERROR:get_publisher.cc(169)] Unexpected HTTP status: -1
[Oct 27, 2025 9:33:06.2 AM GMT:ERROR:url_loader.cc(131)] Network error: net::ERR_INTERNET_DISCONNECTED
[Oct 27, 2025 9:33:06.2 AM GMT:ERROR:get_publisher.cc(169)] Unexpected HTTP status: -1
[Oct 27, 2025 9:33:06.2 AM GMT:ERROR:url_loader.cc(131)] Network error: net::ERR_INTERNET_DISCONNECTED
[Oct 27, 2025 9:33:06.2 AM GMT:ERROR:get_publisher.cc(169)] Unexpected HTTP status: -1
[Oct 27, 2025 9:33:06.2 AM GMT:ERROR:url_loader.cc(131)] Network error: net::ERR_INTERNET_DISCONNECTED
[Oct 27, 2025 9:33:06.2 AM GMT:ERROR:get_publisher.cc(169)] Unexpected HTTP status: -1
[Oct 27, 2025 9:33:06.2 AM GMT:ERROR:url_loader.cc(131)] Network error: net::ERR_INTERNET_DISCONNECTED
[Oct 27, 2025 9:33:06.2 AM GMT:ERROR:get_publisher.cc(169)] Unexpected HTTP status: -1
[Oct 27, 2025 9:33:06.2 AM GMT:ERROR:url_loader.cc(131)] Network error: net::ERR_INTERNET_DISCONNECTED
[Oct 27, 2025 9:33:06.2 AM GMT:ERROR:get_publisher.cc(169)] Unexpected HTTP status: -1
[Oct 27, 2025 9:33:06.2 AM GMT:ERROR:url_loader.cc(131)] Network error: net::ERR_INTERNET_DISCONNECTED
[Oct 27, 2025 9:33:06.2 AM GMT:ERROR:get_publisher.cc(169)] Unexpected HTTP status: -1
[Oct 27, 2025 9:33:06.2 AM GMT:ERROR:url_loader.cc(131)] Network error: net::ERR_INTERNET_DISCONNECTED
[Oct 27, 2025 9:33:06.2 AM GMT:ERROR:get_publisher.cc(169)] Unexpected HTTP status: -1
[Oct 27, 2025 9:33:06.2 AM GMT:ERROR:url_loader.cc(131)] Network error: net::ERR_INTERNET_DISCONNECTED
[Oct 27, 2025 9:33:06.2 AM GMT:ERROR:get_publisher.cc(169)] Unexpected HTTP status: -1
[Oct 27, 2025 9:33:06.2 AM GMT:ERROR:url_loader.cc(131)] Network error: net::ERR_INTERNET_DISCONNECTED
[Oct 27, 2025 9:33:06.2 AM GMT:ERROR:get_publisher.cc(169)] Unexpected HTTP status: -1
[Oct 27, 2025 9:33:06.2 AM GMT:ERROR:url_loader.cc(131)] Network error: net::ERR_INTERNET_DISCONNECTED
[Oct 27, 2025 9:33:06.2 AM GMT:ERROR:get_publisher.cc(169)] Unexpected HTTP status: -1
[Oct 27, 2025 9:33:06.2 AM GMT:ERROR:url_loader.cc(131)] Network error: net::ERR_INTERNET_DISCONNECTED
[Oct 27, 2025 9:33:06.2 AM GMT:ERROR:get_publisher.cc(169)] Unexpected HTTP status: -1
[Oct 27, 2025 9:33:06.2 AM GMT:ERROR:url_loader.cc(131)] Network error: net::ERR_INTERNET_DISCONNECTED
[Oct 27, 2025 9:33:06.2 AM GMT:ERROR:get_publisher.cc(169)] Unexpected HTTP status: -1
[Oct 27, 2025 9:33:06.2 AM GMT:ERROR:url_loader.cc(131)] Network error: net::ERR_INTERNET_DISCONNECTED
[Oct 27, 2025 9:33:06.2 AM GMT:ERROR:get_publisher.cc(169)] Unexpected HTTP status: -1
[Oct 27, 2025 9:33:06.2 AM GMT:ERROR:url_loader.cc(131)] Network error: net::ERR_INTERNET_DISCONNECTED
[Oct 27, 2025 9:33:06.2 AM GMT:ERROR:get_publisher.cc(169)] Unexpected HTTP status: -1
[Oct 27, 2025 9:33:06.2 AM GMT:ERROR:url_loader.cc(131)] Network error: net::ERR_INTERNET_DISCONNECTED
[Oct 27, 2025 9:33:06.2 AM GMT:ERROR:get_publisher.cc(169)] Unexpected HTTP status: -1
[Oct 27, 2025 9:33:06.2 AM GMT:ERROR:url_loader.cc(131)] Network error: net::ERR_INTERNET_DISCONNECTED
[Oct 27, 2025 9:33:06.2 AM GMT:ERROR:get_publisher.cc(169)] Unexpected HTTP status: -1
[Oct 27, 2025 9:33:06.2 AM GMT:ERROR:url_loader.cc(131)] Network error: net::ERR_INTERNET_DISCONNECTED
[Oct 27, 2025 9:33:06.2 AM GMT:ERROR:get_publisher.cc(169)] Unexpected HTTP status: -1
[Oct 27, 2025 9:33:06.2 AM GMT:ERROR:url_loader.cc(131)] Network error: net::ERR_INTERNET_DISCONNECTED
[Oct 27, 2025 9:33:06.2 AM GMT:ERROR:get_publisher.cc(169)] Unexpected HTTP status: -1
[Oct 27, 2025 9:33:06.2 AM GMT:ERROR:url_loader.cc(131)] Network error: net::ERR_INTERNET_DISCONNECTED
[Oct 27, 2025 9:33:06.2 AM GMT:ERROR:get_publisher.cc(169)] Unexpected HTTP status: -1
[Oct 27, 2025 9:33:06.2 AM GMT:ERROR:url_loader.cc(131)] Network error: net::ERR_INTERNET_DISCONNECTED
[Oct 27, 2025 9:33:06.2 AM GMT:ERROR:get_publisher.cc(169)] Unexpected HTTP status: -1
[Oct 27, 2025 9:33:06.2 AM GMT:ERROR:url_loader.cc(131)] Network error: net::ERR_INTERNET_DISCONNECTED
[Oct 27, 2025 9:33:06.2 AM GMT:ERROR:get_publisher.cc(169)] Unexpected HTTP status: -1
[Oct 27, 2025 9:33:06.2 AM GMT:ERROR:url_loader.cc(131)] Network error: net::ERR_INTERNET_DISCONNECTED
[Oct 27, 2025 9:33:06.2 AM GMT:ERROR:get_publisher.cc(169)] Unexpected HTTP status: -1
[Oct 27, 2025 9:33:06.2 AM GMT:ERROR:url_loader.cc(131)] Network error: net::ERR_INTERNET_DISCONNECTED
[Oct 27, 2025 9:33:06.2 AM GMT:ERROR:get_publisher.cc(169)] Unexpected HTTP status: -1
[Oct 27, 2025 9:33:06.2 AM GMT:ERROR:url_loader.cc(131)] Network error: net::ERR_INTERNET_DISCONNECTED
[Oct 27, 2025 9:33:06.2 AM GMT:ERROR:get_publisher.cc(169)] Unexpected HTTP status: -1
[Oct 27, 2025 9:33:06.2 AM GMT:ERROR:url_loader.cc(131)] Network error: net::ERR_INTERNET_DISCONNECTED
[Oct 27, 2025 9:33:06.2 AM GMT:ERROR:get_publisher.cc(169)] Unexpected HTTP status: -1
[Oct 27, 2025 9:33:06.2 AM GMT:ERROR:url_loader.cc(131)] Network error: net::ERR_INTERNET_DISCONNECTED
[Oct 27, 2025 9:33:06.2 AM GMT:ERROR:get_publisher.cc(169)] Unexpected HTTP status: -1
[Oct 27, 2025 9:33:06.2 AM GMT:ERROR:url_loader.cc(131)] Network error: net::ERR_INTERNET_DISCONNECTED
[Oct 27, 2025 9:33:06.2 AM GMT:ERROR:get_publisher.cc(169)] Unexpected HTTP status: -1
[Oct 27, 2025 9:33:06.2 AM GMT:ERROR:url_loader.cc(131)] Network error: net::ERR_INTERNET_DISCONNECTED
[Oct 27, 2025 9:33:06.2 AM GMT:ERROR:get_publisher.cc(169)] Unexpected HTTP status: -1
[Oct 27, 2025 9:33:06.2 AM GMT:ERROR:url_loader.cc(131)] Network error: net::ERR_INTERNET_DISCONNECTED
[Oct 27, 2025 9:33:06.2 AM GMT:ERROR:get_publisher.cc(169)] Unexpected HTTP status: -1
[Oct 27, 2025 9:33:06.2 AM GMT:ERROR:url_loader.cc(131)] Network error: net::ERR_INTERNET_DISCONNECTED
[Oct 27, 2025 9:33:06.2 AM GMT:ERROR:get_publisher.cc(169)] Unexpected HTTP status: -1
[Oct 27, 2025 9:33:06.2 AM GMT:ERROR:url_loader.cc(131)] Network error: net::ERR_INTERNET_DISCONNECTED
[Oct 27, 2025 9:33:06.2 AM GMT:ERROR:get_publisher.cc(169)] Unexpected HTTP status: -1
[Oct 27, 2025 9:33:06.2 AM GMT:ERROR:url_loader.cc(131)] Network error: net::ERR_INTERNET_DISCONNECTED
[Oct 27, 2025 9:33:06.2 AM GMT:ERROR:get_publisher.cc(169)] Unexpected HTTP status: -1
[Oct 27, 2025 9:33:06.2 AM GMT:ERROR:url_loader.cc(131)] Network error: net::ERR_INTERNET_DISCONNECTED
[Oct 27, 2025 9:33:06.2 AM GMT:ERROR:get_publisher.cc(169)] Unexpected HTTP status: -1
[Oct 27, 2025 9:33:06.2 AM GMT:ERROR:url_loader.cc(131)] Network error: net::ERR_INTERNET_DISCONNECTED
[Oct 27, 2025 9:33:06.2 AM GMT:ERROR:get_publisher.cc(169)] Unexpected HTTP status: -1
[Oct 27, 2025 9:33:06.2 AM GMT:ERROR:url_loader.cc(131)] Network error: net::ERR_INTERNET_DISCONNECTED
[Oct 27, 2025 9:33:06.2 AM GMT:ERROR:get_publisher.cc(169)] Unexpected HTTP status: -1
[Oct 27, 2025 9:33:06.2 AM GMT:ERROR:url_loader.cc(131)] Network error: net::ERR_INTERNET_DISCONNECTED
[Oct 27, 2025 9:33:06.2 AM GMT:ERROR:get_publisher.cc(169)] Unexpected HTTP status: -1
[Oct 27, 2025 9:33:06.2 AM GMT:ERROR:url_loader.cc(131)] Network error: net::ERR_INTERNET_DISCONNECTED
[Oct 27, 2025 9:33:06.2 AM GMT:ERROR:get_publisher.cc(169)] Unexpected HTTP status: -1
[Oct 27, 2025 9:33:06.2 AM GMT:ERROR:url_loader.cc(131)] Network error: net::ERR_INTERNET_DISCONNECTED
[Oct 27, 2025 9:33:06.2 AM GMT:ERROR:get_publisher.cc(169)] Unexpected HTTP status: -1
[Oct 27, 2025 9:33:06.2 AM GMT:ERROR:url_loader.cc(131)] Network error: net::ERR_INTERNET_DISCONNECTED
[Oct 27, 2025 9:33:06.2 AM GMT:ERROR:get_publisher.cc(169)] Unexpected HTTP status: -1
[Oct 27, 2025 9:33:06.2 AM GMT:ERROR:url_loader.cc(131)] Network error: net::ERR_INTERNET_DISCONNECTED
[Oct 27, 2025 9:33:06.2 AM GMT:ERROR:get_publisher.cc(169)] Unexpected HTTP status: -1
[Oct 27, 2025 9:33:06.2 AM GMT:ERROR:url_loader.cc(131)] Network error: net::ERR_INTERNET_DISCONNECTED
[Oct 27, 2025 9:33:06.2 AM GMT:ERROR:get_publisher.cc(169)] Unexpected HTTP status: -1
[Oct 27, 2025 9:33:06.2 AM GMT:ERROR:url_loader.cc(131)] Network error: net::ERR_INTERNET_DISCONNECTED
[Oct 27, 2025 9:33:06.2 AM GMT:ERROR:get_publisher.cc(169)] Unexpected HTTP status: -1
[Oct 27, 2025 9:33:06.2 AM GMT:ERROR:url_loader.cc(131)] Network error: net::ERR_INTERNET_DISCONNECTED
[Oct 27, 2025 9:33:06.2 AM GMT:ERROR:get_publisher.cc(169)] Unexpected HTTP status: -1
[Oct 27, 2025 9:33:06.2 AM GMT:ERROR:url_loader.cc(131)] Network error: net::ERR_INTERNET_DISCONNECTED
[Oct 27, 2025 9:33:06.2 AM GMT:ERROR:get_publisher.cc(169)] Unexpected HTTP status: -1
[Oct 27, 2025 9:33:06.2 AM GMT:ERROR:url_loader.cc(131)] Network error: net::ERR_INTERNET_DISCONNECTED
[Oct 27, 2025 9:33:06.2 AM GMT:ERROR:get_publisher.cc(169)] Unexpected HTTP status: -1
[Oct 27, 2025 9:33:06.2 AM GMT:ERROR:url_loader.cc(131)] Network error: net::ERR_INTERNET_DISCONNECTED
[Oct 27, 2025 9:33:06.2 AM GMT:ERROR:get_publisher.cc(169)] Unexpected HTTP status: -1
[Oct 27, 2025 9:33:06.2 AM GMT:ERROR:url_loader.cc(131)] Network error: net::ERR_INTERNET_DISCONNECTED
[Oct 27, 2025 9:33:06.2 AM GMT:ERROR:get_publisher.cc(169)] Unexpected HTTP status: -1
[Oct 27, 2025 9:33:06.2 AM GMT:ERROR:url_loader.cc(131)] Network error: net::ERR_INTERNET_DISCONNECTED
[Oct 27, 2025 9:33:06.2 AM GMT:ERROR:get_publisher.cc(169)] Unexpected HTTP status: -1
[Oct 27, 2025 9:33:06.3 AM GMT:ERROR:url_loader.cc(131)] Network error: net::ERR_INTERNET_DISCONNECTED
[Oct 27, 2025 9:33:06.3 AM GMT:ERROR:get_publisher.cc(169)] Unexpected HTTP status: -1
[Oct 27, 2025 9:33:06.3 AM GMT:ERROR:url_loader.cc(131)] Network error: net::ERR_INTERNET_DISCONNECTED
[Oct 27, 2025 9:33:06.3 AM GMT:ERROR:get_publisher.cc(169)] Unexpected HTTP status: -1
[Oct 27, 2025 9:33:06.3 AM GMT:ERROR:url_loader.cc(131)] Network error: net::ERR_INTERNET_DISCONNECTED
[Oct 27, 2025 9:33:06.3 AM GMT:ERROR:get_publisher.cc(169)] Unexpected HTTP status: -1
[Oct 27, 2025 9:33:06.3 AM GMT:ERROR:url_loader.cc(131)] Network error: net::ERR_INTERNET_DISCONNECTED
[Oct 27, 2025 9:33:06.3 AM GMT:ERROR:get_publisher.cc(169)] Unexpected HTTP status: -1
[Oct 27, 2025 9:33:06.3 AM GMT:ERROR:url_loader.cc(131)] Network error: net::ERR_INTERNET_DISCONNECTED
[Oct 27, 2025 9:33:06.3 AM GMT:ERROR:get_publisher.cc(169)] Unexpected HTTP status: -1
[Oct 27, 2025 9:33:06.3 AM GMT:ERROR:url_loader.cc(131)] Network error: net::ERR_INTERNET_DISCONNECTED
[Oct 27, 2025 9:33:06.3 AM GMT:ERROR:get_publisher.cc(169)] Unexpected HTTP status: -1
[Oct 27, 2025 9:33:06.3 AM GMT:ERROR:url_loader.cc(131)] Network error: net::ERR_INTERNET_DISCONNECTED
[Oct 27, 2025 9:33:06.3 AM GMT:ERROR:get_publisher.cc(169)] Unexpected HTTP status: -1
[Oct 27, 2025 9:33:06.3 AM GMT:ERROR:url_loader.cc(131)] Network error: net::ERR_INTERNET_DISCONNECTED
[Oct 27, 2025 9:33:06.3 AM GMT:ERROR:get_publisher.cc(169)] Unexpected HTTP status: -1
[Oct 27, 2025 9:33:06.3 AM GMT:ERROR:url_loader.cc(131)] Network error: net::ERR_INTERNET_DISCONNECTED
[Oct 27, 2025 9:33:06.3 AM GMT:ERROR:get_publisher.cc(169)] Unexpected HTTP status: -1
[Oct 27, 2025 9:33:06.3 AM GMT:ERROR:url_loader.cc(131)] Network error: net::ERR_INTERNET_DISCONNECTED
[Oct 27, 2025 9:33:06.3 AM GMT:ERROR:get_publisher.cc(169)] Unexpected HTTP status: -1
[Oct 27, 2025 9:33:06.3 AM GMT:ERROR:url_loader.cc(131)] Network error: net::ERR_INTERNET_DISCONNECTED
[Oct 27, 2025 9:33:06.3 AM GMT:ERROR:get_publisher.cc(169)] Unexpected HTTP status: -1
[Oct 27, 2025 9:33:06.3 AM GMT:ERROR:url_loader.cc(131)] Network error: net::ERR_INTERNET_DISCONNECTED
[Oct 27, 2025 9:33:06.3 AM GMT:ERROR:get_publisher.cc(169)] Unexpected HTTP status: -1
[Oct 27, 2025 9:33:06.3 AM GMT:ERROR:url_loader.cc(131)] Network error: net::ERR_INTERNET_DISCONNECTED
[Oct 27, 2025 9:33:06.3 AM GMT:ERROR:get_publisher.cc(169)] Unexpected HTTP status: -1
[Oct 27, 2025 9:33:06.3 AM GMT:ERROR:url_loader.cc(131)] Network error: net::ERR_INTERNET_DISCONNECTED
[Oct 27, 2025 9:33:06.3 AM GMT:ERROR:get_publisher.cc(169)] Unexpected HTTP status: -1
[Oct 27, 2025 9:33:06.3 AM GMT:ERROR:url_loader.cc(131)] Network error: net::ERR_INTERNET_DISCONNECTED
[Oct 27, 2025 9:33:06.3 AM GMT:ERROR:get_publisher.cc(169)] Unexpected HTTP status: -1
[Oct 27, 2025 9:33:06.3 AM GMT:ERROR:url_loader.cc(131)] Network error: net::ERR_INTERNET_DISCONNECTED
[Oct 27, 2025 9:33:06.3 AM GMT:ERROR:get_publisher.cc(169)] Unexpected HTTP status: -1
[Oct 27, 2025 9:33:06.3 AM GMT:ERROR:url_loader.cc(131)] Network error: net::ERR_INTERNET_DISCONNECTED
[Oct 27, 2025 9:33:06.3 AM GMT:ERROR:get_publisher.cc(169)] Unexpected HTTP status: -1
[Oct 27, 2025 9:33:06.3 AM GMT:ERROR:url_loader.cc(131)] Network error: net::ERR_INTERNET_DISCONNECTED
[Oct 27, 2025 9:33:06.3 AM GMT:ERROR:get_publisher.cc(169)] Unexpected HTTP status: -1
[Oct 27, 2025 9:33:06.3 AM GMT:ERROR:url_loader.cc(131)] Network error: net::ERR_INTERNET_DISCONNECTED
[Oct 27, 2025 9:33:06.3 AM GMT:ERROR:get_publisher.cc(169)] Unexpected HTTP status: -1
[Oct 27, 2025 9:33:06.3 AM GMT:ERROR:url_loader.cc(131)] Network error: net::ERR_INTERNET_DISCONNECTED
[Oct 27, 2025 9:33:06.3 AM GMT:ERROR:get_publisher.cc(169)] Unexpected HTTP status: -1
[Oct 27, 2025 9:33:06.3 AM GMT:ERROR:url_loader.cc(131)] Network error: net::ERR_INTERNET_DISCONNECTED
[Oct 27, 2025 9:33:06.3 AM GMT:ERROR:get_publisher.cc(169)] Unexpected HTTP status: -1
[Oct 27, 2025 9:33:06.3 AM GMT:ERROR:url_loader.cc(131)] Network error: net::ERR_INTERNET_DISCONNECTED
[Oct 27, 2025 9:33:06.3 AM GMT:ERROR:get_publisher.cc(169)] Unexpected HTTP status: -1
[Oct 27, 2025 9:33:06.3 AM GMT:ERROR:url_loader.cc(131)] Network error: net::ERR_INTERNET_DISCONNECTED
[Oct 27, 2025 9:33:06.3 AM GMT:ERROR:get_publisher.cc(169)] Unexpected HTTP status: -1
[Oct 27, 2025 9:33:06.3 AM GMT:ERROR:url_loader.cc(131)] Network error: net::ERR_INTERNET_DISCONNECTED
[Oct 27, 2025 9:33:06.3 AM GMT:ERROR:get_publisher.cc(169)] Unexpected HTTP status: -1
[Oct 27, 2025 9:33:06.3 AM GMT:ERROR:url_loader.cc(131)] Network error: net::ERR_INTERNET_DISCONNECTED
[Oct 27, 2025 9:33:06.3 AM GMT:ERROR:get_publisher.cc(169)] Unexpected HTTP status: -1
[Oct 27, 2025 9:33:06.3 AM GMT:ERROR:url_loader.cc(131)] Network error: net::ERR_INTERNET_DISCONNECTED
[Oct 27, 2025 9:33:06.3 AM GMT:ERROR:get_publisher.cc(169)] Unexpected HTTP status: -1
[Oct 27, 2025 9:33:06.3 AM GMT:ERROR:url_loader.cc(131)] Network error: net::ERR_INTERNET_DISCONNECTED
[Oct 27, 2025 9:33:06.3 AM GMT:ERROR:get_publisher.cc(169)] Unexpected HTTP status: -1
[Oct 27, 2025 9:33:06.3 AM GMT:ERROR:url_loader.cc(131)] Network error: net::ERR_INTERNET_DISCONNECTED
[Oct 27, 2025 9:33:06.3 AM GMT:ERROR:get_publisher.cc(169)] Unexpected HTTP status: -1
[Oct 27, 2025 9:33:06.3 AM GMT:ERROR:url_loader.cc(131)] Network error: net::ERR_INTERNET_DISCONNECTED
[Oct 27, 2025 9:33:06.3 AM GMT:ERROR:get_publisher.cc(169)] Unexpected HTTP status: -1
[Oct 27, 2025 9:33:06.3 AM GMT:ERROR:url_loader.cc(131)] Network error: net::ERR_INTERNET_DISCONNECTED
[Oct 27, 2025 9:33:06.3 AM GMT:ERROR:get_publisher.cc(169)] Unexpected HTTP status: -1
[Oct 27, 2025 9:33:06.3 AM GMT:ERROR:url_loader.cc(131)] Network error: net::ERR_INTERNET_DISCONNECTED
[Oct 27, 2025 9:33:06.3 AM GMT:ERROR:get_publisher.cc(169)] Unexpected HTTP status: -1
[Oct 27, 2025 9:33:06.3 AM GMT:ERROR:url_loader.cc(131)] Network error: net::ERR_INTERNET_DISCONNECTED
[Oct 27, 2025 9:33:06.3 AM GMT:ERROR:get_publisher.cc(169)] Unexpected HTTP status: -1
[Oct 27, 2025 9:33:06.3 AM GMT:ERROR:url_loader.cc(131)] Network error: net::ERR_INTERNET_DISCONNECTED
[Oct 27, 2025 9:33:06.3 AM GMT:ERROR:get_publisher.cc(169)] Unexpected HTTP status: -1
[Oct 27, 2025 9:33:06.3 AM GMT:ERROR:url_loader.cc(131)] Network error: net::ERR_INTERNET_DISCONNECTED
[Oct 27, 2025 9:33:06.3 AM GMT:ERROR:get_publisher.cc(169)] Unexpected HTTP status: -1
[Oct 27, 2025 9:33:06.3 AM GMT:ERROR:url_loader.cc(131)] Network error: net::ERR_INTERNET_DISCONNECTED
[Oct 27, 2025 9:33:06.3 AM GMT:ERROR:get_publisher.cc(169)] Unexpected HTTP status: -1
[Oct 27, 2025 9:33:06.3 AM GMT:ERROR:url_loader.cc(131)] Network error: net::ERR_INTERNET_DISCONNECTED
[Oct 27, 2025 9:33:06.3 AM GMT:ERROR:get_publisher.cc(169)] Unexpected HTTP status: -1
[Oct 27, 2025 9:33:06.3 AM GMT:ERROR:url_loader.cc(131)] Network error: net::ERR_INTERNET_DISCONNECTED
[Oct 27, 2025 9:33:06.3 AM GMT:ERROR:get_publisher.cc(169)] Unexpected HTTP status: -1
[Oct 27, 2025 9:33:06.3 AM GMT:ERROR:url_loader.cc(131)] Network error: net::ERR_INTERNET_DISCONNECTED
[Oct 27, 2025 9:33:06.3 AM GMT:ERROR:get_publisher.cc(169)] Unexpected HTTP status: -1
[Oct 27, 2025 9:33:06.3 AM GMT:ERROR:url_loader.cc(131)] Network error: net::ERR_INTERNET_DISCONNECTED
[Oct 27, 2025 9:33:06.3 AM GMT:ERROR:get_publisher.cc(169)] Unexpected HTTP status: -1
[Oct 27, 2025 9:33:06.3 AM GMT:ERROR:url_loader.cc(131)] Network error: net::ERR_INTERNET_DISCONNECTED
[Oct 27, 2025 9:33:06.3 AM GMT:ERROR:get_publisher.cc(169)] Unexpected HTTP status: -1
[Oct 27, 2025 9:33:06.3 AM GMT:ERROR:url_loader.cc(131)] Network error: net::ERR_INTERNET_DISCONNECTED
[Oct 27, 2025 9:33:06.3 AM GMT:ERROR:get_publisher.cc(169)] Unexpected HTTP status: -1
[Oct 27, 2025 9:33:06.3 AM GMT:ERROR:url_loader.cc(131)] Network error: net::ERR_INTERNET_DISCONNECTED
[Oct 27, 2025 9:33:06.3 AM GMT:ERROR:get_publisher.cc(169)] Unexpected HTTP status: -1
[Oct 27, 2025 9:33:06.3 AM GMT:ERROR:url_loader.cc(131)] Network error: net::ERR_INTERNET_DISCONNECTED
[Oct 27, 2025 9:33:06.3 AM GMT:ERROR:get_publisher.cc(169)] Unexpected HTTP status: -1
[Oct 27, 2025 9:33:06.3 AM GMT:ERROR:url_loader.cc(131)] Network error: net::ERR_INTERNET_DISCONNECTED
[Oct 27, 2025 9:33:06.3 AM GMT:ERROR:get_publisher.cc(169)] Unexpected HTTP status: -1
[Oct 27, 2025 9:33:06.3 AM GMT:ERROR:url_loader.cc(131)] Network error: net::ERR_INTERNET_DISCONNECTED
[Oct 27, 2025 9:33:06.3 AM GMT:ERROR:get_publisher.cc(169)] Unexpected HTTP status: -1
[Oct 27, 2025 9:33:06.3 AM GMT:ERROR:url_loader.cc(131)] Network error: net::ERR_INTERNET_DISCONNECTED
[Oct 27, 2025 9:33:06.3 AM GMT:ERROR:get_publisher.cc(169)] Unexpected HTTP status: -1
[Oct 27, 2025 9:33:06.3 AM GMT:ERROR:url_loader.cc(131)] Network error: net::ERR_INTERNET_DISCONNECTED
[Oct 27, 2025 9:33:06.3 AM GMT:ERROR:get_publisher.cc(169)] Unexpected HTTP status: -1
[Oct 27, 2025 9:33:06.3 AM GMT:ERROR:url_loader.cc(131)] Network error: net::ERR_INTERNET_DISCONNECTED
[Oct 27, 2025 9:33:06.3 AM GMT:ERROR:get_publisher.cc(169)] Unexpected HTTP status: -1
[Oct 27, 2025 9:33:06.3 AM GMT:ERROR:url_loader.cc(131)] Network error: net::ERR_INTERNET_DISCONNECTED
[Oct 27, 2025 9:33:06.3 AM GMT:ERROR:get_publisher.cc(169)] Unexpected HTTP status: -1
[Oct 27, 2025 9:33:06.3 AM GMT:ERROR:url_loader.cc(131)] Network error: net::ERR_INTERNET_DISCONNECTED
[Oct 27, 2025 9:33:06.3 AM GMT:ERROR:get_publisher.cc(169)] Unexpected HTTP status: -1
[Oct 27, 2025 9:33:06.3 AM GMT:ERROR:url_loader.cc(131)] Network error: net::ERR_INTERNET_DISCONNECTED
[Oct 27, 2025 9:33:06.3 AM GMT:ERROR:get_publisher.cc(169)] Unexpected HTTP status: -1
[Oct 27, 2025 9:33:06.3 AM GMT:ERROR:url_loader.cc(131)] Network error: net::ERR_INTERNET_DISCONNECTED
[Oct 27, 2025 9:33:06.3 AM GMT:ERROR:get_publisher.cc(169)] Unexpected HTTP status: -1
[Oct 27, 2025 9:33:06.3 AM GMT:ERROR:url_loader.cc(131)] Network error: net::ERR_INTERNET_DISCONNECTED
[Oct 27, 2025 9:33:06.3 AM GMT:ERROR:get_publisher.cc(169)] Unexpected HTTP status: -1
[Oct 27, 2025 9:33:06.3 AM GMT:ERROR:url_loader.cc(131)] Network error: net::ERR_INTERNET_DISCONNECTED
[Oct 27, 2025 9:33:06.3 AM GMT:ERROR:get_publisher.cc(169)] Unexpected HTTP status: -1
[Oct 27, 2025 9:33:06.3 AM GMT:ERROR:url_loader.cc(131)] Network error: net::ERR_INTERNET_DISCONNECTED
[Oct 27, 2025 9:33:06.3 AM GMT:ERROR:get_publisher.cc(169)] Unexpected HTTP status: -1
[Oct 27, 2025 9:33:06.3 AM GMT:ERROR:url_loader.cc(131)] Network error: net::ERR_INTERNET_DISCONNECTED
[Oct 27, 2025 9:33:06.3 AM GMT:ERROR:get_publisher.cc(169)] Unexpected HTTP status: -1
[Oct 27, 2025 9:33:06.3 AM GMT:ERROR:url_loader.cc(131)] Network error: net::ERR_INTERNET_DISCONNECTED
[Oct 27, 2025 9:33:06.3 AM GMT:ERROR:get_publisher.cc(169)] Unexpected HTTP status: -1
[Oct 27, 2025 9:33:06.3 AM GMT:ERROR:url_loader.cc(131)] Network error: net::ERR_INTERNET_DISCONNECTED
[Oct 27, 2025 9:33:06.3 AM GMT:ERROR:get_publisher.cc(169)] Unexpected HTTP status: -1
[Oct 27, 2025 9:33:06.3 AM GMT:ERROR:url_loader.cc(131)] Network error: net::ERR_INTERNET_DISCONNECTED
[Oct 27, 2025 9:33:06.3 AM GMT:ERROR:get_publisher.cc(169)] Unexpected HTTP status: -1
[Oct 27, 2025 9:33:06.3 AM GMT:ERROR:url_loader.cc(131)] Network error: net::ERR_INTERNET_DISCONNECTED
[Oct 27, 2025 9:33:06.3 AM GMT:ERROR:get_publisher.cc(169)] Unexpected HTTP status: -1
[Oct 27, 2025 9:33:06.3 AM GMT:ERROR:url_loader.cc(131)] Network error: net::ERR_INTERNET_DISCONNECTED
[Oct 27, 2025 9:33:06.3 AM GMT:ERROR:get_publisher.cc(169)] Unexpected HTTP status: -1
[Oct 27, 2025 9:33:06.3 AM GMT:ERROR:url_loader.cc(131)] Network error: net::ERR_INTERNET_DISCONNECTED
[Oct 27, 2025 9:33:06.3 AM GMT:ERROR:get_publisher.cc(169)] Unexpected HTTP status: -1
[Oct 27, 2025 9:33:06.3 AM GMT:ERROR:url_loader.cc(131)] Network error: net::ERR_INTERNET_DISCONNECTED
[Oct 27, 2025 9:33:06.4 AM GMT:ERROR:get_publisher.cc(169)] Unexpected HTTP status: -1
[Oct 27, 2025 9:33:06.4 AM GMT:ERROR:url_loader.cc(131)] Network error: net::ERR_INTERNET_DISCONNECTED
[Oct 27, 2025 9:33:06.4 AM GMT:ERROR:get_publisher.cc(169)] Unexpected HTTP status: -1
[Oct 27, 2025 9:33:06.4 AM GMT:ERROR:url_loader.cc(131)] Network error: net::ERR_INTERNET_DISCONNECTED
[Oct 27, 2025 9:33:06.4 AM GMT:ERROR:get_publisher.cc(169)] Unexpected HTTP status: -1
[Oct 27, 2025 9:33:06.4 AM GMT:ERROR:url_loader.cc(131)] Network error: net::ERR_INTERNET_DISCONNECTED
[Oct 27, 2025 9:33:06.4 AM GMT:ERROR:get_publisher.cc(169)] Unexpected HTTP status: -1
[Oct 27, 2025 9:33:06.4 AM GMT:ERROR:url_loader.cc(131)] Network error: net::ERR_INTERNET_DISCONNECTED
[Oct 27, 2025 9:33:06.4 AM GMT:ERROR:get_publisher.cc(169)] Unexpected HTTP status: -1
[Oct 27, 2025 9:33:06.4 AM GMT:ERROR:url_loader.cc(131)] Network error: net::ERR_INTERNET_DISCONNECTED
[Oct 27, 2025 9:33:06.4 AM GMT:ERROR:get_publisher.cc(169)] Unexpected HTTP status: -1
[Oct 27, 2025 9:33:06.4 AM GMT:ERROR:url_loader.cc(131)] Network error: net::ERR_INTERNET_DISCONNECTED
[Oct 27, 2025 9:33:06.4 AM GMT:ERROR:get_publisher.cc(169)] Unexpected HTTP status: -1
[Oct 27, 2025 9:33:06.4 AM GMT:ERROR:url_loader.cc(131)] Network error: net::ERR_INTERNET_DISCONNECTED
[Oct 27, 2025 9:33:06.4 AM GMT:ERROR:get_publisher.cc(169)] Unexpected HTTP status: -1
[Oct 27, 2025 9:33:06.4 AM GMT:ERROR:url_loader.cc(131)] Network error: net::ERR_INTERNET_DISCONNECTED
[Oct 27, 2025 9:33:06.4 AM GMT:ERROR:get_publisher.cc(169)] Unexpected HTTP status: -1
[Oct 27, 2025 9:33:06.4 AM GMT:ERROR:url_loader.cc(131)] Network error: net::ERR_INTERNET_DISCONNECTED
[Oct 27, 2025 9:33:06.4 AM GMT:ERROR:get_publisher.cc(169)] Unexpected HTTP status: -1
[Oct 27, 2025 9:33:06.4 AM GMT:ERROR:url_loader.cc(131)] Network error: net::ERR_INTERNET_DISCONNECTED
[Oct 27, 2025 9:33:06.4 AM GMT:ERROR:get_publisher.cc(169)] Unexpected HTTP status: -1
[Oct 27, 2025 9:33:06.4 AM GMT:ERROR:url_loader.cc(131)] Network error: net::ERR_INTERNET_DISCONNECTED
[Oct 27, 2025 9:33:06.4 AM GMT:ERROR:get_publisher.cc(169)] Unexpected HTTP status: -1
[Oct 27, 2025 9:33:06.4 AM GMT:ERROR:url_loader.cc(131)] Network error: net::ERR_INTERNET_DISCONNECTED
[Oct 27, 2025 9:33:06.4 AM GMT:ERROR:get_publisher.cc(169)] Unexpected HTTP status: -1
[Oct 27, 2025 9:33:06.4 AM GMT:ERROR:url_loader.cc(131)] Network error: net::ERR_INTERNET_DISCONNECTED
[Oct 27, 2025 9:33:06.4 AM GMT:ERROR:get_publisher.cc(169)] Unexpected HTTP status: -1
[Oct 27, 2025 9:33:06.4 AM GMT:ERROR:url_loader.cc(131)] Network error: net::ERR_INTERNET_DISCONNECTED
[Oct 27, 2025 9:33:06.4 AM GMT:ERROR:get_publisher.cc(169)] Unexpected HTTP status: -1
[Oct 27, 2025 9:33:06.4 AM GMT:ERROR:url_loader.cc(131)] Network error: net::ERR_INTERNET_DISCONNECTED
[Oct 27, 2025 9:33:06.4 AM GMT:ERROR:get_publisher.cc(169)] Unexpected HTTP status: -1
[Oct 27, 2025 9:33:06.4 AM GMT:ERROR:url_loader.cc(131)] Network error: net::ERR_INTERNET_DISCONNECTED
[Oct 27, 2025 9:33:06.4 AM GMT:ERROR:get_publisher.cc(169)] Unexpected HTTP status: -1
[Oct 27, 2025 9:33:06.4 AM GMT:ERROR:url_loader.cc(131)] Network error: net::ERR_INTERNET_DISCONNECTED
[Oct 27, 2025 9:33:06.4 AM GMT:ERROR:get_publisher.cc(169)] Unexpected HTTP status: -1
[Oct 27, 2025 9:33:06.4 AM GMT:ERROR:url_loader.cc(131)] Network error: net::ERR_INTERNET_DISCONNECTED
[Oct 27, 2025 9:33:06.4 AM GMT:ERROR:get_publisher.cc(169)] Unexpected HTTP status: -1
[Oct 27, 2025 9:33:06.4 AM GMT:ERROR:url_loader.cc(131)] Network error: net::ERR_INTERNET_DISCONNECTED
[Oct 27, 2025 9:33:06.4 AM GMT:ERROR:get_publisher.cc(169)] Unexpected HTTP status: -1
[Oct 27, 2025 9:33:06.4 AM GMT:ERROR:url_loader.cc(131)] Network error: net::ERR_INTERNET_DISCONNECTED
[Oct 27, 2025 9:33:06.4 AM GMT:ERROR:get_publisher.cc(169)] Unexpected HTTP status: -1
[Oct 27, 2025 9:33:06.4 AM GMT:ERROR:url_loader.cc(131)] Network error: net::ERR_INTERNET_DISCONNECTED
[Oct 27, 2025 9:33:06.4 AM GMT:ERROR:get_publisher.cc(169)] Unexpected HTTP status: -1
[Oct 27, 2025 9:33:06.4 AM GMT:ERROR:url_loader.cc(131)] Network error: net::ERR_INTERNET_DISCONNECTED
[Oct 27, 2025 9:33:06.4 AM GMT:ERROR:get_publisher.cc(169)] Unexpected HTTP status: -1
[Oct 27, 2025 9:33:06.4 AM GMT:ERROR:url_loader.cc(131)] Network error: net::ERR_INTERNET_DISCONNECTED
[Oct 27, 2025 9:33:06.4 AM GMT:ERROR:get_publisher.cc(169)] Unexpected HTTP status: -1
[Oct 27, 2025 9:33:06.4 AM GMT:ERROR:url_loader.cc(131)] Network error: net::ERR_INTERNET_DISCONNECTED
[Oct 27, 2025 9:33:06.4 AM GMT:ERROR:get_publisher.cc(169)] Unexpected HTTP status: -1
[Oct 27, 2025 9:33:06.4 AM GMT:ERROR:url_loader.cc(131)] Network error: net::ERR_INTERNET_DISCONNECTED
[Oct 27, 2025 9:33:06.4 AM GMT:ERROR:get_publisher.cc(169)] Unexpected HTTP status: -1
[Oct 27, 2025 9:33:06.4 AM GMT:ERROR:url_loader.cc(131)] Network error: net::ERR_INTERNET_DISCONNECTED
[Oct 27, 2025 9:33:06.4 AM GMT:ERROR:get_publisher.cc(169)] Unexpected HTTP status: -1
[Oct 27, 2025 9:33:06.4 AM GMT:ERROR:url_loader.cc(131)] Network error: net::ERR_INTERNET_DISCONNECTED
[Oct 27, 2025 9:33:06.4 AM GMT:ERROR:get_publisher.cc(169)] Unexpected HTTP status: -1
[Oct 27, 2025 9:33:06.4 AM GMT:ERROR:url_loader.cc(131)] Network error: net::ERR_INTERNET_DISCONNECTED
[Oct 27, 2025 9:33:06.4 AM GMT:ERROR:get_publisher.cc(169)] Unexpected HTTP status: -1
[Oct 27, 2025 9:33:06.4 AM GMT:ERROR:url_loader.cc(131)] Network error: net::ERR_INTERNET_DISCONNECTED
[Oct 27, 2025 9:33:06.4 AM GMT:ERROR:get_publisher.cc(169)] Unexpected HTTP status: -1
[Oct 27, 2025 9:33:06.4 AM GMT:ERROR:url_loader.cc(131)] Network error: net::ERR_INTERNET_DISCONNECTED
[Oct 27, 2025 9:33:06.4 AM GMT:ERROR:get_publisher.cc(169)] Unexpected HTTP status: -1
[Oct 27, 2025 9:33:06.4 AM GMT:ERROR:url_loader.cc(131)] Network error: net::ERR_INTERNET_DISCONNECTED
[Oct 27, 2025 9:33:06.4 AM GMT:ERROR:get_publisher.cc(169)] Unexpected HTTP status: -1
[Oct 27, 2025 9:33:06.4 AM GMT:ERROR:url_loader.cc(131)] Network error: net::ERR_INTERNET_DISCONNECTED
[Oct 27, 2025 9:33:06.4 AM GMT:ERROR:get_publisher.cc(169)] Unexpected HTTP status: -1
[Oct 27, 2025 9:33:06.4 AM GMT:ERROR:url_loader.cc(131)] Network error: net::ERR_INTERNET_DISCONNECTED
[Oct 27, 2025 9:33:06.4 AM GMT:ERROR:get_publisher.cc(169)] Unexpected HTTP status: -1
[Oct 27, 2025 9:33:06.4 AM GMT:ERROR:url_loader.cc(131)] Network error: net::ERR_INTERNET_DISCONNECTED
[Oct 27, 2025 9:33:06.4 AM GMT:ERROR:get_publisher.cc(169)] Unexpected HTTP status: -1
[Oct 27, 2025 9:33:06.4 AM GMT:ERROR:url_loader.cc(131)] Network error: net::ERR_INTERNET_DISCONNECTED
[Oct 27, 2025 9:33:06.4 AM GMT:ERROR:get_publisher.cc(169)] Unexpected HTTP status: -1
[Oct 27, 2025 9:33:06.4 AM GMT:ERROR:url_loader.cc(131)] Network error: net::ERR_INTERNET_DISCONNECTED
[Oct 27, 2025 9:33:06.4 AM GMT:ERROR:get_publisher.cc(169)] Unexpected HTTP status: -1
[Oct 27, 2025 9:33:06.4 AM GMT:ERROR:url_loader.cc(131)] Network error: net::ERR_INTERNET_DISCONNECTED
[Oct 27, 2025 9:33:06.4 AM GMT:ERROR:get_publisher.cc(169)] Unexpected HTTP status: -1
[Oct 27, 2025 9:33:06.4 AM GMT:ERROR:url_loader.cc(131)] Network error: net::ERR_INTERNET_DISCONNECTED
[Oct 27, 2025 9:33:06.4 AM GMT:ERROR:get_publisher.cc(169)] Unexpected HTTP status: -1
[Oct 27, 2025 9:33:06.4 AM GMT:ERROR:url_loader.cc(131)] Network error: net::ERR_INTERNET_DISCONNECTED
[Oct 27, 2025 9:33:06.4 AM GMT:ERROR:get_publisher.cc(169)] Unexpected HTTP status: -1
[Oct 27, 2025 9:33:06.4 AM GMT:ERROR:url_loader.cc(131)] Network error: net::ERR_INTERNET_DISCONNECTED
[Oct 27, 2025 9:33:06.4 AM GMT:ERROR:get_publisher.cc(169)] Unexpected HTTP status: -1
[Oct 27, 2025 9:33:06.4 AM GMT:ERROR:url_loader.cc(131)] Network error: net::ERR_INTERNET_DISCONNECTED
[Oct 27, 2025 9:33:06.4 AM GMT:ERROR:get_publisher.cc(169)] Unexpected HTTP status: -1
[Oct 27, 2025 9:33:06.4 AM GMT:ERROR:url_loader.cc(131)] Network error: net::ERR_INTERNET_DISCONNECTED
[Oct 27, 2025 9:33:06.4 AM GMT:ERROR:get_publisher.cc(169)] Unexpected HTTP status: -1
[Oct 27, 2025 9:33:06.4 AM GMT:ERROR:url_loader.cc(131)] Network error: net::ERR_INTERNET_DISCONNECTED
[Oct 27, 2025 9:33:06.4 AM GMT:ERROR:get_publisher.cc(169)] Unexpected HTTP status: -1
[Oct 27, 2025 9:33:06.4 AM GMT:ERROR:url_loader.cc(131)] Network error: net::ERR_INTERNET_DISCONNECTED
[Oct 27, 2025 9:33:06.4 AM GMT:ERROR:get_publisher.cc(169)] Unexpected HTTP status: -1
[Oct 27, 2025 9:33:06.4 AM GMT:ERROR:url_loader.cc(131)] Network error: net::ERR_INTERNET_DISCONNECTED
[Oct 27, 2025 9:33:06.4 AM GMT:ERROR:get_publisher.cc(169)] Unexpected HTTP status: -1
[Oct 27, 2025 9:33:06.4 AM GMT:ERROR:url_loader.cc(131)] Network error: net::ERR_INTERNET_DISCONNECTED
[Oct 27, 2025 9:33:06.4 AM GMT:ERROR:get_publisher.cc(169)] Unexpected HTTP status: -1
[Oct 27, 2025 9:33:06.4 AM GMT:ERROR:url_loader.cc(131)] Network error: net::ERR_INTERNET_DISCONNECTED
[Oct 27, 2025 9:33:06.4 AM GMT:ERROR:get_publisher.cc(169)] Unexpected HTTP status: -1
[Oct 27, 2025 9:33:06.4 AM GMT:ERROR:url_loader.cc(131)] Network error: net::ERR_INTERNET_DISCONNECTED
[Oct 27, 2025 9:33:06.4 AM GMT:ERROR:get_publisher.cc(169)] Unexpected HTTP status: -1
[Oct 27, 2025 9:33:06.4 AM GMT:ERROR:url_loader.cc(131)] Network error: net::ERR_INTERNET_DISCONNECTED
[Oct 27, 2025 9:33:06.4 AM GMT:ERROR:get_publisher.cc(169)] Unexpected HTTP status: -1
[Oct 27, 2025 9:33:06.4 AM GMT:ERROR:url_loader.cc(131)] Network error: net::ERR_INTERNET_DISCONNECTED
[Oct 27, 2025 9:33:06.4 AM GMT:ERROR:get_publisher.cc(169)] Unexpected HTTP status: -1
[Oct 27, 2025 9:33:06.4 AM GMT:ERROR:url_loader.cc(131)] Network error: net::ERR_INTERNET_DISCONNECTED
[Oct 27, 2025 9:33:06.4 AM GMT:ERROR:get_publisher.cc(169)] Unexpected HTTP status: -1
[Oct 27, 2025 9:33:06.4 AM GMT:ERROR:url_loader.cc(131)] Network error: net::ERR_INTERNET_DISCONNECTED
[Oct 27, 2025 9:33:06.4 AM GMT:ERROR:get_publisher.cc(169)] Unexpected HTTP status: -1
[Oct 27, 2025 9:33:06.4 AM GMT:ERROR:url_loader.cc(131)] Network error: net::ERR_INTERNET_DISCONNECTED
[Oct 27, 2025 9:33:06.4 AM GMT:ERROR:get_publisher.cc(169)] Unexpected HTTP status: -1
[Oct 27, 2025 9:33:06.4 AM GMT:ERROR:url_loader.cc(131)] Network error: net::ERR_INTERNET_DISCONNECTED
[Oct 27, 2025 9:33:06.4 AM GMT:ERROR:get_publisher.cc(169)] Unexpected HTTP status: -1
[Oct 27, 2025 9:33:06.4 AM GMT:ERROR:url_loader.cc(131)] Network error: net::ERR_INTERNET_DISCONNECTED
[Oct 27, 2025 9:33:06.4 AM GMT:ERROR:get_publisher.cc(169)] Unexpected HTTP status: -1
[Oct 27, 2025 9:33:06.4 AM GMT:ERROR:url_loader.cc(131)] Network error: net::ERR_INTERNET_DISCONNECTED
[Oct 27, 2025 9:33:06.4 AM GMT:ERROR:get_publisher.cc(169)] Unexpected HTTP status: -1
[Oct 27, 2025 9:33:06.4 AM GMT:ERROR:url_loader.cc(131)] Network error: net::ERR_INTERNET_DISCONNECTED
[Oct 27, 2025 9:33:06.4 AM GMT:ERROR:get_publisher.cc(169)] Unexpected HTTP status: -1
[Oct 27, 2025 9:33:06.4 AM GMT:ERROR:url_loader.cc(131)] Network error: net::ERR_INTERNET_DISCONNECTED
[Oct 27, 2025 9:33:06.4 AM GMT:ERROR:get_publisher.cc(169)] Unexpected HTTP status: -1
[Oct 27, 2025 9:33:06.4 AM GMT:ERROR:url_loader.cc(131)] Network error: net::ERR_INTERNET_DISCONNECTED
[Oct 27, 2025 9:33:06.4 AM GMT:ERROR:get_publisher.cc(169)] Unexpected HTTP status: -1
[Oct 27, 2025 9:33:06.4 AM GMT:ERROR:url_loader.cc(131)] Network error: net::ERR_INTERNET_DISCONNECTED
[Oct 27, 2025 9:33:06.4 AM GMT:ERROR:get_publisher.cc(169)] Unexpected HTTP status: -1
[Oct 27, 2025 9:33:06.4 AM GMT:ERROR:url_loader.cc(131)] Network error: net::ERR_INTERNET_DISCONNECTED
[Oct 27, 2025 9:33:06.4 AM GMT:ERROR:get_publisher.cc(169)] Unexpected HTTP status: -1
[Oct 27, 2025 9:33:06.4 AM GMT:ERROR:url_loader.cc(131)] Network error: net::ERR_INTERNET_DISCONNECTED
[Oct 27, 2025 9:33:06.4 AM GMT:ERROR:get_publisher.cc(169)] Unexpected HTTP status: -1
[Oct 27, 2025 9:33:06.4 AM GMT:ERROR:url_loader.cc(131)] Network error: net::ERR_INTERNET_DISCONNECTED
[Oct 27, 2025 9:33:06.4 AM GMT:ERROR:get_publisher.cc(169)] Unexpected HTTP status: -1
[Oct 27, 2025 9:33:06.4 AM GMT:ERROR:url_loader.cc(131)] Network error: net::ERR_INTERNET_DISCONNECTED
[Oct 27, 2025 9:33:06.4 AM GMT:ERROR:get_publisher.cc(169)] Unexpected HTTP status: -1
[Oct 27, 2025 9:33:06.5 AM GMT:ERROR:url_loader.cc(131)] Network error: net::ERR_INTERNET_DISCONNECTED
[Oct 27, 2025 9:33:06.5 AM GMT:ERROR:get_publisher.cc(169)] Unexpected HTTP status: -1
[Oct 27, 2025 9:33:06.5 AM GMT:ERROR:url_loader.cc(131)] Network error: net::ERR_INTERNET_DISCONNECTED
[Oct 27, 2025 9:33:06.5 AM GMT:ERROR:get_publisher.cc(169)] Unexpected HTTP status: -1
[Oct 27, 2025 9:33:06.5 AM GMT:ERROR:url_loader.cc(131)] Network error: net::ERR_INTERNET_DISCONNECTED
[Oct 27, 2025 9:33:06.5 AM GMT:ERROR:get_publisher.cc(169)] Unexpected HTTP status: -1
[Oct 27, 2025 9:33:06.5 AM GMT:ERROR:url_loader.cc(131)] Network error: net::ERR_INTERNET_DISCONNECTED
[Oct 27, 2025 9:33:06.5 AM GMT:ERROR:get_publisher.cc(169)] Unexpected HTTP status: -1
[Oct 27, 2025 9:33:06.5 AM GMT:ERROR:url_loader.cc(131)] Network error: net::ERR_INTERNET_DISCONNECTED
[Oct 27, 2025 9:33:06.5 AM GMT:ERROR:get_publisher.cc(169)] Unexpected HTTP status: -1
[Oct 27, 2025 9:33:06.5 AM GMT:ERROR:url_loader.cc(131)] Network error: net::ERR_INTERNET_DISCONNECTED
[Oct 27, 2025 9:33:06.5 AM GMT:ERROR:get_publisher.cc(169)] Unexpected HTTP status: -1
[Oct 27, 2025 9:33:06.5 AM GMT:ERROR:url_loader.cc(131)] Network error: net::ERR_INTERNET_DISCONNECTED
[Oct 27, 2025 9:33:06.5 AM GMT:ERROR:get_publisher.cc(169)] Unexpected HTTP status: -1
[Oct 27, 2025 9:33:06.5 AM GMT:ERROR:url_loader.cc(131)] Network error: net::ERR_INTERNET_DISCONNECTED
[Oct 27, 2025 9:33:06.5 AM GMT:ERROR:get_publisher.cc(169)] Unexpected HTTP status: -1
[Oct 27, 2025 9:33:06.5 AM GMT:ERROR:url_loader.cc(131)] Network error: net::ERR_INTERNET_DISCONNECTED
[Oct 27, 2025 9:33:06.5 AM GMT:ERROR:get_publisher.cc(169)] Unexpected HTTP status: -1
[Oct 27, 2025 9:33:06.5 AM GMT:ERROR:url_loader.cc(131)] Network error: net::ERR_INTERNET_DISCONNECTED
[Oct 27, 2025 9:33:06.5 AM GMT:ERROR:get_publisher.cc(169)] Unexpected HTTP status: -1
[Oct 27, 2025 9:33:06.5 AM GMT:ERROR:url_loader.cc(131)] Network error: net::ERR_INTERNET_DISCONNECTED
[Oct 27, 2025 9:33:06.5 AM GMT:ERROR:get_publisher.cc(169)] Unexpected HTTP status: -1
[Oct 27, 2025 9:33:06.5 AM GMT:ERROR:url_loader.cc(131)] Network error: net::ERR_INTERNET_DISCONNECTED
[Oct 27, 2025 9:33:06.5 AM GMT:ERROR:get_publisher.cc(169)] Unexpected HTTP status: -1
[Oct 27, 2025 9:33:06.5 AM GMT:ERROR:url_loader.cc(131)] Network error: net::ERR_INTERNET_DISCONNECTED
[Oct 27, 2025 9:33:06.5 AM GMT:ERROR:get_publisher.cc(169)] Unexpected HTTP status: -1
[Oct 27, 2025 9:33:06.5 AM GMT:ERROR:url_loader.cc(131)] Network error: net::ERR_INTERNET_DISCONNECTED
[Oct 27, 2025 9:33:06.5 AM GMT:ERROR:get_publisher.cc(169)] Unexpected HTTP status: -1
[Oct 27, 2025 9:33:06.5 AM GMT:ERROR:url_loader.cc(131)] Network error: net::ERR_INTERNET_DISCONNECTED
[Oct 27, 2025 9:33:06.5 AM GMT:ERROR:get_publisher.cc(169)] Unexpected HTTP status: -1
[Oct 27, 2025 9:33:06.5 AM GMT:ERROR:url_loader.cc(131)] Network error: net::ERR_INTERNET_DISCONNECTED
[Oct 27, 2025 9:33:06.5 AM GMT:ERROR:get_publisher.cc(169)] Unexpected HTTP status: -1
[Oct 27, 2025 9:33:06.5 AM GMT:ERROR:url_loader.cc(131)] Network error: net::ERR_INTERNET_DISCONNECTED
[Oct 27, 2025 9:33:06.5 AM GMT:ERROR:get_publisher.cc(169)] Unexpected HTTP status: -1
[Oct 27, 2025 9:33:06.5 AM GMT:ERROR:url_loader.cc(131)] Network error: net::ERR_INTERNET_DISCONNECTED
[Oct 27, 2025 9:33:06.5 AM GMT:ERROR:get_publisher.cc(169)] Unexpected HTTP status: -1
[Oct 27, 2025 9:33:06.5 AM GMT:ERROR:url_loader.cc(131)] Network error: net::ERR_INTERNET_DISCONNECTED
[Oct 27, 2025 9:33:06.5 AM GMT:ERROR:get_publisher.cc(169)] Unexpected HTTP status: -1
[Oct 27, 2025 9:33:06.5 AM GMT:ERROR:url_loader.cc(131)] Network error: net::ERR_INTERNET_DISCONNECTED
[Oct 27, 2025 9:33:06.5 AM GMT:ERROR:get_publisher.cc(169)] Unexpected HTTP status: -1
[Oct 27, 2025 9:33:06.5 AM GMT:ERROR:url_loader.cc(131)] Network error: net::ERR_INTERNET_DISCONNECTED
[Oct 27, 2025 9:33:06.5 AM GMT:ERROR:get_publisher.cc(169)] Unexpected HTTP status: -1
[Oct 27, 2025 9:33:06.5 AM GMT:ERROR:url_loader.cc(131)] Network error: net::ERR_INTERNET_DISCONNECTED
[Oct 27, 2025 9:33:06.5 AM GMT:ERROR:get_publisher.cc(169)] Unexpected HTTP status: -1
[Oct 27, 2025 9:33:06.5 AM GMT:ERROR:url_loader.cc(131)] Network error: net::ERR_INTERNET_DISCONNECTED
[Oct 27, 2025 9:33:06.5 AM GMT:ERROR:get_publisher.cc(169)] Unexpected HTTP status: -1
[Oct 27, 2025 9:33:06.5 AM GMT:ERROR:url_loader.cc(131)] Network error: net::ERR_INTERNET_DISCONNECTED
[Oct 27, 2025 9:33:06.5 AM GMT:ERROR:get_publisher.cc(169)] Unexpected HTTP status: -1
[Oct 27, 2025 9:33:06.5 AM GMT:ERROR:url_loader.cc(131)] Network error: net::ERR_INTERNET_DISCONNECTED
[Oct 27, 2025 9:33:06.5 AM GMT:ERROR:get_publisher.cc(169)] Unexpected HTTP status: -1
[Oct 27, 2025 9:33:06.5 AM GMT:ERROR:url_loader.cc(131)] Network error: net::ERR_INTERNET_DISCONNECTED
[Oct 27, 2025 9:33:06.5 AM GMT:ERROR:get_publisher.cc(169)] Unexpected HTTP status: -1
[Oct 27, 2025 9:33:06.5 AM GMT:ERROR:url_loader.cc(131)] Network error: net::ERR_INTERNET_DISCONNECTED
[Oct 27, 2025 9:33:06.5 AM GMT:ERROR:get_publisher.cc(169)] Unexpected HTTP status: -1
[Oct 27, 2025 9:33:06.5 AM GMT:ERROR:url_loader.cc(131)] Network error: net::ERR_INTERNET_DISCONNECTED
[Oct 27, 2025 9:33:06.5 AM GMT:ERROR:get_publisher.cc(169)] Unexpected HTTP status: -1
[Oct 27, 2025 9:33:06.5 AM GMT:ERROR:url_loader.cc(131)] Network error: net::ERR_INTERNET_DISCONNECTED
[Oct 27, 2025 9:33:06.5 AM GMT:ERROR:get_publisher.cc(169)] Unexpected HTTP status: -1
[Oct 27, 2025 9:33:06.5 AM GMT:ERROR:url_loader.cc(131)] Network error: net::ERR_INTERNET_DISCONNECTED
[Oct 27, 2025 9:33:06.5 AM GMT:ERROR:get_publisher.cc(169)] Unexpected HTTP status: -1
[Oct 27, 2025 9:33:06.5 AM GMT:ERROR:url_loader.cc(131)] Network error: net::ERR_INTERNET_DISCONNECTED
[Oct 27, 2025 9:33:06.5 AM GMT:ERROR:get_publisher.cc(169)] Unexpected HTTP status: -1
[Oct 27, 2025 9:33:06.5 AM GMT:ERROR:url_loader.cc(131)] Network error: net::ERR_INTERNET_DISCONNECTED
[Oct 27, 2025 9:33:06.5 AM GMT:ERROR:get_publisher.cc(169)] Unexpected HTTP status: -1
[Oct 27, 2025 9:33:06.5 AM GMT:ERROR:url_loader.cc(131)] Network error: net::ERR_INTERNET_DISCONNECTED
[Oct 27, 2025 9:33:06.5 AM GMT:ERROR:get_publisher.cc(169)] Unexpected HTTP status: -1
[Oct 27, 2025 9:33:06.5 AM GMT:ERROR:url_loader.cc(131)] Network error: net::ERR_INTERNET_DISCONNECTED
[Oct 27, 2025 9:33:06.5 AM GMT:ERROR:get_publisher.cc(169)] Unexpected HTTP status: -1
[Oct 27, 2025 9:33:06.5 AM GMT:ERROR:url_loader.cc(131)] Network error: net::ERR_INTERNET_DISCONNECTED
[Oct 27, 2025 9:33:06.5 AM GMT:ERROR:get_publisher.cc(169)] Unexpected HTTP status: -1
[Oct 27, 2025 9:33:06.5 AM GMT:ERROR:url_loader.cc(131)] Network error: net::ERR_INTERNET_DISCONNECTED
[Oct 27, 2025 9:33:06.5 AM GMT:ERROR:get_publisher.cc(169)] Unexpected HTTP status: -1
[Oct 27, 2025 9:33:06.5 AM GMT:ERROR:url_loader.cc(131)] Network error: net::ERR_INTERNET_DISCONNECTED
[Oct 27, 2025 9:33:06.5 AM GMT:ERROR:get_publisher.cc(169)] Unexpected HTTP status: -1
[Oct 27, 2025 9:33:06.5 AM GMT:ERROR:url_loader.cc(131)] Network error: net::ERR_INTERNET_DISCONNECTED
[Oct 27, 2025 9:33:06.5 AM GMT:ERROR:get_publisher.cc(169)] Unexpected HTTP status: -1
[Oct 27, 2025 9:33:06.5 AM GMT:ERROR:url_loader.cc(131)] Network error: net::ERR_INTERNET_DISCONNECTED
[Oct 27, 2025 9:33:06.5 AM GMT:ERROR:get_publisher.cc(169)] Unexpected HTTP status: -1
[Oct 27, 2025 9:33:06.5 AM GMT:ERROR:url_loader.cc(131)] Network error: net::ERR_INTERNET_DISCONNECTED
[Oct 27, 2025 9:33:06.5 AM GMT:ERROR:get_publisher.cc(169)] Unexpected HTTP status: -1
[Oct 27, 2025 9:33:06.5 AM GMT:ERROR:url_loader.cc(131)] Network error: net::ERR_INTERNET_DISCONNECTED
[Oct 27, 2025 9:33:06.5 AM GMT:ERROR:get_publisher.cc(169)] Unexpected HTTP status: -1
[Oct 27, 2025 9:33:06.5 AM GMT:ERROR:url_loader.cc(131)] Network error: net::ERR_INTERNET_DISCONNECTED
[Oct 27, 2025 9:33:06.5 AM GMT:ERROR:get_publisher.cc(169)] Unexpected HTTP status: -1
[Oct 27, 2025 9:33:06.5 AM GMT:ERROR:url_loader.cc(131)] Network error: net::ERR_INTERNET_DISCONNECTED
[Oct 27, 2025 9:33:06.5 AM GMT:ERROR:get_publisher.cc(169)] Unexpected HTTP status: -1
[Oct 27, 2025 9:33:06.5 AM GMT:ERROR:url_loader.cc(131)] Network error: net::ERR_INTERNET_DISCONNECTED
[Oct 27, 2025 9:33:06.5 AM GMT:ERROR:get_publisher.cc(169)] Unexpected HTTP status: -1
[Oct 27, 2025 9:33:06.5 AM GMT:ERROR:url_loader.cc(131)] Network error: net::ERR_INTERNET_DISCONNECTED
[Oct 27, 2025 9:33:06.5 AM GMT:ERROR:get_publisher.cc(169)] Unexpected HTTP status: -1
[Oct 27, 2025 9:33:06.5 AM GMT:ERROR:url_loader.cc(131)] Network error: net::ERR_INTERNET_DISCONNECTED
[Oct 27, 2025 9:33:06.5 AM GMT:ERROR:get_publisher.cc(169)] Unexpected HTTP status: -1
[Oct 27, 2025 9:33:06.5 AM GMT:ERROR:url_loader.cc(131)] Network error: net::ERR_INTERNET_DISCONNECTED
[Oct 27, 2025 9:33:06.5 AM GMT:ERROR:get_publisher.cc(169)] Unexpected HTTP status: -1
[Oct 27, 2025 9:33:06.5 AM GMT:ERROR:url_loader.cc(131)] Network error: net::ERR_INTERNET_DISCONNECTED
[Oct 27, 2025 9:33:06.5 AM GMT:ERROR:get_publisher.cc(169)] Unexpected HTTP status: -1
[Oct 27, 2025 9:33:06.5 AM GMT:ERROR:url_loader.cc(131)] Network error: net::ERR_INTERNET_DISCONNECTED
[Oct 27, 2025 9:33:06.5 AM GMT:ERROR:get_publisher.cc(169)] Unexpected HTTP status: -1
[Oct 27, 2025 9:33:06.5 AM GMT:ERROR:url_loader.cc(131)] Network error: net::ERR_INTERNET_DISCONNECTED
[Oct 27, 2025 9:33:06.5 AM GMT:ERROR:get_publisher.cc(169)] Unexpected HTTP status: -1
[Oct 27, 2025 9:33:06.5 AM GMT:ERROR:url_loader.cc(131)] Network error: net::ERR_INTERNET_DISCONNECTED
[Oct 27, 2025 9:33:06.5 AM GMT:ERROR:get_publisher.cc(169)] Unexpected HTTP status: -1
[Oct 27, 2025 9:33:06.5 AM GMT:ERROR:url_loader.cc(131)] Network error: net::ERR_INTERNET_DISCONNECTED
[Oct 27, 2025 9:33:06.5 AM GMT:ERROR:get_publisher.cc(169)] Unexpected HTTP status: -1
[Oct 27, 2025 9:33:06.5 AM GMT:ERROR:url_loader.cc(131)] Network error: net::ERR_INTERNET_DISCONNECTED
[Oct 27, 2025 9:33:06.5 AM GMT:ERROR:get_publisher.cc(169)] Unexpected HTTP status: -1
[Oct 27, 2025 9:33:06.5 AM GMT:ERROR:url_loader.cc(131)] Network error: net::ERR_INTERNET_DISCONNECTED
[Oct 27, 2025 9:33:06.5 AM GMT:ERROR:get_publisher.cc(169)] Unexpected HTTP status: -1
[Oct 27, 2025 9:33:06.5 AM GMT:ERROR:url_loader.cc(131)] Network error: net::ERR_INTERNET_DISCONNECTED
[Oct 27, 2025 9:33:06.5 AM GMT:ERROR:get_publisher.cc(169)] Unexpected HTTP status: -1
[Oct 27, 2025 9:33:06.5 AM GMT:ERROR:url_loader.cc(131)] Network error: net::ERR_INTERNET_DISCONNECTED
[Oct 27, 2025 9:33:06.5 AM GMT:ERROR:get_publisher.cc(169)] Unexpected HTTP status: -1
[Oct 27, 2025 9:33:06.5 AM GMT:ERROR:url_loader.cc(131)] Network error: net::ERR_INTERNET_DISCONNECTED
[Oct 27, 2025 9:33:06.5 AM GMT:ERROR:get_publisher.cc(169)] Unexpected HTTP status: -1
[Oct 27, 2025 9:33:06.5 AM GMT:ERROR:url_loader.cc(131)] Network error: net::ERR_INTERNET_DISCONNECTED
[Oct 27, 2025 9:33:06.5 AM GMT:ERROR:get_publisher.cc(169)] Unexpected HTTP status: -1
[Oct 27, 2025 9:33:06.5 AM GMT:ERROR:url_loader.cc(131)] Network error: net::ERR_INTERNET_DISCONNECTED
[Oct 27, 2025 9:33:06.5 AM GMT:ERROR:get_publisher.cc(169)] Unexpected HTTP status: -1
[Oct 27, 2025 9:33:06.5 AM GMT:ERROR:url_loader.cc(131)] Network error: net::ERR_INTERNET_DISCONNECTED
[Oct 27, 2025 9:33:06.5 AM GMT:ERROR:get_publisher.cc(169)] Unexpected HTTP status: -1
[Oct 27, 2025 9:33:06.5 AM GMT:ERROR:url_loader.cc(131)] Network error: net::ERR_INTERNET_DISCONNECTED
[Oct 27, 2025 9:33:06.5 AM GMT:ERROR:get_publisher.cc(169)] Unexpected HTTP status: -1
[Oct 27, 2025 9:33:06.5 AM GMT:ERROR:url_loader.cc(131)] Network error: net::ERR_INTERNET_DISCONNECTED
[Oct 27, 2025 9:33:06.5 AM GMT:ERROR:get_publisher.cc(169)] Unexpected HTTP status: -1
[Oct 27, 2025 9:33:06.5 AM GMT:ERROR:url_loader.cc(131)] Network error: net::ERR_INTERNET_DISCONNECTED
[Oct 27, 2025 9:33:06.5 AM GMT:ERROR:get_publisher.cc(169)] Unexpected HTTP status: -1
[Oct 27, 2025 9:33:06.5 AM GMT:ERROR:url_loader.cc(131)] Network error: net::ERR_INTERNET_DISCONNECTED
[Oct 27, 2025 9:33:06.5 AM GMT:ERROR:get_publisher.cc(169)] Unexpected HTTP status: -1
[Oct 27, 2025 9:33:06.6 AM GMT:ERROR:url_loader.cc(131)] Network error: net::ERR_INTERNET_DISCONNECTED
[Oct 27, 2025 9:33:06.6 AM GMT:ERROR:get_publisher.cc(169)] Unexpected HTTP status: -1
[Oct 27, 2025 9:33:06.6 AM GMT:ERROR:url_loader.cc(131)] Network error: net::ERR_INTERNET_DISCONNECTED
[Oct 27, 2025 9:33:06.6 AM GMT:ERROR:get_publisher.cc(169)] Unexpected HTTP status: -1
[Oct 27, 2025 9:33:06.6 AM GMT:ERROR:url_loader.cc(131)] Network error: net::ERR_INTERNET_DISCONNECTED
[Oct 27, 2025 9:33:06.6 AM GMT:ERROR:get_publisher.cc(169)] Unexpected HTTP status: -1
[Oct 27, 2025 9:33:06.6 AM GMT:ERROR:url_loader.cc(131)] Network error: net::ERR_INTERNET_DISCONNECTED
[Oct 27, 2025 9:33:06.6 AM GMT:ERROR:get_publisher.cc(169)] Unexpected HTTP status: -1
[Oct 27, 2025 9:33:06.6 AM GMT:ERROR:url_loader.cc(131)] Network error: net::ERR_INTERNET_DISCONNECTED
[Oct 27, 2025 9:33:06.6 AM GMT:ERROR:get_publisher.cc(169)] Unexpected HTTP status: -1
[Oct 27, 2025 9:33:06.6 AM GMT:ERROR:url_loader.cc(131)] Network error: net::ERR_INTERNET_DISCONNECTED
[Oct 27, 2025 9:33:06.6 AM GMT:ERROR:get_publisher.cc(169)] Unexpected HTTP status: -1
[Oct 27, 2025 9:33:06.6 AM GMT:ERROR:url_loader.cc(131)] Network error: net::ERR_INTERNET_DISCONNECTED
[Oct 27, 2025 9:33:06.6 AM GMT:ERROR:get_publisher.cc(169)] Unexpected HTTP status: -1
[Oct 27, 2025 9:33:06.6 AM GMT:ERROR:url_loader.cc(131)] Network error: net::ERR_INTERNET_DISCONNECTED
[Oct 27, 2025 9:33:06.6 AM GMT:ERROR:get_publisher.cc(169)] Unexpected HTTP status: -1
[Oct 27, 2025 9:33:06.6 AM GMT:ERROR:url_loader.cc(131)] Network error: net::ERR_INTERNET_DISCONNECTED
[Oct 27, 2025 9:33:06.6 AM GMT:ERROR:get_publisher.cc(169)] Unexpected HTTP status: -1
[Oct 27, 2025 9:33:06.6 AM GMT:ERROR:url_loader.cc(131)] Network error: net::ERR_INTERNET_DISCONNECTED
[Oct 27, 2025 9:33:06.6 AM GMT:ERROR:get_publisher.cc(169)] Unexpected HTTP status: -1
[Oct 27, 2025 9:33:06.6 AM GMT:ERROR:url_loader.cc(131)] Network error: net::ERR_INTERNET_DISCONNECTED
[Oct 27, 2025 9:33:06.6 AM GMT:ERROR:get_publisher.cc(169)] Unexpected HTTP status: -1
[Oct 27, 2025 9:33:06.6 AM GMT:ERROR:url_loader.cc(131)] Network error: net::ERR_INTERNET_DISCONNECTED
[Oct 27, 2025 9:33:06.6 AM GMT:ERROR:get_publisher.cc(169)] Unexpected HTTP status: -1
[Oct 27, 2025 9:33:06.6 AM GMT:ERROR:url_loader.cc(131)] Network error: net::ERR_INTERNET_DISCONNECTED
[Oct 27, 2025 9:33:06.6 AM GMT:ERROR:get_publisher.cc(169)] Unexpected HTTP status: -1
[Oct 27, 2025 9:33:06.6 AM GMT:ERROR:url_loader.cc(131)] Network error: net::ERR_INTERNET_DISCONNECTED
[Oct 27, 2025 9:33:06.6 AM GMT:ERROR:get_publisher.cc(169)] Unexpected HTTP status: -1
[Oct 27, 2025 9:33:06.6 AM GMT:ERROR:url_loader.cc(131)] Network error: net::ERR_INTERNET_DISCONNECTED
[Oct 27, 2025 9:33:06.6 AM GMT:ERROR:get_publisher.cc(169)] Unexpected HTTP status: -1
[Oct 27, 2025 9:33:06.6 AM GMT:ERROR:url_loader.cc(131)] Network error: net::ERR_INTERNET_DISCONNECTED
[Oct 27, 2025 9:33:06.6 AM GMT:ERROR:get_publisher.cc(169)] Unexpected HTTP status: -1
[Oct 27, 2025 9:33:06.6 AM GMT:ERROR:url_loader.cc(131)] Network error: net::ERR_INTERNET_DISCONNECTED
[Oct 27, 2025 9:33:06.6 AM GMT:ERROR:get_publisher.cc(169)] Unexpected HTTP status: -1
[Oct 27, 2025 9:33:06.6 AM GMT:ERROR:url_loader.cc(131)] Network error: net::ERR_INTERNET_DISCONNECTED
[Oct 27, 2025 9:33:06.6 AM GMT:ERROR:get_publisher.cc(169)] Unexpected HTTP status: -1
[Oct 27, 2025 9:33:06.6 AM GMT:ERROR:url_loader.cc(131)] Network error: net::ERR_INTERNET_DISCONNECTED
[Oct 27, 2025 9:33:06.6 AM GMT:ERROR:get_publisher.cc(169)] Unexpected HTTP status: -1
[Oct 27, 2025 9:33:06.6 AM GMT:ERROR:url_loader.cc(131)] Network error: net::ERR_INTERNET_DISCONNECTED
[Oct 27, 2025 9:33:06.6 AM GMT:ERROR:get_publisher.cc(169)] Unexpected HTTP status: -1
[Oct 27, 2025 9:33:06.6 AM GMT:ERROR:url_loader.cc(131)] Network error: net::ERR_INTERNET_DISCONNECTED
[Oct 27, 2025 9:33:06.6 AM GMT:ERROR:get_publisher.cc(169)] Unexpected HTTP status: -1
[Oct 27, 2025 9:33:06.6 AM GMT:ERROR:url_loader.cc(131)] Network error: net::ERR_INTERNET_DISCONNECTED
[Oct 27, 2025 9:33:06.6 AM GMT:ERROR:get_publisher.cc(169)] Unexpected HTTP status: -1
[Oct 27, 2025 9:33:06.6 AM GMT:ERROR:url_loader.cc(131)] Network error: net::ERR_INTERNET_DISCONNECTED
[Oct 27, 2025 9:33:06.6 AM GMT:ERROR:get_publisher.cc(169)] Unexpected HTTP status: -1
[Oct 27, 2025 9:33:06.6 AM GMT:ERROR:url_loader.cc(131)] Network error: net::ERR_INTERNET_DISCONNECTED
[Oct 27, 2025 9:33:06.6 AM GMT:ERROR:get_publisher.cc(169)] Unexpected HTTP status: -1
[Oct 27, 2025 9:33:06.6 AM GMT:ERROR:url_loader.cc(131)] Network error: net::ERR_INTERNET_DISCONNECTED
[Oct 27, 2025 9:33:06.6 AM GMT:ERROR:get_publisher.cc(169)] Unexpected HTTP status: -1
[Oct 27, 2025 9:33:06.6 AM GMT:ERROR:url_loader.cc(131)] Network error: net::ERR_INTERNET_DISCONNECTED
[Oct 27, 2025 9:33:06.6 AM GMT:ERROR:get_publisher.cc(169)] Unexpected HTTP status: -1
[Oct 27, 2025 9:33:06.6 AM GMT:ERROR:url_loader.cc(131)] Network error: net::ERR_INTERNET_DISCONNECTED
[Oct 27, 2025 9:33:06.6 AM GMT:ERROR:get_publisher.cc(169)] Unexpected HTTP status: -1
[Oct 27, 2025 9:33:06.6 AM GMT:ERROR:url_loader.cc(131)] Network error: net::ERR_INTERNET_DISCONNECTED
[Oct 27, 2025 9:33:06.6 AM GMT:ERROR:get_publisher.cc(169)] Unexpected HTTP status: -1
[Oct 27, 2025 9:33:06.6 AM GMT:ERROR:url_loader.cc(131)] Network error: net::ERR_INTERNET_DISCONNECTED
[Oct 27, 2025 9:33:06.6 AM GMT:ERROR:get_publisher.cc(169)] Unexpected HTTP status: -1
[Oct 27, 2025 9:33:06.6 AM GMT:ERROR:url_loader.cc(131)] Network error: net::ERR_INTERNET_DISCONNECTED
[Oct 27, 2025 9:33:06.6 AM GMT:ERROR:get_publisher.cc(169)] Unexpected HTTP status: -1
[Oct 27, 2025 9:33:06.6 AM GMT:ERROR:url_loader.cc(131)] Network error: net::ERR_INTERNET_DISCONNECTED
[Oct 27, 2025 9:33:06.6 AM GMT:ERROR:get_publisher.cc(169)] Unexpected HTTP status: -1
[Oct 27, 2025 9:33:06.6 AM GMT:ERROR:url_loader.cc(131)] Network error: net::ERR_INTERNET_DISCONNECTED
[Oct 27, 2025 9:33:06.6 AM GMT:ERROR:get_publisher.cc(169)] Unexpected HTTP status: -1
[Oct 27, 2025 9:33:06.6 AM GMT:ERROR:url_loader.cc(131)] Network error: net::ERR_INTERNET_DISCONNECTED
[Oct 27, 2025 9:33:06.6 AM GMT:ERROR:get_publisher.cc(169)] Unexpected HTTP status: -1
[Oct 27, 2025 9:33:06.6 AM GMT:ERROR:url_loader.cc(131)] Network error: net::ERR_INTERNET_DISCONNECTED
[Oct 27, 2025 9:33:06.6 AM GMT:ERROR:get_publisher.cc(169)] Unexpected HTTP status: -1
[Oct 27, 2025 9:33:06.6 AM GMT:ERROR:url_loader.cc(131)] Network error: net::ERR_INTERNET_DISCONNECTED
[Oct 27, 2025 9:33:06.6 AM GMT:ERROR:get_publisher.cc(169)] Unexpected HTTP status: -1
[Oct 27, 2025 9:33:06.6 AM GMT:ERROR:url_loader.cc(131)] Network error: net::ERR_INTERNET_DISCONNECTED
[Oct 27, 2025 9:33:06.6 AM GMT:ERROR:get_publisher.cc(169)] Unexpected HTTP status: -1
[Oct 27, 2025 9:33:06.6 AM GMT:ERROR:url_loader.cc(131)] Network error: net::ERR_INTERNET_DISCONNECTED
[Oct 27, 2025 9:33:06.6 AM GMT:ERROR:get_publisher.cc(169)] Unexpected HTTP status: -1
[Oct 27, 2025 9:33:06.6 AM GMT:ERROR:url_loader.cc(131)] Network error: net::ERR_INTERNET_DISCONNECTED
[Oct 27, 2025 9:33:06.6 AM GMT:ERROR:get_publisher.cc(169)] Unexpected HTTP status: -1
[Oct 27, 2025 9:33:06.6 AM GMT:ERROR:url_loader.cc(131)] Network error: net::ERR_INTERNET_DISCONNECTED
[Oct 27, 2025 9:33:06.6 AM GMT:ERROR:get_publisher.cc(169)] Unexpected HTTP status: -1
[Oct 27, 2025 9:33:06.6 AM GMT:ERROR:url_loader.cc(131)] Network error: net::ERR_INTERNET_DISCONNECTED
[Oct 27, 2025 9:33:06.6 AM GMT:ERROR:get_publisher.cc(169)] Unexpected HTTP status: -1
[Oct 27, 2025 9:33:06.6 AM GMT:ERROR:url_loader.cc(131)] Network error: net::ERR_INTERNET_DISCONNECTED
[Oct 27, 2025 9:33:06.6 AM GMT:ERROR:get_publisher.cc(169)] Unexpected HTTP status: -1
[Oct 27, 2025 9:33:06.6 AM GMT:ERROR:url_loader.cc(131)] Network error: net::ERR_INTERNET_DISCONNECTED
[Oct 27, 2025 9:33:06.6 AM GMT:ERROR:get_publisher.cc(169)] Unexpected HTTP status: -1
[Oct 27, 2025 9:33:06.6 AM GMT:ERROR:url_loader.cc(131)] Network error: net::ERR_INTERNET_DISCONNECTED
[Oct 27, 2025 9:33:06.6 AM GMT:ERROR:get_publisher.cc(169)] Unexpected HTTP status: -1
[Oct 27, 2025 9:33:06.6 AM GMT:ERROR:url_loader.cc(131)] Network error: net::ERR_INTERNET_DISCONNECTED
[Oct 27, 2025 9:33:06.6 AM GMT:ERROR:get_publisher.cc(169)] Unexpected HTTP status: -1
[Oct 27, 2025 9:33:06.6 AM GMT:ERROR:url_loader.cc(131)] Network error: net::ERR_INTERNET_DISCONNECTED
[Oct 27, 2025 9:33:06.6 AM GMT:ERROR:get_publisher.cc(169)] Unexpected HTTP status: -1
[Oct 27, 2025 9:33:06.6 AM GMT:ERROR:url_loader.cc(131)] Network error: net::ERR_INTERNET_DISCONNECTED
[Oct 27, 2025 9:33:06.6 AM GMT:ERROR:get_publisher.cc(169)] Unexpected HTTP status: -1
[Oct 27, 2025 9:33:06.6 AM GMT:ERROR:url_loader.cc(131)] Network error: net::ERR_INTERNET_DISCONNECTED
[Oct 27, 2025 9:33:06.6 AM GMT:ERROR:get_publisher.cc(169)] Unexpected HTTP status: -1
[Oct 27, 2025 9:33:06.6 AM GMT:ERROR:url_loader.cc(131)] Network error: net::ERR_INTERNET_DISCONNECTED
[Oct 27, 2025 9:33:06.6 AM GMT:ERROR:get_publisher.cc(169)] Unexpected HTTP status: -1
[Oct 27, 2025 9:33:06.6 AM GMT:ERROR:url_loader.cc(131)] Network error: net::ERR_INTERNET_DISCONNECTED
[Oct 27, 2025 9:33:06.6 AM GMT:ERROR:get_publisher.cc(169)] Unexpected HTTP status: -1
[Oct 27, 2025 9:33:06.6 AM GMT:ERROR:url_loader.cc(131)] Network error: net::ERR_INTERNET_DISCONNECTED
[Oct 27, 2025 9:33:06.6 AM GMT:ERROR:get_publisher.cc(169)] Unexpected HTTP status: -1
[Oct 27, 2025 9:33:06.6 AM GMT:ERROR:url_loader.cc(131)] Network error: net::ERR_INTERNET_DISCONNECTED
[Oct 27, 2025 9:33:06.6 AM GMT:ERROR:get_publisher.cc(169)] Unexpected HTTP status: -1
[Oct 27, 2025 9:33:06.6 AM GMT:ERROR:url_loader.cc(131)] Network error: net::ERR_INTERNET_DISCONNECTED
[Oct 27, 2025 9:33:06.6 AM GMT:ERROR:get_publisher.cc(169)] Unexpected HTTP status: -1
[Oct 27, 2025 9:33:06.6 AM GMT:ERROR:url_loader.cc(131)] Network error: net::ERR_INTERNET_DISCONNECTED
[Oct 27, 2025 9:33:06.6 AM GMT:ERROR:get_publisher.cc(169)] Unexpected HTTP status: -1
[Oct 27, 2025 9:33:06.6 AM GMT:ERROR:url_loader.cc(131)] Network error: net::ERR_INTERNET_DISCONNECTED
[Oct 27, 2025 9:33:06.6 AM GMT:ERROR:get_publisher.cc(169)] Unexpected HTTP status: -1
[Oct 27, 2025 9:33:06.6 AM GMT:ERROR:url_loader.cc(131)] Network error: net::ERR_INTERNET_DISCONNECTED
[Oct 27, 2025 9:33:06.6 AM GMT:ERROR:get_publisher.cc(169)] Unexpected HTTP status: -1
[Oct 27, 2025 9:33:06.6 AM GMT:ERROR:url_loader.cc(131)] Network error: net::ERR_INTERNET_DISCONNECTED
[Oct 27, 2025 9:33:06.6 AM GMT:ERROR:get_publisher.cc(169)] Unexpected HTTP status: -1
[Oct 27, 2025 9:33:06.6 AM GMT:ERROR:url_loader.cc(131)] Network error: net::ERR_INTERNET_DISCONNECTED
[Oct 27, 2025 9:33:06.6 AM GMT:ERROR:get_publisher.cc(169)] Unexpected HTTP status: -1
[Oct 27, 2025 9:33:06.6 AM GMT:ERROR:url_loader.cc(131)] Network error: net::ERR_INTERNET_DISCONNECTED
[Oct 27, 2025 9:33:06.6 AM GMT:ERROR:get_publisher.cc(169)] Unexpected HTTP status: -1
[Oct 27, 2025 9:33:06.6 AM GMT:ERROR:url_loader.cc(131)] Network error: net::ERR_INTERNET_DISCONNECTED
[Oct 27, 2025 9:33:06.6 AM GMT:ERROR:get_publisher.cc(169)] Unexpected HTTP status: -1
[Oct 27, 2025 9:33:06.6 AM GMT:ERROR:url_loader.cc(131)] Network error: net::ERR_INTERNET_DISCONNECTED
[Oct 27, 2025 9:33:06.6 AM GMT:ERROR:get_publisher.cc(169)] Unexpected HTTP status: -1
[Oct 27, 2025 9:33:06.6 AM GMT:ERROR:url_loader.cc(131)] Network error: net::ERR_INTERNET_DISCONNECTED
[Oct 27, 2025 9:33:06.6 AM GMT:ERROR:get_publisher.cc(169)] Unexpected HTTP status: -1
[Oct 27, 2025 9:33:06.6 AM GMT:ERROR:url_loader.cc(131)] Network error: net::ERR_INTERNET_DISCONNECTED
[Oct 27, 2025 9:33:06.6 AM GMT:ERROR:get_publisher.cc(169)] Unexpected HTTP status: -1
[Oct 27, 2025 9:33:06.6 AM GMT:ERROR:url_loader.cc(131)] Network error: net::ERR_INTERNET_DISCONNECTED
[Oct 27, 2025 9:33:06.6 AM GMT:ERROR:get_publisher.cc(169)] Unexpected HTTP status: -1
[Oct 27, 2025 9:33:06.7 AM GMT:ERROR:url_loader.cc(131)] Network error: net::ERR_INTERNET_DISCONNECTED
[Oct 27, 2025 9:33:06.7 AM GMT:ERROR:get_publisher.cc(169)] Unexpected HTTP status: -1
[Oct 27, 2025 9:33:06.7 AM GMT:ERROR:url_loader.cc(131)] Network error: net::ERR_INTERNET_DISCONNECTED
[Oct 27, 2025 9:33:06.7 AM GMT:ERROR:get_publisher.cc(169)] Unexpected HTTP status: -1
[Oct 27, 2025 9:33:06.7 AM GMT:ERROR:url_loader.cc(131)] Network error: net::ERR_INTERNET_DISCONNECTED
[Oct 27, 2025 9:33:06.7 AM GMT:ERROR:get_publisher.cc(169)] Unexpected HTTP status: -1
[Oct 27, 2025 9:33:06.7 AM GMT:ERROR:url_loader.cc(131)] Network error: net::ERR_INTERNET_DISCONNECTED
[Oct 27, 2025 9:33:06.7 AM GMT:ERROR:get_publisher.cc(169)] Unexpected HTTP status: -1
[Oct 27, 2025 9:33:06.7 AM GMT:ERROR:url_loader.cc(131)] Network error: net::ERR_INTERNET_DISCONNECTED
[Oct 27, 2025 9:33:06.7 AM GMT:ERROR:get_publisher.cc(169)] Unexpected HTTP status: -1
[Oct 27, 2025 9:33:06.7 AM GMT:ERROR:url_loader.cc(131)] Network error: net::ERR_INTERNET_DISCONNECTED
[Oct 27, 2025 9:33:06.7 AM GMT:ERROR:get_publisher.cc(169)] Unexpected HTTP status: -1
[Oct 27, 2025 9:33:06.7 AM GMT:ERROR:url_loader.cc(131)] Network error: net::ERR_INTERNET_DISCONNECTED
[Oct 27, 2025 9:33:06.7 AM GMT:ERROR:get_publisher.cc(169)] Unexpected HTTP status: -1
[Oct 27, 2025 9:33:06.7 AM GMT:ERROR:url_loader.cc(131)] Network error: net::ERR_INTERNET_DISCONNECTED
[Oct 27, 2025 9:33:06.7 AM GMT:ERROR:get_publisher.cc(169)] Unexpected HTTP status: -1
[Oct 27, 2025 9:33:06.7 AM GMT:ERROR:url_loader.cc(131)] Network error: net::ERR_INTERNET_DISCONNECTED
[Oct 27, 2025 9:33:06.7 AM GMT:ERROR:get_publisher.cc(169)] Unexpected HTTP status: -1
[Oct 27, 2025 9:33:06.7 AM GMT:ERROR:url_loader.cc(131)] Network error: net::ERR_INTERNET_DISCONNECTED
[Oct 27, 2025 9:33:06.7 AM GMT:ERROR:get_publisher.cc(169)] Unexpected HTTP status: -1
[Oct 27, 2025 9:33:06.7 AM GMT:ERROR:url_loader.cc(131)] Network error: net::ERR_INTERNET_DISCONNECTED
[Oct 27, 2025 9:33:06.7 AM GMT:ERROR:get_publisher.cc(169)] Unexpected HTTP status: -1
[Oct 27, 2025 9:33:06.7 AM GMT:ERROR:url_loader.cc(131)] Network error: net::ERR_INTERNET_DISCONNECTED
[Oct 27, 2025 9:33:06.7 AM GMT:ERROR:get_publisher.cc(169)] Unexpected HTTP status: -1
[Oct 27, 2025 9:33:06.7 AM GMT:ERROR:url_loader.cc(131)] Network error: net::ERR_INTERNET_DISCONNECTED
[Oct 27, 2025 9:33:06.7 AM GMT:ERROR:get_publisher.cc(169)] Unexpected HTTP status: -1
[Oct 27, 2025 9:33:06.7 AM GMT:ERROR:url_loader.cc(131)] Network error: net::ERR_INTERNET_DISCONNECTED
[Oct 27, 2025 9:33:06.7 AM GMT:ERROR:get_publisher.cc(169)] Unexpected HTTP status: -1
[Oct 27, 2025 9:33:06.7 AM GMT:ERROR:url_loader.cc(131)] Network error: net::ERR_INTERNET_DISCONNECTED
[Oct 27, 2025 9:33:06.7 AM GMT:ERROR:get_publisher.cc(169)] Unexpected HTTP status: -1
[Oct 27, 2025 9:33:06.7 AM GMT:ERROR:url_loader.cc(131)] Network error: net::ERR_INTERNET_DISCONNECTED
[Oct 27, 2025 9:33:06.7 AM GMT:ERROR:get_publisher.cc(169)] Unexpected HTTP status: -1
[Oct 27, 2025 9:33:06.7 AM GMT:ERROR:url_loader.cc(131)] Network error: net::ERR_INTERNET_DISCONNECTED
[Oct 27, 2025 9:33:06.7 AM GMT:ERROR:get_publisher.cc(169)] Unexpected HTTP status: -1
[Oct 27, 2025 9:33:06.7 AM GMT:ERROR:url_loader.cc(131)] Network error: net::ERR_INTERNET_DISCONNECTED
[Oct 27, 2025 9:33:06.7 AM GMT:ERROR:get_publisher.cc(169)] Unexpected HTTP status: -1
[Oct 27, 2025 9:33:06.7 AM GMT:ERROR:url_loader.cc(131)] Network error: net::ERR_INTERNET_DISCONNECTED
[Oct 27, 2025 9:33:06.7 AM GMT:ERROR:get_publisher.cc(169)] Unexpected HTTP status: -1
[Oct 27, 2025 9:33:06.7 AM GMT:ERROR:url_loader.cc(131)] Network error: net::ERR_INTERNET_DISCONNECTED
[Oct 27, 2025 9:33:06.7 AM GMT:ERROR:get_publisher.cc(169)] Unexpected HTTP status: -1
[Oct 27, 2025 9:33:06.7 AM GMT:ERROR:url_loader.cc(131)] Network error: net::ERR_INTERNET_DISCONNECTED
[Oct 27, 2025 9:33:06.7 AM GMT:ERROR:get_publisher.cc(169)] Unexpected HTTP status: -1
[Oct 27, 2025 9:33:06.7 AM GMT:ERROR:url_loader.cc(131)] Network error: net::ERR_INTERNET_DISCONNECTED
[Oct 27, 2025 9:33:06.7 AM GMT:ERROR:get_publisher.cc(169)] Unexpected HTTP status: -1
[Oct 27, 2025 9:33:06.7 AM GMT:ERROR:url_loader.cc(131)] Network error: net::ERR_INTERNET_DISCONNECTED
[Oct 27, 2025 9:33:06.7 AM GMT:ERROR:get_publisher.cc(169)] Unexpected HTTP status: -1
[Oct 27, 2025 9:33:06.7 AM GMT:ERROR:url_loader.cc(131)] Network error: net::ERR_INTERNET_DISCONNECTED
[Oct 27, 2025 9:33:06.7 AM GMT:ERROR:get_publisher.cc(169)] Unexpected HTTP status: -1
[Oct 27, 2025 9:33:06.7 AM GMT:ERROR:url_loader.cc(131)] Network error: net::ERR_INTERNET_DISCONNECTED
[Oct 27, 2025 9:33:06.7 AM GMT:ERROR:get_publisher.cc(169)] Unexpected HTTP status: -1
[Oct 27, 2025 9:33:06.7 AM GMT:ERROR:url_loader.cc(131)] Network error: net::ERR_INTERNET_DISCONNECTED
[Oct 27, 2025 9:33:06.7 AM GMT:ERROR:get_publisher.cc(169)] Unexpected HTTP status: -1
[Oct 27, 2025 9:33:06.7 AM GMT:ERROR:url_loader.cc(131)] Network error: net::ERR_INTERNET_DISCONNECTED
[Oct 27, 2025 9:33:06.7 AM GMT:ERROR:get_publisher.cc(169)] Unexpected HTTP status: -1
[Oct 27, 2025 9:33:06.7 AM GMT:ERROR:url_loader.cc(131)] Network error: net::ERR_INTERNET_DISCONNECTED
[Oct 27, 2025 9:33:06.7 AM GMT:ERROR:get_publisher.cc(169)] Unexpected HTTP status: -1
[Oct 27, 2025 9:33:06.7 AM GMT:ERROR:url_loader.cc(131)] Network error: net::ERR_INTERNET_DISCONNECTED
[Oct 27, 2025 9:33:06.7 AM GMT:ERROR:get_publisher.cc(169)] Unexpected HTTP status: -1
[Oct 27, 2025 9:33:06.7 AM GMT:ERROR:url_loader.cc(131)] Network error: net::ERR_INTERNET_DISCONNECTED
[Oct 27, 2025 9:33:06.7 AM GMT:ERROR:get_publisher.cc(169)] Unexpected HTTP status: -1
[Oct 27, 2025 9:33:06.7 AM GMT:ERROR:url_loader.cc(131)] Network error: net::ERR_INTERNET_DISCONNECTED
[Oct 27, 2025 9:33:06.7 AM GMT:ERROR:get_publisher.cc(169)] Unexpected HTTP status: -1
[Oct 27, 2025 9:33:06.7 AM GMT:ERROR:url_loader.cc(131)] Network error: net::ERR_INTERNET_DISCONNECTED
[Oct 27, 2025 9:33:06.7 AM GMT:ERROR:get_publisher.cc(169)] Unexpected HTTP status: -1
[Oct 27, 2025 9:33:06.7 AM GMT:ERROR:url_loader.cc(131)] Network error: net::ERR_INTERNET_DISCONNECTED
[Oct 27, 2025 9:33:06.7 AM GMT:ERROR:get_publisher.cc(169)] Unexpected HTTP status: -1
[Oct 27, 2025 9:33:06.7 AM GMT:ERROR:url_loader.cc(131)] Network error: net::ERR_INTERNET_DISCONNECTED
[Oct 27, 2025 9:33:06.7 AM GMT:ERROR:get_publisher.cc(169)] Unexpected HTTP status: -1
[Oct 27, 2025 9:33:06.7 AM GMT:ERROR:url_loader.cc(131)] Network error: net::ERR_INTERNET_DISCONNECTED
[Oct 27, 2025 9:33:06.7 AM GMT:ERROR:get_publisher.cc(169)] Unexpected HTTP status: -1
[Oct 27, 2025 9:33:06.7 AM GMT:ERROR:url_loader.cc(131)] Network error: net::ERR_INTERNET_DISCONNECTED
[Oct 27, 2025 9:33:06.7 AM GMT:ERROR:get_publisher.cc(169)] Unexpected HTTP status: -1
[Oct 27, 2025 9:33:06.7 AM GMT:ERROR:url_loader.cc(131)] Network error: net::ERR_INTERNET_DISCONNECTED
[Oct 27, 2025 9:33:06.7 AM GMT:ERROR:get_publisher.cc(169)] Unexpected HTTP status: -1
[Oct 27, 2025 9:33:06.7 AM GMT:ERROR:url_loader.cc(131)] Network error: net::ERR_INTERNET_DISCONNECTED
[Oct 27, 2025 9:33:06.7 AM GMT:ERROR:get_publisher.cc(169)] Unexpected HTTP status: -1
[Oct 27, 2025 9:33:06.7 AM GMT:ERROR:url_loader.cc(131)] Network error: net::ERR_INTERNET_DISCONNECTED
[Oct 27, 2025 9:33:06.7 AM GMT:ERROR:get_publisher.cc(169)] Unexpected HTTP status: -1
[Oct 27, 2025 9:33:06.7 AM GMT:ERROR:url_loader.cc(131)] Network error: net::ERR_INTERNET_DISCONNECTED
[Oct 27, 2025 9:33:06.7 AM GMT:ERROR:get_publisher.cc(169)] Unexpected HTTP status: -1
[Oct 27, 2025 9:33:06.7 AM GMT:ERROR:url_loader.cc(131)] Network error: net::ERR_INTERNET_DISCONNECTED
[Oct 27, 2025 9:33:06.7 AM GMT:ERROR:get_publisher.cc(169)] Unexpected HTTP status: -1
[Oct 27, 2025 9:33:06.7 AM GMT:ERROR:url_loader.cc(131)] Network error: net::ERR_INTERNET_DISCONNECTED
[Oct 27, 2025 9:33:06.7 AM GMT:ERROR:get_publisher.cc(169)] Unexpected HTTP status: -1
[Oct 27, 2025 9:33:06.7 AM GMT:ERROR:url_loader.cc(131)] Network error: net::ERR_INTERNET_DISCONNECTED
[Oct 27, 2025 9:33:06.7 AM GMT:ERROR:get_publisher.cc(169)] Unexpected HTTP status: -1
[Oct 27, 2025 9:33:06.7 AM GMT:ERROR:url_loader.cc(131)] Network error: net::ERR_INTERNET_DISCONNECTED
[Oct 27, 2025 9:33:06.7 AM GMT:ERROR:get_publisher.cc(169)] Unexpected HTTP status: -1
[Oct 27, 2025 9:33:06.7 AM GMT:ERROR:url_loader.cc(131)] Network error: net::ERR_INTERNET_DISCONNECTED
[Oct 27, 2025 9:33:06.7 AM GMT:ERROR:get_publisher.cc(169)] Unexpected HTTP status: -1
[Oct 27, 2025 9:33:06.7 AM GMT:ERROR:url_loader.cc(131)] Network error: net::ERR_INTERNET_DISCONNECTED
[Oct 27, 2025 9:33:06.7 AM GMT:ERROR:get_publisher.cc(169)] Unexpected HTTP status: -1
[Oct 27, 2025 9:33:06.7 AM GMT:ERROR:url_loader.cc(131)] Network error: net::ERR_INTERNET_DISCONNECTED
[Oct 27, 2025 9:33:06.7 AM GMT:ERROR:get_publisher.cc(169)] Unexpected HTTP status: -1
[Oct 27, 2025 9:33:06.7 AM GMT:ERROR:url_loader.cc(131)] Network error: net::ERR_INTERNET_DISCONNECTED
[Oct 27, 2025 9:33:06.7 AM GMT:ERROR:get_publisher.cc(169)] Unexpected HTTP status: -1
[Oct 27, 2025 9:33:06.7 AM GMT:ERROR:url_loader.cc(131)] Network error: net::ERR_INTERNET_DISCONNECTED
[Oct 27, 2025 9:33:06.7 AM GMT:ERROR:get_publisher.cc(169)] Unexpected HTTP status: -1
[Oct 27, 2025 9:33:06.7 AM GMT:ERROR:url_loader.cc(131)] Network error: net::ERR_INTERNET_DISCONNECTED
[Oct 27, 2025 9:33:06.7 AM GMT:ERROR:get_publisher.cc(169)] Unexpected HTTP status: -1
[Oct 27, 2025 9:33:06.7 AM GMT:ERROR:url_loader.cc(131)] Network error: net::ERR_INTERNET_DISCONNECTED
[Oct 27, 2025 9:33:06.7 AM GMT:ERROR:get_publisher.cc(169)] Unexpected HTTP status: -1
[Oct 27, 2025 9:33:06.7 AM GMT:ERROR:url_loader.cc(131)] Network error: net::ERR_INTERNET_DISCONNECTED
[Oct 27, 2025 9:33:06.7 AM GMT:ERROR:get_publisher.cc(169)] Unexpected HTTP status: -1
[Oct 27, 2025 9:33:06.7 AM GMT:ERROR:url_loader.cc(131)] Network error: net::ERR_INTERNET_DISCONNECTED
[Oct 27, 2025 9:33:06.7 AM GMT:ERROR:get_publisher.cc(169)] Unexpected HTTP status: -1
[Oct 27, 2025 9:33:06.7 AM GMT:ERROR:url_loader.cc(131)] Network error: net::ERR_INTERNET_DISCONNECTED
[Oct 27, 2025 9:33:06.7 AM GMT:ERROR:get_publisher.cc(169)] Unexpected HTTP status: -1
[Oct 27, 2025 9:33:06.7 AM GMT:ERROR:url_loader.cc(131)] Network error: net::ERR_INTERNET_DISCONNECTED
[Oct 27, 2025 9:33:06.7 AM GMT:ERROR:get_publisher.cc(169)] Unexpected HTTP status: -1
[Oct 27, 2025 9:33:06.7 AM GMT:ERROR:url_loader.cc(131)] Network error: net::ERR_INTERNET_DISCONNECTED
[Oct 27, 2025 9:33:06.7 AM GMT:ERROR:get_publisher.cc(169)] Unexpected HTTP status: -1
[Oct 27, 2025 9:33:06.7 AM GMT:ERROR:url_loader.cc(131)] Network error: net::ERR_INTERNET_DISCONNECTED
[Oct 27, 2025 9:33:06.7 AM GMT:ERROR:get_publisher.cc(169)] Unexpected HTTP status: -1
[Oct 27, 2025 9:33:06.7 AM GMT:ERROR:url_loader.cc(131)] Network error: net::ERR_INTERNET_DISCONNECTED
[Oct 27, 2025 9:33:06.7 AM GMT:ERROR:get_publisher.cc(169)] Unexpected HTTP status: -1
[Oct 27, 2025 9:33:06.7 AM GMT:ERROR:url_loader.cc(131)] Network error: net::ERR_INTERNET_DISCONNECTED
[Oct 27, 2025 9:33:06.7 AM GMT:ERROR:get_publisher.cc(169)] Unexpected HTTP status: -1
[Oct 27, 2025 9:33:06.7 AM GMT:ERROR:url_loader.cc(131)] Network error: net::ERR_INTERNET_DISCONNECTED
[Oct 27, 2025 9:33:06.7 AM GMT:ERROR:get_publisher.cc(169)] Unexpected HTTP status: -1
[Oct 27, 2025 9:33:06.7 AM GMT:ERROR:url_loader.cc(131)] Network error: net::ERR_INTERNET_DISCONNECTED
[Oct 27, 2025 9:33:06.7 AM GMT:ERROR:get_publisher.cc(169)] Unexpected HTTP status: -1
[Oct 27, 2025 9:33:06.7 AM GMT:ERROR:url_loader.cc(131)] Network error: net::ERR_INTERNET_DISCONNECTED
[Oct 27, 2025 9:33:06.7 AM GMT:ERROR:get_publisher.cc(169)] Unexpected HTTP status: -1
[Oct 27, 2025 9:33:06.7 AM GMT:ERROR:url_loader.cc(131)] Network error: net::ERR_INTERNET_DISCONNECTED
[Oct 27, 2025 9:33:06.7 AM GMT:ERROR:get_publisher.cc(169)] Unexpected HTTP status: -1
[Oct 27, 2025 9:33:06.7 AM GMT:ERROR:url_loader.cc(131)] Network error: net::ERR_INTERNET_DISCONNECTED
[Oct 27, 2025 9:33:06.7 AM GMT:ERROR:get_publisher.cc(169)] Unexpected HTTP status: -1
[Oct 27, 2025 9:33:06.8 AM GMT:ERROR:url_loader.cc(131)] Network error: net::ERR_INTERNET_DISCONNECTED
[Oct 27, 2025 9:33:06.8 AM GMT:ERROR:get_publisher.cc(169)] Unexpected HTTP status: -1
[Oct 27, 2025 9:33:06.8 AM GMT:ERROR:url_loader.cc(131)] Network error: net::ERR_INTERNET_DISCONNECTED
[Oct 27, 2025 9:33:06.8 AM GMT:ERROR:get_publisher.cc(169)] Unexpected HTTP status: -1
[Oct 27, 2025 9:33:06.8 AM GMT:ERROR:url_loader.cc(131)] Network error: net::ERR_INTERNET_DISCONNECTED
[Oct 27, 2025 9:33:06.8 AM GMT:ERROR:get_publisher.cc(169)] Unexpected HTTP status: -1
[Oct 27, 2025 9:33:06.8 AM GMT:ERROR:url_loader.cc(131)] Network error: net::ERR_INTERNET_DISCONNECTED
[Oct 27, 2025 9:33:06.8 AM GMT:ERROR:get_publisher.cc(169)] Unexpected HTTP status: -1
[Oct 27, 2025 9:33:06.8 AM GMT:ERROR:url_loader.cc(131)] Network error: net::ERR_INTERNET_DISCONNECTED
[Oct 27, 2025 9:33:06.8 AM GMT:ERROR:get_publisher.cc(169)] Unexpected HTTP status: -1
[Oct 27, 2025 9:33:06.8 AM GMT:ERROR:url_loader.cc(131)] Network error: net::ERR_INTERNET_DISCONNECTED
[Oct 27, 2025 9:33:06.8 AM GMT:ERROR:get_publisher.cc(169)] Unexpected HTTP status: -1
[Oct 27, 2025 9:33:06.8 AM GMT:ERROR:url_loader.cc(131)] Network error: net::ERR_INTERNET_DISCONNECTED
[Oct 27, 2025 9:33:06.8 AM GMT:ERROR:get_publisher.cc(169)] Unexpected HTTP status: -1
[Oct 27, 2025 9:33:06.8 AM GMT:ERROR:url_loader.cc(131)] Network error: net::ERR_INTERNET_DISCONNECTED
[Oct 27, 2025 9:33:06.8 AM GMT:ERROR:get_publisher.cc(169)] Unexpected HTTP status: -1
[Oct 27, 2025 9:33:06.8 AM GMT:ERROR:url_loader.cc(131)] Network error: net::ERR_INTERNET_DISCONNECTED
[Oct 27, 2025 9:33:06.8 AM GMT:ERROR:get_publisher.cc(169)] Unexpected HTTP status: -1
[Oct 27, 2025 9:33:06.8 AM GMT:ERROR:url_loader.cc(131)] Network error: net::ERR_INTERNET_DISCONNECTED
[Oct 27, 2025 9:33:06.8 AM GMT:ERROR:get_publisher.cc(169)] Unexpected HTTP status: -1
[Oct 27, 2025 9:33:06.8 AM GMT:ERROR:url_loader.cc(131)] Network error: net::ERR_INTERNET_DISCONNECTED
[Oct 27, 2025 9:33:06.8 AM GMT:ERROR:get_publisher.cc(169)] Unexpected HTTP status: -1
[Oct 27, 2025 9:33:06.8 AM GMT:ERROR:url_loader.cc(131)] Network error: net::ERR_INTERNET_DISCONNECTED
[Oct 27, 2025 9:33:06.8 AM GMT:ERROR:get_publisher.cc(169)] Unexpected HTTP status: -1
[Oct 27, 2025 9:33:06.8 AM GMT:ERROR:url_loader.cc(131)] Network error: net::ERR_INTERNET_DISCONNECTED
[Oct 27, 2025 9:33:06.8 AM GMT:ERROR:get_publisher.cc(169)] Unexpected HTTP status: -1
[Oct 27, 2025 9:33:06.8 AM GMT:ERROR:url_loader.cc(131)] Network error: net::ERR_INTERNET_DISCONNECTED
[Oct 27, 2025 9:33:06.8 AM GMT:ERROR:get_publisher.cc(169)] Unexpected HTTP status: -1
[Oct 27, 2025 9:33:06.8 AM GMT:ERROR:url_loader.cc(131)] Network error: net::ERR_INTERNET_DISCONNECTED
[Oct 27, 2025 9:33:06.8 AM GMT:ERROR:get_publisher.cc(169)] Unexpected HTTP status: -1
[Oct 27, 2025 9:33:06.8 AM GMT:ERROR:url_loader.cc(131)] Network error: net::ERR_INTERNET_DISCONNECTED
[Oct 27, 2025 9:33:06.8 AM GMT:ERROR:get_publisher.cc(169)] Unexpected HTTP status: -1
[Oct 27, 2025 9:33:06.8 AM GMT:ERROR:url_loader.cc(131)] Network error: net::ERR_INTERNET_DISCONNECTED
[Oct 27, 2025 9:33:06.8 AM GMT:ERROR:get_publisher.cc(169)] Unexpected HTTP status: -1
[Oct 27, 2025 9:33:06.8 AM GMT:ERROR:url_loader.cc(131)] Network error: net::ERR_INTERNET_DISCONNECTED
[Oct 27, 2025 9:33:06.8 AM GMT:ERROR:get_publisher.cc(169)] Unexpected HTTP status: -1
[Oct 27, 2025 9:33:06.8 AM GMT:ERROR:url_loader.cc(131)] Network error: net::ERR_INTERNET_DISCONNECTED
[Oct 27, 2025 9:33:06.8 AM GMT:ERROR:get_publisher.cc(169)] Unexpected HTTP status: -1
[Oct 27, 2025 9:33:06.8 AM GMT:ERROR:url_loader.cc(131)] Network error: net::ERR_INTERNET_DISCONNECTED
[Oct 27, 2025 9:33:06.8 AM GMT:ERROR:get_publisher.cc(169)] Unexpected HTTP status: -1
[Oct 27, 2025 9:33:06.8 AM GMT:ERROR:url_loader.cc(131)] Network error: net::ERR_INTERNET_DISCONNECTED
[Oct 27, 2025 9:33:06.8 AM GMT:ERROR:get_publisher.cc(169)] Unexpected HTTP status: -1
[Oct 27, 2025 9:33:06.8 AM GMT:ERROR:url_loader.cc(131)] Network error: net::ERR_INTERNET_DISCONNECTED
[Oct 27, 2025 9:33:06.8 AM GMT:ERROR:get_publisher.cc(169)] Unexpected HTTP status: -1
[Oct 27, 2025 9:33:06.8 AM GMT:ERROR:url_loader.cc(131)] Network error: net::ERR_INTERNET_DISCONNECTED
[Oct 27, 2025 9:33:06.8 AM GMT:ERROR:get_publisher.cc(169)] Unexpected HTTP status: -1
[Oct 27, 2025 9:33:06.8 AM GMT:ERROR:url_loader.cc(131)] Network error: net::ERR_INTERNET_DISCONNECTED
[Oct 27, 2025 9:33:06.8 AM GMT:ERROR:get_publisher.cc(169)] Unexpected HTTP status: -1
[Oct 27, 2025 9:33:06.8 AM GMT:ERROR:url_loader.cc(131)] Network error: net::ERR_INTERNET_DISCONNECTED
[Oct 27, 2025 9:33:06.8 AM GMT:ERROR:get_publisher.cc(169)] Unexpected HTTP status: -1
[Oct 27, 2025 9:33:06.8 AM GMT:ERROR:url_loader.cc(131)] Network error: net::ERR_INTERNET_DISCONNECTED
[Oct 27, 2025 9:33:06.8 AM GMT:ERROR:get_publisher.cc(169)] Unexpected HTTP status: -1
[Oct 27, 2025 9:33:06.8 AM GMT:ERROR:url_loader.cc(131)] Network error: net::ERR_INTERNET_DISCONNECTED
[Oct 27, 2025 9:33:06.8 AM GMT:ERROR:get_publisher.cc(169)] Unexpected HTTP status: -1
[Oct 27, 2025 9:33:06.8 AM GMT:ERROR:url_loader.cc(131)] Network error: net::ERR_INTERNET_DISCONNECTED
[Oct 27, 2025 9:33:06.8 AM GMT:ERROR:get_publisher.cc(169)] Unexpected HTTP status: -1
[Oct 27, 2025 9:33:06.8 AM GMT:ERROR:url_loader.cc(131)] Network error: net::ERR_INTERNET_DISCONNECTED
[Oct 27, 2025 9:33:06.8 AM GMT:ERROR:get_publisher.cc(169)] Unexpected HTTP status: -1
[Oct 27, 2025 9:33:06.8 AM GMT:ERROR:url_loader.cc(131)] Network error: net::ERR_INTERNET_DISCONNECTED
[Oct 27, 2025 9:33:06.8 AM GMT:ERROR:get_publisher.cc(169)] Unexpected HTTP status: -1
[Oct 27, 2025 9:33:06.8 AM GMT:ERROR:url_loader.cc(131)] Network error: net::ERR_INTERNET_DISCONNECTED
[Oct 27, 2025 9:33:06.8 AM GMT:ERROR:get_publisher.cc(169)] Unexpected HTTP status: -1
[Oct 27, 2025 9:33:06.8 AM GMT:ERROR:url_loader.cc(131)] Network error: net::ERR_INTERNET_DISCONNECTED
[Oct 27, 2025 9:33:06.8 AM GMT:ERROR:get_publisher.cc(169)] Unexpected HTTP status: -1
[Oct 27, 2025 9:33:06.8 AM GMT:ERROR:url_loader.cc(131)] Network error: net::ERR_INTERNET_DISCONNECTED
[Oct 27, 2025 9:33:06.8 AM GMT:ERROR:get_publisher.cc(169)] Unexpected HTTP status: -1
[Oct 27, 2025 9:33:06.8 AM GMT:ERROR:url_loader.cc(131)] Network error: net::ERR_INTERNET_DISCONNECTED
[Oct 27, 2025 9:33:06.8 AM GMT:ERROR:get_publisher.cc(169)] Unexpected HTTP status: -1
[Oct 27, 2025 9:33:06.8 AM GMT:ERROR:url_loader.cc(131)] Network error: net::ERR_INTERNET_DISCONNECTED
[Oct 27, 2025 9:33:06.8 AM GMT:ERROR:get_publisher.cc(169)] Unexpected HTTP status: -1
[Oct 27, 2025 9:33:06.8 AM GMT:ERROR:url_loader.cc(131)] Network error: net::ERR_INTERNET_DISCONNECTED
[Oct 27, 2025 9:33:06.8 AM GMT:ERROR:get_publisher.cc(169)] Unexpected HTTP status: -1
[Oct 27, 2025 9:33:06.8 AM GMT:ERROR:url_loader.cc(131)] Network error: net::ERR_INTERNET_DISCONNECTED
[Oct 27, 2025 9:33:06.8 AM GMT:ERROR:get_publisher.cc(169)] Unexpected HTTP status: -1
[Oct 27, 2025 9:33:06.8 AM GMT:ERROR:url_loader.cc(131)] Network error: net::ERR_INTERNET_DISCONNECTED
[Oct 27, 2025 9:33:06.8 AM GMT:ERROR:get_publisher.cc(169)] Unexpected HTTP status: -1
[Oct 27, 2025 9:33:06.8 AM GMT:ERROR:url_loader.cc(131)] Network error: net::ERR_INTERNET_DISCONNECTED
[Oct 27, 2025 9:33:06.8 AM GMT:ERROR:get_publisher.cc(169)] Unexpected HTTP status: -1
[Oct 27, 2025 9:33:06.8 AM GMT:ERROR:url_loader.cc(131)] Network error: net::ERR_INTERNET_DISCONNECTED
[Oct 27, 2025 9:33:06.8 AM GMT:ERROR:get_publisher.cc(169)] Unexpected HTTP status: -1
[Oct 27, 2025 9:33:06.8 AM GMT:ERROR:url_loader.cc(131)] Network error: net::ERR_INTERNET_DISCONNECTED
[Oct 27, 2025 9:33:06.8 AM GMT:ERROR:get_publisher.cc(169)] Unexpected HTTP status: -1
[Oct 27, 2025 9:33:06.8 AM GMT:ERROR:url_loader.cc(131)] Network error: net::ERR_INTERNET_DISCONNECTED
[Oct 27, 2025 9:33:06.8 AM GMT:ERROR:get_publisher.cc(169)] Unexpected HTTP status: -1
[Oct 27, 2025 9:33:06.8 AM GMT:ERROR:url_loader.cc(131)] Network error: net::ERR_INTERNET_DISCONNECTED
[Oct 27, 2025 9:33:06.8 AM GMT:ERROR:get_publisher.cc(169)] Unexpected HTTP status: -1
[Oct 27, 2025 9:33:06.8 AM GMT:ERROR:url_loader.cc(131)] Network error: net::ERR_INTERNET_DISCONNECTED
[Oct 27, 2025 9:33:06.8 AM GMT:ERROR:get_publisher.cc(169)] Unexpected HTTP status: -1
[Oct 27, 2025 9:33:06.8 AM GMT:ERROR:url_loader.cc(131)] Network error: net::ERR_INTERNET_DISCONNECTED
[Oct 27, 2025 9:33:06.8 AM GMT:ERROR:get_publisher.cc(169)] Unexpected HTTP status: -1
[Oct 27, 2025 9:33:06.8 AM GMT:ERROR:url_loader.cc(131)] Network error: net::ERR_INTERNET_DISCONNECTED
[Oct 27, 2025 9:33:06.8 AM GMT:ERROR:get_publisher.cc(169)] Unexpected HTTP status: -1
[Oct 27, 2025 9:33:06.8 AM GMT:ERROR:url_loader.cc(131)] Network error: net::ERR_INTERNET_DISCONNECTED
[Oct 27, 2025 9:33:06.8 AM GMT:ERROR:get_publisher.cc(169)] Unexpected HTTP status: -1
[Oct 27, 2025 9:33:06.8 AM GMT:ERROR:url_loader.cc(131)] Network error: net::ERR_INTERNET_DISCONNECTED
[Oct 27, 2025 9:33:06.8 AM GMT:ERROR:get_publisher.cc(169)] Unexpected HTTP status: -1
[Oct 27, 2025 9:33:06.8 AM GMT:ERROR:url_loader.cc(131)] Network error: net::ERR_INTERNET_DISCONNECTED
[Oct 27, 2025 9:33:06.8 AM GMT:ERROR:get_publisher.cc(169)] Unexpected HTTP status: -1
[Oct 27, 2025 9:33:06.8 AM GMT:ERROR:url_loader.cc(131)] Network error: net::ERR_INTERNET_DISCONNECTED
[Oct 27, 2025 9:33:06.8 AM GMT:ERROR:get_publisher.cc(169)] Unexpected HTTP status: -1
[Oct 27, 2025 9:33:06.8 AM GMT:ERROR:url_loader.cc(131)] Network error: net::ERR_INTERNET_DISCONNECTED
[Oct 27, 2025 9:33:06.8 AM GMT:ERROR:get_publisher.cc(169)] Unexpected HTTP status: -1
[Oct 27, 2025 9:33:06.8 AM GMT:ERROR:url_loader.cc(131)] Network error: net::ERR_INTERNET_DISCONNECTED
[Oct 27, 2025 9:33:06.8 AM GMT:ERROR:get_publisher.cc(169)] Unexpected HTTP status: -1
[Oct 27, 2025 9:33:06.8 AM GMT:ERROR:url_loader.cc(131)] Network error: net::ERR_INTERNET_DISCONNECTED
[Oct 27, 2025 9:33:06.8 AM GMT:ERROR:get_publisher.cc(169)] Unexpected HTTP status: -1
[Oct 27, 2025 9:33:06.8 AM GMT:ERROR:url_loader.cc(131)] Network error: net::ERR_INTERNET_DISCONNECTED
[Oct 27, 2025 9:33:06.8 AM GMT:ERROR:get_publisher.cc(169)] Unexpected HTTP status: -1
[Oct 27, 2025 9:33:06.8 AM GMT:ERROR:url_loader.cc(131)] Network error: net::ERR_INTERNET_DISCONNECTED
[Oct 27, 2025 9:33:06.8 AM GMT:ERROR:get_publisher.cc(169)] Unexpected HTTP status: -1
[Oct 27, 2025 9:33:06.8 AM GMT:ERROR:url_loader.cc(131)] Network error: net::ERR_INTERNET_DISCONNECTED
[Oct 27, 2025 9:33:06.8 AM GMT:ERROR:get_publisher.cc(169)] Unexpected HTTP status: -1
[Oct 27, 2025 9:33:06.8 AM GMT:ERROR:url_loader.cc(131)] Network error: net::ERR_INTERNET_DISCONNECTED
[Oct 27, 2025 9:33:06.8 AM GMT:ERROR:get_publisher.cc(169)] Unexpected HTTP status: -1
[Oct 27, 2025 9:33:06.8 AM GMT:ERROR:url_loader.cc(131)] Network error: net::ERR_INTERNET_DISCONNECTED
[Oct 27, 2025 9:33:06.8 AM GMT:ERROR:get_publisher.cc(169)] Unexpected HTTP status: -1
[Oct 27, 2025 9:33:06.8 AM GMT:ERROR:url_loader.cc(131)] Network error: net::ERR_INTERNET_DISCONNECTED
[Oct 27, 2025 9:33:06.8 AM GMT:ERROR:get_publisher.cc(169)] Unexpected HTTP status: -1
[Oct 27, 2025 9:33:06.8 AM GMT:ERROR:url_loader.cc(131)] Network error: net::ERR_INTERNET_DISCONNECTED
[Oct 27, 2025 9:33:06.8 AM GMT:ERROR:get_publisher.cc(169)] Unexpected HTTP status: -1
[Oct 27, 2025 9:33:06.8 AM GMT:ERROR:url_loader.cc(131)] Network error: net::ERR_INTERNET_DISCONNECTED
[Oct 27, 2025 9:33:06.8 AM GMT:ERROR:get_publisher.cc(169)] Unexpected HTTP status: -1
[Oct 27, 2025 9:33:06.8 AM GMT:ERROR:url_loader.cc(131)] Network error: net::ERR_INTERNET_DISCONNECTED
[Oct 27, 2025 9:33:06.8 AM GMT:ERROR:get_publisher.cc(169)] Unexpected HTTP status: -1
[Oct 27, 2025 9:33:06.8 AM GMT:ERROR:url_loader.cc(131)] Network error: net::ERR_INTERNET_DISCONNECTED
[Oct 27, 2025 9:33:06.8 AM GMT:ERROR:get_publisher.cc(169)] Unexpected HTTP status: -1
[Oct 27, 2025 9:33:06.9 AM GMT:ERROR:url_loader.cc(131)] Network error: net::ERR_INTERNET_DISCONNECTED
[Oct 27, 2025 9:33:06.9 AM GMT:ERROR:get_publisher.cc(169)] Unexpected HTTP status: -1
[Oct 27, 2025 9:33:06.9 AM GMT:ERROR:url_loader.cc(131)] Network error: net::ERR_INTERNET_DISCONNECTED
[Oct 27, 2025 9:33:06.9 AM GMT:ERROR:get_publisher.cc(169)] Unexpected HTTP status: -1
[Oct 27, 2025 9:33:06.9 AM GMT:ERROR:url_loader.cc(131)] Network error: net::ERR_INTERNET_DISCONNECTED
[Oct 27, 2025 9:33:06.9 AM GMT:ERROR:get_publisher.cc(169)] Unexpected HTTP status: -1
[Oct 27, 2025 9:33:06.9 AM GMT:ERROR:url_loader.cc(131)] Network error: net::ERR_INTERNET_DISCONNECTED
[Oct 27, 2025 9:33:06.9 AM GMT:ERROR:get_publisher.cc(169)] Unexpected HTTP status: -1
[Oct 27, 2025 9:33:06.9 AM GMT:ERROR:url_loader.cc(131)] Network error: net::ERR_INTERNET_DISCONNECTED
[Oct 27, 2025 9:33:06.9 AM GMT:ERROR:get_publisher.cc(169)] Unexpected HTTP status: -1
[Oct 27, 2025 9:33:06.9 AM GMT:ERROR:url_loader.cc(131)] Network error: net::ERR_INTERNET_DISCONNECTED
[Oct 27, 2025 9:33:06.9 AM GMT:ERROR:get_publisher.cc(169)] Unexpected HTTP status: -1
[Oct 27, 2025 9:33:06.9 AM GMT:ERROR:url_loader.cc(131)] Network error: net::ERR_INTERNET_DISCONNECTED
[Oct 27, 2025 9:33:06.9 AM GMT:ERROR:get_publisher.cc(169)] Unexpected HTTP status: -1
[Oct 27, 2025 9:33:06.9 AM GMT:ERROR:url_loader.cc(131)] Network error: net::ERR_INTERNET_DISCONNECTED
[Oct 27, 2025 9:33:06.9 AM GMT:ERROR:get_publisher.cc(169)] Unexpected HTTP status: -1
[Oct 27, 2025 9:33:06.9 AM GMT:ERROR:url_loader.cc(131)] Network error: net::ERR_INTERNET_DISCONNECTED
[Oct 27, 2025 9:33:06.9 AM GMT:ERROR:get_publisher.cc(169)] Unexpected HTTP status: -1
[Oct 27, 2025 9:33:06.9 AM GMT:ERROR:url_loader.cc(131)] Network error: net::ERR_INTERNET_DISCONNECTED
[Oct 27, 2025 9:33:06.9 AM GMT:ERROR:get_publisher.cc(169)] Unexpected HTTP status: -1
[Oct 27, 2025 9:33:06.9 AM GMT:ERROR:url_loader.cc(131)] Network error: net::ERR_INTERNET_DISCONNECTED
[Oct 27, 2025 9:33:06.9 AM GMT:ERROR:get_publisher.cc(169)] Unexpected HTTP status: -1
[Oct 27, 2025 9:33:06.9 AM GMT:ERROR:url_loader.cc(131)] Network error: net::ERR_INTERNET_DISCONNECTED
[Oct 27, 2025 9:33:06.9 AM GMT:ERROR:get_publisher.cc(169)] Unexpected HTTP status: -1
[Oct 27, 2025 9:33:06.9 AM GMT:ERROR:url_loader.cc(131)] Network error: net::ERR_INTERNET_DISCONNECTED
[Oct 27, 2025 9:33:06.9 AM GMT:ERROR:get_publisher.cc(169)] Unexpected HTTP status: -1
[Oct 27, 2025 9:33:06.9 AM GMT:ERROR:url_loader.cc(131)] Network error: net::ERR_INTERNET_DISCONNECTED
[Oct 27, 2025 9:33:06.9 AM GMT:ERROR:get_publisher.cc(169)] Unexpected HTTP status: -1
[Oct 27, 2025 9:33:06.9 AM GMT:ERROR:url_loader.cc(131)] Network error: net::ERR_INTERNET_DISCONNECTED
[Oct 27, 2025 9:33:06.9 AM GMT:ERROR:get_publisher.cc(169)] Unexpected HTTP status: -1
[Oct 27, 2025 9:33:06.9 AM GMT:ERROR:url_loader.cc(131)] Network error: net::ERR_INTERNET_DISCONNECTED
[Oct 27, 2025 9:33:06.9 AM GMT:ERROR:get_publisher.cc(169)] Unexpected HTTP status: -1
[Oct 27, 2025 9:33:06.9 AM GMT:ERROR:url_loader.cc(131)] Network error: net::ERR_INTERNET_DISCONNECTED
[Oct 27, 2025 9:33:06.9 AM GMT:ERROR:get_publisher.cc(169)] Unexpected HTTP status: -1
[Oct 27, 2025 9:33:06.9 AM GMT:ERROR:url_loader.cc(131)] Network error: net::ERR_INTERNET_DISCONNECTED
[Oct 27, 2025 9:33:06.9 AM GMT:ERROR:get_publisher.cc(169)] Unexpected HTTP status: -1
[Oct 27, 2025 9:33:06.9 AM GMT:ERROR:url_loader.cc(131)] Network error: net::ERR_INTERNET_DISCONNECTED
[Oct 27, 2025 9:33:06.9 AM GMT:ERROR:get_publisher.cc(169)] Unexpected HTTP status: -1
[Oct 27, 2025 9:33:06.9 AM GMT:ERROR:url_loader.cc(131)] Network error: net::ERR_INTERNET_DISCONNECTED
[Oct 27, 2025 9:33:06.9 AM GMT:ERROR:get_publisher.cc(169)] Unexpected HTTP status: -1
[Oct 27, 2025 9:33:06.9 AM GMT:ERROR:url_loader.cc(131)] Network error: net::ERR_INTERNET_DISCONNECTED
[Oct 27, 2025 9:33:06.9 AM GMT:ERROR:get_publisher.cc(169)] Unexpected HTTP status: -1
[Oct 27, 2025 9:33:06.9 AM GMT:ERROR:url_loader.cc(131)] Network error: net::ERR_INTERNET_DISCONNECTED
[Oct 27, 2025 9:33:06.9 AM GMT:ERROR:get_publisher.cc(169)] Unexpected HTTP status: -1
[Oct 27, 2025 9:33:06.9 AM GMT:ERROR:url_loader.cc(131)] Network error: net::ERR_INTERNET_DISCONNECTED
[Oct 27, 2025 9:33:06.9 AM GMT:ERROR:get_publisher.cc(169)] Unexpected HTTP status: -1
[Oct 27, 2025 9:33:06.9 AM GMT:ERROR:url_loader.cc(131)] Network error: net::ERR_INTERNET_DISCONNECTED
[Oct 27, 2025 9:33:06.9 AM GMT:ERROR:get_publisher.cc(169)] Unexpected HTTP status: -1
[Oct 27, 2025 9:33:06.9 AM GMT:ERROR:url_loader.cc(131)] Network error: net::ERR_INTERNET_DISCONNECTED
[Oct 27, 2025 9:33:06.9 AM GMT:ERROR:get_publisher.cc(169)] Unexpected HTTP status: -1
[Oct 27, 2025 9:33:06.9 AM GMT:ERROR:url_loader.cc(131)] Network error: net::ERR_INTERNET_DISCONNECTED
[Oct 27, 2025 9:33:06.9 AM GMT:ERROR:get_publisher.cc(169)] Unexpected HTTP status: -1
[Oct 27, 2025 9:33:06.9 AM GMT:ERROR:url_loader.cc(131)] Network error: net::ERR_INTERNET_DISCONNECTED
[Oct 27, 2025 9:33:06.9 AM GMT:ERROR:get_publisher.cc(169)] Unexpected HTTP status: -1
[Oct 27, 2025 9:33:06.9 AM GMT:ERROR:url_loader.cc(131)] Network error: net::ERR_INTERNET_DISCONNECTED
[Oct 27, 2025 9:33:06.9 AM GMT:ERROR:get_publisher.cc(169)] Unexpected HTTP status: -1
[Oct 27, 2025 9:33:06.9 AM GMT:ERROR:url_loader.cc(131)] Network error: net::ERR_INTERNET_DISCONNECTED
[Oct 27, 2025 9:33:06.9 AM GMT:ERROR:get_publisher.cc(169)] Unexpected HTTP status: -1
[Oct 27, 2025 9:33:06.9 AM GMT:ERROR:url_loader.cc(131)] Network error: net::ERR_INTERNET_DISCONNECTED
[Oct 27, 2025 9:33:06.9 AM GMT:ERROR:get_publisher.cc(169)] Unexpected HTTP status: -1
[Oct 27, 2025 9:33:06.9 AM GMT:ERROR:url_loader.cc(131)] Network error: net::ERR_INTERNET_DISCONNECTED
[Oct 27, 2025 9:33:06.9 AM GMT:ERROR:get_publisher.cc(169)] Unexpected HTTP status: -1
[Oct 27, 2025 9:33:06.9 AM GMT:ERROR:url_loader.cc(131)] Network error: net::ERR_INTERNET_DISCONNECTED
[Oct 27, 2025 9:33:06.9 AM GMT:ERROR:get_publisher.cc(169)] Unexpected HTTP status: -1
[Oct 27, 2025 9:33:06.9 AM GMT:ERROR:url_loader.cc(131)] Network error: net::ERR_INTERNET_DISCONNECTED
[Oct 27, 2025 9:33:06.9 AM GMT:ERROR:get_publisher.cc(169)] Unexpected HTTP status: -1
[Oct 27, 2025 9:33:06.9 AM GMT:ERROR:url_loader.cc(131)] Network error: net::ERR_INTERNET_DISCONNECTED
[Oct 27, 2025 9:33:06.9 AM GMT:ERROR:get_publisher.cc(169)] Unexpected HTTP status: -1
[Oct 27, 2025 9:33:06.9 AM GMT:ERROR:url_loader.cc(131)] Network error: net::ERR_INTERNET_DISCONNECTED
[Oct 27, 2025 9:33:06.9 AM GMT:ERROR:get_publisher.cc(169)] Unexpected HTTP status: -1
[Oct 27, 2025 9:33:06.9 AM GMT:ERROR:url_loader.cc(131)] Network error: net::ERR_INTERNET_DISCONNECTED
[Oct 27, 2025 9:33:06.9 AM GMT:ERROR:get_publisher.cc(169)] Unexpected HTTP status: -1
[Oct 27, 2025 9:33:06.9 AM GMT:ERROR:url_loader.cc(131)] Network error: net::ERR_INTERNET_DISCONNECTED
[Oct 27, 2025 9:33:06.9 AM GMT:ERROR:get_publisher.cc(169)] Unexpected HTTP status: -1
[Oct 27, 2025 9:33:06.9 AM GMT:ERROR:url_loader.cc(131)] Network error: net::ERR_INTERNET_DISCONNECTED
[Oct 27, 2025 9:33:06.9 AM GMT:ERROR:get_publisher.cc(169)] Unexpected HTTP status: -1
[Oct 27, 2025 9:33:06.9 AM GMT:ERROR:url_loader.cc(131)] Network error: net::ERR_INTERNET_DISCONNECTED
[Oct 27, 2025 9:33:06.9 AM GMT:ERROR:get_publisher.cc(169)] Unexpected HTTP status: -1
[Oct 27, 2025 9:33:06.9 AM GMT:ERROR:url_loader.cc(131)] Network error: net::ERR_INTERNET_DISCONNECTED
[Oct 27, 2025 9:33:06.9 AM GMT:ERROR:get_publisher.cc(169)] Unexpected HTTP status: -1
[Oct 27, 2025 9:33:06.9 AM GMT:ERROR:url_loader.cc(131)] Network error: net::ERR_INTERNET_DISCONNECTED
[Oct 27, 2025 9:33:06.9 AM GMT:ERROR:get_publisher.cc(169)] Unexpected HTTP status: -1
[Oct 27, 2025 9:33:06.9 AM GMT:ERROR:url_loader.cc(131)] Network error: net::ERR_INTERNET_DISCONNECTED
[Oct 27, 2025 9:33:06.9 AM GMT:ERROR:get_publisher.cc(169)] Unexpected HTTP status: -1
[Oct 27, 2025 9:33:06.9 AM GMT:ERROR:url_loader.cc(131)] Network error: net::ERR_INTERNET_DISCONNECTED
[Oct 27, 2025 9:33:06.9 AM GMT:ERROR:get_publisher.cc(169)] Unexpected HTTP status: -1
[Oct 27, 2025 9:33:06.9 AM GMT:ERROR:url_loader.cc(131)] Network error: net::ERR_INTERNET_DISCONNECTED
[Oct 27, 2025 9:33:06.9 AM GMT:ERROR:get_publisher.cc(169)] Unexpected HTTP status: -1
[Oct 27, 2025 9:33:06.9 AM GMT:ERROR:url_loader.cc(131)] Network error: net::ERR_INTERNET_DISCONNECTED
[Oct 27, 2025 9:33:06.9 AM GMT:ERROR:get_publisher.cc(169)] Unexpected HTTP status: -1
[Oct 27, 2025 9:33:06.9 AM GMT:ERROR:url_loader.cc(131)] Network error: net::ERR_INTERNET_DISCONNECTED
[Oct 27, 2025 9:33:06.9 AM GMT:ERROR:get_publisher.cc(169)] Unexpected HTTP status: -1
[Oct 27, 2025 9:33:06.9 AM GMT:ERROR:url_loader.cc(131)] Network error: net::ERR_INTERNET_DISCONNECTED
[Oct 27, 2025 9:33:06.9 AM GMT:ERROR:get_publisher.cc(169)] Unexpected HTTP status: -1
[Oct 27, 2025 9:33:06.9 AM GMT:ERROR:url_loader.cc(131)] Network error: net::ERR_INTERNET_DISCONNECTED
[Oct 27, 2025 9:33:06.9 AM GMT:ERROR:get_publisher.cc(169)] Unexpected HTTP status: -1
[Oct 27, 2025 9:33:06.9 AM GMT:ERROR:url_loader.cc(131)] Network error: net::ERR_INTERNET_DISCONNECTED
[Oct 27, 2025 9:33:06.9 AM GMT:ERROR:get_publisher.cc(169)] Unexpected HTTP status: -1
[Oct 27, 2025 9:33:06.9 AM GMT:ERROR:url_loader.cc(131)] Network error: net::ERR_INTERNET_DISCONNECTED
[Oct 27, 2025 9:33:06.9 AM GMT:ERROR:get_publisher.cc(169)] Unexpected HTTP status: -1
[Oct 27, 2025 9:33:06.9 AM GMT:ERROR:url_loader.cc(131)] Network error: net::ERR_INTERNET_DISCONNECTED
[Oct 27, 2025 9:33:06.9 AM GMT:ERROR:get_publisher.cc(169)] Unexpected HTTP status: -1
[Oct 27, 2025 9:33:06.9 AM GMT:ERROR:url_loader.cc(131)] Network error: net::ERR_INTERNET_DISCONNECTED
[Oct 27, 2025 9:33:06.9 AM GMT:ERROR:get_publisher.cc(169)] Unexpected HTTP status: -1
[Oct 27, 2025 9:33:06.9 AM GMT:ERROR:url_loader.cc(131)] Network error: net::ERR_INTERNET_DISCONNECTED
[Oct 27, 2025 9:33:06.9 AM GMT:ERROR:get_publisher.cc(169)] Unexpected HTTP status: -1
[Oct 27, 2025 9:33:06.9 AM GMT:ERROR:url_loader.cc(131)] Network error: net::ERR_INTERNET_DISCONNECTED
[Oct 27, 2025 9:33:06.9 AM GMT:ERROR:get_publisher.cc(169)] Unexpected HTTP status: -1
[Oct 27, 2025 9:33:06.9 AM GMT:ERROR:url_loader.cc(131)] Network error: net::ERR_INTERNET_DISCONNECTED
[Oct 27, 2025 9:33:06.9 AM GMT:ERROR:get_publisher.cc(169)] Unexpected HTTP status: -1
[Oct 27, 2025 9:33:06.9 AM GMT:ERROR:url_loader.cc(131)] Network error: net::ERR_INTERNET_DISCONNECTED
[Oct 27, 2025 9:33:06.9 AM GMT:ERROR:get_publisher.cc(169)] Unexpected HTTP status: -1
[Oct 27, 2025 9:33:06.9 AM GMT:ERROR:url_loader.cc(131)] Network error: net::ERR_INTERNET_DISCONNECTED
[Oct 27, 2025 9:33:06.9 AM GMT:ERROR:get_publisher.cc(169)] Unexpected HTTP status: -1
[Oct 27, 2025 9:33:06.9 AM GMT:ERROR:url_loader.cc(131)] Network error: net::ERR_INTERNET_DISCONNECTED
[Oct 27, 2025 9:33:06.9 AM GMT:ERROR:get_publisher.cc(169)] Unexpected HTTP status: -1
[Oct 27, 2025 9:33:06.9 AM GMT:ERROR:url_loader.cc(131)] Network error: net::ERR_INTERNET_DISCONNECTED
[Oct 27, 2025 9:33:06.9 AM GMT:ERROR:get_publisher.cc(169)] Unexpected HTTP status: -1
[Oct 27, 2025 9:33:06.9 AM GMT:ERROR:url_loader.cc(131)] Network error: net::ERR_INTERNET_DISCONNECTED
[Oct 27, 2025 9:33:06.9 AM GMT:ERROR:get_publisher.cc(169)] Unexpected HTTP status: -1
[Oct 27, 2025 9:33:06.9 AM GMT:ERROR:url_loader.cc(131)] Network error: net::ERR_INTERNET_DISCONNECTED
[Oct 27, 2025 9:33:06.9 AM GMT:ERROR:get_publisher.cc(169)] Unexpected HTTP status: -1
[Oct 27, 2025 9:33:06.9 AM GMT:ERROR:url_loader.cc(131)] Network error: net::ERR_INTERNET_DISCONNECTED
[Oct 27, 2025 9:33:06.9 AM GMT:ERROR:get_publisher.cc(169)] Unexpected HTTP status: -1
[Oct 27, 2025 9:33:06.9 AM GMT:ERROR:url_loader.cc(131)] Network error: net::ERR_INTERNET_DISCONNECTED
[Oct 27, 2025 9:33:06.9 AM GMT:ERROR:get_publisher.cc(169)] Unexpected HTTP status: -1
[Oct 27, 2025 9:33:06.9 AM GMT:ERROR:url_loader.cc(131)] Network error: net::ERR_INTERNET_DISCONNECTED
[Oct 27, 2025 9:33:06.9 AM GMT:ERROR:get_publisher.cc(169)] Unexpected HTTP status: -1
[Oct 27, 2025 9:33:07.0 AM GMT:ERROR:url_loader.cc(131)] Network error: net::ERR_INTERNET_DISCONNECTED
[Oct 27, 2025 9:33:07.0 AM GMT:ERROR:get_publisher.cc(169)] Unexpected HTTP status: -1
[Oct 27, 2025 9:33:07.0 AM GMT:ERROR:url_loader.cc(131)] Network error: net::ERR_INTERNET_DISCONNECTED
[Oct 27, 2025 9:33:07.0 AM GMT:ERROR:get_publisher.cc(169)] Unexpected HTTP status: -1
[Oct 27, 2025 9:33:07.0 AM GMT:ERROR:url_loader.cc(131)] Network error: net::ERR_INTERNET_DISCONNECTED
[Oct 27, 2025 9:33:07.0 AM GMT:ERROR:get_publisher.cc(169)] Unexpected HTTP status: -1
[Oct 27, 2025 9:33:07.0 AM GMT:ERROR:url_loader.cc(131)] Network error: net::ERR_INTERNET_DISCONNECTED
[Oct 27, 2025 9:33:07.0 AM GMT:ERROR:get_publisher.cc(169)] Unexpected HTTP status: -1
[Oct 27, 2025 9:33:07.0 AM GMT:ERROR:url_loader.cc(131)] Network error: net::ERR_INTERNET_DISCONNECTED
[Oct 27, 2025 9:33:07.0 AM GMT:ERROR:get_publisher.cc(169)] Unexpected HTTP status: -1
[Oct 27, 2025 9:33:07.0 AM GMT:ERROR:url_loader.cc(131)] Network error: net::ERR_INTERNET_DISCONNECTED
[Oct 27, 2025 9:33:07.0 AM GMT:ERROR:get_publisher.cc(169)] Unexpected HTTP status: -1
[Oct 27, 2025 9:33:07.0 AM GMT:ERROR:url_loader.cc(131)] Network error: net::ERR_INTERNET_DISCONNECTED
[Oct 27, 2025 9:33:07.0 AM GMT:ERROR:get_publisher.cc(169)] Unexpected HTTP status: -1
[Oct 27, 2025 9:33:07.0 AM GMT:ERROR:url_loader.cc(131)] Network error: net::ERR_INTERNET_DISCONNECTED
[Oct 27, 2025 9:33:07.0 AM GMT:ERROR:get_publisher.cc(169)] Unexpected HTTP status: -1
[Oct 27, 2025 9:33:07.0 AM GMT:ERROR:url_loader.cc(131)] Network error: net::ERR_INTERNET_DISCONNECTED
[Oct 27, 2025 9:33:07.0 AM GMT:ERROR:get_publisher.cc(169)] Unexpected HTTP status: -1
[Oct 27, 2025 9:33:07.0 AM GMT:ERROR:url_loader.cc(131)] Network error: net::ERR_INTERNET_DISCONNECTED
[Oct 27, 2025 9:33:07.0 AM GMT:ERROR:get_publisher.cc(169)] Unexpected HTTP status: -1
[Oct 27, 2025 9:33:07.0 AM GMT:ERROR:url_loader.cc(131)] Network error: net::ERR_INTERNET_DISCONNECTED
[Oct 27, 2025 9:33:07.0 AM GMT:ERROR:get_publisher.cc(169)] Unexpected HTTP status: -1
[Oct 27, 2025 9:33:07.0 AM GMT:ERROR:url_loader.cc(131)] Network error: net::ERR_INTERNET_DISCONNECTED
[Oct 27, 2025 9:33:07.0 AM GMT:ERROR:get_publisher.cc(169)] Unexpected HTTP status: -1
[Oct 27, 2025 9:33:07.0 AM GMT:ERROR:url_loader.cc(131)] Network error: net::ERR_INTERNET_DISCONNECTED
[Oct 27, 2025 9:33:07.0 AM GMT:ERROR:get_publisher.cc(169)] Unexpected HTTP status: -1
[Oct 27, 2025 9:33:07.0 AM GMT:ERROR:url_loader.cc(131)] Network error: net::ERR_INTERNET_DISCONNECTED
[Oct 27, 2025 9:33:07.0 AM GMT:ERROR:get_publisher.cc(169)] Unexpected HTTP status: -1
[Oct 27, 2025 9:33:07.0 AM GMT:ERROR:url_loader.cc(131)] Network error: net::ERR_INTERNET_DISCONNECTED
[Oct 27, 2025 9:33:07.0 AM GMT:ERROR:get_publisher.cc(169)] Unexpected HTTP status: -1
[Oct 27, 2025 9:33:07.0 AM GMT:ERROR:url_loader.cc(131)] Network error: net::ERR_INTERNET_DISCONNECTED
[Oct 27, 2025 9:33:07.0 AM GMT:ERROR:get_publisher.cc(169)] Unexpected HTTP status: -1
[Oct 27, 2025 9:33:07.0 AM GMT:ERROR:url_loader.cc(131)] Network error: net::ERR_INTERNET_DISCONNECTED
[Oct 27, 2025 9:33:07.0 AM GMT:ERROR:get_publisher.cc(169)] Unexpected HTTP status: -1
[Oct 27, 2025 9:33:07.0 AM GMT:ERROR:url_loader.cc(131)] Network error: net::ERR_INTERNET_DISCONNECTED
[Oct 27, 2025 9:33:07.0 AM GMT:ERROR:get_publisher.cc(169)] Unexpected HTTP status: -1
[Oct 27, 2025 9:33:07.0 AM GMT:ERROR:url_loader.cc(131)] Network error: net::ERR_INTERNET_DISCONNECTED
[Oct 27, 2025 9:33:07.0 AM GMT:ERROR:get_publisher.cc(169)] Unexpected HTTP status: -1
[Oct 27, 2025 9:33:07.0 AM GMT:ERROR:url_loader.cc(131)] Network error: net::ERR_INTERNET_DISCONNECTED
[Oct 27, 2025 9:33:07.0 AM GMT:ERROR:get_publisher.cc(169)] Unexpected HTTP status: -1
[Oct 27, 2025 9:33:07.0 AM GMT:ERROR:url_loader.cc(131)] Network error: net::ERR_INTERNET_DISCONNECTED
[Oct 27, 2025 9:33:07.0 AM GMT:ERROR:get_publisher.cc(169)] Unexpected HTTP status: -1
[Oct 27, 2025 9:33:07.0 AM GMT:ERROR:url_loader.cc(131)] Network error: net::ERR_INTERNET_DISCONNECTED
[Oct 27, 2025 9:33:07.0 AM GMT:ERROR:get_publisher.cc(169)] Unexpected HTTP status: -1
[Oct 27, 2025 9:33:07.0 AM GMT:ERROR:url_loader.cc(131)] Network error: net::ERR_INTERNET_DISCONNECTED
[Oct 27, 2025 9:33:07.0 AM GMT:ERROR:get_publisher.cc(169)] Unexpected HTTP status: -1
[Oct 27, 2025 9:33:07.0 AM GMT:ERROR:url_loader.cc(131)] Network error: net::ERR_INTERNET_DISCONNECTED
[Oct 27, 2025 9:33:07.0 AM GMT:ERROR:get_publisher.cc(169)] Unexpected HTTP status: -1
[Oct 27, 2025 9:33:07.0 AM GMT:ERROR:url_loader.cc(131)] Network error: net::ERR_INTERNET_DISCONNECTED
[Oct 27, 2025 9:33:07.0 AM GMT:ERROR:get_publisher.cc(169)] Unexpected HTTP status: -1
[Oct 27, 2025 9:33:07.0 AM GMT:ERROR:url_loader.cc(131)] Network error: net::ERR_INTERNET_DISCONNECTED
[Oct 27, 2025 9:33:07.0 AM GMT:ERROR:get_publisher.cc(169)] Unexpected HTTP status: -1
[Oct 27, 2025 9:33:07.0 AM GMT:ERROR:url_loader.cc(131)] Network error: net::ERR_INTERNET_DISCONNECTED
[Oct 27, 2025 9:33:07.0 AM GMT:ERROR:get_publisher.cc(169)] Unexpected HTTP status: -1
[Oct 27, 2025 9:33:07.0 AM GMT:ERROR:url_loader.cc(131)] Network error: net::ERR_INTERNET_DISCONNECTED
[Oct 27, 2025 9:33:07.0 AM GMT:ERROR:get_publisher.cc(169)] Unexpected HTTP status: -1
[Oct 27, 2025 9:33:07.0 AM GMT:ERROR:url_loader.cc(131)] Network error: net::ERR_INTERNET_DISCONNECTED
[Oct 27, 2025 9:33:07.0 AM GMT:ERROR:get_publisher.cc(169)] Unexpected HTTP status: -1
[Oct 27, 2025 9:33:07.0 AM GMT:ERROR:url_loader.cc(131)] Network error: net::ERR_INTERNET_DISCONNECTED
[Oct 27, 2025 9:33:07.0 AM GMT:ERROR:get_publisher.cc(169)] Unexpected HTTP status: -1
[Oct 27, 2025 9:33:07.0 AM GMT:ERROR:url_loader.cc(131)] Network error: net::ERR_INTERNET_DISCONNECTED
[Oct 27, 2025 9:33:07.0 AM GMT:ERROR:get_publisher.cc(169)] Unexpected HTTP status: -1
[Oct 27, 2025 9:33:07.0 AM GMT:ERROR:url_loader.cc(131)] Network error: net::ERR_INTERNET_DISCONNECTED
[Oct 27, 2025 9:33:07.0 AM GMT:ERROR:get_publisher.cc(169)] Unexpected HTTP status: -1
[Oct 27, 2025 9:33:07.0 AM GMT:ERROR:url_loader.cc(131)] Network error: net::ERR_INTERNET_DISCONNECTED
[Oct 27, 2025 9:33:07.0 AM GMT:ERROR:get_publisher.cc(169)] Unexpected HTTP status: -1
[Oct 27, 2025 9:33:07.0 AM GMT:ERROR:url_loader.cc(131)] Network error: net::ERR_INTERNET_DISCONNECTED
[Oct 27, 2025 9:33:07.0 AM GMT:ERROR:get_publisher.cc(169)] Unexpected HTTP status: -1
[Oct 27, 2025 9:33:07.0 AM GMT:ERROR:url_loader.cc(131)] Network error: net::ERR_INTERNET_DISCONNECTED
[Oct 27, 2025 9:33:07.0 AM GMT:ERROR:get_publisher.cc(169)] Unexpected HTTP status: -1
[Oct 27, 2025 9:33:07.0 AM GMT:ERROR:url_loader.cc(131)] Network error: net::ERR_INTERNET_DISCONNECTED
[Oct 27, 2025 9:33:07.0 AM GMT:ERROR:get_publisher.cc(169)] Unexpected HTTP status: -1
[Oct 27, 2025 9:33:07.0 AM GMT:ERROR:url_loader.cc(131)] Network error: net::ERR_INTERNET_DISCONNECTED
[Oct 27, 2025 9:33:07.0 AM GMT:ERROR:get_publisher.cc(169)] Unexpected HTTP status: -1
[Oct 27, 2025 9:33:07.0 AM GMT:ERROR:url_loader.cc(131)] Network error: net::ERR_INTERNET_DISCONNECTED
[Oct 27, 2025 9:33:07.0 AM GMT:ERROR:get_publisher.cc(169)] Unexpected HTTP status: -1
[Oct 27, 2025 9:33:07.0 AM GMT:ERROR:url_loader.cc(131)] Network error: net::ERR_INTERNET_DISCONNECTED
[Oct 27, 2025 9:33:07.0 AM GMT:ERROR:get_publisher.cc(169)] Unexpected HTTP status: -1
[Oct 27, 2025 9:33:07.0 AM GMT:ERROR:url_loader.cc(131)] Network error: net::ERR_INTERNET_DISCONNECTED
[Oct 27, 2025 9:33:07.0 AM GMT:ERROR:get_publisher.cc(169)] Unexpected HTTP status: -1
[Oct 27, 2025 9:33:07.0 AM GMT:ERROR:url_loader.cc(131)] Network error: net::ERR_INTERNET_DISCONNECTED
[Oct 27, 2025 9:33:07.0 AM GMT:ERROR:get_publisher.cc(169)] Unexpected HTTP status: -1
[Oct 27, 2025 9:33:07.0 AM GMT:ERROR:url_loader.cc(131)] Network error: net::ERR_INTERNET_DISCONNECTED
[Oct 27, 2025 9:33:07.0 AM GMT:ERROR:get_publisher.cc(169)] Unexpected HTTP status: -1
[Oct 27, 2025 9:33:07.0 AM GMT:ERROR:url_loader.cc(131)] Network error: net::ERR_INTERNET_DISCONNECTED
[Oct 27, 2025 9:33:07.0 AM GMT:ERROR:get_publisher.cc(169)] Unexpected HTTP status: -1
[Oct 27, 2025 9:33:07.0 AM GMT:ERROR:url_loader.cc(131)] Network error: net::ERR_INTERNET_DISCONNECTED
[Oct 27, 2025 9:33:07.0 AM GMT:ERROR:get_publisher.cc(169)] Unexpected HTTP status: -1
[Oct 27, 2025 9:33:07.0 AM GMT:ERROR:url_loader.cc(131)] Network error: net::ERR_INTERNET_DISCONNECTED
[Oct 27, 2025 9:33:07.0 AM GMT:ERROR:get_publisher.cc(169)] Unexpected HTTP status: -1
[Oct 27, 2025 9:33:07.0 AM GMT:ERROR:url_loader.cc(131)] Network error: net::ERR_INTERNET_DISCONNECTED
[Oct 27, 2025 9:33:07.0 AM GMT:ERROR:get_publisher.cc(169)] Unexpected HTTP status: -1
[Oct 27, 2025 9:33:07.0 AM GMT:ERROR:url_loader.cc(131)] Network error: net::ERR_INTERNET_DISCONNECTED
[Oct 27, 2025 9:33:07.0 AM GMT:ERROR:get_publisher.cc(169)] Unexpected HTTP status: -1
[Oct 27, 2025 9:33:07.0 AM GMT:ERROR:url_loader.cc(131)] Network error: net::ERR_INTERNET_DISCONNECTED
[Oct 27, 2025 9:33:07.0 AM GMT:ERROR:get_publisher.cc(169)] Unexpected HTTP status: -1
[Oct 27, 2025 9:33:07.0 AM GMT:ERROR:url_loader.cc(131)] Network error: net::ERR_INTERNET_DISCONNECTED
[Oct 27, 2025 9:33:07.0 AM GMT:ERROR:get_publisher.cc(169)] Unexpected HTTP status: -1
[Oct 27, 2025 9:33:07.0 AM GMT:ERROR:url_loader.cc(131)] Network error: net::ERR_INTERNET_DISCONNECTED
[Oct 27, 2025 9:33:07.0 AM GMT:ERROR:get_publisher.cc(169)] Unexpected HTTP status: -1
[Oct 27, 2025 9:33:07.0 AM GMT:ERROR:url_loader.cc(131)] Network error: net::ERR_INTERNET_DISCONNECTED
[Oct 27, 2025 9:33:07.0 AM GMT:ERROR:get_publisher.cc(169)] Unexpected HTTP status: -1
[Oct 27, 2025 9:33:07.0 AM GMT:ERROR:url_loader.cc(131)] Network error: net::ERR_INTERNET_DISCONNECTED
[Oct 27, 2025 9:33:07.0 AM GMT:ERROR:get_publisher.cc(169)] Unexpected HTTP status: -1
[Oct 27, 2025 9:33:07.0 AM GMT:ERROR:url_loader.cc(131)] Network error: net::ERR_INTERNET_DISCONNECTED
[Oct 27, 2025 9:33:07.0 AM GMT:ERROR:get_publisher.cc(169)] Unexpected HTTP status: -1
[Oct 27, 2025 9:33:07.0 AM GMT:ERROR:url_loader.cc(131)] Network error: net::ERR_INTERNET_DISCONNECTED
[Oct 27, 2025 9:33:07.0 AM GMT:ERROR:get_publisher.cc(169)] Unexpected HTTP status: -1
[Oct 27, 2025 9:33:07.0 AM GMT:ERROR:url_loader.cc(131)] Network error: net::ERR_INTERNET_DISCONNECTED
[Oct 27, 2025 9:33:07.0 AM GMT:ERROR:get_publisher.cc(169)] Unexpected HTTP status: -1
[Oct 27, 2025 9:33:07.0 AM GMT:ERROR:url_loader.cc(131)] Network error: net::ERR_INTERNET_DISCONNECTED
[Oct 27, 2025 9:33:07.0 AM GMT:ERROR:get_publisher.cc(169)] Unexpected HTTP status: -1
[Oct 27, 2025 9:33:07.0 AM GMT:ERROR:url_loader.cc(131)] Network error: net::ERR_INTERNET_DISCONNECTED
[Oct 27, 2025 9:33:07.0 AM GMT:ERROR:get_publisher.cc(169)] Unexpected HTTP status: -1
[Oct 27, 2025 9:33:07.0 AM GMT:ERROR:url_loader.cc(131)] Network error: net::ERR_INTERNET_DISCONNECTED
[Oct 27, 2025 9:33:07.0 AM GMT:ERROR:get_publisher.cc(169)] Unexpected HTTP status: -1
[Oct 27, 2025 9:33:07.0 AM GMT:ERROR:url_loader.cc(131)] Network error: net::ERR_INTERNET_DISCONNECTED
[Oct 27, 2025 9:33:07.0 AM GMT:ERROR:get_publisher.cc(169)] Unexpected HTTP status: -1
[Oct 27, 2025 9:33:07.0 AM GMT:ERROR:url_loader.cc(131)] Network error: net::ERR_INTERNET_DISCONNECTED
[Oct 27, 2025 9:33:07.0 AM GMT:ERROR:get_publisher.cc(169)] Unexpected HTTP status: -1
[Oct 27, 2025 9:33:07.0 AM GMT:ERROR:url_loader.cc(131)] Network error: net::ERR_INTERNET_DISCONNECTED
[Oct 27, 2025 9:33:07.0 AM GMT:ERROR:get_publisher.cc(169)] Unexpected HTTP status: -1
[Oct 27, 2025 9:33:07.1 AM GMT:ERROR:url_loader.cc(131)] Network error: net::ERR_INTERNET_DISCONNECTED
[Oct 27, 2025 9:33:07.1 AM GMT:ERROR:get_publisher.cc(169)] Unexpected HTTP status: -1
[Oct 27, 2025 9:33:07.1 AM GMT:ERROR:url_loader.cc(131)] Network error: net::ERR_INTERNET_DISCONNECTED
[Oct 27, 2025 9:33:07.1 AM GMT:ERROR:get_publisher.cc(169)] Unexpected HTTP status: -1
[Oct 27, 2025 9:33:07.1 AM GMT:ERROR:url_loader.cc(131)] Network error: net::ERR_INTERNET_DISCONNECTED
[Oct 27, 2025 9:33:07.1 AM GMT:ERROR:get_publisher.cc(169)] Unexpected HTTP status: -1
[Oct 27, 2025 9:33:07.1 AM GMT:ERROR:url_loader.cc(131)] Network error: net::ERR_INTERNET_DISCONNECTED
[Oct 27, 2025 9:33:07.1 AM GMT:ERROR:get_publisher.cc(169)] Unexpected HTTP status: -1
[Oct 27, 2025 9:33:07.1 AM GMT:ERROR:url_loader.cc(131)] Network error: net::ERR_INTERNET_DISCONNECTED
[Oct 27, 2025 9:33:07.1 AM GMT:ERROR:get_publisher.cc(169)] Unexpected HTTP status: -1
[Oct 27, 2025 9:33:07.1 AM GMT:ERROR:url_loader.cc(131)] Network error: net::ERR_INTERNET_DISCONNECTED
[Oct 27, 2025 9:33:07.1 AM GMT:ERROR:get_publisher.cc(169)] Unexpected HTTP status: -1
[Oct 27, 2025 9:33:07.1 AM GMT:ERROR:url_loader.cc(131)] Network error: net::ERR_INTERNET_DISCONNECTED
[Oct 27, 2025 9:33:07.1 AM GMT:ERROR:get_publisher.cc(169)] Unexpected HTTP status: -1
[Oct 27, 2025 9:33:07.1 AM GMT:ERROR:url_loader.cc(131)] Network error: net::ERR_INTERNET_DISCONNECTED
[Oct 27, 2025 9:33:07.1 AM GMT:ERROR:get_publisher.cc(169)] Unexpected HTTP status: -1
[Oct 27, 2025 9:33:07.1 AM GMT:ERROR:url_loader.cc(131)] Network error: net::ERR_INTERNET_DISCONNECTED
[Oct 27, 2025 9:33:07.1 AM GMT:ERROR:get_publisher.cc(169)] Unexpected HTTP status: -1
[Oct 27, 2025 9:33:07.1 AM GMT:ERROR:url_loader.cc(131)] Network error: net::ERR_INTERNET_DISCONNECTED
[Oct 27, 2025 9:33:07.1 AM GMT:ERROR:get_publisher.cc(169)] Unexpected HTTP status: -1
[Oct 27, 2025 9:33:07.1 AM GMT:ERROR:url_loader.cc(131)] Network error: net::ERR_INTERNET_DISCONNECTED
[Oct 27, 2025 9:33:07.1 AM GMT:ERROR:get_publisher.cc(169)] Unexpected HTTP status: -1
[Oct 27, 2025 9:33:07.1 AM GMT:ERROR:url_loader.cc(131)] Network error: net::ERR_INTERNET_DISCONNECTED
[Oct 27, 2025 9:33:07.1 AM GMT:ERROR:get_publisher.cc(169)] Unexpected HTTP status: -1
[Oct 27, 2025 9:33:07.1 AM GMT:ERROR:url_loader.cc(131)] Network error: net::ERR_INTERNET_DISCONNECTED
[Oct 27, 2025 9:33:07.1 AM GMT:ERROR:get_publisher.cc(169)] Unexpected HTTP status: -1
[Oct 27, 2025 9:33:07.1 AM GMT:ERROR:url_loader.cc(131)] Network error: net::ERR_INTERNET_DISCONNECTED
[Oct 27, 2025 9:33:07.1 AM GMT:ERROR:get_publisher.cc(169)] Unexpected HTTP status: -1
[Oct 27, 2025 9:33:07.1 AM GMT:ERROR:url_loader.cc(131)] Network error: net::ERR_INTERNET_DISCONNECTED
[Oct 27, 2025 9:33:07.1 AM GMT:ERROR:get_publisher.cc(169)] Unexpected HTTP status: -1
[Oct 27, 2025 9:33:07.1 AM GMT:ERROR:url_loader.cc(131)] Network error: net::ERR_INTERNET_DISCONNECTED
[Oct 27, 2025 9:33:07.1 AM GMT:ERROR:get_publisher.cc(169)] Unexpected HTTP status: -1
[Oct 27, 2025 9:33:07.1 AM GMT:ERROR:url_loader.cc(131)] Network error: net::ERR_INTERNET_DISCONNECTED
[Oct 27, 2025 9:33:07.1 AM GMT:ERROR:get_publisher.cc(169)] Unexpected HTTP status: -1
[Oct 27, 2025 9:33:07.1 AM GMT:ERROR:url_loader.cc(131)] Network error: net::ERR_INTERNET_DISCONNECTED
[Oct 27, 2025 9:33:07.1 AM GMT:ERROR:get_publisher.cc(169)] Unexpected HTTP status: -1
[Oct 27, 2025 9:33:07.1 AM GMT:ERROR:url_loader.cc(131)] Network error: net::ERR_INTERNET_DISCONNECTED
[Oct 27, 2025 9:33:07.1 AM GMT:ERROR:get_publisher.cc(169)] Unexpected HTTP status: -1
[Oct 27, 2025 9:33:07.1 AM GMT:ERROR:url_loader.cc(131)] Network error: net::ERR_INTERNET_DISCONNECTED
[Oct 27, 2025 9:33:07.1 AM GMT:ERROR:get_publisher.cc(169)] Unexpected HTTP status: -1
[Oct 27, 2025 9:33:07.1 AM GMT:ERROR:url_loader.cc(131)] Network error: net::ERR_INTERNET_DISCONNECTED
[Oct 27, 2025 9:33:07.1 AM GMT:ERROR:get_publisher.cc(169)] Unexpected HTTP status: -1
[Oct 27, 2025 9:33:07.1 AM GMT:ERROR:url_loader.cc(131)] Network error: net::ERR_INTERNET_DISCONNECTED
[Oct 27, 2025 9:33:07.1 AM GMT:ERROR:get_publisher.cc(169)] Unexpected HTTP status: -1
[Oct 27, 2025 9:33:07.1 AM GMT:ERROR:url_loader.cc(131)] Network error: net::ERR_INTERNET_DISCONNECTED
[Oct 27, 2025 9:33:07.1 AM GMT:ERROR:get_publisher.cc(169)] Unexpected HTTP status: -1
[Oct 27, 2025 9:33:07.1 AM GMT:ERROR:url_loader.cc(131)] Network error: net::ERR_INTERNET_DISCONNECTED
[Oct 27, 2025 9:33:07.1 AM GMT:ERROR:get_publisher.cc(169)] Unexpected HTTP status: -1
[Oct 27, 2025 9:33:07.1 AM GMT:ERROR:url_loader.cc(131)] Network error: net::ERR_INTERNET_DISCONNECTED
[Oct 27, 2025 9:33:07.1 AM GMT:ERROR:get_publisher.cc(169)] Unexpected HTTP status: -1
[Oct 27, 2025 9:33:07.1 AM GMT:ERROR:url_loader.cc(131)] Network error: net::ERR_INTERNET_DISCONNECTED
[Oct 27, 2025 9:33:07.1 AM GMT:ERROR:get_publisher.cc(169)] Unexpected HTTP status: -1
[Oct 27, 2025 9:33:07.1 AM GMT:ERROR:url_loader.cc(131)] Network error: net::ERR_INTERNET_DISCONNECTED
[Oct 27, 2025 9:33:07.1 AM GMT:ERROR:get_publisher.cc(169)] Unexpected HTTP status: -1
[Oct 27, 2025 9:33:07.1 AM GMT:ERROR:url_loader.cc(131)] Network error: net::ERR_INTERNET_DISCONNECTED
[Oct 27, 2025 9:33:07.1 AM GMT:ERROR:get_publisher.cc(169)] Unexpected HTTP status: -1
[Oct 27, 2025 9:33:07.1 AM GMT:ERROR:url_loader.cc(131)] Network error: net::ERR_INTERNET_DISCONNECTED
[Oct 27, 2025 9:33:07.1 AM GMT:ERROR:get_publisher.cc(169)] Unexpected HTTP status: -1
[Oct 27, 2025 9:33:07.1 AM GMT:ERROR:url_loader.cc(131)] Network error: net::ERR_INTERNET_DISCONNECTED
[Oct 27, 2025 9:33:07.1 AM GMT:ERROR:get_publisher.cc(169)] Unexpected HTTP status: -1
[Oct 27, 2025 9:33:07.1 AM GMT:ERROR:url_loader.cc(131)] Network error: net::ERR_INTERNET_DISCONNECTED
[Oct 27, 2025 9:33:07.1 AM GMT:ERROR:get_publisher.cc(169)] Unexpected HTTP status: -1
[Oct 27, 2025 9:33:07.1 AM GMT:ERROR:url_loader.cc(131)] Network error: net::ERR_INTERNET_DISCONNECTED
[Oct 27, 2025 9:33:07.1 AM GMT:ERROR:get_publisher.cc(169)] Unexpected HTTP status: -1
[Oct 27, 2025 9:33:07.1 AM GMT:ERROR:url_loader.cc(131)] Network error: net::ERR_INTERNET_DISCONNECTED
[Oct 27, 2025 9:33:07.1 AM GMT:ERROR:get_publisher.cc(169)] Unexpected HTTP status: -1
[Oct 27, 2025 9:33:07.1 AM GMT:ERROR:url_loader.cc(131)] Network error: net::ERR_INTERNET_DISCONNECTED
[Oct 27, 2025 9:33:07.1 AM GMT:ERROR:get_publisher.cc(169)] Unexpected HTTP status: -1
[Oct 27, 2025 9:33:07.1 AM GMT:ERROR:url_loader.cc(131)] Network error: net::ERR_INTERNET_DISCONNECTED
[Oct 27, 2025 9:33:07.1 AM GMT:ERROR:get_publisher.cc(169)] Unexpected HTTP status: -1
[Oct 27, 2025 9:33:07.1 AM GMT:ERROR:url_loader.cc(131)] Network error: net::ERR_INTERNET_DISCONNECTED
[Oct 27, 2025 9:33:07.1 AM GMT:ERROR:get_publisher.cc(169)] Unexpected HTTP status: -1
[Oct 27, 2025 9:33:07.1 AM GMT:ERROR:url_loader.cc(131)] Network error: net::ERR_INTERNET_DISCONNECTED
[Oct 27, 2025 9:33:07.1 AM GMT:ERROR:get_publisher.cc(169)] Unexpected HTTP status: -1
[Oct 27, 2025 9:33:07.1 AM GMT:ERROR:url_loader.cc(131)] Network error: net::ERR_INTERNET_DISCONNECTED
[Oct 27, 2025 9:33:07.1 AM GMT:ERROR:get_publisher.cc(169)] Unexpected HTTP status: -1
[Oct 27, 2025 9:33:07.1 AM GMT:ERROR:url_loader.cc(131)] Network error: net::ERR_INTERNET_DISCONNECTED
[Oct 27, 2025 9:33:07.1 AM GMT:ERROR:get_publisher.cc(169)] Unexpected HTTP status: -1
[Oct 27, 2025 9:33:07.1 AM GMT:ERROR:url_loader.cc(131)] Network error: net::ERR_INTERNET_DISCONNECTED
[Oct 27, 2025 9:33:07.1 AM GMT:ERROR:get_publisher.cc(169)] Unexpected HTTP status: -1
[Oct 27, 2025 9:33:07.1 AM GMT:ERROR:url_loader.cc(131)] Network error: net::ERR_INTERNET_DISCONNECTED
[Oct 27, 2025 9:33:07.1 AM GMT:ERROR:get_publisher.cc(169)] Unexpected HTTP status: -1
[Oct 27, 2025 9:33:07.1 AM GMT:ERROR:url_loader.cc(131)] Network error: net::ERR_INTERNET_DISCONNECTED
[Oct 27, 2025 9:33:07.1 AM GMT:ERROR:get_publisher.cc(169)] Unexpected HTTP status: -1
[Oct 27, 2025 9:33:07.1 AM GMT:ERROR:url_loader.cc(131)] Network error: net::ERR_INTERNET_DISCONNECTED
[Oct 27, 2025 9:33:07.1 AM GMT:ERROR:get_publisher.cc(169)] Unexpected HTTP status: -1
[Oct 27, 2025 9:33:07.1 AM GMT:ERROR:url_loader.cc(131)] Network error: net::ERR_INTERNET_DISCONNECTED
[Oct 27, 2025 9:33:07.1 AM GMT:ERROR:get_publisher.cc(169)] Unexpected HTTP status: -1
[Oct 27, 2025 9:33:07.1 AM GMT:ERROR:url_loader.cc(131)] Network error: net::ERR_INTERNET_DISCONNECTED
[Oct 27, 2025 9:33:07.1 AM GMT:ERROR:get_publisher.cc(169)] Unexpected HTTP status: -1
[Oct 27, 2025 9:33:07.1 AM GMT:ERROR:url_loader.cc(131)] Network error: net::ERR_INTERNET_DISCONNECTED
[Oct 27, 2025 9:33:07.1 AM GMT:ERROR:get_publisher.cc(169)] Unexpected HTTP status: -1
[Oct 27, 2025 9:33:07.1 AM GMT:ERROR:url_loader.cc(131)] Network error: net::ERR_INTERNET_DISCONNECTED
[Oct 27, 2025 9:33:07.1 AM GMT:ERROR:get_publisher.cc(169)] Unexpected HTTP status: -1
[Oct 27, 2025 9:33:07.1 AM GMT:ERROR:url_loader.cc(131)] Network error: net::ERR_INTERNET_DISCONNECTED
[Oct 27, 2025 9:33:07.1 AM GMT:ERROR:get_publisher.cc(169)] Unexpected HTTP status: -1
[Oct 27, 2025 9:33:07.1 AM GMT:ERROR:url_loader.cc(131)] Network error: net::ERR_INTERNET_DISCONNECTED
[Oct 27, 2025 9:33:07.1 AM GMT:ERROR:get_publisher.cc(169)] Unexpected HTTP status: -1
[Oct 27, 2025 9:33:07.1 AM GMT:ERROR:url_loader.cc(131)] Network error: net::ERR_INTERNET_DISCONNECTED
[Oct 27, 2025 9:33:07.1 AM GMT:ERROR:get_publisher.cc(169)] Unexpected HTTP status: -1
[Oct 27, 2025 9:33:07.1 AM GMT:ERROR:url_loader.cc(131)] Network error: net::ERR_INTERNET_DISCONNECTED
[Oct 27, 2025 9:33:07.1 AM GMT:ERROR:get_publisher.cc(169)] Unexpected HTTP status: -1
[Oct 27, 2025 9:33:07.1 AM GMT:ERROR:url_loader.cc(131)] Network error: net::ERR_INTERNET_DISCONNECTED
[Oct 27, 2025 9:33:07.1 AM GMT:ERROR:get_publisher.cc(169)] Unexpected HTTP status: -1
[Oct 27, 2025 9:33:07.1 AM GMT:ERROR:url_loader.cc(131)] Network error: net::ERR_INTERNET_DISCONNECTED
[Oct 27, 2025 9:33:07.1 AM GMT:ERROR:get_publisher.cc(169)] Unexpected HTTP status: -1
[Oct 27, 2025 9:33:07.1 AM GMT:ERROR:url_loader.cc(131)] Network error: net::ERR_INTERNET_DISCONNECTED
[Oct 27, 2025 9:33:07.1 AM GMT:ERROR:get_publisher.cc(169)] Unexpected HTTP status: -1
[Oct 27, 2025 9:33:07.1 AM GMT:ERROR:url_loader.cc(131)] Network error: net::ERR_INTERNET_DISCONNECTED
[Oct 27, 2025 9:33:07.1 AM GMT:ERROR:get_publisher.cc(169)] Unexpected HTTP status: -1
[Oct 27, 2025 9:33:07.1 AM GMT:ERROR:url_loader.cc(131)] Network error: net::ERR_INTERNET_DISCONNECTED
[Oct 27, 2025 9:33:07.1 AM GMT:ERROR:get_publisher.cc(169)] Unexpected HTTP status: -1
[Oct 27, 2025 9:33:07.1 AM GMT:ERROR:url_loader.cc(131)] Network error: net::ERR_INTERNET_DISCONNECTED
[Oct 27, 2025 9:33:07.1 AM GMT:ERROR:get_publisher.cc(169)] Unexpected HTTP status: -1
[Oct 27, 2025 9:33:07.1 AM GMT:ERROR:url_loader.cc(131)] Network error: net::ERR_INTERNET_DISCONNECTED
[Oct 27, 2025 9:33:07.1 AM GMT:ERROR:get_publisher.cc(169)] Unexpected HTTP status: -1
[Oct 27, 2025 9:33:07.1 AM GMT:ERROR:url_loader.cc(131)] Network error: net::ERR_INTERNET_DISCONNECTED
[Oct 27, 2025 9:33:07.1 AM GMT:ERROR:get_publisher.cc(169)] Unexpected HTTP status: -1
[Oct 27, 2025 9:33:07.1 AM GMT:ERROR:url_loader.cc(131)] Network error: net::ERR_INTERNET_DISCONNECTED
[Oct 27, 2025 9:33:07.1 AM GMT:ERROR:get_publisher.cc(169)] Unexpected HTTP status: -1
[Oct 27, 2025 9:33:07.1 AM GMT:ERROR:url_loader.cc(131)] Network error: net::ERR_INTERNET_DISCONNECTED
[Oct 27, 2025 9:33:07.1 AM GMT:ERROR:get_publisher.cc(169)] Unexpected HTTP status: -1
[Oct 27, 2025 9:33:07.1 AM GMT:ERROR:url_loader.cc(131)] Network error: net::ERR_INTERNET_DISCONNECTED
[Oct 27, 2025 9:33:07.1 AM GMT:ERROR:get_publisher.cc(169)] Unexpected HTTP status: -1
[Oct 27, 2025 9:33:07.1 AM GMT:ERROR:url_loader.cc(131)] Network error: net::ERR_INTERNET_DISCONNECTED
[Oct 27, 2025 9:33:07.1 AM GMT:ERROR:get_publisher.cc(169)] Unexpected HTTP status: -1
[Oct 27, 2025 9:33:07.1 AM GMT:ERROR:url_loader.cc(131)] Network error: net::ERR_INTERNET_DISCONNECTED
[Oct 27, 2025 9:33:07.1 AM GMT:ERROR:get_publisher.cc(169)] Unexpected HTTP status: -1
[Oct 27, 2025 9:33:07.1 AM GMT:ERROR:url_loader.cc(131)] Network error: net::ERR_INTERNET_DISCONNECTED
[Oct 27, 2025 9:33:07.1 AM GMT:ERROR:get_publisher.cc(169)] Unexpected HTTP status: -1
[Oct 27, 2025 9:33:07.1 AM GMT:ERROR:url_loader.cc(131)] Network error: net::ERR_INTERNET_DISCONNECTED
[Oct 27, 2025 9:33:07.1 AM GMT:ERROR:get_publisher.cc(169)] Unexpected HTTP status: -1
[Oct 27, 2025 9:33:07.1 AM GMT:ERROR:url_loader.cc(131)] Network error: net::ERR_INTERNET_DISCONNECTED
[Oct 27, 2025 9:33:07.1 AM GMT:ERROR:get_publisher.cc(169)] Unexpected HTTP status: -1
[Oct 27, 2025 9:33:07.2 AM GMT:ERROR:url_loader.cc(131)] Network error: net::ERR_INTERNET_DISCONNECTED
[Oct 27, 2025 9:33:07.2 AM GMT:ERROR:get_publisher.cc(169)] Unexpected HTTP status: -1
[Oct 27, 2025 9:33:07.2 AM GMT:ERROR:url_loader.cc(131)] Network error: net::ERR_INTERNET_DISCONNECTED
[Oct 27, 2025 9:33:07.2 AM GMT:ERROR:get_publisher.cc(169)] Unexpected HTTP status: -1
[Oct 27, 2025 9:33:07.2 AM GMT:ERROR:url_loader.cc(131)] Network error: net::ERR_INTERNET_DISCONNECTED
[Oct 27, 2025 9:33:07.2 AM GMT:ERROR:get_publisher.cc(169)] Unexpected HTTP status: -1
[Oct 27, 2025 9:33:07.2 AM GMT:ERROR:url_loader.cc(131)] Network error: net::ERR_INTERNET_DISCONNECTED
[Oct 27, 2025 9:33:07.2 AM GMT:ERROR:get_publisher.cc(169)] Unexpected HTTP status: -1
[Oct 27, 2025 9:33:07.2 AM GMT:ERROR:url_loader.cc(131)] Network error: net::ERR_INTERNET_DISCONNECTED
[Oct 27, 2025 9:33:07.2 AM GMT:ERROR:get_publisher.cc(169)] Unexpected HTTP status: -1
[Oct 27, 2025 9:33:07.2 AM GMT:ERROR:url_loader.cc(131)] Network error: net::ERR_INTERNET_DISCONNECTED
[Oct 27, 2025 9:33:07.2 AM GMT:ERROR:get_publisher.cc(169)] Unexpected HTTP status: -1
[Oct 27, 2025 9:33:07.2 AM GMT:ERROR:url_loader.cc(131)] Network error: net::ERR_INTERNET_DISCONNECTED
[Oct 27, 2025 9:33:07.2 AM GMT:ERROR:get_publisher.cc(169)] Unexpected HTTP status: -1
[Oct 27, 2025 9:33:07.2 AM GMT:ERROR:url_loader.cc(131)] Network error: net::ERR_INTERNET_DISCONNECTED
[Oct 27, 2025 9:33:07.2 AM GMT:ERROR:get_publisher.cc(169)] Unexpected HTTP status: -1
[Oct 27, 2025 9:33:07.2 AM GMT:ERROR:url_loader.cc(131)] Network error: net::ERR_INTERNET_DISCONNECTED
[Oct 27, 2025 9:33:07.2 AM GMT:ERROR:get_publisher.cc(169)] Unexpected HTTP status: -1
[Oct 27, 2025 9:33:07.2 AM GMT:ERROR:url_loader.cc(131)] Network error: net::ERR_INTERNET_DISCONNECTED
[Oct 27, 2025 9:33:07.2 AM GMT:ERROR:get_publisher.cc(169)] Unexpected HTTP status: -1
[Oct 27, 2025 9:33:07.2 AM GMT:ERROR:url_loader.cc(131)] Network error: net::ERR_INTERNET_DISCONNECTED
[Oct 27, 2025 9:33:07.2 AM GMT:ERROR:get_publisher.cc(169)] Unexpected HTTP status: -1
[Oct 27, 2025 9:33:07.2 AM GMT:ERROR:url_loader.cc(131)] Network error: net::ERR_INTERNET_DISCONNECTED
[Oct 27, 2025 9:33:07.2 AM GMT:ERROR:get_publisher.cc(169)] Unexpected HTTP status: -1
[Oct 27, 2025 9:33:07.2 AM GMT:ERROR:url_loader.cc(131)] Network error: net::ERR_INTERNET_DISCONNECTED
[Oct 27, 2025 9:33:07.2 AM GMT:ERROR:get_publisher.cc(169)] Unexpected HTTP status: -1
[Oct 27, 2025 9:33:07.2 AM GMT:ERROR:url_loader.cc(131)] Network error: net::ERR_INTERNET_DISCONNECTED
[Oct 27, 2025 9:33:07.2 AM GMT:ERROR:get_publisher.cc(169)] Unexpected HTTP status: -1
[Oct 27, 2025 9:33:07.2 AM GMT:ERROR:url_loader.cc(131)] Network error: net::ERR_INTERNET_DISCONNECTED
[Oct 27, 2025 9:33:07.2 AM GMT:ERROR:get_publisher.cc(169)] Unexpected HTTP status: -1
[Oct 27, 2025 9:33:07.2 AM GMT:ERROR:url_loader.cc(131)] Network error: net::ERR_INTERNET_DISCONNECTED
[Oct 27, 2025 9:33:07.2 AM GMT:ERROR:get_publisher.cc(169)] Unexpected HTTP status: -1
[Oct 27, 2025 9:33:07.2 AM GMT:ERROR:url_loader.cc(131)] Network error: net::ERR_INTERNET_DISCONNECTED
[Oct 27, 2025 9:33:07.2 AM GMT:ERROR:get_publisher.cc(169)] Unexpected HTTP status: -1
[Oct 27, 2025 9:33:07.2 AM GMT:ERROR:url_loader.cc(131)] Network error: net::ERR_INTERNET_DISCONNECTED
[Oct 27, 2025 9:33:07.2 AM GMT:ERROR:get_publisher.cc(169)] Unexpected HTTP status: -1
[Oct 27, 2025 9:33:07.2 AM GMT:ERROR:url_loader.cc(131)] Network error: net::ERR_INTERNET_DISCONNECTED
[Oct 27, 2025 9:33:07.2 AM GMT:ERROR:get_publisher.cc(169)] Unexpected HTTP status: -1
[Oct 27, 2025 9:33:07.2 AM GMT:ERROR:url_loader.cc(131)] Network error: net::ERR_INTERNET_DISCONNECTED
[Oct 27, 2025 9:33:07.2 AM GMT:ERROR:get_publisher.cc(169)] Unexpected HTTP status: -1
[Oct 27, 2025 9:33:07.2 AM GMT:ERROR:url_loader.cc(131)] Network error: net::ERR_INTERNET_DISCONNECTED
[Oct 27, 2025 9:33:07.2 AM GMT:ERROR:get_publisher.cc(169)] Unexpected HTTP status: -1
[Oct 27, 2025 9:33:07.2 AM GMT:ERROR:url_loader.cc(131)] Network error: net::ERR_INTERNET_DISCONNECTED
[Oct 27, 2025 9:33:07.2 AM GMT:ERROR:get_publisher.cc(169)] Unexpected HTTP status: -1
[Oct 27, 2025 9:33:07.2 AM GMT:ERROR:url_loader.cc(131)] Network error: net::ERR_INTERNET_DISCONNECTED
[Oct 27, 2025 9:33:07.2 AM GMT:ERROR:get_publisher.cc(169)] Unexpected HTTP status: -1
[Oct 27, 2025 9:33:07.2 AM GMT:ERROR:url_loader.cc(131)] Network error: net::ERR_INTERNET_DISCONNECTED
[Oct 27, 2025 9:33:07.2 AM GMT:ERROR:get_publisher.cc(169)] Unexpected HTTP status: -1
[Oct 27, 2025 9:33:07.2 AM GMT:ERROR:url_loader.cc(131)] Network error: net::ERR_INTERNET_DISCONNECTED
[Oct 27, 2025 9:33:07.2 AM GMT:ERROR:get_publisher.cc(169)] Unexpected HTTP status: -1
[Oct 27, 2025 9:33:07.2 AM GMT:ERROR:url_loader.cc(131)] Network error: net::ERR_INTERNET_DISCONNECTED
[Oct 27, 2025 9:33:07.2 AM GMT:ERROR:get_publisher.cc(169)] Unexpected HTTP status: -1
[Oct 27, 2025 9:33:07.2 AM GMT:ERROR:url_loader.cc(131)] Network error: net::ERR_INTERNET_DISCONNECTED
[Oct 27, 2025 9:33:07.2 AM GMT:ERROR:get_publisher.cc(169)] Unexpected HTTP status: -1
[Oct 27, 2025 9:33:07.2 AM GMT:ERROR:url_loader.cc(131)] Network error: net::ERR_INTERNET_DISCONNECTED
[Oct 27, 2025 9:33:07.2 AM GMT:ERROR:get_publisher.cc(169)] Unexpected HTTP status: -1
[Oct 27, 2025 9:33:07.2 AM GMT:ERROR:url_loader.cc(131)] Network error: net::ERR_INTERNET_DISCONNECTED
[Oct 27, 2025 9:33:07.2 AM GMT:ERROR:get_publisher.cc(169)] Unexpected HTTP status: -1
[Oct 27, 2025 9:33:07.2 AM GMT:ERROR:url_loader.cc(131)] Network error: net::ERR_INTERNET_DISCONNECTED
[Oct 27, 2025 9:33:07.2 AM GMT:ERROR:get_publisher.cc(169)] Unexpected HTTP status: -1
[Oct 27, 2025 9:33:07.2 AM GMT:ERROR:url_loader.cc(131)] Network error: net::ERR_INTERNET_DISCONNECTED
[Oct 27, 2025 9:33:07.2 AM GMT:ERROR:get_publisher.cc(169)] Unexpected HTTP status: -1
[Oct 27, 2025 9:33:07.2 AM GMT:ERROR:url_loader.cc(131)] Network error: net::ERR_INTERNET_DISCONNECTED
[Oct 27, 2025 9:33:07.2 AM GMT:ERROR:get_publisher.cc(169)] Unexpected HTTP status: -1
[Oct 27, 2025 9:33:07.2 AM GMT:ERROR:url_loader.cc(131)] Network error: net::ERR_INTERNET_DISCONNECTED
[Oct 27, 2025 9:33:07.2 AM GMT:ERROR:get_publisher.cc(169)] Unexpected HTTP status: -1
[Oct 27, 2025 9:33:07.2 AM GMT:ERROR:url_loader.cc(131)] Network error: net::ERR_INTERNET_DISCONNECTED
[Oct 27, 2025 9:33:07.2 AM GMT:ERROR:get_publisher.cc(169)] Unexpected HTTP status: -1
[Oct 27, 2025 9:33:07.2 AM GMT:ERROR:url_loader.cc(131)] Network error: net::ERR_INTERNET_DISCONNECTED
[Oct 27, 2025 9:33:07.2 AM GMT:ERROR:get_publisher.cc(169)] Unexpected HTTP status: -1
[Oct 27, 2025 9:33:07.2 AM GMT:ERROR:url_loader.cc(131)] Network error: net::ERR_INTERNET_DISCONNECTED
[Oct 27, 2025 9:33:07.2 AM GMT:ERROR:get_publisher.cc(169)] Unexpected HTTP status: -1
[Oct 27, 2025 9:33:07.2 AM GMT:ERROR:url_loader.cc(131)] Network error: net::ERR_INTERNET_DISCONNECTED
[Oct 27, 2025 9:33:07.2 AM GMT:ERROR:get_publisher.cc(169)] Unexpected HTTP status: -1
[Oct 27, 2025 9:33:07.2 AM GMT:ERROR:url_loader.cc(131)] Network error: net::ERR_INTERNET_DISCONNECTED
[Oct 27, 2025 9:33:07.2 AM GMT:ERROR:get_publisher.cc(169)] Unexpected HTTP status: -1
[Oct 27, 2025 9:33:07.2 AM GMT:ERROR:url_loader.cc(131)] Network error: net::ERR_INTERNET_DISCONNECTED
[Oct 27, 2025 9:33:07.2 AM GMT:ERROR:get_publisher.cc(169)] Unexpected HTTP status: -1
[Oct 27, 2025 9:33:07.2 AM GMT:ERROR:url_loader.cc(131)] Network error: net::ERR_INTERNET_DISCONNECTED
[Oct 27, 2025 9:33:07.2 AM GMT:ERROR:get_publisher.cc(169)] Unexpected HTTP status: -1
[Oct 27, 2025 9:33:07.2 AM GMT:ERROR:url_loader.cc(131)] Network error: net::ERR_INTERNET_DISCONNECTED
[Oct 27, 2025 9:33:07.2 AM GMT:ERROR:get_publisher.cc(169)] Unexpected HTTP status: -1
[Oct 27, 2025 9:33:07.2 AM GMT:ERROR:url_loader.cc(131)] Network error: net::ERR_INTERNET_DISCONNECTED
[Oct 27, 2025 9:33:07.2 AM GMT:ERROR:get_publisher.cc(169)] Unexpected HTTP status: -1
[Oct 27, 2025 9:33:07.2 AM GMT:ERROR:url_loader.cc(131)] Network error: net::ERR_INTERNET_DISCONNECTED
[Oct 27, 2025 9:33:07.2 AM GMT:ERROR:get_publisher.cc(169)] Unexpected HTTP status: -1
[Oct 27, 2025 9:33:07.2 AM GMT:ERROR:url_loader.cc(131)] Network error: net::ERR_INTERNET_DISCONNECTED
[Oct 27, 2025 9:33:07.2 AM GMT:ERROR:get_publisher.cc(169)] Unexpected HTTP status: -1
[Oct 27, 2025 9:33:07.2 AM GMT:ERROR:url_loader.cc(131)] Network error: net::ERR_INTERNET_DISCONNECTED
[Oct 27, 2025 9:33:07.2 AM GMT:ERROR:get_publisher.cc(169)] Unexpected HTTP status: -1
[Oct 27, 2025 9:33:07.2 AM GMT:ERROR:url_loader.cc(131)] Network error: net::ERR_INTERNET_DISCONNECTED
[Oct 27, 2025 9:33:07.2 AM GMT:ERROR:get_publisher.cc(169)] Unexpected HTTP status: -1
[Oct 27, 2025 9:33:07.2 AM GMT:ERROR:url_loader.cc(131)] Network error: net::ERR_INTERNET_DISCONNECTED
[Oct 27, 2025 9:33:07.2 AM GMT:ERROR:get_publisher.cc(169)] Unexpected HTTP status: -1
[Oct 27, 2025 9:33:07.2 AM GMT:ERROR:url_loader.cc(131)] Network error: net::ERR_INTERNET_DISCONNECTED
[Oct 27, 2025 9:33:07.2 AM GMT:ERROR:get_publisher.cc(169)] Unexpected HTTP status: -1
[Oct 27, 2025 9:33:07.2 AM GMT:ERROR:url_loader.cc(131)] Network error: net::ERR_INTERNET_DISCONNECTED
[Oct 27, 2025 9:33:07.2 AM GMT:ERROR:get_publisher.cc(169)] Unexpected HTTP status: -1
[Oct 27, 2025 9:33:07.2 AM GMT:ERROR:url_loader.cc(131)] Network error: net::ERR_INTERNET_DISCONNECTED
[Oct 27, 2025 9:33:07.2 AM GMT:ERROR:get_publisher.cc(169)] Unexpected HTTP status: -1
[Oct 27, 2025 9:33:07.2 AM GMT:ERROR:url_loader.cc(131)] Network error: net::ERR_INTERNET_DISCONNECTED
[Oct 27, 2025 9:33:07.2 AM GMT:ERROR:get_publisher.cc(169)] Unexpected HTTP status: -1
[Oct 27, 2025 9:33:07.2 AM GMT:ERROR:url_loader.cc(131)] Network error: net::ERR_INTERNET_DISCONNECTED
[Oct 27, 2025 9:33:07.2 AM GMT:ERROR:get_publisher.cc(169)] Unexpected HTTP status: -1
[Oct 27, 2025 9:33:07.2 AM GMT:ERROR:url_loader.cc(131)] Network error: net::ERR_INTERNET_DISCONNECTED
[Oct 27, 2025 9:33:07.2 AM GMT:ERROR:get_publisher.cc(169)] Unexpected HTTP status: -1
[Oct 27, 2025 9:33:07.2 AM GMT:ERROR:url_loader.cc(131)] Network error: net::ERR_INTERNET_DISCONNECTED
[Oct 27, 2025 9:33:07.2 AM GMT:ERROR:get_publisher.cc(169)] Unexpected HTTP status: -1
[Oct 27, 2025 9:33:07.2 AM GMT:ERROR:url_loader.cc(131)] Network error: net::ERR_INTERNET_DISCONNECTED
[Oct 27, 2025 9:33:07.2 AM GMT:ERROR:get_publisher.cc(169)] Unexpected HTTP status: -1
[Oct 27, 2025 9:33:07.2 AM GMT:ERROR:url_loader.cc(131)] Network error: net::ERR_INTERNET_DISCONNECTED
[Oct 27, 2025 9:33:07.2 AM GMT:ERROR:get_publisher.cc(169)] Unexpected HTTP status: -1
[Oct 27, 2025 9:33:07.2 AM GMT:ERROR:url_loader.cc(131)] Network error: net::ERR_INTERNET_DISCONNECTED
[Oct 27, 2025 9:33:07.2 AM GMT:ERROR:get_publisher.cc(169)] Unexpected HTTP status: -1
[Oct 27, 2025 9:33:07.2 AM GMT:ERROR:url_loader.cc(131)] Network error: net::ERR_INTERNET_DISCONNECTED
[Oct 27, 2025 9:33:07.2 AM GMT:ERROR:get_publisher.cc(169)] Unexpected HTTP status: -1
[Oct 27, 2025 9:33:07.2 AM GMT:ERROR:url_loader.cc(131)] Network error: net::ERR_INTERNET_DISCONNECTED
[Oct 27, 2025 9:33:07.2 AM GMT:ERROR:get_publisher.cc(169)] Unexpected HTTP status: -1
[Oct 27, 2025 9:33:07.2 AM GMT:ERROR:url_loader.cc(131)] Network error: net::ERR_INTERNET_DISCONNECTED
[Oct 27, 2025 9:33:07.2 AM GMT:ERROR:get_publisher.cc(169)] Unexpected HTTP status: -1
[Oct 27, 2025 9:33:07.2 AM GMT:ERROR:url_loader.cc(131)] Network error: net::ERR_INTERNET_DISCONNECTED
[Oct 27, 2025 9:33:07.2 AM GMT:ERROR:get_publisher.cc(169)] Unexpected HTTP status: -1
[Oct 27, 2025 9:33:07.2 AM GMT:ERROR:url_loader.cc(131)] Network error: net::ERR_INTERNET_DISCONNECTED
[Oct 27, 2025 9:33:07.2 AM GMT:ERROR:get_publisher.cc(169)] Unexpected HTTP status: -1
[Oct 27, 2025 9:33:07.2 AM GMT:ERROR:url_loader.cc(131)] Network error: net::ERR_INTERNET_DISCONNECTED
[Oct 27, 2025 9:33:07.2 AM GMT:ERROR:get_publisher.cc(169)] Unexpected HTTP status: -1
[Oct 27, 2025 9:33:07.3 AM GMT:ERROR:url_loader.cc(131)] Network error: net::ERR_INTERNET_DISCONNECTED
[Oct 27, 2025 9:33:07.3 AM GMT:ERROR:get_publisher.cc(169)] Unexpected HTTP status: -1
[Oct 27, 2025 9:33:07.3 AM GMT:ERROR:url_loader.cc(131)] Network error: net::ERR_INTERNET_DISCONNECTED
[Oct 27, 2025 9:33:07.3 AM GMT:ERROR:get_publisher.cc(169)] Unexpected HTTP status: -1
[Oct 27, 2025 9:33:07.3 AM GMT:ERROR:url_loader.cc(131)] Network error: net::ERR_INTERNET_DISCONNECTED
[Oct 27, 2025 9:33:07.3 AM GMT:ERROR:get_publisher.cc(169)] Unexpected HTTP status: -1
[Oct 27, 2025 9:33:07.3 AM GMT:ERROR:url_loader.cc(131)] Network error: net::ERR_INTERNET_DISCONNECTED
[Oct 27, 2025 9:33:07.3 AM GMT:ERROR:get_publisher.cc(169)] Unexpected HTTP status: -1
[Oct 27, 2025 9:33:07.3 AM GMT:ERROR:url_loader.cc(131)] Network error: net::ERR_INTERNET_DISCONNECTED
[Oct 27, 2025 9:33:07.3 AM GMT:ERROR:get_publisher.cc(169)] Unexpected HTTP status: -1
[Oct 27, 2025 9:33:07.3 AM GMT:ERROR:url_loader.cc(131)] Network error: net::ERR_INTERNET_DISCONNECTED
[Oct 27, 2025 9:33:07.3 AM GMT:ERROR:get_publisher.cc(169)] Unexpected HTTP status: -1
[Oct 27, 2025 9:33:07.3 AM GMT:ERROR:url_loader.cc(131)] Network error: net::ERR_INTERNET_DISCONNECTED
[Oct 27, 2025 9:33:07.3 AM GMT:ERROR:get_publisher.cc(169)] Unexpected HTTP status: -1
[Oct 27, 2025 9:33:07.3 AM GMT:ERROR:url_loader.cc(131)] Network error: net::ERR_INTERNET_DISCONNECTED
[Oct 27, 2025 9:33:07.3 AM GMT:ERROR:get_publisher.cc(169)] Unexpected HTTP status: -1
[Oct 27, 2025 9:33:07.3 AM GMT:ERROR:url_loader.cc(131)] Network error: net::ERR_INTERNET_DISCONNECTED
[Oct 27, 2025 9:33:07.3 AM GMT:ERROR:get_publisher.cc(169)] Unexpected HTTP status: -1
[Oct 27, 2025 9:33:07.3 AM GMT:ERROR:url_loader.cc(131)] Network error: net::ERR_INTERNET_DISCONNECTED
[Oct 27, 2025 9:33:07.3 AM GMT:ERROR:get_publisher.cc(169)] Unexpected HTTP status: -1
[Oct 27, 2025 9:33:07.3 AM GMT:ERROR:url_loader.cc(131)] Network error: net::ERR_INTERNET_DISCONNECTED
[Oct 27, 2025 9:33:07.3 AM GMT:ERROR:get_publisher.cc(169)] Unexpected HTTP status: -1
[Oct 27, 2025 9:33:07.3 AM GMT:ERROR:url_loader.cc(131)] Network error: net::ERR_INTERNET_DISCONNECTED
[Oct 27, 2025 9:33:07.3 AM GMT:ERROR:get_publisher.cc(169)] Unexpected HTTP status: -1
[Oct 27, 2025 9:33:07.3 AM GMT:ERROR:url_loader.cc(131)] Network error: net::ERR_INTERNET_DISCONNECTED
[Oct 27, 2025 9:33:07.3 AM GMT:ERROR:get_publisher.cc(169)] Unexpected HTTP status: -1
[Oct 27, 2025 9:33:07.3 AM GMT:ERROR:url_loader.cc(131)] Network error: net::ERR_INTERNET_DISCONNECTED
[Oct 27, 2025 9:33:07.3 AM GMT:ERROR:get_publisher.cc(169)] Unexpected HTTP status: -1
[Oct 27, 2025 9:33:07.3 AM GMT:ERROR:url_loader.cc(131)] Network error: net::ERR_INTERNET_DISCONNECTED
[Oct 27, 2025 9:33:07.3 AM GMT:ERROR:get_publisher.cc(169)] Unexpected HTTP status: -1
[Oct 27, 2025 9:33:07.3 AM GMT:ERROR:url_loader.cc(131)] Network error: net::ERR_INTERNET_DISCONNECTED
[Oct 27, 2025 9:33:07.3 AM GMT:ERROR:get_publisher.cc(169)] Unexpected HTTP status: -1
[Oct 27, 2025 9:33:07.3 AM GMT:ERROR:url_loader.cc(131)] Network error: net::ERR_INTERNET_DISCONNECTED
[Oct 27, 2025 9:33:07.3 AM GMT:ERROR:get_publisher.cc(169)] Unexpected HTTP status: -1
[Oct 27, 2025 9:33:07.3 AM GMT:ERROR:url_loader.cc(131)] Network error: net::ERR_INTERNET_DISCONNECTED
[Oct 27, 2025 9:33:07.3 AM GMT:ERROR:get_publisher.cc(169)] Unexpected HTTP status: -1
[Oct 27, 2025 9:33:07.3 AM GMT:ERROR:url_loader.cc(131)] Network error: net::ERR_INTERNET_DISCONNECTED
[Oct 27, 2025 9:33:07.3 AM GMT:ERROR:get_publisher.cc(169)] Unexpected HTTP status: -1
[Oct 27, 2025 9:33:07.3 AM GMT:ERROR:url_loader.cc(131)] Network error: net::ERR_INTERNET_DISCONNECTED
[Oct 27, 2025 9:33:07.3 AM GMT:ERROR:get_publisher.cc(169)] Unexpected HTTP status: -1
[Oct 27, 2025 9:33:07.3 AM GMT:ERROR:url_loader.cc(131)] Network error: net::ERR_INTERNET_DISCONNECTED
[Oct 27, 2025 9:33:07.3 AM GMT:ERROR:get_publisher.cc(169)] Unexpected HTTP status: -1
[Oct 27, 2025 9:33:07.3 AM GMT:ERROR:url_loader.cc(131)] Network error: net::ERR_INTERNET_DISCONNECTED
[Oct 27, 2025 9:33:07.3 AM GMT:ERROR:get_publisher.cc(169)] Unexpected HTTP status: -1
[Oct 27, 2025 9:33:07.3 AM GMT:ERROR:url_loader.cc(131)] Network error: net::ERR_INTERNET_DISCONNECTED
[Oct 27, 2025 9:33:07.3 AM GMT:ERROR:get_publisher.cc(169)] Unexpected HTTP status: -1
[Oct 27, 2025 9:33:07.3 AM GMT:ERROR:url_loader.cc(131)] Network error: net::ERR_INTERNET_DISCONNECTED
[Oct 27, 2025 9:33:07.3 AM GMT:ERROR:get_publisher.cc(169)] Unexpected HTTP status: -1
[Oct 27, 2025 9:33:07.3 AM GMT:ERROR:url_loader.cc(131)] Network error: net::ERR_INTERNET_DISCONNECTED
[Oct 27, 2025 9:33:07.3 AM GMT:ERROR:get_publisher.cc(169)] Unexpected HTTP status: -1
[Oct 27, 2025 9:33:07.3 AM GMT:ERROR:url_loader.cc(131)] Network error: net::ERR_INTERNET_DISCONNECTED
[Oct 27, 2025 9:33:07.3 AM GMT:ERROR:get_publisher.cc(169)] Unexpected HTTP status: -1
[Oct 27, 2025 9:33:07.3 AM GMT:ERROR:url_loader.cc(131)] Network error: net::ERR_INTERNET_DISCONNECTED
[Oct 27, 2025 9:33:07.3 AM GMT:ERROR:get_publisher.cc(169)] Unexpected HTTP status: -1
[Oct 27, 2025 9:33:07.3 AM GMT:ERROR:url_loader.cc(131)] Network error: net::ERR_INTERNET_DISCONNECTED
[Oct 27, 2025 9:33:07.3 AM GMT:ERROR:get_publisher.cc(169)] Unexpected HTTP status: -1
[Oct 27, 2025 9:33:07.3 AM GMT:ERROR:url_loader.cc(131)] Network error: net::ERR_INTERNET_DISCONNECTED
[Oct 27, 2025 9:33:07.3 AM GMT:ERROR:get_publisher.cc(169)] Unexpected HTTP status: -1
[Oct 27, 2025 9:33:07.3 AM GMT:ERROR:url_loader.cc(131)] Network error: net::ERR_INTERNET_DISCONNECTED
[Oct 27, 2025 9:33:07.3 AM GMT:ERROR:get_publisher.cc(169)] Unexpected HTTP status: -1
[Oct 27, 2025 9:33:07.3 AM GMT:ERROR:url_loader.cc(131)] Network error: net::ERR_INTERNET_DISCONNECTED
[Oct 27, 2025 9:33:07.3 AM GMT:ERROR:get_publisher.cc(169)] Unexpected HTTP status: -1
[Oct 27, 2025 9:33:07.3 AM GMT:ERROR:url_loader.cc(131)] Network error: net::ERR_INTERNET_DISCONNECTED
[Oct 27, 2025 9:33:07.3 AM GMT:ERROR:get_publisher.cc(169)] Unexpected HTTP status: -1
[Oct 27, 2025 9:33:07.3 AM GMT:ERROR:url_loader.cc(131)] Network error: net::ERR_INTERNET_DISCONNECTED
[Oct 27, 2025 9:33:07.3 AM GMT:ERROR:get_publisher.cc(169)] Unexpected HTTP status: -1
[Oct 27, 2025 9:33:07.3 AM GMT:ERROR:url_loader.cc(131)] Network error: net::ERR_INTERNET_DISCONNECTED
[Oct 27, 2025 9:33:07.3 AM GMT:ERROR:get_publisher.cc(169)] Unexpected HTTP status: -1
[Oct 27, 2025 9:33:07.3 AM GMT:ERROR:url_loader.cc(131)] Network error: net::ERR_INTERNET_DISCONNECTED
[Oct 27, 2025 9:33:07.3 AM GMT:ERROR:get_publisher.cc(169)] Unexpected HTTP status: -1
[Oct 27, 2025 9:33:07.3 AM GMT:ERROR:url_loader.cc(131)] Network error: net::ERR_INTERNET_DISCONNECTED
[Oct 27, 2025 9:33:07.3 AM GMT:ERROR:get_publisher.cc(169)] Unexpected HTTP status: -1
[Oct 27, 2025 9:33:07.3 AM GMT:ERROR:url_loader.cc(131)] Network error: net::ERR_INTERNET_DISCONNECTED
[Oct 27, 2025 9:33:07.3 AM GMT:ERROR:get_publisher.cc(169)] Unexpected HTTP status: -1
[Oct 27, 2025 9:33:07.3 AM GMT:ERROR:url_loader.cc(131)] Network error: net::ERR_INTERNET_DISCONNECTED
[Oct 27, 2025 9:33:07.3 AM GMT:ERROR:get_publisher.cc(169)] Unexpected HTTP status: -1
[Oct 27, 2025 9:33:07.3 AM GMT:ERROR:url_loader.cc(131)] Network error: net::ERR_INTERNET_DISCONNECTED
[Oct 27, 2025 9:33:07.3 AM GMT:ERROR:get_publisher.cc(169)] Unexpected HTTP status: -1
[Oct 27, 2025 9:33:07.3 AM GMT:ERROR:url_loader.cc(131)] Network error: net::ERR_INTERNET_DISCONNECTED
[Oct 27, 2025 9:33:07.3 AM GMT:ERROR:get_publisher.cc(169)] Unexpected HTTP status: -1
[Oct 27, 2025 9:33:07.3 AM GMT:ERROR:url_loader.cc(131)] Network error: net::ERR_INTERNET_DISCONNECTED
[Oct 27, 2025 9:33:07.3 AM GMT:ERROR:get_publisher.cc(169)] Unexpected HTTP status: -1
[Oct 27, 2025 9:33:07.3 AM GMT:ERROR:url_loader.cc(131)] Network error: net::ERR_INTERNET_DISCONNECTED
[Oct 27, 2025 9:33:07.3 AM GMT:ERROR:get_publisher.cc(169)] Unexpected HTTP status: -1
[Oct 27, 2025 9:33:07.3 AM GMT:ERROR:url_loader.cc(131)] Network error: net::ERR_INTERNET_DISCONNECTED
[Oct 27, 2025 9:33:07.3 AM GMT:ERROR:get_publisher.cc(169)] Unexpected HTTP status: -1
[Oct 27, 2025 9:33:07.3 AM GMT:ERROR:url_loader.cc(131)] Network error: net::ERR_INTERNET_DISCONNECTED
[Oct 27, 2025 9:33:07.3 AM GMT:ERROR:get_publisher.cc(169)] Unexpected HTTP status: -1
[Oct 27, 2025 9:33:07.3 AM GMT:ERROR:url_loader.cc(131)] Network error: net::ERR_INTERNET_DISCONNECTED
[Oct 27, 2025 9:33:07.3 AM GMT:ERROR:get_publisher.cc(169)] Unexpected HTTP status: -1
[Oct 27, 2025 9:33:07.3 AM GMT:ERROR:url_loader.cc(131)] Network error: net::ERR_INTERNET_DISCONNECTED
[Oct 27, 2025 9:33:07.3 AM GMT:ERROR:get_publisher.cc(169)] Unexpected HTTP status: -1
[Oct 27, 2025 9:33:07.3 AM GMT:ERROR:url_loader.cc(131)] Network error: net::ERR_INTERNET_DISCONNECTED
[Oct 27, 2025 9:33:07.3 AM GMT:ERROR:get_publisher.cc(169)] Unexpected HTTP status: -1
[Oct 27, 2025 9:33:07.3 AM GMT:ERROR:url_loader.cc(131)] Network error: net::ERR_INTERNET_DISCONNECTED
[Oct 27, 2025 9:33:07.3 AM GMT:ERROR:get_publisher.cc(169)] Unexpected HTTP status: -1
[Oct 27, 2025 9:33:07.3 AM GMT:ERROR:url_loader.cc(131)] Network error: net::ERR_INTERNET_DISCONNECTED
[Oct 27, 2025 9:33:07.3 AM GMT:ERROR:get_publisher.cc(169)] Unexpected HTTP status: -1
[Oct 27, 2025 9:33:07.3 AM GMT:ERROR:url_loader.cc(131)] Network error: net::ERR_INTERNET_DISCONNECTED
[Oct 27, 2025 9:33:07.3 AM GMT:ERROR:get_publisher.cc(169)] Unexpected HTTP status: -1
[Oct 27, 2025 9:33:07.3 AM GMT:ERROR:url_loader.cc(131)] Network error: net::ERR_INTERNET_DISCONNECTED
[Oct 27, 2025 9:33:07.3 AM GMT:ERROR:get_publisher.cc(169)] Unexpected HTTP status: -1
[Oct 27, 2025 9:33:07.3 AM GMT:ERROR:url_loader.cc(131)] Network error: net::ERR_INTERNET_DISCONNECTED
[Oct 27, 2025 9:33:07.3 AM GMT:ERROR:get_publisher.cc(169)] Unexpected HTTP status: -1
[Oct 27, 2025 9:33:07.3 AM GMT:ERROR:url_loader.cc(131)] Network error: net::ERR_INTERNET_DISCONNECTED
[Oct 27, 2025 9:33:07.3 AM GMT:ERROR:get_publisher.cc(169)] Unexpected HTTP status: -1
[Oct 27, 2025 9:33:07.3 AM GMT:ERROR:url_loader.cc(131)] Network error: net::ERR_INTERNET_DISCONNECTED
[Oct 27, 2025 9:33:07.3 AM GMT:ERROR:get_publisher.cc(169)] Unexpected HTTP status: -1
[Oct 27, 2025 9:33:07.3 AM GMT:ERROR:url_loader.cc(131)] Network error: net::ERR_INTERNET_DISCONNECTED
[Oct 27, 2025 9:33:07.3 AM GMT:ERROR:get_publisher.cc(169)] Unexpected HTTP status: -1
[Oct 27, 2025 9:33:07.3 AM GMT:ERROR:url_loader.cc(131)] Network error: net::ERR_INTERNET_DISCONNECTED
[Oct 27, 2025 9:33:07.3 AM GMT:ERROR:get_publisher.cc(169)] Unexpected HTTP status: -1
[Oct 27, 2025 9:33:07.3 AM GMT:ERROR:url_loader.cc(131)] Network error: net::ERR_INTERNET_DISCONNECTED
[Oct 27, 2025 9:33:07.3 AM GMT:ERROR:get_publisher.cc(169)] Unexpected HTTP status: -1
[Oct 27, 2025 9:33:07.3 AM GMT:ERROR:url_loader.cc(131)] Network error: net::ERR_INTERNET_DISCONNECTED
[Oct 27, 2025 9:33:07.3 AM GMT:ERROR:get_publisher.cc(169)] Unexpected HTTP status: -1
[Oct 27, 2025 9:33:07.3 AM GMT:ERROR:url_loader.cc(131)] Network error: net::ERR_INTERNET_DISCONNECTED
[Oct 27, 2025 9:33:07.3 AM GMT:ERROR:get_publisher.cc(169)] Unexpected HTTP status: -1
[Oct 27, 2025 9:33:07.3 AM GMT:ERROR:url_loader.cc(131)] Network error: net::ERR_INTERNET_DISCONNECTED
[Oct 27, 2025 9:33:07.3 AM GMT:ERROR:get_publisher.cc(169)] Unexpected HTTP status: -1
[Oct 27, 2025 9:33:07.3 AM GMT:ERROR:url_loader.cc(131)] Network error: net::ERR_INTERNET_DISCONNECTED
[Oct 27, 2025 9:33:07.3 AM GMT:ERROR:get_publisher.cc(169)] Unexpected HTTP status: -1
[Oct 27, 2025 9:33:07.3 AM GMT:ERROR:url_loader.cc(131)] Network error: net::ERR_INTERNET_DISCONNECTED
[Oct 27, 2025 9:33:07.3 AM GMT:ERROR:get_publisher.cc(169)] Unexpected HTTP status: -1
[Oct 27, 2025 9:33:07.3 AM GMT:ERROR:url_loader.cc(131)] Network error: net::ERR_INTERNET_DISCONNECTED
[Oct 27, 2025 9:33:07.3 AM GMT:ERROR:get_publisher.cc(169)] Unexpected HTTP status: -1
[Oct 27, 2025 9:33:07.4 AM GMT:ERROR:url_loader.cc(131)] Network error: net::ERR_INTERNET_DISCONNECTED
[Oct 27, 2025 9:33:07.4 AM GMT:ERROR:get_publisher.cc(169)] Unexpected HTTP status: -1
[Oct 27, 2025 9:33:07.4 AM GMT:ERROR:url_loader.cc(131)] Network error: net::ERR_INTERNET_DISCONNECTED
[Oct 27, 2025 9:33:07.4 AM GMT:ERROR:get_publisher.cc(169)] Unexpected HTTP status: -1
[Oct 27, 2025 9:33:07.4 AM GMT:ERROR:url_loader.cc(131)] Network error: net::ERR_INTERNET_DISCONNECTED
[Oct 27, 2025 9:33:07.4 AM GMT:ERROR:get_publisher.cc(169)] Unexpected HTTP status: -1
[Oct 27, 2025 9:33:07.4 AM GMT:ERROR:url_loader.cc(131)] Network error: net::ERR_INTERNET_DISCONNECTED
[Oct 27, 2025 9:33:07.4 AM GMT:ERROR:get_publisher.cc(169)] Unexpected HTTP status: -1
[Oct 27, 2025 9:33:07.4 AM GMT:ERROR:url_loader.cc(131)] Network error: net::ERR_INTERNET_DISCONNECTED
[Oct 27, 2025 9:33:07.4 AM GMT:ERROR:get_publisher.cc(169)] Unexpected HTTP status: -1
[Oct 27, 2025 9:33:07.4 AM GMT:ERROR:url_loader.cc(131)] Network error: net::ERR_INTERNET_DISCONNECTED
[Oct 27, 2025 9:33:07.4 AM GMT:ERROR:get_publisher.cc(169)] Unexpected HTTP status: -1
[Oct 27, 2025 9:33:07.4 AM GMT:ERROR:url_loader.cc(131)] Network error: net::ERR_INTERNET_DISCONNECTED
[Oct 27, 2025 9:33:07.4 AM GMT:ERROR:get_publisher.cc(169)] Unexpected HTTP status: -1
[Oct 27, 2025 9:33:07.4 AM GMT:ERROR:url_loader.cc(131)] Network error: net::ERR_INTERNET_DISCONNECTED
[Oct 27, 2025 9:33:07.4 AM GMT:ERROR:get_publisher.cc(169)] Unexpected HTTP status: -1
[Oct 27, 2025 9:33:07.4 AM GMT:ERROR:url_loader.cc(131)] Network error: net::ERR_INTERNET_DISCONNECTED
[Oct 27, 2025 9:33:07.4 AM GMT:ERROR:get_publisher.cc(169)] Unexpected HTTP status: -1
[Oct 27, 2025 9:33:07.4 AM GMT:ERROR:url_loader.cc(131)] Network error: net::ERR_INTERNET_DISCONNECTED
[Oct 27, 2025 9:33:07.4 AM GMT:ERROR:get_publisher.cc(169)] Unexpected HTTP status: -1
[Oct 27, 2025 9:33:07.4 AM GMT:ERROR:url_loader.cc(131)] Network error: net::ERR_INTERNET_DISCONNECTED
[Oct 27, 2025 9:33:07.4 AM GMT:ERROR:get_publisher.cc(169)] Unexpected HTTP status: -1
[Oct 27, 2025 9:33:07.4 AM GMT:ERROR:url_loader.cc(131)] Network error: net::ERR_INTERNET_DISCONNECTED
[Oct 27, 2025 9:33:07.4 AM GMT:ERROR:get_publisher.cc(169)] Unexpected HTTP status: -1
[Oct 27, 2025 9:33:07.4 AM GMT:ERROR:url_loader.cc(131)] Network error: net::ERR_INTERNET_DISCONNECTED
[Oct 27, 2025 9:33:07.4 AM GMT:ERROR:get_publisher.cc(169)] Unexpected HTTP status: -1
[Oct 27, 2025 9:33:07.4 AM GMT:ERROR:url_loader.cc(131)] Network error: net::ERR_INTERNET_DISCONNECTED
[Oct 27, 2025 9:33:07.4 AM GMT:ERROR:get_publisher.cc(169)] Unexpected HTTP status: -1
[Oct 27, 2025 9:33:07.4 AM GMT:ERROR:url_loader.cc(131)] Network error: net::ERR_INTERNET_DISCONNECTED
[Oct 27, 2025 9:33:07.4 AM GMT:ERROR:get_publisher.cc(169)] Unexpected HTTP status: -1
[Oct 27, 2025 9:33:07.4 AM GMT:ERROR:url_loader.cc(131)] Network error: net::ERR_INTERNET_DISCONNECTED
[Oct 27, 2025 9:33:07.4 AM GMT:ERROR:get_publisher.cc(169)] Unexpected HTTP status: -1
[Oct 27, 2025 9:33:07.4 AM GMT:ERROR:url_loader.cc(131)] Network error: net::ERR_INTERNET_DISCONNECTED
[Oct 27, 2025 9:33:07.4 AM GMT:ERROR:get_publisher.cc(169)] Unexpected HTTP status: -1
[Oct 27, 2025 9:33:07.4 AM GMT:ERROR:url_loader.cc(131)] Network error: net::ERR_INTERNET_DISCONNECTED
[Oct 27, 2025 9:33:07.4 AM GMT:ERROR:get_publisher.cc(169)] Unexpected HTTP status: -1
[Oct 27, 2025 9:33:07.4 AM GMT:ERROR:url_loader.cc(131)] Network error: net::ERR_INTERNET_DISCONNECTED
[Oct 27, 2025 9:33:07.4 AM GMT:ERROR:get_publisher.cc(169)] Unexpected HTTP status: -1
[Oct 27, 2025 9:33:07.4 AM GMT:ERROR:url_loader.cc(131)] Network error: net::ERR_INTERNET_DISCONNECTED
[Oct 27, 2025 9:33:07.4 AM GMT:ERROR:get_publisher.cc(169)] Unexpected HTTP status: -1
[Oct 27, 2025 9:33:07.4 AM GMT:ERROR:url_loader.cc(131)] Network error: net::ERR_INTERNET_DISCONNECTED
[Oct 27, 2025 9:33:07.4 AM GMT:ERROR:get_publisher.cc(169)] Unexpected HTTP status: -1
[Oct 27, 2025 9:33:07.4 AM GMT:ERROR:url_loader.cc(131)] Network error: net::ERR_INTERNET_DISCONNECTED
[Oct 27, 2025 9:33:07.4 AM GMT:ERROR:get_publisher.cc(169)] Unexpected HTTP status: -1
[Oct 27, 2025 9:33:07.4 AM GMT:ERROR:url_loader.cc(131)] Network error: net::ERR_INTERNET_DISCONNECTED
[Oct 27, 2025 9:33:07.4 AM GMT:ERROR:get_publisher.cc(169)] Unexpected HTTP status: -1
[Oct 27, 2025 9:33:07.4 AM GMT:ERROR:url_loader.cc(131)] Network error: net::ERR_INTERNET_DISCONNECTED
[Oct 27, 2025 9:33:07.4 AM GMT:ERROR:get_publisher.cc(169)] Unexpected HTTP status: -1
[Oct 27, 2025 9:33:07.4 AM GMT:ERROR:url_loader.cc(131)] Network error: net::ERR_INTERNET_DISCONNECTED
[Oct 27, 2025 9:33:07.4 AM GMT:ERROR:get_publisher.cc(169)] Unexpected HTTP status: -1
[Oct 27, 2025 9:33:07.4 AM GMT:ERROR:url_loader.cc(131)] Network error: net::ERR_INTERNET_DISCONNECTED
[Oct 27, 2025 9:33:07.4 AM GMT:ERROR:get_publisher.cc(169)] Unexpected HTTP status: -1
[Oct 27, 2025 9:33:07.4 AM GMT:ERROR:url_loader.cc(131)] Network error: net::ERR_INTERNET_DISCONNECTED
[Oct 27, 2025 9:33:07.4 AM GMT:ERROR:get_publisher.cc(169)] Unexpected HTTP status: -1
[Oct 27, 2025 9:33:07.4 AM GMT:ERROR:url_loader.cc(131)] Network error: net::ERR_INTERNET_DISCONNECTED
[Oct 27, 2025 9:33:07.4 AM GMT:ERROR:get_publisher.cc(169)] Unexpected HTTP status: -1
[Oct 27, 2025 9:33:07.4 AM GMT:ERROR:url_loader.cc(131)] Network error: net::ERR_INTERNET_DISCONNECTED
[Oct 27, 2025 9:33:07.4 AM GMT:ERROR:get_publisher.cc(169)] Unexpected HTTP status: -1
[Oct 27, 2025 9:33:07.4 AM GMT:ERROR:url_loader.cc(131)] Network error: net::ERR_INTERNET_DISCONNECTED
[Oct 27, 2025 9:33:07.4 AM GMT:ERROR:get_publisher.cc(169)] Unexpected HTTP status: -1
[Oct 27, 2025 9:33:07.4 AM GMT:ERROR:url_loader.cc(131)] Network error: net::ERR_INTERNET_DISCONNECTED
[Oct 27, 2025 9:33:07.4 AM GMT:ERROR:get_publisher.cc(169)] Unexpected HTTP status: -1
[Oct 27, 2025 9:33:07.4 AM GMT:ERROR:url_loader.cc(131)] Network error: net::ERR_INTERNET_DISCONNECTED
[Oct 27, 2025 9:33:07.4 AM GMT:ERROR:get_publisher.cc(169)] Unexpected HTTP status: -1
[Oct 27, 2025 9:33:07.4 AM GMT:ERROR:url_loader.cc(131)] Network error: net::ERR_INTERNET_DISCONNECTED
[Oct 27, 2025 9:33:07.4 AM GMT:ERROR:get_publisher.cc(169)] Unexpected HTTP status: -1
[Oct 27, 2025 9:33:07.4 AM GMT:ERROR:url_loader.cc(131)] Network error: net::ERR_INTERNET_DISCONNECTED
[Oct 27, 2025 9:33:07.4 AM GMT:ERROR:get_publisher.cc(169)] Unexpected HTTP status: -1
[Oct 27, 2025 9:33:07.4 AM GMT:ERROR:url_loader.cc(131)] Network error: net::ERR_INTERNET_DISCONNECTED
[Oct 27, 2025 9:33:07.4 AM GMT:ERROR:get_publisher.cc(169)] Unexpected HTTP status: -1
[Oct 27, 2025 9:33:07.4 AM GMT:ERROR:url_loader.cc(131)] Network error: net::ERR_INTERNET_DISCONNECTED
[Oct 27, 2025 9:33:07.4 AM GMT:ERROR:get_publisher.cc(169)] Unexpected HTTP status: -1
[Oct 27, 2025 9:33:07.4 AM GMT:ERROR:url_loader.cc(131)] Network error: net::ERR_INTERNET_DISCONNECTED
[Oct 27, 2025 9:33:07.4 AM GMT:ERROR:get_publisher.cc(169)] Unexpected HTTP status: -1
[Oct 27, 2025 9:33:07.4 AM GMT:ERROR:url_loader.cc(131)] Network error: net::ERR_INTERNET_DISCONNECTED
[Oct 27, 2025 9:33:07.4 AM GMT:ERROR:get_publisher.cc(169)] Unexpected HTTP status: -1
[Oct 27, 2025 9:33:07.4 AM GMT:ERROR:url_loader.cc(131)] Network error: net::ERR_INTERNET_DISCONNECTED
[Oct 27, 2025 9:33:07.4 AM GMT:ERROR:get_publisher.cc(169)] Unexpected HTTP status: -1
[Oct 27, 2025 9:33:07.4 AM GMT:ERROR:url_loader.cc(131)] Network error: net::ERR_INTERNET_DISCONNECTED
[Oct 27, 2025 9:33:07.4 AM GMT:ERROR:get_publisher.cc(169)] Unexpected HTTP status: -1
[Oct 27, 2025 9:33:07.4 AM GMT:ERROR:url_loader.cc(131)] Network error: net::ERR_INTERNET_DISCONNECTED
[Oct 27, 2025 9:33:07.4 AM GMT:ERROR:get_publisher.cc(169)] Unexpected HTTP status: -1
[Oct 27, 2025 9:33:07.4 AM GMT:ERROR:url_loader.cc(131)] Network error: net::ERR_INTERNET_DISCONNECTED
[Oct 27, 2025 9:33:07.4 AM GMT:ERROR:get_publisher.cc(169)] Unexpected HTTP status: -1
[Oct 27, 2025 9:33:07.4 AM GMT:ERROR:url_loader.cc(131)] Network error: net::ERR_INTERNET_DISCONNECTED
[Oct 27, 2025 9:33:07.4 AM GMT:ERROR:get_publisher.cc(169)] Unexpected HTTP status: -1
[Oct 27, 2025 9:33:07.4 AM GMT:ERROR:url_loader.cc(131)] Network error: net::ERR_INTERNET_DISCONNECTED
[Oct 27, 2025 9:33:07.4 AM GMT:ERROR:get_publisher.cc(169)] Unexpected HTTP status: -1
[Oct 27, 2025 9:33:07.4 AM GMT:ERROR:url_loader.cc(131)] Network error: net::ERR_INTERNET_DISCONNECTED
[Oct 27, 2025 9:33:07.4 AM GMT:ERROR:get_publisher.cc(169)] Unexpected HTTP status: -1
[Oct 27, 2025 9:33:07.4 AM GMT:ERROR:url_loader.cc(131)] Network error: net::ERR_INTERNET_DISCONNECTED
[Oct 27, 2025 9:33:07.4 AM GMT:ERROR:get_publisher.cc(169)] Unexpected HTTP status: -1
[Oct 27, 2025 9:33:07.4 AM GMT:ERROR:url_loader.cc(131)] Network error: net::ERR_INTERNET_DISCONNECTED
[Oct 27, 2025 9:33:07.4 AM GMT:ERROR:get_publisher.cc(169)] Unexpected HTTP status: -1
[Oct 27, 2025 9:33:07.4 AM GMT:ERROR:url_loader.cc(131)] Network error: net::ERR_INTERNET_DISCONNECTED
[Oct 27, 2025 9:33:07.4 AM GMT:ERROR:get_publisher.cc(169)] Unexpected HTTP status: -1
[Oct 27, 2025 9:33:07.4 AM GMT:ERROR:url_loader.cc(131)] Network error: net::ERR_INTERNET_DISCONNECTED
[Oct 27, 2025 9:33:07.4 AM GMT:ERROR:get_publisher.cc(169)] Unexpected HTTP status: -1
[Oct 27, 2025 9:33:07.4 AM GMT:ERROR:url_loader.cc(131)] Network error: net::ERR_INTERNET_DISCONNECTED
[Oct 27, 2025 9:33:07.4 AM GMT:ERROR:get_publisher.cc(169)] Unexpected HTTP status: -1
[Oct 27, 2025 9:33:07.4 AM GMT:ERROR:url_loader.cc(131)] Network error: net::ERR_INTERNET_DISCONNECTED
[Oct 27, 2025 9:33:07.4 AM GMT:ERROR:get_publisher.cc(169)] Unexpected HTTP status: -1
[Oct 27, 2025 9:33:07.4 AM GMT:ERROR:url_loader.cc(131)] Network error: net::ERR_INTERNET_DISCONNECTED
[Oct 27, 2025 9:33:07.4 AM GMT:ERROR:get_publisher.cc(169)] Unexpected HTTP status: -1
[Oct 27, 2025 9:33:07.4 AM GMT:ERROR:url_loader.cc(131)] Network error: net::ERR_INTERNET_DISCONNECTED
[Oct 27, 2025 9:33:07.4 AM GMT:ERROR:get_publisher.cc(169)] Unexpected HTTP status: -1
[Oct 27, 2025 9:33:07.4 AM GMT:ERROR:url_loader.cc(131)] Network error: net::ERR_INTERNET_DISCONNECTED
[Oct 27, 2025 9:33:07.4 AM GMT:ERROR:get_publisher.cc(169)] Unexpected HTTP status: -1
[Oct 27, 2025 9:33:07.4 AM GMT:ERROR:url_loader.cc(131)] Network error: net::ERR_INTERNET_DISCONNECTED
[Oct 27, 2025 9:33:07.4 AM GMT:ERROR:get_publisher.cc(169)] Unexpected HTTP status: -1
[Oct 27, 2025 9:33:07.4 AM GMT:ERROR:url_loader.cc(131)] Network error: net::ERR_INTERNET_DISCONNECTED
[Oct 27, 2025 9:33:07.4 AM GMT:ERROR:get_publisher.cc(169)] Unexpected HTTP status: -1
[Oct 27, 2025 9:33:07.4 AM GMT:ERROR:url_loader.cc(131)] Network error: net::ERR_INTERNET_DISCONNECTED
[Oct 27, 2025 9:33:07.4 AM GMT:ERROR:get_publisher.cc(169)] Unexpected HTTP status: -1
[Oct 27, 2025 9:33:07.4 AM GMT:ERROR:url_loader.cc(131)] Network error: net::ERR_INTERNET_DISCONNECTED
[Oct 27, 2025 9:33:07.4 AM GMT:ERROR:get_publisher.cc(169)] Unexpected HTTP status: -1
[Oct 27, 2025 9:33:07.4 AM GMT:ERROR:url_loader.cc(131)] Network error: net::ERR_INTERNET_DISCONNECTED
[Oct 27, 2025 9:33:07.4 AM GMT:ERROR:get_publisher.cc(169)] Unexpected HTTP status: -1
[Oct 27, 2025 9:33:07.4 AM GMT:ERROR:url_loader.cc(131)] Network error: net::ERR_INTERNET_DISCONNECTED
[Oct 27, 2025 9:33:07.4 AM GMT:ERROR:get_publisher.cc(169)] Unexpected HTTP status: -1
[Oct 27, 2025 9:33:07.4 AM GMT:ERROR:url_loader.cc(131)] Network error: net::ERR_INTERNET_DISCONNECTED
[Oct 27, 2025 9:33:07.4 AM GMT:ERROR:get_publisher.cc(169)] Unexpected HTTP status: -1
[Oct 27, 2025 9:33:07.4 AM GMT:ERROR:url_loader.cc(131)] Network error: net::ERR_INTERNET_DISCONNECTED
[Oct 27, 2025 9:33:07.4 AM GMT:ERROR:get_publisher.cc(169)] Unexpected HTTP status: -1
[Oct 27, 2025 9:33:07.5 AM GMT:ERROR:url_loader.cc(131)] Network error: net::ERR_INTERNET_DISCONNECTED
[Oct 27, 2025 9:33:07.5 AM GMT:ERROR:get_publisher.cc(169)] Unexpected HTTP status: -1
[Oct 27, 2025 9:33:07.5 AM GMT:ERROR:url_loader.cc(131)] Network error: net::ERR_INTERNET_DISCONNECTED
[Oct 27, 2025 9:33:07.5 AM GMT:ERROR:get_publisher.cc(169)] Unexpected HTTP status: -1
[Oct 27, 2025 9:33:07.5 AM GMT:ERROR:url_loader.cc(131)] Network error: net::ERR_INTERNET_DISCONNECTED
[Oct 27, 2025 9:33:07.5 AM GMT:ERROR:get_publisher.cc(169)] Unexpected HTTP status: -1
[Oct 27, 2025 9:33:07.5 AM GMT:ERROR:url_loader.cc(131)] Network error: net::ERR_INTERNET_DISCONNECTED
[Oct 27, 2025 9:33:07.5 AM GMT:ERROR:get_publisher.cc(169)] Unexpected HTTP status: -1
[Oct 27, 2025 9:33:07.5 AM GMT:ERROR:url_loader.cc(131)] Network error: net::ERR_INTERNET_DISCONNECTED
[Oct 27, 2025 9:33:07.5 AM GMT:ERROR:get_publisher.cc(169)] Unexpected HTTP status: -1
[Oct 27, 2025 9:33:07.5 AM GMT:ERROR:url_loader.cc(131)] Network error: net::ERR_INTERNET_DISCONNECTED
[Oct 27, 2025 9:33:07.5 AM GMT:ERROR:get_publisher.cc(169)] Unexpected HTTP status: -1
[Oct 27, 2025 9:33:07.5 AM GMT:ERROR:url_loader.cc(131)] Network error: net::ERR_INTERNET_DISCONNECTED
[Oct 27, 2025 9:33:07.5 AM GMT:ERROR:get_publisher.cc(169)] Unexpected HTTP status: -1
[Oct 27, 2025 9:33:07.5 AM GMT:ERROR:url_loader.cc(131)] Network error: net::ERR_INTERNET_DISCONNECTED
[Oct 27, 2025 9:33:07.5 AM GMT:ERROR:get_publisher.cc(169)] Unexpected HTTP status: -1
[Oct 27, 2025 9:33:07.5 AM GMT:ERROR:url_loader.cc(131)] Network error: net::ERR_INTERNET_DISCONNECTED
[Oct 27, 2025 9:33:07.5 AM GMT:ERROR:get_publisher.cc(169)] Unexpected HTTP status: -1
[Oct 27, 2025 9:33:07.5 AM GMT:ERROR:url_loader.cc(131)] Network error: net::ERR_INTERNET_DISCONNECTED
[Oct 27, 2025 9:33:07.5 AM GMT:ERROR:get_publisher.cc(169)] Unexpected HTTP status: -1
[Oct 27, 2025 9:33:07.5 AM GMT:ERROR:url_loader.cc(131)] Network error: net::ERR_INTERNET_DISCONNECTED
[Oct 27, 2025 9:33:07.5 AM GMT:ERROR:get_publisher.cc(169)] Unexpected HTTP status: -1
[Oct 27, 2025 9:33:07.5 AM GMT:ERROR:url_loader.cc(131)] Network error: net::ERR_INTERNET_DISCONNECTED
[Oct 27, 2025 9:33:07.5 AM GMT:ERROR:get_publisher.cc(169)] Unexpected HTTP status: -1
[Oct 27, 2025 9:33:07.5 AM GMT:ERROR:url_loader.cc(131)] Network error: net::ERR_INTERNET_DISCONNECTED
[Oct 27, 2025 9:33:07.5 AM GMT:ERROR:get_publisher.cc(169)] Unexpected HTTP status: -1
[Oct 27, 2025 9:33:07.5 AM GMT:ERROR:url_loader.cc(131)] Network error: net::ERR_INTERNET_DISCONNECTED
[Oct 27, 2025 9:33:07.5 AM GMT:ERROR:get_publisher.cc(169)] Unexpected HTTP status: -1
[Oct 27, 2025 9:33:07.5 AM GMT:ERROR:url_loader.cc(131)] Network error: net::ERR_INTERNET_DISCONNECTED
[Oct 27, 2025 9:33:07.5 AM GMT:ERROR:get_publisher.cc(169)] Unexpected HTTP status: -1
[Oct 27, 2025 9:33:07.5 AM GMT:ERROR:url_loader.cc(131)] Network error: net::ERR_INTERNET_DISCONNECTED
[Oct 27, 2025 9:33:07.5 AM GMT:ERROR:get_publisher.cc(169)] Unexpected HTTP status: -1
[Oct 27, 2025 9:33:07.5 AM GMT:ERROR:url_loader.cc(131)] Network error: net::ERR_INTERNET_DISCONNECTED
[Oct 27, 2025 9:33:07.5 AM GMT:ERROR:get_publisher.cc(169)] Unexpected HTTP status: -1
[Oct 27, 2025 9:33:07.5 AM GMT:ERROR:url_loader.cc(131)] Network error: net::ERR_INTERNET_DISCONNECTED
[Oct 27, 2025 9:33:07.5 AM GMT:ERROR:get_publisher.cc(169)] Unexpected HTTP status: -1
[Oct 27, 2025 9:33:07.5 AM GMT:ERROR:url_loader.cc(131)] Network error: net::ERR_INTERNET_DISCONNECTED
[Oct 27, 2025 9:33:07.5 AM GMT:ERROR:get_publisher.cc(169)] Unexpected HTTP status: -1
[Oct 27, 2025 9:33:07.5 AM GMT:ERROR:url_loader.cc(131)] Network error: net::ERR_INTERNET_DISCONNECTED
[Oct 27, 2025 9:33:07.5 AM GMT:ERROR:get_publisher.cc(169)] Unexpected HTTP status: -1
[Oct 27, 2025 9:33:07.5 AM GMT:ERROR:url_loader.cc(131)] Network error: net::ERR_INTERNET_DISCONNECTED
[Oct 27, 2025 9:33:07.5 AM GMT:ERROR:get_publisher.cc(169)] Unexpected HTTP status: -1
[Oct 27, 2025 9:33:07.5 AM GMT:ERROR:url_loader.cc(131)] Network error: net::ERR_INTERNET_DISCONNECTED
[Oct 27, 2025 9:33:07.5 AM GMT:ERROR:get_publisher.cc(169)] Unexpected HTTP status: -1
[Oct 27, 2025 9:33:07.5 AM GMT:ERROR:url_loader.cc(131)] Network error: net::ERR_INTERNET_DISCONNECTED
[Oct 27, 2025 9:33:07.5 AM GMT:ERROR:get_publisher.cc(169)] Unexpected HTTP status: -1
[Oct 27, 2025 9:33:07.5 AM GMT:ERROR:url_loader.cc(131)] Network error: net::ERR_INTERNET_DISCONNECTED
[Oct 27, 2025 9:33:07.5 AM GMT:ERROR:get_publisher.cc(169)] Unexpected HTTP status: -1
[Oct 27, 2025 9:33:07.5 AM GMT:ERROR:url_loader.cc(131)] Network error: net::ERR_INTERNET_DISCONNECTED
[Oct 27, 2025 9:33:07.5 AM GMT:ERROR:get_publisher.cc(169)] Unexpected HTTP status: -1
[Oct 27, 2025 9:33:07.5 AM GMT:ERROR:url_loader.cc(131)] Network error: net::ERR_INTERNET_DISCONNECTED
[Oct 27, 2025 9:33:07.5 AM GMT:ERROR:get_publisher.cc(169)] Unexpected HTTP status: -1
[Oct 27, 2025 9:33:07.5 AM GMT:ERROR:url_loader.cc(131)] Network error: net::ERR_INTERNET_DISCONNECTED
[Oct 27, 2025 9:33:07.5 AM GMT:ERROR:get_publisher.cc(169)] Unexpected HTTP status: -1
[Oct 27, 2025 9:33:07.5 AM GMT:ERROR:url_loader.cc(131)] Network error: net::ERR_INTERNET_DISCONNECTED
[Oct 27, 2025 9:33:07.5 AM GMT:ERROR:get_publisher.cc(169)] Unexpected HTTP status: -1
[Oct 27, 2025 9:33:07.5 AM GMT:ERROR:url_loader.cc(131)] Network error: net::ERR_INTERNET_DISCONNECTED
[Oct 27, 2025 9:33:07.5 AM GMT:ERROR:get_publisher.cc(169)] Unexpected HTTP status: -1
[Oct 27, 2025 9:33:07.5 AM GMT:ERROR:url_loader.cc(131)] Network error: net::ERR_INTERNET_DISCONNECTED
[Oct 27, 2025 9:33:07.5 AM GMT:ERROR:get_publisher.cc(169)] Unexpected HTTP status: -1
[Oct 27, 2025 9:33:07.5 AM GMT:ERROR:url_loader.cc(131)] Network error: net::ERR_INTERNET_DISCONNECTED
[Oct 27, 2025 9:33:07.5 AM GMT:ERROR:get_publisher.cc(169)] Unexpected HTTP status: -1
[Oct 27, 2025 9:33:07.5 AM GMT:ERROR:url_loader.cc(131)] Network error: net::ERR_INTERNET_DISCONNECTED
[Oct 27, 2025 9:33:07.5 AM GMT:ERROR:get_publisher.cc(169)] Unexpected HTTP status: -1
[Oct 27, 2025 9:33:07.5 AM GMT:ERROR:url_loader.cc(131)] Network error: net::ERR_INTERNET_DISCONNECTED
[Oct 27, 2025 9:33:07.5 AM GMT:ERROR:get_publisher.cc(169)] Unexpected HTTP status: -1
[Oct 27, 2025 9:33:07.5 AM GMT:ERROR:url_loader.cc(131)] Network error: net::ERR_INTERNET_DISCONNECTED
[Oct 27, 2025 9:33:07.5 AM GMT:ERROR:get_publisher.cc(169)] Unexpected HTTP status: -1
[Oct 27, 2025 9:33:07.5 AM GMT:ERROR:url_loader.cc(131)] Network error: net::ERR_INTERNET_DISCONNECTED
[Oct 27, 2025 9:33:07.5 AM GMT:ERROR:get_publisher.cc(169)] Unexpected HTTP status: -1
[Oct 27, 2025 9:33:07.5 AM GMT:ERROR:url_loader.cc(131)] Network error: net::ERR_INTERNET_DISCONNECTED
[Oct 27, 2025 9:33:07.5 AM GMT:ERROR:get_publisher.cc(169)] Unexpected HTTP status: -1
[Oct 27, 2025 9:33:07.5 AM GMT:ERROR:url_loader.cc(131)] Network error: net::ERR_INTERNET_DISCONNECTED
[Oct 27, 2025 9:33:07.5 AM GMT:ERROR:get_publisher.cc(169)] Unexpected HTTP status: -1
[Oct 27, 2025 9:33:07.5 AM GMT:ERROR:url_loader.cc(131)] Network error: net::ERR_INTERNET_DISCONNECTED
[Oct 27, 2025 9:33:07.5 AM GMT:ERROR:get_publisher.cc(169)] Unexpected HTTP status: -1
[Oct 27, 2025 9:33:07.5 AM GMT:ERROR:url_loader.cc(131)] Network error: net::ERR_INTERNET_DISCONNECTED
[Oct 27, 2025 9:33:07.5 AM GMT:ERROR:get_publisher.cc(169)] Unexpected HTTP status: -1
[Oct 27, 2025 9:33:07.5 AM GMT:ERROR:url_loader.cc(131)] Network error: net::ERR_INTERNET_DISCONNECTED
[Oct 27, 2025 9:33:07.5 AM GMT:ERROR:get_publisher.cc(169)] Unexpected HTTP status: -1
[Oct 27, 2025 9:33:07.5 AM GMT:ERROR:url_loader.cc(131)] Network error: net::ERR_INTERNET_DISCONNECTED
[Oct 27, 2025 9:33:07.5 AM GMT:ERROR:get_publisher.cc(169)] Unexpected HTTP status: -1
[Oct 27, 2025 9:33:07.5 AM GMT:ERROR:url_loader.cc(131)] Network error: net::ERR_INTERNET_DISCONNECTED
[Oct 27, 2025 9:33:07.5 AM GMT:ERROR:get_publisher.cc(169)] Unexpected HTTP status: -1
[Oct 27, 2025 9:33:07.5 AM GMT:ERROR:url_loader.cc(131)] Network error: net::ERR_INTERNET_DISCONNECTED
[Oct 27, 2025 9:33:07.5 AM GMT:ERROR:get_publisher.cc(169)] Unexpected HTTP status: -1
[Oct 27, 2025 9:33:07.5 AM GMT:ERROR:url_loader.cc(131)] Network error: net::ERR_INTERNET_DISCONNECTED
[Oct 27, 2025 9:33:07.5 AM GMT:ERROR:get_publisher.cc(169)] Unexpected HTTP status: -1
[Oct 27, 2025 9:33:07.5 AM GMT:ERROR:url_loader.cc(131)] Network error: net::ERR_INTERNET_DISCONNECTED
[Oct 27, 2025 9:33:07.5 AM GMT:ERROR:get_publisher.cc(169)] Unexpected HTTP status: -1
[Oct 27, 2025 9:33:07.5 AM GMT:ERROR:url_loader.cc(131)] Network error: net::ERR_INTERNET_DISCONNECTED
[Oct 27, 2025 9:33:07.5 AM GMT:ERROR:get_publisher.cc(169)] Unexpected HTTP status: -1
[Oct 27, 2025 9:33:07.5 AM GMT:ERROR:url_loader.cc(131)] Network error: net::ERR_INTERNET_DISCONNECTED
[Oct 27, 2025 9:33:07.5 AM GMT:ERROR:get_publisher.cc(169)] Unexpected HTTP status: -1
[Oct 27, 2025 9:33:07.5 AM GMT:ERROR:url_loader.cc(131)] Network error: net::ERR_INTERNET_DISCONNECTED
[Oct 27, 2025 9:33:07.5 AM GMT:ERROR:get_publisher.cc(169)] Unexpected HTTP status: -1
[Oct 27, 2025 9:33:07.5 AM GMT:ERROR:url_loader.cc(131)] Network error: net::ERR_INTERNET_DISCONNECTED
[Oct 27, 2025 9:33:07.5 AM GMT:ERROR:get_publisher.cc(169)] Unexpected HTTP status: -1
[Oct 27, 2025 9:33:07.5 AM GMT:ERROR:url_loader.cc(131)] Network error: net::ERR_INTERNET_DISCONNECTED
[Oct 27, 2025 9:33:07.5 AM GMT:ERROR:get_publisher.cc(169)] Unexpected HTTP status: -1
[Oct 27, 2025 9:33:07.5 AM GMT:ERROR:url_loader.cc(131)] Network error: net::ERR_INTERNET_DISCONNECTED
[Oct 27, 2025 9:33:07.5 AM GMT:ERROR:get_publisher.cc(169)] Unexpected HTTP status: -1
[Oct 27, 2025 9:33:07.5 AM GMT:ERROR:url_loader.cc(131)] Network error: net::ERR_INTERNET_DISCONNECTED
[Oct 27, 2025 9:33:07.5 AM GMT:ERROR:get_publisher.cc(169)] Unexpected HTTP status: -1
[Oct 27, 2025 9:33:07.5 AM GMT:ERROR:url_loader.cc(131)] Network error: net::ERR_INTERNET_DISCONNECTED
[Oct 27, 2025 9:33:07.5 AM GMT:ERROR:get_publisher.cc(169)] Unexpected HTTP status: -1
[Oct 27, 2025 9:33:07.5 AM GMT:ERROR:url_loader.cc(131)] Network error: net::ERR_INTERNET_DISCONNECTED
[Oct 27, 2025 9:33:07.5 AM GMT:ERROR:get_publisher.cc(169)] Unexpected HTTP status: -1
[Oct 27, 2025 9:33:07.5 AM GMT:ERROR:url_loader.cc(131)] Network error: net::ERR_INTERNET_DISCONNECTED
[Oct 27, 2025 9:33:07.5 AM GMT:ERROR:get_publisher.cc(169)] Unexpected HTTP status: -1
[Oct 27, 2025 9:33:07.5 AM GMT:ERROR:url_loader.cc(131)] Network error: net::ERR_INTERNET_DISCONNECTED
[Oct 27, 2025 9:33:07.5 AM GMT:ERROR:get_publisher.cc(169)] Unexpected HTTP status: -1
[Oct 27, 2025 9:33:07.5 AM GMT:ERROR:url_loader.cc(131)] Network error: net::ERR_INTERNET_DISCONNECTED
[Oct 27, 2025 9:33:07.5 AM GMT:ERROR:get_publisher.cc(169)] Unexpected HTTP status: -1
[Oct 27, 2025 9:33:07.5 AM GMT:ERROR:url_loader.cc(131)] Network error: net::ERR_INTERNET_DISCONNECTED
[Oct 27, 2025 9:33:07.5 AM GMT:ERROR:get_publisher.cc(169)] Unexpected HTTP status: -1
[Oct 27, 2025 9:33:07.5 AM GMT:ERROR:url_loader.cc(131)] Network error: net::ERR_INTERNET_DISCONNECTED
[Oct 27, 2025 9:33:07.5 AM GMT:ERROR:get_publisher.cc(169)] Unexpected HTTP status: -1
[Oct 27, 2025 9:33:07.5 AM GMT:ERROR:url_loader.cc(131)] Network error: net::ERR_INTERNET_DISCONNECTED
[Oct 27, 2025 9:33:07.5 AM GMT:ERROR:get_publisher.cc(169)] Unexpected HTTP status: -1
[Oct 27, 2025 9:33:07.5 AM GMT:ERROR:url_loader.cc(131)] Network error: net::ERR_INTERNET_DISCONNECTED
[Oct 27, 2025 9:33:07.5 AM GMT:ERROR:get_publisher.cc(169)] Unexpected HTTP status: -1
[Oct 27, 2025 9:33:07.5 AM GMT:ERROR:url_loader.cc(131)] Network error: net::ERR_INTERNET_DISCONNECTED
[Oct 27, 2025 9:33:07.6 AM GMT:ERROR:get_publisher.cc(169)] Unexpected HTTP status: -1
[Oct 27, 2025 9:33:07.6 AM GMT:ERROR:url_loader.cc(131)] Network error: net::ERR_INTERNET_DISCONNECTED
[Oct 27, 2025 9:33:07.6 AM GMT:ERROR:get_publisher.cc(169)] Unexpected HTTP status: -1
[Oct 27, 2025 9:33:07.6 AM GMT:ERROR:url_loader.cc(131)] Network error: net::ERR_INTERNET_DISCONNECTED
[Oct 27, 2025 9:33:07.6 AM GMT:ERROR:get_publisher.cc(169)] Unexpected HTTP status: -1
[Oct 27, 2025 9:33:07.6 AM GMT:ERROR:url_loader.cc(131)] Network error: net::ERR_INTERNET_DISCONNECTED
[Oct 27, 2025 9:33:07.6 AM GMT:ERROR:get_publisher.cc(169)] Unexpected HTTP status: -1
[Oct 27, 2025 9:33:07.6 AM GMT:ERROR:url_loader.cc(131)] Network error: net::ERR_INTERNET_DISCONNECTED
[Oct 27, 2025 9:33:07.6 AM GMT:ERROR:get_publisher.cc(169)] Unexpected HTTP status: -1
[Oct 27, 2025 9:33:07.6 AM GMT:ERROR:url_loader.cc(131)] Network error: net::ERR_INTERNET_DISCONNECTED
[Oct 27, 2025 9:33:07.6 AM GMT:ERROR:get_publisher.cc(169)] Unexpected HTTP status: -1
[Oct 27, 2025 9:33:07.6 AM GMT:ERROR:url_loader.cc(131)] Network error: net::ERR_INTERNET_DISCONNECTED
[Oct 27, 2025 9:33:07.6 AM GMT:ERROR:get_publisher.cc(169)] Unexpected HTTP status: -1
[Oct 27, 2025 9:33:07.6 AM GMT:ERROR:url_loader.cc(131)] Network error: net::ERR_INTERNET_DISCONNECTED
[Oct 27, 2025 9:33:07.6 AM GMT:ERROR:get_publisher.cc(169)] Unexpected HTTP status: -1
[Oct 27, 2025 9:33:07.6 AM GMT:ERROR:url_loader.cc(131)] Network error: net::ERR_INTERNET_DISCONNECTED
[Oct 27, 2025 9:33:07.6 AM GMT:ERROR:get_publisher.cc(169)] Unexpected HTTP status: -1
[Oct 27, 2025 9:33:07.6 AM GMT:ERROR:url_loader.cc(131)] Network error: net::ERR_INTERNET_DISCONNECTED
[Oct 27, 2025 9:33:07.6 AM GMT:ERROR:get_publisher.cc(169)] Unexpected HTTP status: -1
[Oct 27, 2025 9:33:07.6 AM GMT:ERROR:url_loader.cc(131)] Network error: net::ERR_INTERNET_DISCONNECTED
[Oct 27, 2025 9:33:07.6 AM GMT:ERROR:get_publisher.cc(169)] Unexpected HTTP status: -1
[Oct 27, 2025 9:33:07.6 AM GMT:ERROR:url_loader.cc(131)] Network error: net::ERR_INTERNET_DISCONNECTED
[Oct 27, 2025 9:33:07.6 AM GMT:ERROR:get_publisher.cc(169)] Unexpected HTTP status: -1
[Oct 27, 2025 9:33:07.6 AM GMT:ERROR:url_loader.cc(131)] Network error: net::ERR_INTERNET_DISCONNECTED
[Oct 27, 2025 9:33:07.6 AM GMT:ERROR:get_publisher.cc(169)] Unexpected HTTP status: -1
[Oct 27, 2025 9:33:07.6 AM GMT:ERROR:url_loader.cc(131)] Network error: net::ERR_INTERNET_DISCONNECTED
[Oct 27, 2025 9:33:07.6 AM GMT:ERROR:get_publisher.cc(169)] Unexpected HTTP status: -1
[Oct 27, 2025 9:33:07.6 AM GMT:ERROR:url_loader.cc(131)] Network error: net::ERR_INTERNET_DISCONNECTED
[Oct 27, 2025 9:33:07.6 AM GMT:ERROR:get_publisher.cc(169)] Unexpected HTTP status: -1
[Oct 27, 2025 9:33:07.6 AM GMT:ERROR:url_loader.cc(131)] Network error: net::ERR_INTERNET_DISCONNECTED
[Oct 27, 2025 9:33:07.6 AM GMT:ERROR:get_publisher.cc(169)] Unexpected HTTP status: -1
[Oct 27, 2025 9:33:07.6 AM GMT:ERROR:url_loader.cc(131)] Network error: net::ERR_INTERNET_DISCONNECTED
[Oct 27, 2025 9:33:07.6 AM GMT:ERROR:get_publisher.cc(169)] Unexpected HTTP status: -1
[Oct 27, 2025 9:33:07.6 AM GMT:ERROR:url_loader.cc(131)] Network error: net::ERR_INTERNET_DISCONNECTED
[Oct 27, 2025 9:33:07.6 AM GMT:ERROR:get_publisher.cc(169)] Unexpected HTTP status: -1
[Oct 27, 2025 9:33:07.6 AM GMT:ERROR:url_loader.cc(131)] Network error: net::ERR_INTERNET_DISCONNECTED
[Oct 27, 2025 9:33:07.6 AM GMT:ERROR:get_publisher.cc(169)] Unexpected HTTP status: -1
[Oct 27, 2025 9:33:07.6 AM GMT:ERROR:url_loader.cc(131)] Network error: net::ERR_INTERNET_DISCONNECTED
[Oct 27, 2025 9:33:07.6 AM GMT:ERROR:get_publisher.cc(169)] Unexpected HTTP status: -1
[Oct 27, 2025 9:33:07.6 AM GMT:ERROR:url_loader.cc(131)] Network error: net::ERR_INTERNET_DISCONNECTED
[Oct 27, 2025 9:33:07.6 AM GMT:ERROR:get_publisher.cc(169)] Unexpected HTTP status: -1
[Oct 27, 2025 9:33:07.6 AM GMT:ERROR:url_loader.cc(131)] Network error: net::ERR_INTERNET_DISCONNECTED
[Oct 27, 2025 9:33:07.6 AM GMT:ERROR:get_publisher.cc(169)] Unexpected HTTP status: -1
[Oct 27, 2025 9:33:07.6 AM GMT:ERROR:url_loader.cc(131)] Network error: net::ERR_INTERNET_DISCONNECTED
[Oct 27, 2025 9:33:07.6 AM GMT:ERROR:get_publisher.cc(169)] Unexpected HTTP status: -1
[Oct 27, 2025 9:33:07.6 AM GMT:ERROR:url_loader.cc(131)] Network error: net::ERR_INTERNET_DISCONNECTED
[Oct 27, 2025 9:33:07.6 AM GMT:ERROR:get_publisher.cc(169)] Unexpected HTTP status: -1
[Oct 27, 2025 9:33:07.6 AM GMT:ERROR:url_loader.cc(131)] Network error: net::ERR_INTERNET_DISCONNECTED
[Oct 27, 2025 9:33:07.6 AM GMT:ERROR:get_publisher.cc(169)] Unexpected HTTP status: -1
[Oct 27, 2025 9:33:07.6 AM GMT:ERROR:url_loader.cc(131)] Network error: net::ERR_INTERNET_DISCONNECTED
[Oct 27, 2025 9:33:07.6 AM GMT:ERROR:get_publisher.cc(169)] Unexpected HTTP status: -1
[Oct 27, 2025 9:33:07.6 AM GMT:ERROR:url_loader.cc(131)] Network error: net::ERR_INTERNET_DISCONNECTED
[Oct 27, 2025 9:33:07.6 AM GMT:ERROR:get_publisher.cc(169)] Unexpected HTTP status: -1
[Oct 27, 2025 9:33:07.6 AM GMT:ERROR:url_loader.cc(131)] Network error: net::ERR_INTERNET_DISCONNECTED
[Oct 27, 2025 9:33:07.6 AM GMT:ERROR:get_publisher.cc(169)] Unexpected HTTP status: -1
[Oct 27, 2025 9:33:07.6 AM GMT:ERROR:url_loader.cc(131)] Network error: net::ERR_INTERNET_DISCONNECTED
[Oct 27, 2025 9:33:07.6 AM GMT:ERROR:get_publisher.cc(169)] Unexpected HTTP status: -1
[Oct 27, 2025 9:33:07.6 AM GMT:ERROR:url_loader.cc(131)] Network error: net::ERR_INTERNET_DISCONNECTED
[Oct 27, 2025 9:33:07.6 AM GMT:ERROR:get_publisher.cc(169)] Unexpected HTTP status: -1
[Oct 27, 2025 9:33:07.6 AM GMT:ERROR:url_loader.cc(131)] Network error: net::ERR_INTERNET_DISCONNECTED
[Oct 27, 2025 9:33:07.6 AM GMT:ERROR:get_publisher.cc(169)] Unexpected HTTP status: -1
[Oct 27, 2025 9:33:07.6 AM GMT:ERROR:url_loader.cc(131)] Network error: net::ERR_INTERNET_DISCONNECTED
[Oct 27, 2025 9:33:07.6 AM GMT:ERROR:get_publisher.cc(169)] Unexpected HTTP status: -1
[Oct 27, 2025 9:33:07.6 AM GMT:ERROR:url_loader.cc(131)] Network error: net::ERR_INTERNET_DISCONNECTED
[Oct 27, 2025 9:33:07.6 AM GMT:ERROR:get_publisher.cc(169)] Unexpected HTTP status: -1
[Oct 27, 2025 9:33:07.6 AM GMT:ERROR:url_loader.cc(131)] Network error: net::ERR_INTERNET_DISCONNECTED
[Oct 27, 2025 9:33:07.6 AM GMT:ERROR:get_publisher.cc(169)] Unexpected HTTP status: -1
[Oct 27, 2025 9:33:07.6 AM GMT:ERROR:url_loader.cc(131)] Network error: net::ERR_INTERNET_DISCONNECTED
[Oct 27, 2025 9:33:07.6 AM GMT:ERROR:get_publisher.cc(169)] Unexpected HTTP status: -1
[Oct 27, 2025 9:33:07.6 AM GMT:ERROR:url_loader.cc(131)] Network error: net::ERR_INTERNET_DISCONNECTED
[Oct 27, 2025 9:33:07.6 AM GMT:ERROR:get_publisher.cc(169)] Unexpected HTTP status: -1
[Oct 27, 2025 9:33:07.6 AM GMT:ERROR:url_loader.cc(131)] Network error: net::ERR_INTERNET_DISCONNECTED
[Oct 27, 2025 9:33:07.6 AM GMT:ERROR:get_publisher.cc(169)] Unexpected HTTP status: -1
[Oct 27, 2025 9:33:07.6 AM GMT:ERROR:url_loader.cc(131)] Network error: net::ERR_INTERNET_DISCONNECTED
[Oct 27, 2025 9:33:07.6 AM GMT:ERROR:get_publisher.cc(169)] Unexpected HTTP status: -1
[Oct 27, 2025 9:33:07.6 AM GMT:ERROR:url_loader.cc(131)] Network error: net::ERR_INTERNET_DISCONNECTED
[Oct 27, 2025 9:33:07.6 AM GMT:ERROR:get_publisher.cc(169)] Unexpected HTTP status: -1
[Oct 27, 2025 9:33:07.6 AM GMT:ERROR:url_loader.cc(131)] Network error: net::ERR_INTERNET_DISCONNECTED
[Oct 27, 2025 9:33:07.6 AM GMT:ERROR:get_publisher.cc(169)] Unexpected HTTP status: -1
[Oct 27, 2025 9:33:07.6 AM GMT:ERROR:url_loader.cc(131)] Network error: net::ERR_INTERNET_DISCONNECTED
[Oct 27, 2025 9:33:07.6 AM GMT:ERROR:get_publisher.cc(169)] Unexpected HTTP status: -1
[Oct 27, 2025 9:33:07.6 AM GMT:ERROR:url_loader.cc(131)] Network error: net::ERR_INTERNET_DISCONNECTED
[Oct 27, 2025 9:33:07.6 AM GMT:ERROR:get_publisher.cc(169)] Unexpected HTTP status: -1
[Oct 27, 2025 9:33:07.6 AM GMT:ERROR:url_loader.cc(131)] Network error: net::ERR_INTERNET_DISCONNECTED
[Oct 27, 2025 9:33:07.6 AM GMT:ERROR:get_publisher.cc(169)] Unexpected HTTP status: -1
[Oct 27, 2025 9:33:07.6 AM GMT:ERROR:url_loader.cc(131)] Network error: net::ERR_INTERNET_DISCONNECTED
[Oct 27, 2025 9:33:07.6 AM GMT:ERROR:get_publisher.cc(169)] Unexpected HTTP status: -1
[Oct 27, 2025 9:33:07.6 AM GMT:ERROR:url_loader.cc(131)] Network error: net::ERR_INTERNET_DISCONNECTED
[Oct 27, 2025 9:33:07.6 AM GMT:ERROR:get_publisher.cc(169)] Unexpected HTTP status: -1
[Oct 27, 2025 9:33:07.6 AM GMT:ERROR:url_loader.cc(131)] Network error: net::ERR_INTERNET_DISCONNECTED
[Oct 27, 2025 9:33:07.6 AM GMT:ERROR:get_publisher.cc(169)] Unexpected HTTP status: -1
[Oct 27, 2025 9:33:07.6 AM GMT:ERROR:url_loader.cc(131)] Network error: net::ERR_INTERNET_DISCONNECTED
[Oct 27, 2025 9:33:07.6 AM GMT:ERROR:get_publisher.cc(169)] Unexpected HTTP status: -1
[Oct 27, 2025 9:33:07.6 AM GMT:ERROR:url_loader.cc(131)] Network error: net::ERR_INTERNET_DISCONNECTED
[Oct 27, 2025 9:33:07.6 AM GMT:ERROR:get_publisher.cc(169)] Unexpected HTTP status: -1
[Oct 27, 2025 9:33:07.6 AM GMT:ERROR:url_loader.cc(131)] Network error: net::ERR_INTERNET_DISCONNECTED
[Oct 27, 2025 9:33:07.6 AM GMT:ERROR:get_publisher.cc(169)] Unexpected HTTP status: -1
[Oct 27, 2025 9:33:07.6 AM GMT:ERROR:url_loader.cc(131)] Network error: net::ERR_INTERNET_DISCONNECTED
[Oct 27, 2025 9:33:07.6 AM GMT:ERROR:get_publisher.cc(169)] Unexpected HTTP status: -1
[Oct 27, 2025 9:33:07.6 AM GMT:ERROR:url_loader.cc(131)] Network error: net::ERR_INTERNET_DISCONNECTED
[Oct 27, 2025 9:33:07.6 AM GMT:ERROR:get_publisher.cc(169)] Unexpected HTTP status: -1
[Oct 27, 2025 9:33:07.6 AM GMT:ERROR:url_loader.cc(131)] Network error: net::ERR_INTERNET_DISCONNECTED
[Oct 27, 2025 9:33:07.6 AM GMT:ERROR:get_publisher.cc(169)] Unexpected HTTP status: -1
[Oct 27, 2025 9:33:07.6 AM GMT:ERROR:url_loader.cc(131)] Network error: net::ERR_INTERNET_DISCONNECTED
[Oct 27, 2025 9:33:07.6 AM GMT:ERROR:get_publisher.cc(169)] Unexpected HTTP status: -1
[Oct 27, 2025 9:33:07.6 AM GMT:ERROR:url_loader.cc(131)] Network error: net::ERR_INTERNET_DISCONNECTED
[Oct 27, 2025 9:33:07.6 AM GMT:ERROR:get_publisher.cc(169)] Unexpected HTTP status: -1
[Oct 27, 2025 9:33:07.6 AM GMT:ERROR:url_loader.cc(131)] Network error: net::ERR_INTERNET_DISCONNECTED
[Oct 27, 2025 9:33:07.6 AM GMT:ERROR:get_publisher.cc(169)] Unexpected HTTP status: -1
[Oct 27, 2025 9:33:07.6 AM GMT:ERROR:url_loader.cc(131)] Network error: net::ERR_INTERNET_DISCONNECTED
[Oct 27, 2025 9:33:07.6 AM GMT:ERROR:get_publisher.cc(169)] Unexpected HTTP status: -1
[Oct 27, 2025 9:33:07.6 AM GMT:ERROR:url_loader.cc(131)] Network error: net::ERR_INTERNET_DISCONNECTED
[Oct 27, 2025 9:33:07.6 AM GMT:ERROR:get_publisher.cc(169)] Unexpected HTTP status: -1
[Oct 27, 2025 9:33:07.6 AM GMT:ERROR:url_loader.cc(131)] Network error: net::ERR_INTERNET_DISCONNECTED
[Oct 27, 2025 9:33:07.6 AM GMT:ERROR:get_publisher.cc(169)] Unexpected HTTP status: -1
[Oct 27, 2025 9:33:07.6 AM GMT:ERROR:url_loader.cc(131)] Network error: net::ERR_INTERNET_DISCONNECTED
[Oct 27, 2025 9:33:07.6 AM GMT:ERROR:get_publisher.cc(169)] Unexpected HTTP status: -1
[Oct 27, 2025 9:33:07.6 AM GMT:ERROR:url_loader.cc(131)] Network error: net::ERR_INTERNET_DISCONNECTED
[Oct 27, 2025 9:33:07.6 AM GMT:ERROR:get_publisher.cc(169)] Unexpected HTTP status: -1
[Oct 27, 2025 9:33:07.6 AM GMT:ERROR:url_loader.cc(131)] Network error: net::ERR_INTERNET_DISCONNECTED
[Oct 27, 2025 9:33:07.6 AM GMT:ERROR:get_publisher.cc(169)] Unexpected HTTP status: -1
[Oct 27, 2025 9:33:07.6 AM GMT:ERROR:url_loader.cc(131)] Network error: net::ERR_INTERNET_DISCONNECTED
[Oct 27, 2025 9:33:07.6 AM GMT:ERROR:get_publisher.cc(169)] Unexpected HTTP status: -1
[Oct 27, 2025 9:33:07.6 AM GMT:ERROR:url_loader.cc(131)] Network error: net::ERR_INTERNET_DISCONNECTED
[Oct 27, 2025 9:33:07.6 AM GMT:ERROR:get_publisher.cc(169)] Unexpected HTTP status: -1
[Oct 27, 2025 9:33:07.7 AM GMT:ERROR:url_loader.cc(131)] Network error: net::ERR_INTERNET_DISCONNECTED
[Oct 27, 2025 9:33:07.7 AM GMT:ERROR:get_publisher.cc(169)] Unexpected HTTP status: -1
[Oct 27, 2025 9:33:07.7 AM GMT:ERROR:url_loader.cc(131)] Network error: net::ERR_INTERNET_DISCONNECTED
[Oct 27, 2025 9:33:07.7 AM GMT:ERROR:get_publisher.cc(169)] Unexpected HTTP status: -1
[Oct 27, 2025 9:33:07.7 AM GMT:ERROR:url_loader.cc(131)] Network error: net::ERR_INTERNET_DISCONNECTED
[Oct 27, 2025 9:33:07.7 AM GMT:ERROR:get_publisher.cc(169)] Unexpected HTTP status: -1
[Oct 27, 2025 9:33:07.7 AM GMT:ERROR:url_loader.cc(131)] Network error: net::ERR_INTERNET_DISCONNECTED
[Oct 27, 2025 9:33:07.7 AM GMT:ERROR:get_publisher.cc(169)] Unexpected HTTP status: -1
[Oct 27, 2025 9:33:07.7 AM GMT:ERROR:url_loader.cc(131)] Network error: net::ERR_INTERNET_DISCONNECTED
[Oct 27, 2025 9:33:07.7 AM GMT:ERROR:get_publisher.cc(169)] Unexpected HTTP status: -1
[Oct 27, 2025 9:33:07.7 AM GMT:ERROR:url_loader.cc(131)] Network error: net::ERR_INTERNET_DISCONNECTED
[Oct 27, 2025 9:33:07.7 AM GMT:ERROR:get_publisher.cc(169)] Unexpected HTTP status: -1
[Oct 27, 2025 9:33:07.7 AM GMT:ERROR:url_loader.cc(131)] Network error: net::ERR_INTERNET_DISCONNECTED
[Oct 27, 2025 9:33:07.7 AM GMT:ERROR:get_publisher.cc(169)] Unexpected HTTP status: -1
[Oct 27, 2025 9:33:07.7 AM GMT:ERROR:url_loader.cc(131)] Network error: net::ERR_INTERNET_DISCONNECTED
[Oct 27, 2025 9:33:07.7 AM GMT:ERROR:get_publisher.cc(169)] Unexpected HTTP status: -1
[Oct 27, 2025 9:33:07.7 AM GMT:ERROR:url_loader.cc(131)] Network error: net::ERR_INTERNET_DISCONNECTED
[Oct 27, 2025 9:33:07.7 AM GMT:ERROR:get_publisher.cc(169)] Unexpected HTTP status: -1
[Oct 27, 2025 9:33:07.7 AM GMT:ERROR:url_loader.cc(131)] Network error: net::ERR_INTERNET_DISCONNECTED
[Oct 27, 2025 9:33:07.7 AM GMT:ERROR:get_publisher.cc(169)] Unexpected HTTP status: -1
[Oct 27, 2025 9:33:07.7 AM GMT:ERROR:url_loader.cc(131)] Network error: net::ERR_INTERNET_DISCONNECTED
[Oct 27, 2025 9:33:07.7 AM GMT:ERROR:get_publisher.cc(169)] Unexpected HTTP status: -1
[Oct 27, 2025 9:33:07.7 AM GMT:ERROR:url_loader.cc(131)] Network error: net::ERR_INTERNET_DISCONNECTED
[Oct 27, 2025 9:33:07.7 AM GMT:ERROR:get_publisher.cc(169)] Unexpected HTTP status: -1
[Oct 27, 2025 9:33:07.7 AM GMT:ERROR:url_loader.cc(131)] Network error: net::ERR_INTERNET_DISCONNECTED
[Oct 27, 2025 9:33:07.7 AM GMT:ERROR:get_publisher.cc(169)] Unexpected HTTP status: -1
[Oct 27, 2025 9:33:07.7 AM GMT:ERROR:url_loader.cc(131)] Network error: net::ERR_INTERNET_DISCONNECTED
[Oct 27, 2025 9:33:07.7 AM GMT:ERROR:get_publisher.cc(169)] Unexpected HTTP status: -1
[Oct 27, 2025 9:33:07.7 AM GMT:ERROR:url_loader.cc(131)] Network error: net::ERR_INTERNET_DISCONNECTED
[Oct 27, 2025 9:33:07.7 AM GMT:ERROR:get_publisher.cc(169)] Unexpected HTTP status: -1
[Oct 27, 2025 9:33:07.7 AM GMT:ERROR:url_loader.cc(131)] Network error: net::ERR_INTERNET_DISCONNECTED
[Oct 27, 2025 9:33:07.7 AM GMT:ERROR:get_publisher.cc(169)] Unexpected HTTP status: -1
[Oct 27, 2025 9:33:07.7 AM GMT:ERROR:url_loader.cc(131)] Network error: net::ERR_INTERNET_DISCONNECTED
[Oct 27, 2025 9:33:07.7 AM GMT:ERROR:get_publisher.cc(169)] Unexpected HTTP status: -1
[Oct 27, 2025 9:33:07.7 AM GMT:ERROR:url_loader.cc(131)] Network error: net::ERR_INTERNET_DISCONNECTED
[Oct 27, 2025 9:33:07.7 AM GMT:ERROR:get_publisher.cc(169)] Unexpected HTTP status: -1
[Oct 27, 2025 9:33:07.7 AM GMT:ERROR:url_loader.cc(131)] Network error: net::ERR_INTERNET_DISCONNECTED
[Oct 27, 2025 9:33:07.7 AM GMT:ERROR:get_publisher.cc(169)] Unexpected HTTP status: -1
[Oct 27, 2025 9:33:07.7 AM GMT:ERROR:url_loader.cc(131)] Network error: net::ERR_INTERNET_DISCONNECTED
[Oct 27, 2025 9:33:07.7 AM GMT:ERROR:get_publisher.cc(169)] Unexpected HTTP status: -1
[Oct 27, 2025 9:33:07.7 AM GMT:ERROR:url_loader.cc(131)] Network error: net::ERR_INTERNET_DISCONNECTED
[Oct 27, 2025 9:33:07.7 AM GMT:ERROR:get_publisher.cc(169)] Unexpected HTTP status: -1
[Oct 27, 2025 9:33:07.7 AM GMT:ERROR:url_loader.cc(131)] Network error: net::ERR_INTERNET_DISCONNECTED
[Oct 27, 2025 9:33:07.7 AM GMT:ERROR:get_publisher.cc(169)] Unexpected HTTP status: -1
[Oct 27, 2025 9:33:07.7 AM GMT:ERROR:url_loader.cc(131)] Network error: net::ERR_INTERNET_DISCONNECTED
[Oct 27, 2025 9:33:07.7 AM GMT:ERROR:get_publisher.cc(169)] Unexpected HTTP status: -1
[Oct 27, 2025 9:33:07.7 AM GMT:ERROR:url_loader.cc(131)] Network error: net::ERR_INTERNET_DISCONNECTED
[Oct 27, 2025 9:33:07.7 AM GMT:ERROR:get_publisher.cc(169)] Unexpected HTTP status: -1
[Oct 27, 2025 9:33:07.7 AM GMT:ERROR:url_loader.cc(131)] Network error: net::ERR_INTERNET_DISCONNECTED
[Oct 27, 2025 9:33:07.7 AM GMT:ERROR:get_publisher.cc(169)] Unexpected HTTP status: -1
[Oct 27, 2025 9:33:07.7 AM GMT:ERROR:url_loader.cc(131)] Network error: net::ERR_INTERNET_DISCONNECTED
[Oct 27, 2025 9:33:07.7 AM GMT:ERROR:get_publisher.cc(169)] Unexpected HTTP status: -1
[Oct 27, 2025 9:33:07.7 AM GMT:ERROR:url_loader.cc(131)] Network error: net::ERR_INTERNET_DISCONNECTED
[Oct 27, 2025 9:33:07.7 AM GMT:ERROR:get_publisher.cc(169)] Unexpected HTTP status: -1
[Oct 27, 2025 9:33:07.7 AM GMT:ERROR:url_loader.cc(131)] Network error: net::ERR_INTERNET_DISCONNECTED
[Oct 27, 2025 9:33:07.7 AM GMT:ERROR:get_publisher.cc(169)] Unexpected HTTP status: -1
[Oct 27, 2025 9:33:07.7 AM GMT:ERROR:url_loader.cc(131)] Network error: net::ERR_INTERNET_DISCONNECTED
[Oct 27, 2025 9:33:07.7 AM GMT:ERROR:get_publisher.cc(169)] Unexpected HTTP status: -1
[Oct 27, 2025 9:33:07.7 AM GMT:ERROR:url_loader.cc(131)] Network error: net::ERR_INTERNET_DISCONNECTED
[Oct 27, 2025 9:33:07.7 AM GMT:ERROR:get_publisher.cc(169)] Unexpected HTTP status: -1
[Oct 27, 2025 9:33:07.7 AM GMT:ERROR:url_loader.cc(131)] Network error: net::ERR_INTERNET_DISCONNECTED
[Oct 27, 2025 9:33:07.7 AM GMT:ERROR:get_publisher.cc(169)] Unexpected HTTP status: -1
[Oct 27, 2025 9:33:07.7 AM GMT:ERROR:url_loader.cc(131)] Network error: net::ERR_INTERNET_DISCONNECTED
[Oct 27, 2025 9:33:07.7 AM GMT:ERROR:get_publisher.cc(169)] Unexpected HTTP status: -1
[Oct 27, 2025 9:33:07.7 AM GMT:ERROR:url_loader.cc(131)] Network error: net::ERR_INTERNET_DISCONNECTED
[Oct 27, 2025 9:33:07.7 AM GMT:ERROR:get_publisher.cc(169)] Unexpected HTTP status: -1
[Oct 27, 2025 9:33:07.7 AM GMT:ERROR:url_loader.cc(131)] Network error: net::ERR_INTERNET_DISCONNECTED
[Oct 27, 2025 9:33:07.7 AM GMT:ERROR:get_publisher.cc(169)] Unexpected HTTP status: -1
[Oct 27, 2025 9:33:07.7 AM GMT:ERROR:url_loader.cc(131)] Network error: net::ERR_INTERNET_DISCONNECTED
[Oct 27, 2025 9:33:07.7 AM GMT:ERROR:get_publisher.cc(169)] Unexpected HTTP status: -1
[Oct 27, 2025 9:33:07.7 AM GMT:ERROR:url_loader.cc(131)] Network error: net::ERR_INTERNET_DISCONNECTED
[Oct 27, 2025 9:33:07.7 AM GMT:ERROR:get_publisher.cc(169)] Unexpected HTTP status: -1
[Oct 27, 2025 9:33:07.7 AM GMT:ERROR:url_loader.cc(131)] Network error: net::ERR_INTERNET_DISCONNECTED
[Oct 27, 2025 9:33:07.7 AM GMT:ERROR:get_publisher.cc(169)] Unexpected HTTP status: -1
[Oct 27, 2025 9:33:07.7 AM GMT:ERROR:url_loader.cc(131)] Network error: net::ERR_INTERNET_DISCONNECTED
[Oct 27, 2025 9:33:07.7 AM GMT:ERROR:get_publisher.cc(169)] Unexpected HTTP status: -1
[Oct 27, 2025 9:33:07.7 AM GMT:ERROR:url_loader.cc(131)] Network error: net::ERR_INTERNET_DISCONNECTED
[Oct 27, 2025 9:33:07.7 AM GMT:ERROR:get_publisher.cc(169)] Unexpected HTTP status: -1
[Oct 27, 2025 9:33:07.7 AM GMT:ERROR:url_loader.cc(131)] Network error: net::ERR_INTERNET_DISCONNECTED
[Oct 27, 2025 9:33:07.7 AM GMT:ERROR:get_publisher.cc(169)] Unexpected HTTP status: -1
[Oct 27, 2025 9:33:07.7 AM GMT:ERROR:url_loader.cc(131)] Network error: net::ERR_INTERNET_DISCONNECTED
[Oct 27, 2025 9:33:07.7 AM GMT:ERROR:get_publisher.cc(169)] Unexpected HTTP status: -1
[Oct 27, 2025 9:33:07.7 AM GMT:ERROR:url_loader.cc(131)] Network error: net::ERR_INTERNET_DISCONNECTED
[Oct 27, 2025 9:33:07.7 AM GMT:ERROR:get_publisher.cc(169)] Unexpected HTTP status: -1
[Oct 27, 2025 9:33:07.7 AM GMT:ERROR:url_loader.cc(131)] Network error: net::ERR_INTERNET_DISCONNECTED
[Oct 27, 2025 9:33:07.7 AM GMT:ERROR:get_publisher.cc(169)] Unexpected HTTP status: -1
[Oct 27, 2025 9:33:07.7 AM GMT:ERROR:url_loader.cc(131)] Network error: net::ERR_INTERNET_DISCONNECTED
[Oct 27, 2025 9:33:07.7 AM GMT:ERROR:get_publisher.cc(169)] Unexpected HTTP status: -1
[Oct 27, 2025 9:33:07.7 AM GMT:ERROR:url_loader.cc(131)] Network error: net::ERR_INTERNET_DISCONNECTED
[Oct 27, 2025 9:33:07.7 AM GMT:ERROR:get_publisher.cc(169)] Unexpected HTTP status: -1
[Oct 27, 2025 9:33:07.7 AM GMT:ERROR:url_loader.cc(131)] Network error: net::ERR_INTERNET_DISCONNECTED
[Oct 27, 2025 9:33:07.7 AM GMT:ERROR:get_publisher.cc(169)] Unexpected HTTP status: -1
[Oct 27, 2025 9:33:07.7 AM GMT:ERROR:url_loader.cc(131)] Network error: net::ERR_INTERNET_DISCONNECTED
[Oct 27, 2025 9:33:07.7 AM GMT:ERROR:get_publisher.cc(169)] Unexpected HTTP status: -1
[Oct 27, 2025 9:33:07.7 AM GMT:ERROR:url_loader.cc(131)] Network error: net::ERR_INTERNET_DISCONNECTED
[Oct 27, 2025 9:33:07.7 AM GMT:ERROR:get_publisher.cc(169)] Unexpected HTTP status: -1
[Oct 27, 2025 9:33:07.7 AM GMT:ERROR:url_loader.cc(131)] Network error: net::ERR_INTERNET_DISCONNECTED
[Oct 27, 2025 9:33:07.7 AM GMT:ERROR:get_publisher.cc(169)] Unexpected HTTP status: -1
[Oct 27, 2025 9:33:07.7 AM GMT:ERROR:url_loader.cc(131)] Network error: net::ERR_INTERNET_DISCONNECTED
[Oct 27, 2025 9:33:07.7 AM GMT:ERROR:get_publisher.cc(169)] Unexpected HTTP status: -1
[Oct 27, 2025 9:33:07.7 AM GMT:ERROR:url_loader.cc(131)] Network error: net::ERR_INTERNET_DISCONNECTED
[Oct 27, 2025 9:33:07.7 AM GMT:ERROR:get_publisher.cc(169)] Unexpected HTTP status: -1
[Oct 27, 2025 9:33:07.7 AM GMT:ERROR:url_loader.cc(131)] Network error: net::ERR_INTERNET_DISCONNECTED
[Oct 27, 2025 9:33:07.7 AM GMT:ERROR:get_publisher.cc(169)] Unexpected HTTP status: -1
[Oct 27, 2025 9:33:07.7 AM GMT:ERROR:url_loader.cc(131)] Network error: net::ERR_INTERNET_DISCONNECTED
[Oct 27, 2025 9:33:07.7 AM GMT:ERROR:get_publisher.cc(169)] Unexpected HTTP status: -1
[Oct 27, 2025 9:33:07.7 AM GMT:ERROR:url_loader.cc(131)] Network error: net::ERR_INTERNET_DISCONNECTED
[Oct 27, 2025 9:33:07.7 AM GMT:ERROR:get_publisher.cc(169)] Unexpected HTTP status: -1
[Oct 27, 2025 9:33:07.7 AM GMT:ERROR:url_loader.cc(131)] Network error: net::ERR_INTERNET_DISCONNECTED
[Oct 27, 2025 9:33:07.7 AM GMT:ERROR:get_publisher.cc(169)] Unexpected HTTP status: -1
[Oct 27, 2025 9:33:07.7 AM GMT:ERROR:url_loader.cc(131)] Network error: net::ERR_INTERNET_DISCONNECTED
[Oct 27, 2025 9:33:07.7 AM GMT:ERROR:get_publisher.cc(169)] Unexpected HTTP status: -1
[Oct 27, 2025 9:33:07.7 AM GMT:ERROR:url_loader.cc(131)] Network error: net::ERR_INTERNET_DISCONNECTED
[Oct 27, 2025 9:33:07.7 AM GMT:ERROR:get_publisher.cc(169)] Unexpected HTTP status: -1
[Oct 27, 2025 9:33:07.7 AM GMT:ERROR:url_loader.cc(131)] Network error: net::ERR_INTERNET_DISCONNECTED
[Oct 27, 2025 9:33:07.7 AM GMT:ERROR:get_publisher.cc(169)] Unexpected HTTP status: -1
[Oct 27, 2025 9:33:07.7 AM GMT:ERROR:url_loader.cc(131)] Network error: net::ERR_INTERNET_DISCONNECTED
[Oct 27, 2025 9:33:07.7 AM GMT:ERROR:get_publisher.cc(169)] Unexpected HTTP status: -1
[Oct 27, 2025 9:33:07.7 AM GMT:ERROR:url_loader.cc(131)] Network error: net::ERR_INTERNET_DISCONNECTED
[Oct 27, 2025 9:33:07.7 AM GMT:ERROR:get_publisher.cc(169)] Unexpected HTTP status: -1
[Oct 27, 2025 9:33:07.7 AM GMT:ERROR:url_loader.cc(131)] Network error: net::ERR_INTERNET_DISCONNECTED
[Oct 27, 2025 9:33:07.7 AM GMT:ERROR:get_publisher.cc(169)] Unexpected HTTP status: -1
[Oct 27, 2025 9:33:07.8 AM GMT:ERROR:url_loader.cc(131)] Network error: net::ERR_INTERNET_DISCONNECTED
[Oct 27, 2025 9:33:07.8 AM GMT:ERROR:get_publisher.cc(169)] Unexpected HTTP status: -1
[Oct 27, 2025 9:33:07.8 AM GMT:ERROR:url_loader.cc(131)] Network error: net::ERR_INTERNET_DISCONNECTED
[Oct 27, 2025 9:33:07.8 AM GMT:ERROR:get_publisher.cc(169)] Unexpected HTTP status: -1
[Oct 27, 2025 9:33:07.8 AM GMT:ERROR:url_loader.cc(131)] Network error: net::ERR_INTERNET_DISCONNECTED
[Oct 27, 2025 9:33:07.8 AM GMT:ERROR:get_publisher.cc(169)] Unexpected HTTP status: -1
[Oct 27, 2025 9:33:07.8 AM GMT:ERROR:url_loader.cc(131)] Network error: net::ERR_INTERNET_DISCONNECTED
[Oct 27, 2025 9:33:07.8 AM GMT:ERROR:get_publisher.cc(169)] Unexpected HTTP status: -1
[Oct 27, 2025 9:33:07.8 AM GMT:ERROR:url_loader.cc(131)] Network error: net::ERR_INTERNET_DISCONNECTED
[Oct 27, 2025 9:33:07.8 AM GMT:ERROR:get_publisher.cc(169)] Unexpected HTTP status: -1
[Oct 27, 2025 9:33:07.8 AM GMT:ERROR:url_loader.cc(131)] Network error: net::ERR_INTERNET_DISCONNECTED
[Oct 27, 2025 9:33:07.8 AM GMT:ERROR:get_publisher.cc(169)] Unexpected HTTP status: -1
[Oct 27, 2025 9:33:07.8 AM GMT:ERROR:url_loader.cc(131)] Network error: net::ERR_INTERNET_DISCONNECTED
[Oct 27, 2025 9:33:07.8 AM GMT:ERROR:get_publisher.cc(169)] Unexpected HTTP status: -1
[Oct 27, 2025 9:33:07.8 AM GMT:ERROR:url_loader.cc(131)] Network error: net::ERR_INTERNET_DISCONNECTED
[Oct 27, 2025 9:33:07.8 AM GMT:ERROR:get_publisher.cc(169)] Unexpected HTTP status: -1
[Oct 27, 2025 9:33:07.8 AM GMT:ERROR:url_loader.cc(131)] Network error: net::ERR_INTERNET_DISCONNECTED
[Oct 27, 2025 9:33:07.8 AM GMT:ERROR:get_publisher.cc(169)] Unexpected HTTP status: -1
[Oct 27, 2025 9:33:07.8 AM GMT:ERROR:url_loader.cc(131)] Network error: net::ERR_INTERNET_DISCONNECTED
[Oct 27, 2025 9:33:07.8 AM GMT:ERROR:get_publisher.cc(169)] Unexpected HTTP status: -1
[Oct 27, 2025 9:33:07.8 AM GMT:ERROR:url_loader.cc(131)] Network error: net::ERR_INTERNET_DISCONNECTED
[Oct 27, 2025 9:33:07.8 AM GMT:ERROR:get_publisher.cc(169)] Unexpected HTTP status: -1
[Oct 27, 2025 9:33:07.8 AM GMT:ERROR:url_loader.cc(131)] Network error: net::ERR_INTERNET_DISCONNECTED
[Oct 27, 2025 9:33:07.8 AM GMT:ERROR:get_publisher.cc(169)] Unexpected HTTP status: -1
[Oct 27, 2025 9:33:07.8 AM GMT:ERROR:url_loader.cc(131)] Network error: net::ERR_INTERNET_DISCONNECTED
[Oct 27, 2025 9:33:07.8 AM GMT:ERROR:get_publisher.cc(169)] Unexpected HTTP status: -1
[Oct 27, 2025 9:33:07.8 AM GMT:ERROR:url_loader.cc(131)] Network error: net::ERR_INTERNET_DISCONNECTED
[Oct 27, 2025 9:33:07.8 AM GMT:ERROR:get_publisher.cc(169)] Unexpected HTTP status: -1
[Oct 27, 2025 9:33:07.8 AM GMT:ERROR:url_loader.cc(131)] Network error: net::ERR_INTERNET_DISCONNECTED
[Oct 27, 2025 9:33:07.8 AM GMT:ERROR:get_publisher.cc(169)] Unexpected HTTP status: -1
[Oct 27, 2025 9:33:07.8 AM GMT:ERROR:url_loader.cc(131)] Network error: net::ERR_INTERNET_DISCONNECTED
[Oct 27, 2025 9:33:07.8 AM GMT:ERROR:get_publisher.cc(169)] Unexpected HTTP status: -1
[Oct 27, 2025 9:33:07.8 AM GMT:ERROR:url_loader.cc(131)] Network error: net::ERR_INTERNET_DISCONNECTED
[Oct 27, 2025 9:33:07.8 AM GMT:ERROR:get_publisher.cc(169)] Unexpected HTTP status: -1
[Oct 27, 2025 9:33:07.8 AM GMT:ERROR:url_loader.cc(131)] Network error: net::ERR_INTERNET_DISCONNECTED
[Oct 27, 2025 9:33:07.8 AM GMT:ERROR:get_publisher.cc(169)] Unexpected HTTP status: -1
[Oct 27, 2025 9:33:07.8 AM GMT:ERROR:url_loader.cc(131)] Network error: net::ERR_INTERNET_DISCONNECTED
[Oct 27, 2025 9:33:07.8 AM GMT:ERROR:get_publisher.cc(169)] Unexpected HTTP status: -1
[Oct 27, 2025 9:33:07.8 AM GMT:ERROR:url_loader.cc(131)] Network error: net::ERR_INTERNET_DISCONNECTED
[Oct 27, 2025 9:33:07.8 AM GMT:ERROR:get_publisher.cc(169)] Unexpected HTTP status: -1
[Oct 27, 2025 9:33:07.8 AM GMT:ERROR:url_loader.cc(131)] Network error: net::ERR_INTERNET_DISCONNECTED
[Oct 27, 2025 9:33:07.8 AM GMT:ERROR:get_publisher.cc(169)] Unexpected HTTP status: -1
[Oct 27, 2025 9:33:07.8 AM GMT:ERROR:url_loader.cc(131)] Network error: net::ERR_INTERNET_DISCONNECTED
[Oct 27, 2025 9:33:07.8 AM GMT:ERROR:get_publisher.cc(169)] Unexpected HTTP status: -1
[Oct 27, 2025 9:33:07.8 AM GMT:ERROR:url_loader.cc(131)] Network error: net::ERR_INTERNET_DISCONNECTED
[Oct 27, 2025 9:33:07.8 AM GMT:ERROR:get_publisher.cc(169)] Unexpected HTTP status: -1
[Oct 27, 2025 9:33:07.8 AM GMT:ERROR:url_loader.cc(131)] Network error: net::ERR_INTERNET_DISCONNECTED
[Oct 27, 2025 9:33:07.8 AM GMT:ERROR:get_publisher.cc(169)] Unexpected HTTP status: -1
[Oct 27, 2025 9:33:07.8 AM GMT:ERROR:url_loader.cc(131)] Network error: net::ERR_INTERNET_DISCONNECTED
[Oct 27, 2025 9:33:07.8 AM GMT:ERROR:get_publisher.cc(169)] Unexpected HTTP status: -1
[Oct 27, 2025 9:33:07.8 AM GMT:ERROR:url_loader.cc(131)] Network error: net::ERR_INTERNET_DISCONNECTED
[Oct 27, 2025 9:33:07.8 AM GMT:ERROR:get_publisher.cc(169)] Unexpected HTTP status: -1
[Oct 27, 2025 9:33:07.8 AM GMT:ERROR:url_loader.cc(131)] Network error: net::ERR_INTERNET_DISCONNECTED
[Oct 27, 2025 9:33:07.8 AM GMT:ERROR:get_publisher.cc(169)] Unexpected HTTP status: -1
[Oct 27, 2025 9:33:07.8 AM GMT:ERROR:url_loader.cc(131)] Network error: net::ERR_INTERNET_DISCONNECTED
[Oct 27, 2025 9:33:07.8 AM GMT:ERROR:get_publisher.cc(169)] Unexpected HTTP status: -1
[Oct 27, 2025 9:33:07.8 AM GMT:ERROR:url_loader.cc(131)] Network error: net::ERR_INTERNET_DISCONNECTED
[Oct 27, 2025 9:33:07.8 AM GMT:ERROR:get_publisher.cc(169)] Unexpected HTTP status: -1
[Oct 27, 2025 9:33:07.8 AM GMT:ERROR:url_loader.cc(131)] Network error: net::ERR_INTERNET_DISCONNECTED
[Oct 27, 2025 9:33:07.8 AM GMT:ERROR:get_publisher.cc(169)] Unexpected HTTP status: -1
[Oct 27, 2025 9:33:07.8 AM GMT:ERROR:url_loader.cc(131)] Network error: net::ERR_INTERNET_DISCONNECTED
[Oct 27, 2025 9:33:07.8 AM GMT:ERROR:get_publisher.cc(169)] Unexpected HTTP status: -1
[Oct 27, 2025 9:33:07.8 AM GMT:ERROR:url_loader.cc(131)] Network error: net::ERR_INTERNET_DISCONNECTED
[Oct 27, 2025 9:33:07.8 AM GMT:ERROR:get_publisher.cc(169)] Unexpected HTTP status: -1
[Oct 27, 2025 9:33:07.8 AM GMT:ERROR:url_loader.cc(131)] Network error: net::ERR_INTERNET_DISCONNECTED
[Oct 27, 2025 9:33:07.8 AM GMT:ERROR:get_publisher.cc(169)] Unexpected HTTP status: -1
[Oct 27, 2025 9:33:07.8 AM GMT:ERROR:url_loader.cc(131)] Network error: net::ERR_INTERNET_DISCONNECTED
[Oct 27, 2025 9:33:07.8 AM GMT:ERROR:get_publisher.cc(169)] Unexpected HTTP status: -1
[Oct 27, 2025 9:33:07.8 AM GMT:ERROR:url_loader.cc(131)] Network error: net::ERR_INTERNET_DISCONNECTED
[Oct 27, 2025 9:33:07.8 AM GMT:ERROR:get_publisher.cc(169)] Unexpected HTTP status: -1
[Oct 27, 2025 9:33:07.8 AM GMT:ERROR:url_loader.cc(131)] Network error: net::ERR_INTERNET_DISCONNECTED
[Oct 27, 2025 9:33:07.8 AM GMT:ERROR:get_publisher.cc(169)] Unexpected HTTP status: -1
[Oct 27, 2025 9:33:07.8 AM GMT:ERROR:url_loader.cc(131)] Network error: net::ERR_INTERNET_DISCONNECTED
[Oct 27, 2025 9:33:07.8 AM GMT:ERROR:get_publisher.cc(169)] Unexpected HTTP status: -1
[Oct 27, 2025 9:33:07.8 AM GMT:ERROR:url_loader.cc(131)] Network error: net::ERR_INTERNET_DISCONNECTED
[Oct 27, 2025 9:33:07.8 AM GMT:ERROR:get_publisher.cc(169)] Unexpected HTTP status: -1
[Oct 27, 2025 9:33:07.8 AM GMT:ERROR:url_loader.cc(131)] Network error: net::ERR_INTERNET_DISCONNECTED
[Oct 27, 2025 9:33:07.8 AM GMT:ERROR:get_publisher.cc(169)] Unexpected HTTP status: -1
[Oct 27, 2025 9:33:07.8 AM GMT:ERROR:url_loader.cc(131)] Network error: net::ERR_INTERNET_DISCONNECTED
[Oct 27, 2025 9:33:07.8 AM GMT:ERROR:get_publisher.cc(169)] Unexpected HTTP status: -1
[Oct 27, 2025 9:33:07.8 AM GMT:ERROR:url_loader.cc(131)] Network error: net::ERR_INTERNET_DISCONNECTED
[Oct 27, 2025 9:33:07.8 AM GMT:ERROR:get_publisher.cc(169)] Unexpected HTTP status: -1
[Oct 27, 2025 9:33:07.8 AM GMT:ERROR:url_loader.cc(131)] Network error: net::ERR_INTERNET_DISCONNECTED
[Oct 27, 2025 9:33:07.8 AM GMT:ERROR:get_publisher.cc(169)] Unexpected HTTP status: -1
[Oct 27, 2025 9:33:07.8 AM GMT:ERROR:url_loader.cc(131)] Network error: net::ERR_INTERNET_DISCONNECTED
[Oct 27, 2025 9:33:07.8 AM GMT:ERROR:get_publisher.cc(169)] Unexpected HTTP status: -1
[Oct 27, 2025 9:33:07.8 AM GMT:ERROR:url_loader.cc(131)] Network error: net::ERR_INTERNET_DISCONNECTED
[Oct 27, 2025 9:33:07.8 AM GMT:ERROR:get_publisher.cc(169)] Unexpected HTTP status: -1
[Oct 27, 2025 9:33:07.8 AM GMT:ERROR:url_loader.cc(131)] Network error: net::ERR_INTERNET_DISCONNECTED
[Oct 27, 2025 9:33:07.8 AM GMT:ERROR:get_publisher.cc(169)] Unexpected HTTP status: -1
[Oct 27, 2025 9:33:07.8 AM GMT:ERROR:url_loader.cc(131)] Network error: net::ERR_INTERNET_DISCONNECTED
[Oct 27, 2025 9:33:07.8 AM GMT:ERROR:get_publisher.cc(169)] Unexpected HTTP status: -1
[Oct 27, 2025 9:33:07.8 AM GMT:ERROR:url_loader.cc(131)] Network error: net::ERR_INTERNET_DISCONNECTED
[Oct 27, 2025 9:33:07.8 AM GMT:ERROR:get_publisher.cc(169)] Unexpected HTTP status: -1
[Oct 27, 2025 9:33:07.8 AM GMT:ERROR:url_loader.cc(131)] Network error: net::ERR_INTERNET_DISCONNECTED
[Oct 27, 2025 9:33:07.8 AM GMT:ERROR:get_publisher.cc(169)] Unexpected HTTP status: -1
[Oct 27, 2025 9:33:07.8 AM GMT:ERROR:url_loader.cc(131)] Network error: net::ERR_INTERNET_DISCONNECTED
[Oct 27, 2025 9:33:07.8 AM GMT:ERROR:get_publisher.cc(169)] Unexpected HTTP status: -1
[Oct 27, 2025 9:33:07.8 AM GMT:ERROR:url_loader.cc(131)] Network error: net::ERR_INTERNET_DISCONNECTED
[Oct 27, 2025 9:33:07.8 AM GMT:ERROR:get_publisher.cc(169)] Unexpected HTTP status: -1
[Oct 27, 2025 9:33:07.8 AM GMT:ERROR:url_loader.cc(131)] Network error: net::ERR_INTERNET_DISCONNECTED
[Oct 27, 2025 9:33:07.8 AM GMT:ERROR:get_publisher.cc(169)] Unexpected HTTP status: -1
[Oct 27, 2025 9:33:07.8 AM GMT:ERROR:url_loader.cc(131)] Network error: net::ERR_INTERNET_DISCONNECTED
[Oct 27, 2025 9:33:07.8 AM GMT:ERROR:get_publisher.cc(169)] Unexpected HTTP status: -1
[Oct 27, 2025 9:33:07.8 AM GMT:ERROR:url_loader.cc(131)] Network error: net::ERR_INTERNET_DISCONNECTED
[Oct 27, 2025 9:33:07.8 AM GMT:ERROR:get_publisher.cc(169)] Unexpected HTTP status: -1
[Oct 27, 2025 9:33:07.8 AM GMT:ERROR:url_loader.cc(131)] Network error: net::ERR_INTERNET_DISCONNECTED
[Oct 27, 2025 9:33:07.8 AM GMT:ERROR:get_publisher.cc(169)] Unexpected HTTP status: -1
[Oct 27, 2025 9:33:07.8 AM GMT:ERROR:url_loader.cc(131)] Network error: net::ERR_INTERNET_DISCONNECTED
[Oct 27, 2025 9:33:07.8 AM GMT:ERROR:get_publisher.cc(169)] Unexpected HTTP status: -1
[Oct 27, 2025 9:33:07.8 AM GMT:ERROR:url_loader.cc(131)] Network error: net::ERR_INTERNET_DISCONNECTED
[Oct 27, 2025 9:33:07.8 AM GMT:ERROR:get_publisher.cc(169)] Unexpected HTTP status: -1
[Oct 27, 2025 9:33:07.8 AM GMT:ERROR:url_loader.cc(131)] Network error: net::ERR_INTERNET_DISCONNECTED
[Oct 27, 2025 9:33:07.8 AM GMT:ERROR:get_publisher.cc(169)] Unexpected HTTP status: -1
[Oct 27, 2025 9:33:07.8 AM GMT:ERROR:url_loader.cc(131)] Network error: net::ERR_INTERNET_DISCONNECTED
[Oct 27, 2025 9:33:07.8 AM GMT:ERROR:get_publisher.cc(169)] Unexpected HTTP status: -1
[Oct 27, 2025 9:33:07.8 AM GMT:ERROR:url_loader.cc(131)] Network error: net::ERR_INTERNET_DISCONNECTED
[Oct 27, 2025 9:33:07.8 AM GMT:ERROR:get_publisher.cc(169)] Unexpected HTTP status: -1
[Oct 27, 2025 9:33:07.8 AM GMT:ERROR:url_loader.cc(131)] Network error: net::ERR_INTERNET_DISCONNECTED
[Oct 27, 2025 9:33:07.8 AM GMT:ERROR:get_publisher.cc(169)] Unexpected HTTP status: -1
[Oct 27, 2025 9:33:07.8 AM GMT:ERROR:url_loader.cc(131)] Network error: net::ERR_INTERNET_DISCONNECTED
[Oct 27, 2025 9:33:07.8 AM GMT:ERROR:get_publisher.cc(169)] Unexpected HTTP status: -1
[Oct 27, 2025 9:33:07.8 AM GMT:ERROR:url_loader.cc(131)] Network error: net::ERR_INTERNET_DISCONNECTED
[Oct 27, 2025 9:33:07.8 AM GMT:ERROR:get_publisher.cc(169)] Unexpected HTTP status: -1
[Oct 27, 2025 9:33:07.9 AM GMT:ERROR:url_loader.cc(131)] Network error: net::ERR_INTERNET_DISCONNECTED
[Oct 27, 2025 9:33:07.9 AM GMT:ERROR:get_publisher.cc(169)] Unexpected HTTP status: -1
[Oct 27, 2025 9:33:07.9 AM GMT:ERROR:url_loader.cc(131)] Network error: net::ERR_INTERNET_DISCONNECTED
[Oct 27, 2025 9:33:07.9 AM GMT:ERROR:get_publisher.cc(169)] Unexpected HTTP status: -1
[Oct 27, 2025 9:33:07.9 AM GMT:ERROR:url_loader.cc(131)] Network error: net::ERR_INTERNET_DISCONNECTED
[Oct 27, 2025 9:33:07.9 AM GMT:ERROR:get_publisher.cc(169)] Unexpected HTTP status: -1
[Oct 27, 2025 9:33:07.9 AM GMT:ERROR:url_loader.cc(131)] Network error: net::ERR_INTERNET_DISCONNECTED
[Oct 27, 2025 9:33:07.9 AM GMT:ERROR:get_publisher.cc(169)] Unexpected HTTP status: -1
[Oct 27, 2025 9:33:07.9 AM GMT:ERROR:url_loader.cc(131)] Network error: net::ERR_INTERNET_DISCONNECTED
[Oct 27, 2025 9:33:07.9 AM GMT:ERROR:get_publisher.cc(169)] Unexpected HTTP status: -1
[Oct 27, 2025 9:33:07.9 AM GMT:ERROR:url_loader.cc(131)] Network error: net::ERR_INTERNET_DISCONNECTED
[Oct 27, 2025 9:33:07.9 AM GMT:ERROR:get_publisher.cc(169)] Unexpected HTTP status: -1
[Oct 27, 2025 9:33:07.9 AM GMT:ERROR:url_loader.cc(131)] Network error: net::ERR_INTERNET_DISCONNECTED
[Oct 27, 2025 9:33:07.9 AM GMT:ERROR:get_publisher.cc(169)] Unexpected HTTP status: -1
[Oct 27, 2025 9:33:07.9 AM GMT:ERROR:url_loader.cc(131)] Network error: net::ERR_INTERNET_DISCONNECTED
[Oct 27, 2025 9:33:07.9 AM GMT:ERROR:get_publisher.cc(169)] Unexpected HTTP status: -1
[Oct 27, 2025 9:33:07.9 AM GMT:ERROR:url_loader.cc(131)] Network error: net::ERR_INTERNET_DISCONNECTED
[Oct 27, 2025 9:33:07.9 AM GMT:ERROR:get_publisher.cc(169)] Unexpected HTTP status: -1
[Oct 27, 2025 9:33:07.9 AM GMT:ERROR:url_loader.cc(131)] Network error: net::ERR_INTERNET_DISCONNECTED
[Oct 27, 2025 9:33:07.9 AM GMT:ERROR:get_publisher.cc(169)] Unexpected HTTP status: -1
[Oct 27, 2025 9:33:07.9 AM GMT:ERROR:url_loader.cc(131)] Network error: net::ERR_INTERNET_DISCONNECTED
[Oct 27, 2025 9:33:07.9 AM GMT:ERROR:get_publisher.cc(169)] Unexpected HTTP status: -1
[Oct 27, 2025 9:33:07.9 AM GMT:ERROR:url_loader.cc(131)] Network error: net::ERR_INTERNET_DISCONNECTED
[Oct 27, 2025 9:33:07.9 AM GMT:ERROR:get_publisher.cc(169)] Unexpected HTTP status: -1
[Oct 27, 2025 9:33:07.9 AM GMT:ERROR:url_loader.cc(131)] Network error: net::ERR_INTERNET_DISCONNECTED
[Oct 27, 2025 9:33:07.9 AM GMT:ERROR:get_publisher.cc(169)] Unexpected HTTP status: -1
[Oct 27, 2025 9:33:07.9 AM GMT:ERROR:url_loader.cc(131)] Network error: net::ERR_INTERNET_DISCONNECTED
[Oct 27, 2025 9:33:07.9 AM GMT:ERROR:get_publisher.cc(169)] Unexpected HTTP status: -1
[Oct 27, 2025 9:33:07.9 AM GMT:ERROR:url_loader.cc(131)] Network error: net::ERR_INTERNET_DISCONNECTED
[Oct 27, 2025 9:33:07.9 AM GMT:ERROR:get_publisher.cc(169)] Unexpected HTTP status: -1
[Oct 27, 2025 9:33:07.9 AM GMT:ERROR:url_loader.cc(131)] Network error: net::ERR_INTERNET_DISCONNECTED
[Oct 27, 2025 9:33:07.9 AM GMT:ERROR:get_publisher.cc(169)] Unexpected HTTP status: -1
[Oct 27, 2025 9:33:07.9 AM GMT:ERROR:url_loader.cc(131)] Network error: net::ERR_INTERNET_DISCONNECTED
[Oct 27, 2025 9:33:07.9 AM GMT:ERROR:get_publisher.cc(169)] Unexpected HTTP status: -1
[Oct 27, 2025 9:33:07.9 AM GMT:ERROR:url_loader.cc(131)] Network error: net::ERR_INTERNET_DISCONNECTED
[Oct 27, 2025 9:33:07.9 AM GMT:ERROR:get_publisher.cc(169)] Unexpected HTTP status: -1
[Oct 27, 2025 9:33:07.9 AM GMT:ERROR:url_loader.cc(131)] Network error: net::ERR_INTERNET_DISCONNECTED
[Oct 27, 2025 9:33:07.9 AM GMT:ERROR:get_publisher.cc(169)] Unexpected HTTP status: -1
[Oct 27, 2025 9:33:07.9 AM GMT:ERROR:url_loader.cc(131)] Network error: net::ERR_INTERNET_DISCONNECTED
[Oct 27, 2025 9:33:07.9 AM GMT:ERROR:get_publisher.cc(169)] Unexpected HTTP status: -1
[Oct 27, 2025 9:33:07.9 AM GMT:ERROR:url_loader.cc(131)] Network error: net::ERR_INTERNET_DISCONNECTED
[Oct 27, 2025 9:33:07.9 AM GMT:ERROR:get_publisher.cc(169)] Unexpected HTTP status: -1
[Oct 27, 2025 9:33:07.9 AM GMT:ERROR:url_loader.cc(131)] Network error: net::ERR_INTERNET_DISCONNECTED
[Oct 27, 2025 9:33:07.9 AM GMT:ERROR:get_publisher.cc(169)] Unexpected HTTP status: -1
[Oct 27, 2025 9:33:07.9 AM GMT:ERROR:url_loader.cc(131)] Network error: net::ERR_INTERNET_DISCONNECTED
[Oct 27, 2025 9:33:07.9 AM GMT:ERROR:get_publisher.cc(169)] Unexpected HTTP status: -1
[Oct 27, 2025 9:33:07.9 AM GMT:ERROR:url_loader.cc(131)] Network error: net::ERR_INTERNET_DISCONNECTED
[Oct 27, 2025 9:33:07.9 AM GMT:ERROR:get_publisher.cc(169)] Unexpected HTTP status: -1
[Oct 27, 2025 9:33:07.9 AM GMT:ERROR:url_loader.cc(131)] Network error: net::ERR_INTERNET_DISCONNECTED
[Oct 27, 2025 9:33:07.9 AM GMT:ERROR:get_publisher.cc(169)] Unexpected HTTP status: -1
[Oct 27, 2025 9:33:07.9 AM GMT:ERROR:url_loader.cc(131)] Network error: net::ERR_INTERNET_DISCONNECTED
[Oct 27, 2025 9:33:07.9 AM GMT:ERROR:get_publisher.cc(169)] Unexpected HTTP status: -1
[Oct 27, 2025 9:33:07.9 AM GMT:ERROR:url_loader.cc(131)] Network error: net::ERR_INTERNET_DISCONNECTED
[Oct 27, 2025 9:33:07.9 AM GMT:ERROR:get_publisher.cc(169)] Unexpected HTTP status: -1
[Oct 27, 2025 9:33:07.9 AM GMT:ERROR:url_loader.cc(131)] Network error: net::ERR_INTERNET_DISCONNECTED
[Oct 27, 2025 9:33:07.9 AM GMT:ERROR:get_publisher.cc(169)] Unexpected HTTP status: -1
[Oct 27, 2025 9:33:07.9 AM GMT:ERROR:url_loader.cc(131)] Network error: net::ERR_INTERNET_DISCONNECTED
[Oct 27, 2025 9:33:07.9 AM GMT:ERROR:get_publisher.cc(169)] Unexpected HTTP status: -1
[Oct 27, 2025 9:33:07.9 AM GMT:ERROR:url_loader.cc(131)] Network error: net::ERR_INTERNET_DISCONNECTED
[Oct 27, 2025 9:33:07.9 AM GMT:ERROR:get_publisher.cc(169)] Unexpected HTTP status: -1
[Oct 27, 2025 9:33:07.9 AM GMT:ERROR:url_loader.cc(131)] Network error: net::ERR_INTERNET_DISCONNECTED
[Oct 27, 2025 9:33:07.9 AM GMT:ERROR:get_publisher.cc(169)] Unexpected HTTP status: -1
[Oct 27, 2025 9:33:07.9 AM GMT:ERROR:url_loader.cc(131)] Network error: net::ERR_INTERNET_DISCONNECTED
[Oct 27, 2025 9:33:07.9 AM GMT:ERROR:get_publisher.cc(169)] Unexpected HTTP status: -1
[Oct 27, 2025 9:33:07.9 AM GMT:ERROR:url_loader.cc(131)] Network error: net::ERR_INTERNET_DISCONNECTED
[Oct 27, 2025 9:33:07.9 AM GMT:ERROR:get_publisher.cc(169)] Unexpected HTTP status: -1
[Oct 27, 2025 9:33:07.9 AM GMT:ERROR:url_loader.cc(131)] Network error: net::ERR_INTERNET_DISCONNECTED
[Oct 27, 2025 9:33:07.9 AM GMT:ERROR:get_publisher.cc(169)] Unexpected HTTP status: -1
[Oct 27, 2025 9:33:07.9 AM GMT:ERROR:url_loader.cc(131)] Network error: net::ERR_INTERNET_DISCONNECTED
[Oct 27, 2025 9:33:07.9 AM GMT:ERROR:get_publisher.cc(169)] Unexpected HTTP status: -1
[Oct 27, 2025 9:33:07.9 AM GMT:ERROR:url_loader.cc(131)] Network error: net::ERR_INTERNET_DISCONNECTED
[Oct 27, 2025 9:33:07.9 AM GMT:ERROR:get_publisher.cc(169)] Unexpected HTTP status: -1
[Oct 27, 2025 9:33:07.9 AM GMT:ERROR:url_loader.cc(131)] Network error: net::ERR_INTERNET_DISCONNECTED
[Oct 27, 2025 9:33:07.9 AM GMT:ERROR:get_publisher.cc(169)] Unexpected HTTP status: -1
[Oct 27, 2025 9:33:07.9 AM GMT:ERROR:url_loader.cc(131)] Network error: net::ERR_INTERNET_DISCONNECTED
[Oct 27, 2025 9:33:07.9 AM GMT:ERROR:get_publisher.cc(169)] Unexpected HTTP status: -1
[Oct 27, 2025 9:33:07.9 AM GMT:ERROR:url_loader.cc(131)] Network error: net::ERR_INTERNET_DISCONNECTED
[Oct 27, 2025 9:33:07.9 AM GMT:ERROR:get_publisher.cc(169)] Unexpected HTTP status: -1
[Oct 27, 2025 9:33:07.9 AM GMT:ERROR:url_loader.cc(131)] Network error: net::ERR_INTERNET_DISCONNECTED
[Oct 27, 2025 9:33:07.9 AM GMT:ERROR:get_publisher.cc(169)] Unexpected HTTP status: -1
[Oct 27, 2025 9:33:07.9 AM GMT:ERROR:url_loader.cc(131)] Network error: net::ERR_INTERNET_DISCONNECTED
[Oct 27, 2025 9:33:07.9 AM GMT:ERROR:get_publisher.cc(169)] Unexpected HTTP status: -1
[Oct 27, 2025 9:33:07.9 AM GMT:ERROR:url_loader.cc(131)] Network error: net::ERR_INTERNET_DISCONNECTED
[Oct 27, 2025 9:33:07.9 AM GMT:ERROR:get_publisher.cc(169)] Unexpected HTTP status: -1
[Oct 27, 2025 9:33:07.9 AM GMT:ERROR:url_loader.cc(131)] Network error: net::ERR_INTERNET_DISCONNECTED
[Oct 27, 2025 9:33:07.9 AM GMT:ERROR:get_publisher.cc(169)] Unexpected HTTP status: -1
[Oct 27, 2025 9:33:07.9 AM GMT:ERROR:url_loader.cc(131)] Network error: net::ERR_INTERNET_DISCONNECTED
[Oct 27, 2025 9:33:07.9 AM GMT:ERROR:get_publisher.cc(169)] Unexpected HTTP status: -1
[Oct 27, 2025 9:33:07.9 AM GMT:ERROR:url_loader.cc(131)] Network error: net::ERR_INTERNET_DISCONNECTED
[Oct 27, 2025 9:33:07.9 AM GMT:ERROR:get_publisher.cc(169)] Unexpected HTTP status: -1
[Oct 27, 2025 9:33:07.9 AM GMT:ERROR:url_loader.cc(131)] Network error: net::ERR_INTERNET_DISCONNECTED
[Oct 27, 2025 9:33:07.9 AM GMT:ERROR:get_publisher.cc(169)] Unexpected HTTP status: -1
[Oct 27, 2025 9:33:07.9 AM GMT:ERROR:url_loader.cc(131)] Network error: net::ERR_INTERNET_DISCONNECTED
[Oct 27, 2025 9:33:07.9 AM GMT:ERROR:get_publisher.cc(169)] Unexpected HTTP status: -1
[Oct 27, 2025 9:33:07.9 AM GMT:ERROR:url_loader.cc(131)] Network error: net::ERR_INTERNET_DISCONNECTED
[Oct 27, 2025 9:33:07.9 AM GMT:ERROR:get_publisher.cc(169)] Unexpected HTTP status: -1
[Oct 27, 2025 9:33:07.9 AM GMT:ERROR:url_loader.cc(131)] Network error: net::ERR_INTERNET_DISCONNECTED
[Oct 27, 2025 9:33:07.9 AM GMT:ERROR:get_publisher.cc(169)] Unexpected HTTP status: -1
[Oct 27, 2025 9:33:07.9 AM GMT:ERROR:url_loader.cc(131)] Network error: net::ERR_INTERNET_DISCONNECTED
[Oct 27, 2025 9:33:07.9 AM GMT:ERROR:get_publisher.cc(169)] Unexpected HTTP status: -1
[Oct 27, 2025 9:33:07.9 AM GMT:ERROR:url_loader.cc(131)] Network error: net::ERR_INTERNET_DISCONNECTED
[Oct 27, 2025 9:33:07.9 AM GMT:ERROR:get_publisher.cc(169)] Unexpected HTTP status: -1
[Oct 27, 2025 9:33:07.9 AM GMT:ERROR:url_loader.cc(131)] Network error: net::ERR_INTERNET_DISCONNECTED
[Oct 27, 2025 9:33:07.9 AM GMT:ERROR:get_publisher.cc(169)] Unexpected HTTP status: -1
[Oct 27, 2025 9:33:07.9 AM GMT:ERROR:url_loader.cc(131)] Network error: net::ERR_INTERNET_DISCONNECTED
[Oct 27, 2025 9:33:07.9 AM GMT:ERROR:get_publisher.cc(169)] Unexpected HTTP status: -1
[Oct 27, 2025 9:33:07.9 AM GMT:ERROR:url_loader.cc(131)] Network error: net::ERR_INTERNET_DISCONNECTED
[Oct 27, 2025 9:33:07.9 AM GMT:ERROR:get_publisher.cc(169)] Unexpected HTTP status: -1
[Oct 27, 2025 9:33:07.9 AM GMT:ERROR:url_loader.cc(131)] Network error: net::ERR_INTERNET_DISCONNECTED
[Oct 27, 2025 9:33:07.9 AM GMT:ERROR:get_publisher.cc(169)] Unexpected HTTP status: -1
[Oct 27, 2025 9:33:07.9 AM GMT:ERROR:url_loader.cc(131)] Network error: net::ERR_INTERNET_DISCONNECTED
[Oct 27, 2025 9:33:07.9 AM GMT:ERROR:get_publisher.cc(169)] Unexpected HTTP status: -1
[Oct 27, 2025 9:33:07.9 AM GMT:ERROR:url_loader.cc(131)] Network error: net::ERR_INTERNET_DISCONNECTED
[Oct 27, 2025 9:33:07.9 AM GMT:ERROR:get_publisher.cc(169)] Unexpected HTTP status: -1
[Oct 27, 2025 9:33:07.9 AM GMT:ERROR:url_loader.cc(131)] Network error: net::ERR_INTERNET_DISCONNECTED
[Oct 27, 2025 9:33:07.9 AM GMT:ERROR:get_publisher.cc(169)] Unexpected HTTP status: -1
[Oct 27, 2025 9:33:07.9 AM GMT:ERROR:url_loader.cc(131)] Network error: net::ERR_INTERNET_DISCONNECTED
[Oct 27, 2025 9:33:07.9 AM GMT:ERROR:get_publisher.cc(169)] Unexpected HTTP status: -1
[Oct 27, 2025 9:33:07.9 AM GMT:ERROR:url_loader.cc(131)] Network error: net::ERR_INTERNET_DISCONNECTED
[Oct 27, 2025 9:33:07.9 AM GMT:ERROR:get_publisher.cc(169)] Unexpected HTTP status: -1
[Oct 27, 2025 9:33:08.0 AM GMT:ERROR:url_loader.cc(131)] Network error: net::ERR_INTERNET_DISCONNECTED
[Oct 27, 2025 9:33:08.0 AM GMT:ERROR:get_publisher.cc(169)] Unexpected HTTP status: -1
[Oct 27, 2025 9:33:08.0 AM GMT:ERROR:url_loader.cc(131)] Network error: net::ERR_INTERNET_DISCONNECTED
[Oct 27, 2025 9:33:08.0 AM GMT:ERROR:get_publisher.cc(169)] Unexpected HTTP status: -1
[Oct 27, 2025 9:33:08.0 AM GMT:ERROR:url_loader.cc(131)] Network error: net::ERR_INTERNET_DISCONNECTED
[Oct 27, 2025 9:33:08.0 AM GMT:ERROR:get_publisher.cc(169)] Unexpected HTTP status: -1
[Oct 27, 2025 9:33:08.0 AM GMT:ERROR:url_loader.cc(131)] Network error: net::ERR_INTERNET_DISCONNECTED
[Oct 27, 2025 9:33:08.0 AM GMT:ERROR:get_publisher.cc(169)] Unexpected HTTP status: -1
[Oct 27, 2025 9:33:08.0 AM GMT:ERROR:url_loader.cc(131)] Network error: net::ERR_INTERNET_DISCONNECTED
[Oct 27, 2025 9:33:08.0 AM GMT:ERROR:get_publisher.cc(169)] Unexpected HTTP status: -1
[Oct 27, 2025 9:33:08.0 AM GMT:ERROR:url_loader.cc(131)] Network error: net::ERR_INTERNET_DISCONNECTED
[Oct 27, 2025 9:33:08.0 AM GMT:ERROR:get_publisher.cc(169)] Unexpected HTTP status: -1
[Oct 27, 2025 9:33:08.0 AM GMT:ERROR:url_loader.cc(131)] Network error: net::ERR_INTERNET_DISCONNECTED
[Oct 27, 2025 9:33:08.0 AM GMT:ERROR:get_publisher.cc(169)] Unexpected HTTP status: -1
[Oct 27, 2025 9:33:08.0 AM GMT:ERROR:url_loader.cc(131)] Network error: net::ERR_INTERNET_DISCONNECTED
[Oct 27, 2025 9:33:08.0 AM GMT:ERROR:get_publisher.cc(169)] Unexpected HTTP status: -1
[Oct 27, 2025 9:33:08.0 AM GMT:ERROR:url_loader.cc(131)] Network error: net::ERR_INTERNET_DISCONNECTED
[Oct 27, 2025 9:33:08.0 AM GMT:ERROR:get_publisher.cc(169)] Unexpected HTTP status: -1
[Oct 27, 2025 9:33:08.0 AM GMT:ERROR:url_loader.cc(131)] Network error: net::ERR_INTERNET_DISCONNECTED
[Oct 27, 2025 9:33:08.0 AM GMT:ERROR:get_publisher.cc(169)] Unexpected HTTP status: -1
[Oct 27, 2025 9:33:08.0 AM GMT:ERROR:url_loader.cc(131)] Network error: net::ERR_INTERNET_DISCONNECTED
[Oct 27, 2025 9:33:08.0 AM GMT:ERROR:get_publisher.cc(169)] Unexpected HTTP status: -1
[Oct 27, 2025 9:33:08.0 AM GMT:ERROR:url_loader.cc(131)] Network error: net::ERR_INTERNET_DISCONNECTED
[Oct 27, 2025 9:33:08.0 AM GMT:ERROR:get_publisher.cc(169)] Unexpected HTTP status: -1
[Oct 27, 2025 9:33:08.0 AM GMT:ERROR:url_loader.cc(131)] Network error: net::ERR_INTERNET_DISCONNECTED
[Oct 27, 2025 9:33:08.0 AM GMT:ERROR:get_publisher.cc(169)] Unexpected HTTP status: -1
[Oct 27, 2025 9:33:08.0 AM GMT:ERROR:url_loader.cc(131)] Network error: net::ERR_INTERNET_DISCONNECTED
[Oct 27, 2025 9:33:08.0 AM GMT:ERROR:get_publisher.cc(169)] Unexpected HTTP status: -1
[Oct 27, 2025 9:33:08.0 AM GMT:ERROR:url_loader.cc(131)] Network error: net::ERR_INTERNET_DISCONNECTED
[Oct 27, 2025 9:33:08.0 AM GMT:ERROR:get_publisher.cc(169)] Unexpected HTTP status: -1
[Oct 27, 2025 9:33:08.0 AM GMT:ERROR:url_loader.cc(131)] Network error: net::ERR_INTERNET_DISCONNECTED
[Oct 27, 2025 9:33:08.0 AM GMT:ERROR:get_publisher.cc(169)] Unexpected HTTP status: -1
[Oct 27, 2025 9:33:08.0 AM GMT:ERROR:url_loader.cc(131)] Network error: net::ERR_INTERNET_DISCONNECTED
[Oct 27, 2025 9:33:08.0 AM GMT:ERROR:get_publisher.cc(169)] Unexpected HTTP status: -1
[Oct 27, 2025 9:33:08.0 AM GMT:ERROR:url_loader.cc(131)] Network error: net::ERR_INTERNET_DISCONNECTED
[Oct 27, 2025 9:33:08.0 AM GMT:ERROR:get_publisher.cc(169)] Unexpected HTTP status: -1
[Oct 27, 2025 9:33:08.0 AM GMT:ERROR:url_loader.cc(131)] Network error: net::ERR_INTERNET_DISCONNECTED
[Oct 27, 2025 9:33:08.0 AM GMT:ERROR:get_publisher.cc(169)] Unexpected HTTP status: -1
[Oct 27, 2025 9:33:08.0 AM GMT:ERROR:url_loader.cc(131)] Network error: net::ERR_INTERNET_DISCONNECTED
[Oct 27, 2025 9:33:08.0 AM GMT:ERROR:get_publisher.cc(169)] Unexpected HTTP status: -1
[Oct 27, 2025 9:33:08.0 AM GMT:ERROR:url_loader.cc(131)] Network error: net::ERR_INTERNET_DISCONNECTED
[Oct 27, 2025 9:33:08.0 AM GMT:ERROR:get_publisher.cc(169)] Unexpected HTTP status: -1
[Oct 27, 2025 9:33:08.0 AM GMT:ERROR:url_loader.cc(131)] Network error: net::ERR_INTERNET_DISCONNECTED
[Oct 27, 2025 9:33:08.0 AM GMT:ERROR:get_publisher.cc(169)] Unexpected HTTP status: -1
[Oct 27, 2025 9:33:08.0 AM GMT:ERROR:url_loader.cc(131)] Network error: net::ERR_INTERNET_DISCONNECTED
[Oct 27, 2025 9:33:08.0 AM GMT:ERROR:get_publisher.cc(169)] Unexpected HTTP status: -1
[Oct 27, 2025 9:33:08.0 AM GMT:ERROR:url_loader.cc(131)] Network error: net::ERR_INTERNET_DISCONNECTED
[Oct 27, 2025 9:33:08.0 AM GMT:ERROR:get_publisher.cc(169)] Unexpected HTTP status: -1
[Oct 27, 2025 9:33:08.0 AM GMT:ERROR:url_loader.cc(131)] Network error: net::ERR_INTERNET_DISCONNECTED
[Oct 27, 2025 9:33:08.0 AM GMT:ERROR:get_publisher.cc(169)] Unexpected HTTP status: -1
[Oct 27, 2025 9:33:08.0 AM GMT:ERROR:url_loader.cc(131)] Network error: net::ERR_INTERNET_DISCONNECTED
[Oct 27, 2025 9:33:08.0 AM GMT:ERROR:get_publisher.cc(169)] Unexpected HTTP status: -1
[Oct 27, 2025 9:33:08.0 AM GMT:ERROR:url_loader.cc(131)] Network error: net::ERR_INTERNET_DISCONNECTED
[Oct 27, 2025 9:33:08.0 AM GMT:ERROR:get_publisher.cc(169)] Unexpected HTTP status: -1
[Oct 27, 2025 9:33:08.0 AM GMT:ERROR:url_loader.cc(131)] Network error: net::ERR_INTERNET_DISCONNECTED
[Oct 27, 2025 9:33:08.0 AM GMT:ERROR:get_publisher.cc(169)] Unexpected HTTP status: -1
[Oct 27, 2025 9:33:08.0 AM GMT:ERROR:url_loader.cc(131)] Network error: net::ERR_INTERNET_DISCONNECTED
[Oct 27, 2025 9:33:08.0 AM GMT:ERROR:get_publisher.cc(169)] Unexpected HTTP status: -1
[Oct 27, 2025 9:33:08.0 AM GMT:ERROR:url_loader.cc(131)] Network error: net::ERR_INTERNET_DISCONNECTED
[Oct 27, 2025 9:33:08.0 AM GMT:ERROR:get_publisher.cc(169)] Unexpected HTTP status: -1
[Oct 27, 2025 9:33:08.0 AM GMT:ERROR:url_loader.cc(131)] Network error: net::ERR_INTERNET_DISCONNECTED
[Oct 27, 2025 9:33:08.0 AM GMT:ERROR:get_publisher.cc(169)] Unexpected HTTP status: -1
[Oct 27, 2025 9:33:08.0 AM GMT:ERROR:url_loader.cc(131)] Network error: net::ERR_INTERNET_DISCONNECTED
[Oct 27, 2025 9:33:08.0 AM GMT:ERROR:get_publisher.cc(169)] Unexpected HTTP status: -1
[Oct 27, 2025 9:33:08.0 AM GMT:ERROR:url_loader.cc(131)] Network error: net::ERR_INTERNET_DISCONNECTED
[Oct 27, 2025 9:33:08.0 AM GMT:ERROR:get_publisher.cc(169)] Unexpected HTTP status: -1
[Oct 27, 2025 9:33:08.0 AM GMT:ERROR:url_loader.cc(131)] Network error: net::ERR_INTERNET_DISCONNECTED
[Oct 27, 2025 9:33:08.0 AM GMT:ERROR:get_publisher.cc(169)] Unexpected HTTP status: -1
[Oct 27, 2025 9:33:08.0 AM GMT:ERROR:url_loader.cc(131)] Network error: net::ERR_INTERNET_DISCONNECTED
[Oct 27, 2025 9:33:08.0 AM GMT:ERROR:get_publisher.cc(169)] Unexpected HTTP status: -1
[Oct 27, 2025 9:33:08.0 AM GMT:ERROR:url_loader.cc(131)] Network error: net::ERR_INTERNET_DISCONNECTED
[Oct 27, 2025 9:33:08.0 AM GMT:ERROR:get_publisher.cc(169)] Unexpected HTTP status: -1
[Oct 27, 2025 9:33:08.0 AM GMT:ERROR:url_loader.cc(131)] Network error: net::ERR_INTERNET_DISCONNECTED
[Oct 27, 2025 9:33:08.0 AM GMT:ERROR:get_publisher.cc(169)] Unexpected HTTP status: -1
[Oct 27, 2025 9:33:08.0 AM GMT:ERROR:url_loader.cc(131)] Network error: net::ERR_INTERNET_DISCONNECTED
[Oct 27, 2025 9:33:08.0 AM GMT:ERROR:get_publisher.cc(169)] Unexpected HTTP status: -1
[Oct 27, 2025 9:33:08.0 AM GMT:ERROR:url_loader.cc(131)] Network error: net::ERR_INTERNET_DISCONNECTED
[Oct 27, 2025 9:33:08.0 AM GMT:ERROR:get_publisher.cc(169)] Unexpected HTTP status: -1
[Oct 27, 2025 9:33:08.0 AM GMT:ERROR:url_loader.cc(131)] Network error: net::ERR_INTERNET_DISCONNECTED
[Oct 27, 2025 9:33:08.0 AM GMT:ERROR:get_publisher.cc(169)] Unexpected HTTP status: -1
[Oct 27, 2025 9:33:08.0 AM GMT:ERROR:url_loader.cc(131)] Network error: net::ERR_INTERNET_DISCONNECTED
[Oct 27, 2025 9:33:08.0 AM GMT:ERROR:get_publisher.cc(169)] Unexpected HTTP status: -1
[Oct 27, 2025 9:33:08.0 AM GMT:ERROR:url_loader.cc(131)] Network error: net::ERR_INTERNET_DISCONNECTED
[Oct 27, 2025 9:33:08.0 AM GMT:ERROR:get_publisher.cc(169)] Unexpected HTTP status: -1
[Oct 27, 2025 9:33:08.0 AM GMT:ERROR:url_loader.cc(131)] Network error: net::ERR_INTERNET_DISCONNECTED
[Oct 27, 2025 9:33:08.0 AM GMT:ERROR:get_publisher.cc(169)] Unexpected HTTP status: -1
[Oct 27, 2025 9:33:08.0 AM GMT:ERROR:url_loader.cc(131)] Network error: net::ERR_INTERNET_DISCONNECTED
[Oct 27, 2025 9:33:08.0 AM GMT:ERROR:get_publisher.cc(169)] Unexpected HTTP status: -1
[Oct 27, 2025 9:33:08.0 AM GMT:ERROR:url_loader.cc(131)] Network error: net::ERR_INTERNET_DISCONNECTED
[Oct 27, 2025 9:33:08.0 AM GMT:ERROR:get_publisher.cc(169)] Unexpected HTTP status: -1
[Oct 27, 2025 9:33:08.0 AM GMT:ERROR:url_loader.cc(131)] Network error: net::ERR_INTERNET_DISCONNECTED
[Oct 27, 2025 9:33:08.0 AM GMT:ERROR:get_publisher.cc(169)] Unexpected HTTP status: -1
[Oct 27, 2025 9:33:08.0 AM GMT:ERROR:url_loader.cc(131)] Network error: net::ERR_INTERNET_DISCONNECTED
[Oct 27, 2025 9:33:08.0 AM GMT:ERROR:get_publisher.cc(169)] Unexpected HTTP status: -1
[Oct 27, 2025 9:33:08.0 AM GMT:ERROR:url_loader.cc(131)] Network error: net::ERR_INTERNET_DISCONNECTED
[Oct 27, 2025 9:33:08.0 AM GMT:ERROR:get_publisher.cc(169)] Unexpected HTTP status: -1
[Oct 27, 2025 9:33:08.0 AM GMT:ERROR:url_loader.cc(131)] Network error: net::ERR_INTERNET_DISCONNECTED
[Oct 27, 2025 9:33:08.0 AM GMT:ERROR:get_publisher.cc(169)] Unexpected HTTP status: -1
[Oct 27, 2025 9:33:08.0 AM GMT:ERROR:url_loader.cc(131)] Network error: net::ERR_INTERNET_DISCONNECTED
[Oct 27, 2025 9:33:08.0 AM GMT:ERROR:get_publisher.cc(169)] Unexpected HTTP status: -1
[Oct 27, 2025 9:33:08.0 AM GMT:ERROR:url_loader.cc(131)] Network error: net::ERR_INTERNET_DISCONNECTED
[Oct 27, 2025 9:33:08.0 AM GMT:ERROR:get_publisher.cc(169)] Unexpected HTTP status: -1
[Oct 27, 2025 9:33:08.0 AM GMT:ERROR:url_loader.cc(131)] Network error: net::ERR_INTERNET_DISCONNECTED
[Oct 27, 2025 9:33:08.0 AM GMT:ERROR:get_publisher.cc(169)] Unexpected HTTP status: -1
[Oct 27, 2025 9:33:08.0 AM GMT:ERROR:url_loader.cc(131)] Network error: net::ERR_INTERNET_DISCONNECTED
[Oct 27, 2025 9:33:08.0 AM GMT:ERROR:get_publisher.cc(169)] Unexpected HTTP status: -1
[Oct 27, 2025 9:33:08.0 AM GMT:ERROR:url_loader.cc(131)] Network error: net::ERR_INTERNET_DISCONNECTED
[Oct 27, 2025 9:33:08.0 AM GMT:ERROR:get_publisher.cc(169)] Unexpected HTTP status: -1
[Oct 27, 2025 9:33:08.0 AM GMT:ERROR:url_loader.cc(131)] Network error: net::ERR_INTERNET_DISCONNECTED
[Oct 27, 2025 9:33:08.0 AM GMT:ERROR:get_publisher.cc(169)] Unexpected HTTP status: -1
[Oct 27, 2025 9:33:08.0 AM GMT:ERROR:url_loader.cc(131)] Network error: net::ERR_INTERNET_DISCONNECTED
[Oct 27, 2025 9:33:08.0 AM GMT:ERROR:get_publisher.cc(169)] Unexpected HTTP status: -1
[Oct 27, 2025 9:33:08.0 AM GMT:ERROR:url_loader.cc(131)] Network error: net::ERR_INTERNET_DISCONNECTED
[Oct 27, 2025 9:33:08.0 AM GMT:ERROR:get_publisher.cc(169)] Unexpected HTTP status: -1
[Oct 27, 2025 9:33:08.0 AM GMT:ERROR:url_loader.cc(131)] Network error: net::ERR_INTERNET_DISCONNECTED
[Oct 27, 2025 9:33:08.0 AM GMT:ERROR:get_publisher.cc(169)] Unexpected HTTP status: -1
[Oct 27, 2025 9:33:08.0 AM GMT:ERROR:url_loader.cc(131)] Network error: net::ERR_INTERNET_DISCONNECTED
[Oct 27, 2025 9:33:08.0 AM GMT:ERROR:get_publisher.cc(169)] Unexpected HTTP status: -1
[Oct 27, 2025 9:33:08.0 AM GMT:ERROR:url_loader.cc(131)] Network error: net::ERR_INTERNET_DISCONNECTED
[Oct 27, 2025 9:33:08.0 AM GMT:ERROR:get_publisher.cc(169)] Unexpected HTTP status: -1
[Oct 27, 2025 9:33:08.0 AM GMT:ERROR:url_loader.cc(131)] Network error: net::ERR_INTERNET_DISCONNECTED
[Oct 27, 2025 9:33:08.0 AM GMT:ERROR:get_publisher.cc(169)] Unexpected HTTP status: -1
[Oct 27, 2025 9:33:08.0 AM GMT:ERROR:url_loader.cc(131)] Network error: net::ERR_INTERNET_DISCONNECTED
[Oct 27, 2025 9:33:08.0 AM GMT:ERROR:get_publisher.cc(169)] Unexpected HTTP status: -1
[Oct 27, 2025 9:33:08.0 AM GMT:ERROR:url_loader.cc(131)] Network error: net::ERR_INTERNET_DISCONNECTED
[Oct 27, 2025 9:33:08.0 AM GMT:ERROR:get_publisher.cc(169)] Unexpected HTTP status: -1
[Oct 27, 2025 9:33:08.0 AM GMT:ERROR:url_loader.cc(131)] Network error: net::ERR_INTERNET_DISCONNECTED
[Oct 27, 2025 9:33:08.0 AM GMT:ERROR:get_publisher.cc(169)] Unexpected HTTP status: -1
[Oct 27, 2025 9:33:08.1 AM GMT:ERROR:url_loader.cc(131)] Network error: net::ERR_INTERNET_DISCONNECTED
[Oct 27, 2025 9:33:08.1 AM GMT:ERROR:get_publisher.cc(169)] Unexpected HTTP status: -1
[Oct 27, 2025 9:33:08.1 AM GMT:ERROR:url_loader.cc(131)] Network error: net::ERR_INTERNET_DISCONNECTED
[Oct 27, 2025 9:33:08.1 AM GMT:ERROR:get_publisher.cc(169)] Unexpected HTTP status: -1
[Oct 27, 2025 9:33:08.1 AM GMT:ERROR:url_loader.cc(131)] Network error: net::ERR_INTERNET_DISCONNECTED
[Oct 27, 2025 9:33:08.1 AM GMT:ERROR:get_publisher.cc(169)] Unexpected HTTP status: -1
[Oct 27, 2025 9:33:08.1 AM GMT:ERROR:url_loader.cc(131)] Network error: net::ERR_INTERNET_DISCONNECTED
[Oct 27, 2025 9:33:08.1 AM GMT:ERROR:get_publisher.cc(169)] Unexpected HTTP status: -1
[Oct 27, 2025 9:33:08.1 AM GMT:ERROR:url_loader.cc(131)] Network error: net::ERR_INTERNET_DISCONNECTED
[Oct 27, 2025 9:33:08.1 AM GMT:ERROR:get_publisher.cc(169)] Unexpected HTTP status: -1
[Oct 27, 2025 9:33:08.1 AM GMT:ERROR:url_loader.cc(131)] Network error: net::ERR_INTERNET_DISCONNECTED
[Oct 27, 2025 9:33:08.1 AM GMT:ERROR:get_publisher.cc(169)] Unexpected HTTP status: -1
[Oct 27, 2025 9:33:08.1 AM GMT:ERROR:url_loader.cc(131)] Network error: net::ERR_INTERNET_DISCONNECTED
[Oct 27, 2025 9:33:08.1 AM GMT:ERROR:get_publisher.cc(169)] Unexpected HTTP status: -1
[Oct 27, 2025 9:33:08.1 AM GMT:ERROR:url_loader.cc(131)] Network error: net::ERR_INTERNET_DISCONNECTED
[Oct 27, 2025 9:33:08.1 AM GMT:ERROR:get_publisher.cc(169)] Unexpected HTTP status: -1
[Oct 27, 2025 9:33:08.1 AM GMT:ERROR:url_loader.cc(131)] Network error: net::ERR_INTERNET_DISCONNECTED
[Oct 27, 2025 9:33:08.1 AM GMT:ERROR:get_publisher.cc(169)] Unexpected HTTP status: -1
[Oct 27, 2025 9:33:08.1 AM GMT:ERROR:url_loader.cc(131)] Network error: net::ERR_INTERNET_DISCONNECTED
[Oct 27, 2025 9:33:08.1 AM GMT:ERROR:get_publisher.cc(169)] Unexpected HTTP status: -1
[Oct 27, 2025 9:33:08.1 AM GMT:ERROR:url_loader.cc(131)] Network error: net::ERR_INTERNET_DISCONNECTED
[Oct 27, 2025 9:33:08.1 AM GMT:ERROR:get_publisher.cc(169)] Unexpected HTTP status: -1
[Oct 27, 2025 9:33:08.1 AM GMT:ERROR:url_loader.cc(131)] Network error: net::ERR_INTERNET_DISCONNECTED
[Oct 27, 2025 9:33:08.1 AM GMT:ERROR:get_publisher.cc(169)] Unexpected HTTP status: -1
[Oct 27, 2025 9:33:08.1 AM GMT:ERROR:url_loader.cc(131)] Network error: net::ERR_INTERNET_DISCONNECTED
[Oct 27, 2025 9:33:08.1 AM GMT:ERROR:get_publisher.cc(169)] Unexpected HTTP status: -1
[Oct 27, 2025 9:33:08.1 AM GMT:ERROR:url_loader.cc(131)] Network error: net::ERR_INTERNET_DISCONNECTED
[Oct 27, 2025 9:33:08.1 AM GMT:ERROR:get_publisher.cc(169)] Unexpected HTTP status: -1
[Oct 27, 2025 9:33:08.1 AM GMT:ERROR:url_loader.cc(131)] Network error: net::ERR_INTERNET_DISCONNECTED
[Oct 27, 2025 9:33:08.1 AM GMT:ERROR:get_publisher.cc(169)] Unexpected HTTP status: -1
[Oct 27, 2025 9:33:08.1 AM GMT:ERROR:url_loader.cc(131)] Network error: net::ERR_INTERNET_DISCONNECTED
[Oct 27, 2025 9:33:08.1 AM GMT:ERROR:get_publisher.cc(169)] Unexpected HTTP status: -1
[Oct 27, 2025 9:33:08.1 AM GMT:ERROR:url_loader.cc(131)] Network error: net::ERR_INTERNET_DISCONNECTED
[Oct 27, 2025 9:33:08.1 AM GMT:ERROR:get_publisher.cc(169)] Unexpected HTTP status: -1
[Oct 27, 2025 9:33:08.1 AM GMT:ERROR:url_loader.cc(131)] Network error: net::ERR_INTERNET_DISCONNECTED
[Oct 27, 2025 9:33:08.1 AM GMT:ERROR:get_publisher.cc(169)] Unexpected HTTP status: -1
[Oct 27, 2025 9:33:08.1 AM GMT:ERROR:url_loader.cc(131)] Network error: net::ERR_INTERNET_DISCONNECTED
[Oct 27, 2025 9:33:08.1 AM GMT:ERROR:get_publisher.cc(169)] Unexpected HTTP status: -1
[Oct 27, 2025 9:33:08.1 AM GMT:ERROR:url_loader.cc(131)] Network error: net::ERR_INTERNET_DISCONNECTED
[Oct 27, 2025 9:33:08.1 AM GMT:ERROR:get_publisher.cc(169)] Unexpected HTTP status: -1
[Oct 27, 2025 9:33:08.1 AM GMT:ERROR:url_loader.cc(131)] Network error: net::ERR_INTERNET_DISCONNECTED
[Oct 27, 2025 9:33:08.1 AM GMT:ERROR:get_publisher.cc(169)] Unexpected HTTP status: -1
[Oct 27, 2025 9:33:08.1 AM GMT:ERROR:url_loader.cc(131)] Network error: net::ERR_INTERNET_DISCONNECTED
[Oct 27, 2025 9:33:08.1 AM GMT:ERROR:get_publisher.cc(169)] Unexpected HTTP status: -1
[Oct 27, 2025 9:33:08.1 AM GMT:ERROR:url_loader.cc(131)] Network error: net::ERR_INTERNET_DISCONNECTED
[Oct 27, 2025 9:33:08.1 AM GMT:ERROR:get_publisher.cc(169)] Unexpected HTTP status: -1
[Oct 27, 2025 9:33:08.1 AM GMT:ERROR:url_loader.cc(131)] Network error: net::ERR_INTERNET_DISCONNECTED
[Oct 27, 2025 9:33:08.1 AM GMT:ERROR:get_publisher.cc(169)] Unexpected HTTP status: -1
[Oct 27, 2025 9:33:08.1 AM GMT:ERROR:url_loader.cc(131)] Network error: net::ERR_INTERNET_DISCONNECTED
[Oct 27, 2025 9:33:08.1 AM GMT:ERROR:get_publisher.cc(169)] Unexpected HTTP status: -1
[Oct 27, 2025 9:33:08.1 AM GMT:ERROR:url_loader.cc(131)] Network error: net::ERR_INTERNET_DISCONNECTED
[Oct 27, 2025 9:33:08.1 AM GMT:ERROR:get_publisher.cc(169)] Unexpected HTTP status: -1
[Oct 27, 2025 9:33:08.1 AM GMT:ERROR:url_loader.cc(131)] Network error: net::ERR_INTERNET_DISCONNECTED
[Oct 27, 2025 9:33:08.1 AM GMT:ERROR:get_publisher.cc(169)] Unexpected HTTP status: -1
[Oct 27, 2025 9:33:08.1 AM GMT:ERROR:url_loader.cc(131)] Network error: net::ERR_INTERNET_DISCONNECTED
[Oct 27, 2025 9:33:08.1 AM GMT:ERROR:get_publisher.cc(169)] Unexpected HTTP status: -1
[Oct 27, 2025 9:33:08.1 AM GMT:ERROR:url_loader.cc(131)] Network error: net::ERR_INTERNET_DISCONNECTED
[Oct 27, 2025 9:33:08.1 AM GMT:ERROR:get_publisher.cc(169)] Unexpected HTTP status: -1
[Oct 27, 2025 9:33:08.1 AM GMT:ERROR:url_loader.cc(131)] Network error: net::ERR_INTERNET_DISCONNECTED
[Oct 27, 2025 9:33:08.1 AM GMT:ERROR:get_publisher.cc(169)] Unexpected HTTP status: -1
[Oct 27, 2025 9:33:08.1 AM GMT:ERROR:url_loader.cc(131)] Network error: net::ERR_INTERNET_DISCONNECTED
[Oct 27, 2025 9:33:08.1 AM GMT:ERROR:get_publisher.cc(169)] Unexpected HTTP status: -1
[Oct 27, 2025 9:33:08.1 AM GMT:ERROR:url_loader.cc(131)] Network error: net::ERR_INTERNET_DISCONNECTED
[Oct 27, 2025 9:33:08.1 AM GMT:ERROR:get_publisher.cc(169)] Unexpected HTTP status: -1
[Oct 27, 2025 9:33:08.1 AM GMT:ERROR:url_loader.cc(131)] Network error: net::ERR_INTERNET_DISCONNECTED
[Oct 27, 2025 9:33:08.1 AM GMT:ERROR:get_publisher.cc(169)] Unexpected HTTP status: -1
[Oct 27, 2025 9:33:08.1 AM GMT:ERROR:url_loader.cc(131)] Network error: net::ERR_INTERNET_DISCONNECTED
[Oct 27, 2025 9:33:08.1 AM GMT:ERROR:get_publisher.cc(169)] Unexpected HTTP status: -1
[Oct 27, 2025 9:33:08.1 AM GMT:ERROR:url_loader.cc(131)] Network error: net::ERR_INTERNET_DISCONNECTED
[Oct 27, 2025 9:33:08.1 AM GMT:ERROR:get_publisher.cc(169)] Unexpected HTTP status: -1
[Oct 27, 2025 9:33:08.1 AM GMT:ERROR:url_loader.cc(131)] Network error: net::ERR_INTERNET_DISCONNECTED
[Oct 27, 2025 9:33:08.1 AM GMT:ERROR:get_publisher.cc(169)] Unexpected HTTP status: -1
[Oct 27, 2025 9:33:08.1 AM GMT:ERROR:url_loader.cc(131)] Network error: net::ERR_INTERNET_DISCONNECTED
[Oct 27, 2025 9:33:08.1 AM GMT:ERROR:get_publisher.cc(169)] Unexpected HTTP status: -1
[Oct 27, 2025 9:33:08.1 AM GMT:ERROR:url_loader.cc(131)] Network error: net::ERR_INTERNET_DISCONNECTED
[Oct 27, 2025 9:33:08.1 AM GMT:ERROR:get_publisher.cc(169)] Unexpected HTTP status: -1
[Oct 27, 2025 9:33:08.1 AM GMT:ERROR:url_loader.cc(131)] Network error: net::ERR_INTERNET_DISCONNECTED
[Oct 27, 2025 9:33:08.1 AM GMT:ERROR:get_publisher.cc(169)] Unexpected HTTP status: -1
[Oct 27, 2025 9:33:08.1 AM GMT:ERROR:url_loader.cc(131)] Network error: net::ERR_INTERNET_DISCONNECTED
[Oct 27, 2025 9:33:08.1 AM GMT:ERROR:get_publisher.cc(169)] Unexpected HTTP status: -1
[Oct 27, 2025 9:33:08.1 AM GMT:ERROR:url_loader.cc(131)] Network error: net::ERR_INTERNET_DISCONNECTED
[Oct 27, 2025 9:33:08.1 AM GMT:ERROR:get_publisher.cc(169)] Unexpected HTTP status: -1
[Oct 27, 2025 9:33:08.1 AM GMT:ERROR:url_loader.cc(131)] Network error: net::ERR_INTERNET_DISCONNECTED
[Oct 27, 2025 9:33:08.1 AM GMT:ERROR:get_publisher.cc(169)] Unexpected HTTP status: -1
[Oct 27, 2025 9:33:08.1 AM GMT:ERROR:url_loader.cc(131)] Network error: net::ERR_INTERNET_DISCONNECTED
[Oct 27, 2025 9:33:08.1 AM GMT:ERROR:get_publisher.cc(169)] Unexpected HTTP status: -1
[Oct 27, 2025 9:33:08.1 AM GMT:ERROR:url_loader.cc(131)] Network error: net::ERR_INTERNET_DISCONNECTED
[Oct 27, 2025 9:33:08.1 AM GMT:ERROR:get_publisher.cc(169)] Unexpected HTTP status: -1
[Oct 27, 2025 9:33:08.1 AM GMT:ERROR:url_loader.cc(131)] Network error: net::ERR_INTERNET_DISCONNECTED
[Oct 27, 2025 9:33:08.1 AM GMT:ERROR:get_publisher.cc(169)] Unexpected HTTP status: -1
[Oct 27, 2025 9:33:08.1 AM GMT:ERROR:url_loader.cc(131)] Network error: net::ERR_INTERNET_DISCONNECTED
[Oct 27, 2025 9:33:08.1 AM GMT:ERROR:get_publisher.cc(169)] Unexpected HTTP status: -1
[Oct 27, 2025 9:33:08.1 AM GMT:ERROR:url_loader.cc(131)] Network error: net::ERR_INTERNET_DISCONNECTED
[Oct 27, 2025 9:33:08.1 AM GMT:ERROR:get_publisher.cc(169)] Unexpected HTTP status: -1
[Oct 27, 2025 9:33:08.1 AM GMT:ERROR:url_loader.cc(131)] Network error: net::ERR_INTERNET_DISCONNECTED
[Oct 27, 2025 9:33:08.1 AM GMT:ERROR:get_publisher.cc(169)] Unexpected HTTP status: -1
[Oct 27, 2025 9:33:08.1 AM GMT:ERROR:url_loader.cc(131)] Network error: net::ERR_INTERNET_DISCONNECTED
[Oct 27, 2025 9:33:08.1 AM GMT:ERROR:get_publisher.cc(169)] Unexpected HTTP status: -1
[Oct 27, 2025 9:33:08.1 AM GMT:ERROR:url_loader.cc(131)] Network error: net::ERR_INTERNET_DISCONNECTED
[Oct 27, 2025 9:33:08.1 AM GMT:ERROR:get_publisher.cc(169)] Unexpected HTTP status: -1
[Oct 27, 2025 9:33:08.1 AM GMT:ERROR:url_loader.cc(131)] Network error: net::ERR_INTERNET_DISCONNECTED
[Oct 27, 2025 9:33:08.1 AM GMT:ERROR:get_publisher.cc(169)] Unexpected HTTP status: -1
[Oct 27, 2025 9:33:08.1 AM GMT:ERROR:url_loader.cc(131)] Network error: net::ERR_INTERNET_DISCONNECTED
[Oct 27, 2025 9:33:08.1 AM GMT:ERROR:get_publisher.cc(169)] Unexpected HTTP status: -1
[Oct 27, 2025 9:33:08.1 AM GMT:ERROR:url_loader.cc(131)] Network error: net::ERR_INTERNET_DISCONNECTED
[Oct 27, 2025 9:33:08.1 AM GMT:ERROR:get_publisher.cc(169)] Unexpected HTTP status: -1
[Oct 27, 2025 9:33:08.1 AM GMT:ERROR:url_loader.cc(131)] Network error: net::ERR_INTERNET_DISCONNECTED
[Oct 27, 2025 9:33:08.1 AM GMT:ERROR:get_publisher.cc(169)] Unexpected HTTP status: -1
[Oct 27, 2025 9:33:08.1 AM GMT:ERROR:url_loader.cc(131)] Network error: net::ERR_INTERNET_DISCONNECTED
[Oct 27, 2025 9:33:08.1 AM GMT:ERROR:get_publisher.cc(169)] Unexpected HTTP status: -1
[Oct 27, 2025 9:33:08.1 AM GMT:ERROR:url_loader.cc(131)] Network error: net::ERR_INTERNET_DISCONNECTED
[Oct 27, 2025 9:33:08.1 AM GMT:ERROR:get_publisher.cc(169)] Unexpected HTTP status: -1
[Oct 27, 2025 9:33:08.1 AM GMT:ERROR:url_loader.cc(131)] Network error: net::ERR_INTERNET_DISCONNECTED
[Oct 27, 2025 9:33:08.1 AM GMT:ERROR:get_publisher.cc(169)] Unexpected HTTP status: -1
[Oct 27, 2025 9:33:08.1 AM GMT:ERROR:url_loader.cc(131)] Network error: net::ERR_INTERNET_DISCONNECTED
[Oct 27, 2025 9:33:08.1 AM GMT:ERROR:get_publisher.cc(169)] Unexpected HTTP status: -1
[Oct 27, 2025 9:33:08.1 AM GMT:ERROR:url_loader.cc(131)] Network error: net::ERR_INTERNET_DISCONNECTED
[Oct 27, 2025 9:33:08.1 AM GMT:ERROR:get_publisher.cc(169)] Unexpected HTTP status: -1
[Oct 27, 2025 9:33:08.1 AM GMT:ERROR:url_loader.cc(131)] Network error: net::ERR_INTERNET_DISCONNECTED
[Oct 27, 2025 9:33:08.1 AM GMT:ERROR:get_publisher.cc(169)] Unexpected HTTP status: -1
[Oct 27, 2025 9:33:08.1 AM GMT:ERROR:url_loader.cc(131)] Network error: net::ERR_INTERNET_DISCONNECTED
[Oct 27, 2025 9:33:08.1 AM GMT:ERROR:get_publisher.cc(169)] Unexpected HTTP status: -1
[Oct 27, 2025 9:33:08.2 AM GMT:ERROR:url_loader.cc(131)] Network error: net::ERR_INTERNET_DISCONNECTED
[Oct 27, 2025 9:33:08.2 AM GMT:ERROR:get_publisher.cc(169)] Unexpected HTTP status: -1
[Oct 27, 2025 9:33:08.2 AM GMT:ERROR:url_loader.cc(131)] Network error: net::ERR_INTERNET_DISCONNECTED
[Oct 27, 2025 9:33:08.2 AM GMT:ERROR:get_publisher.cc(169)] Unexpected HTTP status: -1
[Oct 27, 2025 9:33:08.2 AM GMT:ERROR:url_loader.cc(131)] Network error: net::ERR_INTERNET_DISCONNECTED
[Oct 27, 2025 9:33:08.2 AM GMT:ERROR:get_publisher.cc(169)] Unexpected HTTP status: -1
[Oct 27, 2025 9:33:08.2 AM GMT:ERROR:url_loader.cc(131)] Network error: net::ERR_INTERNET_DISCONNECTED
[Oct 27, 2025 9:33:08.2 AM GMT:ERROR:get_publisher.cc(169)] Unexpected HTTP status: -1
[Oct 27, 2025 9:33:08.2 AM GMT:ERROR:url_loader.cc(131)] Network error: net::ERR_INTERNET_DISCONNECTED
[Oct 27, 2025 9:33:08.2 AM GMT:ERROR:get_publisher.cc(169)] Unexpected HTTP status: -1
[Oct 27, 2025 9:33:08.2 AM GMT:ERROR:url_loader.cc(131)] Network error: net::ERR_INTERNET_DISCONNECTED
[Oct 27, 2025 9:33:08.2 AM GMT:ERROR:get_publisher.cc(169)] Unexpected HTTP status: -1
[Oct 27, 2025 9:33:08.2 AM GMT:ERROR:url_loader.cc(131)] Network error: net::ERR_INTERNET_DISCONNECTED
[Oct 27, 2025 9:33:08.2 AM GMT:ERROR:get_publisher.cc(169)] Unexpected HTTP status: -1
[Oct 27, 2025 9:33:08.2 AM GMT:ERROR:url_loader.cc(131)] Network error: net::ERR_INTERNET_DISCONNECTED
[Oct 27, 2025 9:33:08.2 AM GMT:ERROR:get_publisher.cc(169)] Unexpected HTTP status: -1
[Oct 27, 2025 9:33:08.2 AM GMT:ERROR:url_loader.cc(131)] Network error: net::ERR_INTERNET_DISCONNECTED
[Oct 27, 2025 9:33:08.2 AM GMT:ERROR:get_publisher.cc(169)] Unexpected HTTP status: -1
[Oct 27, 2025 9:33:08.2 AM GMT:ERROR:url_loader.cc(131)] Network error: net::ERR_INTERNET_DISCONNECTED
[Oct 27, 2025 9:33:08.2 AM GMT:ERROR:get_publisher.cc(169)] Unexpected HTTP status: -1
[Oct 27, 2025 9:33:08.2 AM GMT:ERROR:url_loader.cc(131)] Network error: net::ERR_INTERNET_DISCONNECTED
[Oct 27, 2025 9:33:08.2 AM GMT:ERROR:get_publisher.cc(169)] Unexpected HTTP status: -1
[Oct 27, 2025 9:33:08.2 AM GMT:ERROR:url_loader.cc(131)] Network error: net::ERR_INTERNET_DISCONNECTED
[Oct 27, 2025 9:33:08.2 AM GMT:ERROR:get_publisher.cc(169)] Unexpected HTTP status: -1
[Oct 27, 2025 9:33:08.2 AM GMT:ERROR:url_loader.cc(131)] Network error: net::ERR_INTERNET_DISCONNECTED
[Oct 27, 2025 9:33:08.2 AM GMT:ERROR:get_publisher.cc(169)] Unexpected HTTP status: -1
[Oct 27, 2025 9:33:08.2 AM GMT:ERROR:url_loader.cc(131)] Network error: net::ERR_INTERNET_DISCONNECTED
[Oct 27, 2025 9:33:08.2 AM GMT:ERROR:get_publisher.cc(169)] Unexpected HTTP status: -1
[Oct 27, 2025 9:33:08.2 AM GMT:ERROR:url_loader.cc(131)] Network error: net::ERR_INTERNET_DISCONNECTED
[Oct 27, 2025 9:33:08.2 AM GMT:ERROR:get_publisher.cc(169)] Unexpected HTTP status: -1
[Oct 27, 2025 9:33:08.2 AM GMT:ERROR:url_loader.cc(131)] Network error: net::ERR_INTERNET_DISCONNECTED
[Oct 27, 2025 9:33:08.2 AM GMT:ERROR:get_publisher.cc(169)] Unexpected HTTP status: -1
[Oct 27, 2025 9:33:08.2 AM GMT:ERROR:url_loader.cc(131)] Network error: net::ERR_INTERNET_DISCONNECTED
[Oct 27, 2025 9:33:08.2 AM GMT:ERROR:get_publisher.cc(169)] Unexpected HTTP status: -1
[Oct 27, 2025 9:33:08.2 AM GMT:ERROR:url_loader.cc(131)] Network error: net::ERR_INTERNET_DISCONNECTED
[Oct 27, 2025 9:33:08.2 AM GMT:ERROR:get_publisher.cc(169)] Unexpected HTTP status: -1
[Oct 27, 2025 9:33:08.2 AM GMT:ERROR:url_loader.cc(131)] Network error: net::ERR_INTERNET_DISCONNECTED
[Oct 27, 2025 9:33:08.2 AM GMT:ERROR:get_publisher.cc(169)] Unexpected HTTP status: -1
[Oct 27, 2025 9:33:08.2 AM GMT:ERROR:url_loader.cc(131)] Network error: net::ERR_INTERNET_DISCONNECTED
[Oct 27, 2025 9:33:08.2 AM GMT:ERROR:get_publisher.cc(169)] Unexpected HTTP status: -1
[Oct 27, 2025 9:33:08.2 AM GMT:ERROR:url_loader.cc(131)] Network error: net::ERR_INTERNET_DISCONNECTED
[Oct 27, 2025 9:33:08.2 AM GMT:ERROR:get_publisher.cc(169)] Unexpected HTTP status: -1
[Oct 27, 2025 9:33:08.2 AM GMT:ERROR:url_loader.cc(131)] Network error: net::ERR_INTERNET_DISCONNECTED
[Oct 27, 2025 9:33:08.2 AM GMT:ERROR:get_publisher.cc(169)] Unexpected HTTP status: -1
[Oct 27, 2025 9:33:08.2 AM GMT:ERROR:url_loader.cc(131)] Network error: net::ERR_INTERNET_DISCONNECTED
[Oct 27, 2025 9:33:08.2 AM GMT:ERROR:get_publisher.cc(169)] Unexpected HTTP status: -1
[Oct 27, 2025 9:33:08.2 AM GMT:ERROR:url_loader.cc(131)] Network error: net::ERR_INTERNET_DISCONNECTED
[Oct 27, 2025 9:33:08.2 AM GMT:ERROR:get_publisher.cc(169)] Unexpected HTTP status: -1
[Oct 27, 2025 9:33:08.2 AM GMT:ERROR:url_loader.cc(131)] Network error: net::ERR_INTERNET_DISCONNECTED
[Oct 27, 2025 9:33:08.2 AM GMT:ERROR:get_publisher.cc(169)] Unexpected HTTP status: -1
[Oct 27, 2025 9:33:08.2 AM GMT:ERROR:url_loader.cc(131)] Network error: net::ERR_INTERNET_DISCONNECTED
[Oct 27, 2025 9:33:08.2 AM GMT:ERROR:get_publisher.cc(169)] Unexpected HTTP status: -1
[Oct 27, 2025 9:33:08.2 AM GMT:ERROR:url_loader.cc(131)] Network error: net::ERR_INTERNET_DISCONNECTED
[Oct 27, 2025 9:33:08.2 AM GMT:ERROR:get_publisher.cc(169)] Unexpected HTTP status: -1
[Oct 27, 2025 9:33:08.2 AM GMT:ERROR:url_loader.cc(131)] Network error: net::ERR_INTERNET_DISCONNECTED
[Oct 27, 2025 9:33:08.2 AM GMT:ERROR:get_publisher.cc(169)] Unexpected HTTP status: -1
[Oct 27, 2025 9:33:08.2 AM GMT:ERROR:url_loader.cc(131)] Network error: net::ERR_INTERNET_DISCONNECTED
[Oct 27, 2025 9:33:08.2 AM GMT:ERROR:get_publisher.cc(169)] Unexpected HTTP status: -1
[Oct 27, 2025 9:33:08.2 AM GMT:ERROR:url_loader.cc(131)] Network error: net::ERR_INTERNET_DISCONNECTED
[Oct 27, 2025 9:33:08.2 AM GMT:ERROR:get_publisher.cc(169)] Unexpected HTTP status: -1
[Oct 27, 2025 9:33:08.2 AM GMT:ERROR:url_loader.cc(131)] Network error: net::ERR_INTERNET_DISCONNECTED
[Oct 27, 2025 9:33:08.2 AM GMT:ERROR:get_publisher.cc(169)] Unexpected HTTP status: -1
[Oct 27, 2025 9:33:08.2 AM GMT:ERROR:url_loader.cc(131)] Network error: net::ERR_INTERNET_DISCONNECTED
[Oct 27, 2025 9:33:08.2 AM GMT:ERROR:get_publisher.cc(169)] Unexpected HTTP status: -1
[Oct 27, 2025 9:33:08.2 AM GMT:ERROR:url_loader.cc(131)] Network error: net::ERR_INTERNET_DISCONNECTED
[Oct 27, 2025 9:33:08.2 AM GMT:ERROR:get_publisher.cc(169)] Unexpected HTTP status: -1
[Oct 27, 2025 9:33:08.2 AM GMT:ERROR:url_loader.cc(131)] Network error: net::ERR_INTERNET_DISCONNECTED
[Oct 27, 2025 9:33:08.2 AM GMT:ERROR:get_publisher.cc(169)] Unexpected HTTP status: -1
[Oct 27, 2025 9:33:08.2 AM GMT:ERROR:url_loader.cc(131)] Network error: net::ERR_INTERNET_DISCONNECTED
[Oct 27, 2025 9:33:08.2 AM GMT:ERROR:get_publisher.cc(169)] Unexpected HTTP status: -1
[Oct 27, 2025 9:33:08.2 AM GMT:ERROR:url_loader.cc(131)] Network error: net::ERR_INTERNET_DISCONNECTED
[Oct 27, 2025 9:33:08.2 AM GMT:ERROR:get_publisher.cc(169)] Unexpected HTTP status: -1
[Oct 27, 2025 9:33:08.2 AM GMT:ERROR:url_loader.cc(131)] Network error: net::ERR_INTERNET_DISCONNECTED
[Oct 27, 2025 9:33:08.2 AM GMT:ERROR:get_publisher.cc(169)] Unexpected HTTP status: -1
[Oct 27, 2025 9:33:08.2 AM GMT:ERROR:url_loader.cc(131)] Network error: net::ERR_INTERNET_DISCONNECTED
[Oct 27, 2025 9:33:08.2 AM GMT:ERROR:get_publisher.cc(169)] Unexpected HTTP status: -1
[Oct 27, 2025 9:33:08.2 AM GMT:ERROR:url_loader.cc(131)] Network error: net::ERR_INTERNET_DISCONNECTED
[Oct 27, 2025 9:33:08.2 AM GMT:ERROR:get_publisher.cc(169)] Unexpected HTTP status: -1
[Oct 27, 2025 9:33:08.2 AM GMT:ERROR:url_loader.cc(131)] Network error: net::ERR_INTERNET_DISCONNECTED
[Oct 27, 2025 9:33:08.2 AM GMT:ERROR:get_publisher.cc(169)] Unexpected HTTP status: -1
[Oct 27, 2025 9:33:08.2 AM GMT:ERROR:url_loader.cc(131)] Network error: net::ERR_INTERNET_DISCONNECTED
[Oct 27, 2025 9:33:08.2 AM GMT:ERROR:get_publisher.cc(169)] Unexpected HTTP status: -1
[Oct 27, 2025 9:33:08.2 AM GMT:ERROR:url_loader.cc(131)] Network error: net::ERR_INTERNET_DISCONNECTED
[Oct 27, 2025 9:33:08.2 AM GMT:ERROR:get_publisher.cc(169)] Unexpected HTTP status: -1
[Oct 27, 2025 9:33:08.2 AM GMT:ERROR:url_loader.cc(131)] Network error: net::ERR_INTERNET_DISCONNECTED
[Oct 27, 2025 9:33:08.2 AM GMT:ERROR:get_publisher.cc(169)] Unexpected HTTP status: -1
[Oct 27, 2025 9:33:08.2 AM GMT:ERROR:url_loader.cc(131)] Network error: net::ERR_INTERNET_DISCONNECTED
[Oct 27, 2025 9:33:08.2 AM GMT:ERROR:get_publisher.cc(169)] Unexpected HTTP status: -1
[Oct 27, 2025 9:33:08.2 AM GMT:ERROR:url_loader.cc(131)] Network error: net::ERR_INTERNET_DISCONNECTED
[Oct 27, 2025 9:33:08.2 AM GMT:ERROR:get_publisher.cc(169)] Unexpected HTTP status: -1
[Oct 27, 2025 9:33:08.2 AM GMT:ERROR:url_loader.cc(131)] Network error: net::ERR_INTERNET_DISCONNECTED
[Oct 27, 2025 9:33:08.2 AM GMT:ERROR:get_publisher.cc(169)] Unexpected HTTP status: -1
[Oct 27, 2025 9:33:08.2 AM GMT:ERROR:url_loader.cc(131)] Network error: net::ERR_INTERNET_DISCONNECTED
[Oct 27, 2025 9:33:08.2 AM GMT:ERROR:get_publisher.cc(169)] Unexpected HTTP status: -1
[Oct 27, 2025 9:33:08.2 AM GMT:ERROR:url_loader.cc(131)] Network error: net::ERR_INTERNET_DISCONNECTED
[Oct 27, 2025 9:33:08.2 AM GMT:ERROR:get_publisher.cc(169)] Unexpected HTTP status: -1
[Oct 27, 2025 9:33:08.2 AM GMT:ERROR:url_loader.cc(131)] Network error: net::ERR_INTERNET_DISCONNECTED
[Oct 27, 2025 9:33:08.2 AM GMT:ERROR:get_publisher.cc(169)] Unexpected HTTP status: -1
[Oct 27, 2025 9:33:08.2 AM GMT:ERROR:url_loader.cc(131)] Network error: net::ERR_INTERNET_DISCONNECTED
[Oct 27, 2025 9:33:08.2 AM GMT:ERROR:get_publisher.cc(169)] Unexpected HTTP status: -1
[Oct 27, 2025 9:33:08.2 AM GMT:ERROR:url_loader.cc(131)] Network error: net::ERR_INTERNET_DISCONNECTED
[Oct 27, 2025 9:33:08.2 AM GMT:ERROR:get_publisher.cc(169)] Unexpected HTTP status: -1
[Oct 27, 2025 9:33:08.2 AM GMT:ERROR:url_loader.cc(131)] Network error: net::ERR_INTERNET_DISCONNECTED
[Oct 27, 2025 9:33:08.2 AM GMT:ERROR:get_publisher.cc(169)] Unexpected HTTP status: -1
[Oct 27, 2025 9:33:08.2 AM GMT:ERROR:url_loader.cc(131)] Network error: net::ERR_INTERNET_DISCONNECTED
[Oct 27, 2025 9:33:08.2 AM GMT:ERROR:get_publisher.cc(169)] Unexpected HTTP status: -1
[Oct 27, 2025 9:33:08.2 AM GMT:ERROR:url_loader.cc(131)] Network error: net::ERR_INTERNET_DISCONNECTED
[Oct 27, 2025 9:33:08.2 AM GMT:ERROR:get_publisher.cc(169)] Unexpected HTTP status: -1
[Oct 27, 2025 9:33:08.2 AM GMT:ERROR:url_loader.cc(131)] Network error: net::ERR_INTERNET_DISCONNECTED
[Oct 27, 2025 9:33:08.2 AM GMT:ERROR:get_publisher.cc(169)] Unexpected HTTP status: -1
[Oct 27, 2025 9:33:08.2 AM GMT:ERROR:url_loader.cc(131)] Network error: net::ERR_INTERNET_DISCONNECTED
[Oct 27, 2025 9:33:08.2 AM GMT:ERROR:get_publisher.cc(169)] Unexpected HTTP status: -1
[Oct 27, 2025 9:33:08.2 AM GMT:ERROR:url_loader.cc(131)] Network error: net::ERR_INTERNET_DISCONNECTED
[Oct 27, 2025 9:33:08.2 AM GMT:ERROR:get_publisher.cc(169)] Unexpected HTTP status: -1
[Oct 27, 2025 9:33:08.2 AM GMT:ERROR:url_loader.cc(131)] Network error: net::ERR_INTERNET_DISCONNECTED
[Oct 27, 2025 9:33:08.2 AM GMT:ERROR:get_publisher.cc(169)] Unexpected HTTP status: -1
[Oct 27, 2025 9:33:08.2 AM GMT:ERROR:url_loader.cc(131)] Network error: net::ERR_INTERNET_DISCONNECTED
[Oct 27, 2025 9:33:08.2 AM GMT:ERROR:get_publisher.cc(169)] Unexpected HTTP status: -1
[Oct 27, 2025 9:33:08.2 AM GMT:ERROR:url_loader.cc(131)] Network error: net::ERR_INTERNET_DISCONNECTED
[Oct 27, 2025 9:33:08.2 AM GMT:ERROR:get_publisher.cc(169)] Unexpected HTTP status: -1
[Oct 27, 2025 9:33:08.2 AM GMT:ERROR:url_loader.cc(131)] Network error: net::ERR_INTERNET_DISCONNECTED
[Oct 27, 2025 9:33:08.2 AM GMT:ERROR:get_publisher.cc(169)] Unexpected HTTP status: -1
[Oct 27, 2025 9:33:08.2 AM GMT:ERROR:url_loader.cc(131)] Network error: net::ERR_INTERNET_DISCONNECTED
[Oct 27, 2025 9:33:08.2 AM GMT:ERROR:get_publisher.cc(169)] Unexpected HTTP status: -1
[Oct 27, 2025 9:33:08.2 AM GMT:ERROR:url_loader.cc(131)] Network error: net::ERR_INTERNET_DISCONNECTED
[Oct 27, 2025 9:33:08.3 AM GMT:ERROR:get_publisher.cc(169)] Unexpected HTTP status: -1
[Oct 27, 2025 9:33:08.3 AM GMT:ERROR:url_loader.cc(131)] Network error: net::ERR_INTERNET_DISCONNECTED
[Oct 27, 2025 9:33:08.3 AM GMT:ERROR:get_publisher.cc(169)] Unexpected HTTP status: -1
[Oct 27, 2025 9:33:08.3 AM GMT:ERROR:url_loader.cc(131)] Network error: net::ERR_INTERNET_DISCONNECTED
[Oct 27, 2025 9:33:08.3 AM GMT:ERROR:get_publisher.cc(169)] Unexpected HTTP status: -1
[Oct 27, 2025 9:33:08.3 AM GMT:ERROR:url_loader.cc(131)] Network error: net::ERR_INTERNET_DISCONNECTED
[Oct 27, 2025 9:33:08.3 AM GMT:ERROR:get_publisher.cc(169)] Unexpected HTTP status: -1
[Oct 27, 2025 9:33:08.3 AM GMT:ERROR:url_loader.cc(131)] Network error: net::ERR_INTERNET_DISCONNECTED
[Oct 27, 2025 9:33:08.3 AM GMT:ERROR:get_publisher.cc(169)] Unexpected HTTP status: -1
[Oct 27, 2025 9:33:08.3 AM GMT:ERROR:url_loader.cc(131)] Network error: net::ERR_INTERNET_DISCONNECTED
[Oct 27, 2025 9:33:08.3 AM GMT:ERROR:get_publisher.cc(169)] Unexpected HTTP status: -1
[Oct 27, 2025 9:33:08.3 AM GMT:ERROR:url_loader.cc(131)] Network error: net::ERR_INTERNET_DISCONNECTED
[Oct 27, 2025 9:33:08.3 AM GMT:ERROR:get_publisher.cc(169)] Unexpected HTTP status: -1
[Oct 27, 2025 9:33:08.3 AM GMT:ERROR:url_loader.cc(131)] Network error: net::ERR_INTERNET_DISCONNECTED
[Oct 27, 2025 9:33:08.3 AM GMT:ERROR:get_publisher.cc(169)] Unexpected HTTP status: -1
[Oct 27, 2025 9:33:08.3 AM GMT:ERROR:url_loader.cc(131)] Network error: net::ERR_INTERNET_DISCONNECTED
[Oct 27, 2025 9:33:08.3 AM GMT:ERROR:get_publisher.cc(169)] Unexpected HTTP status: -1
[Oct 27, 2025 9:33:08.3 AM GMT:ERROR:url_loader.cc(131)] Network error: net::ERR_INTERNET_DISCONNECTED
[Oct 27, 2025 9:33:08.3 AM GMT:ERROR:get_publisher.cc(169)] Unexpected HTTP status: -1
[Oct 27, 2025 9:33:08.3 AM GMT:ERROR:url_loader.cc(131)] Network error: net::ERR_INTERNET_DISCONNECTED
[Oct 27, 2025 9:33:08.3 AM GMT:ERROR:get_publisher.cc(169)] Unexpected HTTP status: -1
[Oct 27, 2025 9:33:08.3 AM GMT:ERROR:url_loader.cc(131)] Network error: net::ERR_INTERNET_DISCONNECTED
[Oct 27, 2025 9:33:08.3 AM GMT:ERROR:get_publisher.cc(169)] Unexpected HTTP status: -1
[Oct 27, 2025 9:33:08.3 AM GMT:ERROR:url_loader.cc(131)] Network error: net::ERR_INTERNET_DISCONNECTED
[Oct 27, 2025 9:33:08.3 AM GMT:ERROR:get_publisher.cc(169)] Unexpected HTTP status: -1
[Oct 27, 2025 9:33:08.3 AM GMT:ERROR:url_loader.cc(131)] Network error: net::ERR_INTERNET_DISCONNECTED
[Oct 27, 2025 9:33:08.3 AM GMT:ERROR:get_publisher.cc(169)] Unexpected HTTP status: -1
[Oct 27, 2025 9:33:08.3 AM GMT:ERROR:url_loader.cc(131)] Network error: net::ERR_INTERNET_DISCONNECTED
[Oct 27, 2025 9:33:08.3 AM GMT:ERROR:get_publisher.cc(169)] Unexpected HTTP status: -1
[Oct 27, 2025 9:33:08.3 AM GMT:ERROR:url_loader.cc(131)] Network error: net::ERR_INTERNET_DISCONNECTED
[Oct 27, 2025 9:33:08.3 AM GMT:ERROR:get_publisher.cc(169)] Unexpected HTTP status: -1
[Oct 27, 2025 9:33:08.3 AM GMT:ERROR:url_loader.cc(131)] Network error: net::ERR_INTERNET_DISCONNECTED
[Oct 27, 2025 9:33:08.3 AM GMT:ERROR:get_publisher.cc(169)] Unexpected HTTP status: -1
[Oct 27, 2025 9:33:08.3 AM GMT:ERROR:url_loader.cc(131)] Network error: net::ERR_INTERNET_DISCONNECTED
[Oct 27, 2025 9:33:08.3 AM GMT:ERROR:get_publisher.cc(169)] Unexpected HTTP status: -1
[Oct 27, 2025 9:33:08.3 AM GMT:ERROR:url_loader.cc(131)] Network error: net::ERR_INTERNET_DISCONNECTED
[Oct 27, 2025 9:33:08.3 AM GMT:ERROR:get_publisher.cc(169)] Unexpected HTTP status: -1
[Oct 27, 2025 9:33:08.3 AM GMT:ERROR:url_loader.cc(131)] Network error: net::ERR_INTERNET_DISCONNECTED
[Oct 27, 2025 9:33:08.3 AM GMT:ERROR:get_publisher.cc(169)] Unexpected HTTP status: -1
[Oct 27, 2025 9:33:08.3 AM GMT:ERROR:url_loader.cc(131)] Network error: net::ERR_INTERNET_DISCONNECTED
[Oct 27, 2025 9:33:08.3 AM GMT:ERROR:get_publisher.cc(169)] Unexpected HTTP status: -1
[Oct 27, 2025 9:33:08.3 AM GMT:ERROR:url_loader.cc(131)] Network error: net::ERR_INTERNET_DISCONNECTED
[Oct 27, 2025 9:33:08.3 AM GMT:ERROR:get_publisher.cc(169)] Unexpected HTTP status: -1
[Oct 27, 2025 9:33:08.3 AM GMT:ERROR:url_loader.cc(131)] Network error: net::ERR_INTERNET_DISCONNECTED
[Oct 27, 2025 9:33:08.3 AM GMT:ERROR:get_publisher.cc(169)] Unexpected HTTP status: -1
[Oct 27, 2025 9:33:08.3 AM GMT:ERROR:url_loader.cc(131)] Network error: net::ERR_INTERNET_DISCONNECTED
[Oct 27, 2025 9:33:08.3 AM GMT:ERROR:get_publisher.cc(169)] Unexpected HTTP status: -1
[Oct 27, 2025 9:33:08.3 AM GMT:ERROR:url_loader.cc(131)] Network error: net::ERR_INTERNET_DISCONNECTED
[Oct 27, 2025 9:33:08.3 AM GMT:ERROR:get_publisher.cc(169)] Unexpected HTTP status: -1
[Oct 27, 2025 9:33:08.3 AM GMT:ERROR:url_loader.cc(131)] Network error: net::ERR_INTERNET_DISCONNECTED
[Oct 27, 2025 9:33:08.3 AM GMT:ERROR:get_publisher.cc(169)] Unexpected HTTP status: -1
[Oct 27, 2025 9:33:08.3 AM GMT:ERROR:url_loader.cc(131)] Network error: net::ERR_INTERNET_DISCONNECTED
[Oct 27, 2025 9:33:08.3 AM GMT:ERROR:get_publisher.cc(169)] Unexpected HTTP status: -1
[Oct 27, 2025 9:33:08.3 AM GMT:ERROR:url_loader.cc(131)] Network error: net::ERR_INTERNET_DISCONNECTED
[Oct 27, 2025 9:33:08.3 AM GMT:ERROR:get_publisher.cc(169)] Unexpected HTTP status: -1
[Oct 27, 2025 9:33:08.3 AM GMT:ERROR:url_loader.cc(131)] Network error: net::ERR_INTERNET_DISCONNECTED
[Oct 27, 2025 9:33:08.3 AM GMT:ERROR:get_publisher.cc(169)] Unexpected HTTP status: -1
[Oct 27, 2025 9:33:08.3 AM GMT:ERROR:url_loader.cc(131)] Network error: net::ERR_INTERNET_DISCONNECTED
[Oct 27, 2025 9:33:08.3 AM GMT:ERROR:get_publisher.cc(169)] Unexpected HTTP status: -1
[Oct 27, 2025 9:33:08.3 AM GMT:ERROR:url_loader.cc(131)] Network error: net::ERR_INTERNET_DISCONNECTED
[Oct 27, 2025 9:33:08.3 AM GMT:ERROR:get_publisher.cc(169)] Unexpected HTTP status: -1
[Oct 27, 2025 9:33:08.3 AM GMT:ERROR:url_loader.cc(131)] Network error: net::ERR_INTERNET_DISCONNECTED
[Oct 27, 2025 9:33:08.3 AM GMT:ERROR:get_publisher.cc(169)] Unexpected HTTP status: -1
[Oct 27, 2025 9:33:08.3 AM GMT:ERROR:url_loader.cc(131)] Network error: net::ERR_INTERNET_DISCONNECTED
[Oct 27, 2025 9:33:08.3 AM GMT:ERROR:get_publisher.cc(169)] Unexpected HTTP status: -1
[Oct 27, 2025 9:33:08.3 AM GMT:ERROR:url_loader.cc(131)] Network error: net::ERR_INTERNET_DISCONNECTED
[Oct 27, 2025 9:33:08.3 AM GMT:ERROR:get_publisher.cc(169)] Unexpected HTTP status: -1
[Oct 27, 2025 9:33:08.3 AM GMT:ERROR:url_loader.cc(131)] Network error: net::ERR_INTERNET_DISCONNECTED
[Oct 27, 2025 9:33:08.3 AM GMT:ERROR:get_publisher.cc(169)] Unexpected HTTP status: -1
[Oct 27, 2025 9:33:08.3 AM GMT:ERROR:url_loader.cc(131)] Network error: net::ERR_INTERNET_DISCONNECTED
[Oct 27, 2025 9:33:08.3 AM GMT:ERROR:get_publisher.cc(169)] Unexpected HTTP status: -1
[Oct 27, 2025 9:33:08.3 AM GMT:ERROR:url_loader.cc(131)] Network error: net::ERR_INTERNET_DISCONNECTED
[Oct 27, 2025 9:33:08.3 AM GMT:ERROR:get_publisher.cc(169)] Unexpected HTTP status: -1
[Oct 27, 2025 9:33:08.3 AM GMT:ERROR:url_loader.cc(131)] Network error: net::ERR_INTERNET_DISCONNECTED
[Oct 27, 2025 9:33:08.3 AM GMT:ERROR:get_publisher.cc(169)] Unexpected HTTP status: -1
[Oct 27, 2025 9:33:08.3 AM GMT:ERROR:url_loader.cc(131)] Network error: net::ERR_INTERNET_DISCONNECTED
[Oct 27, 2025 9:33:08.3 AM GMT:ERROR:get_publisher.cc(169)] Unexpected HTTP status: -1
[Oct 27, 2025 9:33:08.3 AM GMT:ERROR:url_loader.cc(131)] Network error: net::ERR_INTERNET_DISCONNECTED
[Oct 27, 2025 9:33:08.3 AM GMT:ERROR:get_publisher.cc(169)] Unexpected HTTP status: -1
[Oct 27, 2025 9:33:08.3 AM GMT:ERROR:url_loader.cc(131)] Network error: net::ERR_INTERNET_DISCONNECTED
[Oct 27, 2025 9:33:08.3 AM GMT:ERROR:get_publisher.cc(169)] Unexpected HTTP status: -1
[Oct 27, 2025 9:33:08.3 AM GMT:ERROR:url_loader.cc(131)] Network error: net::ERR_INTERNET_DISCONNECTED
[Oct 27, 2025 9:33:08.3 AM GMT:ERROR:get_publisher.cc(169)] Unexpected HTTP status: -1
[Oct 27, 2025 9:33:08.3 AM GMT:ERROR:url_loader.cc(131)] Network error: net::ERR_INTERNET_DISCONNECTED
[Oct 27, 2025 9:33:08.3 AM GMT:ERROR:get_publisher.cc(169)] Unexpected HTTP status: -1
[Oct 27, 2025 9:33:08.3 AM GMT:ERROR:url_loader.cc(131)] Network error: net::ERR_INTERNET_DISCONNECTED
[Oct 27, 2025 9:33:08.3 AM GMT:ERROR:get_publisher.cc(169)] Unexpected HTTP status: -1
[Oct 27, 2025 9:33:08.3 AM GMT:ERROR:url_loader.cc(131)] Network error: net::ERR_INTERNET_DISCONNECTED
[Oct 27, 2025 9:33:08.3 AM GMT:ERROR:get_publisher.cc(169)] Unexpected HTTP status: -1
[Oct 27, 2025 9:33:08.3 AM GMT:ERROR:url_loader.cc(131)] Network error: net::ERR_INTERNET_DISCONNECTED
[Oct 27, 2025 9:33:08.3 AM GMT:ERROR:get_publisher.cc(169)] Unexpected HTTP status: -1
[Oct 27, 2025 9:33:08.3 AM GMT:ERROR:url_loader.cc(131)] Network error: net::ERR_INTERNET_DISCONNECTED
[Oct 27, 2025 9:33:08.3 AM GMT:ERROR:get_publisher.cc(169)] Unexpected HTTP status: -1
[Oct 27, 2025 9:33:08.3 AM GMT:ERROR:url_loader.cc(131)] Network error: net::ERR_INTERNET_DISCONNECTED
[Oct 27, 2025 9:33:08.3 AM GMT:ERROR:get_publisher.cc(169)] Unexpected HTTP status: -1
[Oct 27, 2025 9:33:08.3 AM GMT:ERROR:url_loader.cc(131)] Network error: net::ERR_INTERNET_DISCONNECTED
[Oct 27, 2025 9:33:08.3 AM GMT:ERROR:get_publisher.cc(169)] Unexpected HTTP status: -1
[Oct 27, 2025 9:33:08.3 AM GMT:ERROR:url_loader.cc(131)] Network error: net::ERR_INTERNET_DISCONNECTED
[Oct 27, 2025 9:33:08.3 AM GMT:ERROR:get_publisher.cc(169)] Unexpected HTTP status: -1
[Oct 27, 2025 9:33:08.3 AM GMT:ERROR:url_loader.cc(131)] Network error: net::ERR_INTERNET_DISCONNECTED
[Oct 27, 2025 9:33:08.3 AM GMT:ERROR:get_publisher.cc(169)] Unexpected HTTP status: -1
[Oct 27, 2025 9:33:08.3 AM GMT:ERROR:url_loader.cc(131)] Network error: net::ERR_INTERNET_DISCONNECTED
[Oct 27, 2025 9:33:08.3 AM GMT:ERROR:get_publisher.cc(169)] Unexpected HTTP status: -1
[Oct 27, 2025 9:33:08.3 AM GMT:ERROR:url_loader.cc(131)] Network error: net::ERR_INTERNET_DISCONNECTED
[Oct 27, 2025 9:33:08.3 AM GMT:ERROR:get_publisher.cc(169)] Unexpected HTTP status: -1
[Oct 27, 2025 9:33:08.3 AM GMT:ERROR:url_loader.cc(131)] Network error: net::ERR_INTERNET_DISCONNECTED
[Oct 27, 2025 9:33:08.3 AM GMT:ERROR:get_publisher.cc(169)] Unexpected HTTP status: -1
[Oct 27, 2025 9:33:08.3 AM GMT:ERROR:url_loader.cc(131)] Network error: net::ERR_INTERNET_DISCONNECTED
[Oct 27, 2025 9:33:08.3 AM GMT:ERROR:get_publisher.cc(169)] Unexpected HTTP status: -1
[Oct 27, 2025 9:33:08.3 AM GMT:ERROR:url_loader.cc(131)] Network error: net::ERR_INTERNET_DISCONNECTED
[Oct 27, 2025 9:33:08.3 AM GMT:ERROR:get_publisher.cc(169)] Unexpected HTTP status: -1
[Oct 27, 2025 9:33:08.3 AM GMT:ERROR:url_loader.cc(131)] Network error: net::ERR_INTERNET_DISCONNECTED
[Oct 27, 2025 9:33:08.3 AM GMT:ERROR:get_publisher.cc(169)] Unexpected HTTP status: -1
[Oct 27, 2025 9:33:08.3 AM GMT:ERROR:url_loader.cc(131)] Network error: net::ERR_INTERNET_DISCONNECTED
[Oct 27, 2025 9:33:08.3 AM GMT:ERROR:get_publisher.cc(169)] Unexpected HTTP status: -1
[Oct 27, 2025 9:33:08.3 AM GMT:ERROR:url_loader.cc(131)] Network error: net::ERR_INTERNET_DISCONNECTED
[Oct 27, 2025 9:33:08.3 AM GMT:ERROR:get_publisher.cc(169)] Unexpected HTTP status: -1
[Oct 27, 2025 9:33:08.3 AM GMT:ERROR:url_loader.cc(131)] Network error: net::ERR_INTERNET_DISCONNECTED
[Oct 27, 2025 9:33:08.3 AM GMT:ERROR:get_publisher.cc(169)] Unexpected HTTP status: -1
[Oct 27, 2025 9:33:08.3 AM GMT:ERROR:url_loader.cc(131)] Network error: net::ERR_INTERNET_DISCONNECTED
[Oct 27, 2025 9:33:08.3 AM GMT:ERROR:get_publisher.cc(169)] Unexpected HTTP status: -1
[Oct 27, 2025 9:33:08.3 AM GMT:ERROR:url_loader.cc(131)] Network error: net::ERR_INTERNET_DISCONNECTED
[Oct 27, 2025 9:33:08.3 AM GMT:ERROR:get_publisher.cc(169)] Unexpected HTTP status: -1
[Oct 27, 2025 9:33:08.3 AM GMT:ERROR:url_loader.cc(131)] Network error: net::ERR_INTERNET_DISCONNECTED
[Oct 27, 2025 9:33:08.3 AM GMT:ERROR:get_publisher.cc(169)] Unexpected HTTP status: -1
[Oct 27, 2025 9:33:08.3 AM GMT:ERROR:url_loader.cc(131)] Network error: net::ERR_INTERNET_DISCONNECTED
[Oct 27, 2025 9:33:08.3 AM GMT:ERROR:get_publisher.cc(169)] Unexpected HTTP status: -1
[Oct 27, 2025 9:33:08.4 AM GMT:ERROR:url_loader.cc(131)] Network error: net::ERR_INTERNET_DISCONNECTED
[Oct 27, 2025 9:33:08.4 AM GMT:ERROR:get_publisher.cc(169)] Unexpected HTTP status: -1
[Oct 27, 2025 9:33:08.4 AM GMT:ERROR:url_loader.cc(131)] Network error: net::ERR_INTERNET_DISCONNECTED
[Oct 27, 2025 9:33:08.4 AM GMT:ERROR:get_publisher.cc(169)] Unexpected HTTP status: -1
[Oct 27, 2025 9:33:08.4 AM GMT:ERROR:url_loader.cc(131)] Network error: net::ERR_INTERNET_DISCONNECTED
[Oct 27, 2025 9:33:08.4 AM GMT:ERROR:get_publisher.cc(169)] Unexpected HTTP status: -1
[Oct 27, 2025 9:33:08.4 AM GMT:ERROR:url_loader.cc(131)] Network error: net::ERR_INTERNET_DISCONNECTED
[Oct 27, 2025 9:33:08.4 AM GMT:ERROR:get_publisher.cc(169)] Unexpected HTTP status: -1
[Oct 27, 2025 9:33:08.4 AM GMT:ERROR:url_loader.cc(131)] Network error: net::ERR_INTERNET_DISCONNECTED
[Oct 27, 2025 9:33:08.4 AM GMT:ERROR:get_publisher.cc(169)] Unexpected HTTP status: -1
[Oct 27, 2025 9:33:08.4 AM GMT:ERROR:url_loader.cc(131)] Network error: net::ERR_INTERNET_DISCONNECTED
[Oct 27, 2025 9:33:08.4 AM GMT:ERROR:get_publisher.cc(169)] Unexpected HTTP status: -1
[Oct 27, 2025 9:33:08.4 AM GMT:ERROR:url_loader.cc(131)] Network error: net::ERR_INTERNET_DISCONNECTED
[Oct 27, 2025 9:33:08.4 AM GMT:ERROR:get_publisher.cc(169)] Unexpected HTTP status: -1
[Oct 27, 2025 9:33:08.4 AM GMT:ERROR:url_loader.cc(131)] Network error: net::ERR_INTERNET_DISCONNECTED
[Oct 27, 2025 9:33:08.4 AM GMT:ERROR:get_publisher.cc(169)] Unexpected HTTP status: -1
[Oct 27, 2025 9:33:08.4 AM GMT:ERROR:url_loader.cc(131)] Network error: net::ERR_INTERNET_DISCONNECTED
[Oct 27, 2025 9:33:08.4 AM GMT:ERROR:get_publisher.cc(169)] Unexpected HTTP status: -1
[Oct 27, 2025 9:33:08.4 AM GMT:ERROR:url_loader.cc(131)] Network error: net::ERR_INTERNET_DISCONNECTED
[Oct 27, 2025 9:33:08.4 AM GMT:ERROR:get_publisher.cc(169)] Unexpected HTTP status: -1
[Oct 27, 2025 9:33:08.4 AM GMT:ERROR:url_loader.cc(131)] Network error: net::ERR_INTERNET_DISCONNECTED
[Oct 27, 2025 9:33:08.4 AM GMT:ERROR:get_publisher.cc(169)] Unexpected HTTP status: -1
[Oct 27, 2025 9:33:08.4 AM GMT:ERROR:url_loader.cc(131)] Network error: net::ERR_INTERNET_DISCONNECTED
[Oct 27, 2025 9:33:08.4 AM GMT:ERROR:get_publisher.cc(169)] Unexpected HTTP status: -1
[Oct 27, 2025 9:33:08.4 AM GMT:ERROR:url_loader.cc(131)] Network error: net::ERR_INTERNET_DISCONNECTED
[Oct 27, 2025 9:33:08.4 AM GMT:ERROR:get_publisher.cc(169)] Unexpected HTTP status: -1
[Oct 27, 2025 9:33:08.4 AM GMT:ERROR:url_loader.cc(131)] Network error: net::ERR_INTERNET_DISCONNECTED
[Oct 27, 2025 9:33:08.4 AM GMT:ERROR:get_publisher.cc(169)] Unexpected HTTP status: -1
[Oct 27, 2025 9:33:08.4 AM GMT:ERROR:url_loader.cc(131)] Network error: net::ERR_INTERNET_DISCONNECTED
[Oct 27, 2025 9:33:08.4 AM GMT:ERROR:get_publisher.cc(169)] Unexpected HTTP status: -1
[Oct 27, 2025 9:33:08.4 AM GMT:ERROR:url_loader.cc(131)] Network error: net::ERR_INTERNET_DISCONNECTED
[Oct 27, 2025 9:33:08.4 AM GMT:ERROR:get_publisher.cc(169)] Unexpected HTTP status: -1
[Oct 27, 2025 9:33:08.4 AM GMT:ERROR:url_loader.cc(131)] Network error: net::ERR_INTERNET_DISCONNECTED
[Oct 27, 2025 9:33:08.4 AM GMT:ERROR:get_publisher.cc(169)] Unexpected HTTP status: -1
[Oct 27, 2025 9:33:08.4 AM GMT:ERROR:url_loader.cc(131)] Network error: net::ERR_INTERNET_DISCONNECTED
[Oct 27, 2025 9:33:08.4 AM GMT:ERROR:get_publisher.cc(169)] Unexpected HTTP status: -1
[Oct 27, 2025 9:33:08.4 AM GMT:ERROR:url_loader.cc(131)] Network error: net::ERR_INTERNET_DISCONNECTED
[Oct 27, 2025 9:33:08.4 AM GMT:ERROR:get_publisher.cc(169)] Unexpected HTTP status: -1
[Oct 27, 2025 9:33:08.4 AM GMT:ERROR:url_loader.cc(131)] Network error: net::ERR_INTERNET_DISCONNECTED
[Oct 27, 2025 9:33:08.4 AM GMT:ERROR:get_publisher.cc(169)] Unexpected HTTP status: -1
[Oct 27, 2025 9:33:08.4 AM GMT:ERROR:url_loader.cc(131)] Network error: net::ERR_INTERNET_DISCONNECTED
[Oct 27, 2025 9:33:08.4 AM GMT:ERROR:get_publisher.cc(169)] Unexpected HTTP status: -1
[Oct 27, 2025 9:33:08.4 AM GMT:ERROR:url_loader.cc(131)] Network error: net::ERR_INTERNET_DISCONNECTED
[Oct 27, 2025 9:33:08.4 AM GMT:ERROR:get_publisher.cc(169)] Unexpected HTTP status: -1
[Oct 27, 2025 9:33:08.4 AM GMT:ERROR:url_loader.cc(131)] Network error: net::ERR_INTERNET_DISCONNECTED
[Oct 27, 2025 9:33:08.4 AM GMT:ERROR:get_publisher.cc(169)] Unexpected HTTP status: -1
[Oct 27, 2025 9:33:08.4 AM GMT:ERROR:url_loader.cc(131)] Network error: net::ERR_INTERNET_DISCONNECTED
[Oct 27, 2025 9:33:08.4 AM GMT:ERROR:get_publisher.cc(169)] Unexpected HTTP status: -1
[Oct 27, 2025 9:33:08.4 AM GMT:ERROR:url_loader.cc(131)] Network error: net::ERR_INTERNET_DISCONNECTED
[Oct 27, 2025 9:33:08.4 AM GMT:ERROR:get_publisher.cc(169)] Unexpected HTTP status: -1
[Oct 27, 2025 9:33:08.4 AM GMT:ERROR:url_loader.cc(131)] Network error: net::ERR_INTERNET_DISCONNECTED
[Oct 27, 2025 9:33:08.4 AM GMT:ERROR:get_publisher.cc(169)] Unexpected HTTP status: -1
[Oct 27, 2025 9:33:08.4 AM GMT:ERROR:url_loader.cc(131)] Network error: net::ERR_INTERNET_DISCONNECTED
[Oct 27, 2025 9:33:08.4 AM GMT:ERROR:get_publisher.cc(169)] Unexpected HTTP status: -1
[Oct 27, 2025 9:33:08.4 AM GMT:ERROR:url_loader.cc(131)] Network error: net::ERR_INTERNET_DISCONNECTED
[Oct 27, 2025 9:33:08.4 AM GMT:ERROR:get_publisher.cc(169)] Unexpected HTTP status: -1
[Oct 27, 2025 9:33:08.4 AM GMT:ERROR:url_loader.cc(131)] Network error: net::ERR_INTERNET_DISCONNECTED
[Oct 27, 2025 9:33:08.4 AM GMT:ERROR:get_publisher.cc(169)] Unexpected HTTP status: -1
[Oct 27, 2025 9:33:08.4 AM GMT:ERROR:url_loader.cc(131)] Network error: net::ERR_INTERNET_DISCONNECTED
[Oct 27, 2025 9:33:08.4 AM GMT:ERROR:get_publisher.cc(169)] Unexpected HTTP status: -1
[Oct 27, 2025 9:33:08.4 AM GMT:ERROR:url_loader.cc(131)] Network error: net::ERR_INTERNET_DISCONNECTED
[Oct 27, 2025 9:33:08.4 AM GMT:ERROR:get_publisher.cc(169)] Unexpected HTTP status: -1
[Oct 27, 2025 9:33:08.4 AM GMT:ERROR:url_loader.cc(131)] Network error: net::ERR_INTERNET_DISCONNECTED
[Oct 27, 2025 9:33:08.4 AM GMT:ERROR:get_publisher.cc(169)] Unexpected HTTP status: -1
[Oct 27, 2025 9:33:08.4 AM GMT:ERROR:url_loader.cc(131)] Network error: net::ERR_INTERNET_DISCONNECTED
[Oct 27, 2025 9:33:08.4 AM GMT:ERROR:get_publisher.cc(169)] Unexpected HTTP status: -1
[Oct 27, 2025 9:33:08.4 AM GMT:ERROR:url_loader.cc(131)] Network error: net::ERR_INTERNET_DISCONNECTED
[Oct 27, 2025 9:33:08.4 AM GMT:ERROR:get_publisher.cc(169)] Unexpected HTTP status: -1
[Oct 27, 2025 9:33:08.4 AM GMT:ERROR:url_loader.cc(131)] Network error: net::ERR_INTERNET_DISCONNECTED
[Oct 27, 2025 9:33:08.4 AM GMT:ERROR:get_publisher.cc(169)] Unexpected HTTP status: -1
[Oct 27, 2025 9:33:08.4 AM GMT:ERROR:url_loader.cc(131)] Network error: net::ERR_INTERNET_DISCONNECTED
[Oct 27, 2025 9:33:08.4 AM GMT:ERROR:get_publisher.cc(169)] Unexpected HTTP status: -1
[Oct 27, 2025 9:33:08.4 AM GMT:ERROR:url_loader.cc(131)] Network error: net::ERR_INTERNET_DISCONNECTED
[Oct 27, 2025 9:33:08.4 AM GMT:ERROR:get_publisher.cc(169)] Unexpected HTTP status: -1
[Oct 27, 2025 9:33:08.4 AM GMT:ERROR:url_loader.cc(131)] Network error: net::ERR_INTERNET_DISCONNECTED
[Oct 27, 2025 9:33:08.4 AM GMT:ERROR:get_publisher.cc(169)] Unexpected HTTP status: -1
[Oct 27, 2025 9:33:08.4 AM GMT:ERROR:url_loader.cc(131)] Network error: net::ERR_INTERNET_DISCONNECTED
[Oct 27, 2025 9:33:08.4 AM GMT:ERROR:get_publisher.cc(169)] Unexpected HTTP status: -1
[Oct 27, 2025 9:33:08.4 AM GMT:ERROR:url_loader.cc(131)] Network error: net::ERR_INTERNET_DISCONNECTED
[Oct 27, 2025 9:33:08.4 AM GMT:ERROR:get_publisher.cc(169)] Unexpected HTTP status: -1
[Oct 27, 2025 9:33:08.4 AM GMT:ERROR:url_loader.cc(131)] Network error: net::ERR_INTERNET_DISCONNECTED
[Oct 27, 2025 9:33:08.4 AM GMT:ERROR:get_publisher.cc(169)] Unexpected HTTP status: -1
[Oct 27, 2025 9:33:08.4 AM GMT:ERROR:url_loader.cc(131)] Network error: net::ERR_INTERNET_DISCONNECTED
[Oct 27, 2025 9:33:08.4 AM GMT:ERROR:get_publisher.cc(169)] Unexpected HTTP status: -1
[Oct 27, 2025 9:33:08.4 AM GMT:ERROR:url_loader.cc(131)] Network error: net::ERR_INTERNET_DISCONNECTED
[Oct 27, 2025 9:33:08.4 AM GMT:ERROR:get_publisher.cc(169)] Unexpected HTTP status: -1
[Oct 27, 2025 9:33:08.4 AM GMT:ERROR:url_loader.cc(131)] Network error: net::ERR_INTERNET_DISCONNECTED
[Oct 27, 2025 9:33:08.4 AM GMT:ERROR:get_publisher.cc(169)] Unexpected HTTP status: -1
[Oct 27, 2025 9:33:08.4 AM GMT:ERROR:url_loader.cc(131)] Network error: net::ERR_INTERNET_DISCONNECTED
[Oct 27, 2025 9:33:08.4 AM GMT:ERROR:get_publisher.cc(169)] Unexpected HTTP status: -1
[Oct 27, 2025 9:33:08.4 AM GMT:ERROR:url_loader.cc(131)] Network error: net::ERR_INTERNET_DISCONNECTED
[Oct 27, 2025 9:33:08.4 AM GMT:ERROR:get_publisher.cc(169)] Unexpected HTTP status: -1
[Oct 27, 2025 9:33:08.4 AM GMT:ERROR:url_loader.cc(131)] Network error: net::ERR_INTERNET_DISCONNECTED
[Oct 27, 2025 9:33:08.4 AM GMT:ERROR:get_publisher.cc(169)] Unexpected HTTP status: -1
[Oct 27, 2025 9:33:08.4 AM GMT:ERROR:url_loader.cc(131)] Network error: net::ERR_INTERNET_DISCONNECTED
[Oct 27, 2025 9:33:08.4 AM GMT:ERROR:get_publisher.cc(169)] Unexpected HTTP status: -1
[Oct 27, 2025 9:33:08.4 AM GMT:ERROR:url_loader.cc(131)] Network error: net::ERR_INTERNET_DISCONNECTED
[Oct 27, 2025 9:33:08.4 AM GMT:ERROR:get_publisher.cc(169)] Unexpected HTTP status: -1
[Oct 27, 2025 9:33:08.4 AM GMT:ERROR:url_loader.cc(131)] Network error: net::ERR_INTERNET_DISCONNECTED
[Oct 27, 2025 9:33:08.4 AM GMT:ERROR:get_publisher.cc(169)] Unexpected HTTP status: -1
[Oct 27, 2025 9:33:08.4 AM GMT:ERROR:url_loader.cc(131)] Network error: net::ERR_INTERNET_DISCONNECTED
[Oct 27, 2025 9:33:08.4 AM GMT:ERROR:get_publisher.cc(169)] Unexpected HTTP status: -1
[Oct 27, 2025 9:33:08.4 AM GMT:ERROR:url_loader.cc(131)] Network error: net::ERR_INTERNET_DISCONNECTED
[Oct 27, 2025 9:33:08.4 AM GMT:ERROR:get_publisher.cc(169)] Unexpected HTTP status: -1
[Oct 27, 2025 9:33:08.4 AM GMT:ERROR:url_loader.cc(131)] Network error: net::ERR_INTERNET_DISCONNECTED
[Oct 27, 2025 9:33:08.4 AM GMT:ERROR:get_publisher.cc(169)] Unexpected HTTP status: -1
[Oct 27, 2025 9:33:08.4 AM GMT:ERROR:url_loader.cc(131)] Network error: net::ERR_INTERNET_DISCONNECTED
[Oct 27, 2025 9:33:08.4 AM GMT:ERROR:get_publisher.cc(169)] Unexpected HTTP status: -1
[Oct 27, 2025 9:33:08.4 AM GMT:ERROR:url_loader.cc(131)] Network error: net::ERR_INTERNET_DISCONNECTED
[Oct 27, 2025 9:33:08.4 AM GMT:ERROR:get_publisher.cc(169)] Unexpected HTTP status: -1
[Oct 27, 2025 9:33:08.4 AM GMT:ERROR:url_loader.cc(131)] Network error: net::ERR_INTERNET_DISCONNECTED
[Oct 27, 2025 9:33:08.4 AM GMT:ERROR:get_publisher.cc(169)] Unexpected HTTP status: -1
[Oct 27, 2025 9:33:08.4 AM GMT:ERROR:url_loader.cc(131)] Network error: net::ERR_INTERNET_DISCONNECTED
[Oct 27, 2025 9:33:08.4 AM GMT:ERROR:get_publisher.cc(169)] Unexpected HTTP status: -1
[Oct 27, 2025 9:33:08.4 AM GMT:ERROR:url_loader.cc(131)] Network error: net::ERR_INTERNET_DISCONNECTED
[Oct 27, 2025 9:33:08.4 AM GMT:ERROR:get_publisher.cc(169)] Unexpected HTTP status: -1
[Oct 27, 2025 9:33:08.4 AM GMT:ERROR:url_loader.cc(131)] Network error: net::ERR_INTERNET_DISCONNECTED
[Oct 27, 2025 9:33:08.4 AM GMT:ERROR:get_publisher.cc(169)] Unexpected HTTP status: -1
[Oct 27, 2025 9:33:08.4 AM GMT:ERROR:url_loader.cc(131)] Network error: net::ERR_INTERNET_DISCONNECTED
[Oct 27, 2025 9:33:08.4 AM GMT:ERROR:get_publisher.cc(169)] Unexpected HTTP status: -1
[Oct 27, 2025 9:33:08.4 AM GMT:ERROR:url_loader.cc(131)] Network error: net::ERR_INTERNET_DISCONNECTED
[Oct 27, 2025 9:33:08.4 AM GMT:ERROR:get_publisher.cc(169)] Unexpected HTTP status: -1
[Oct 27, 2025 9:33:08.5 AM GMT:ERROR:url_loader.cc(131)] Network error: net::ERR_INTERNET_DISCONNECTED
[Oct 27, 2025 9:33:08.5 AM GMT:ERROR:get_publisher.cc(169)] Unexpected HTTP status: -1
[Oct 27, 2025 9:33:08.5 AM GMT:ERROR:url_loader.cc(131)] Network error: net::ERR_INTERNET_DISCONNECTED
[Oct 27, 2025 9:33:08.5 AM GMT:ERROR:get_publisher.cc(169)] Unexpected HTTP status: -1
[Oct 27, 2025 9:33:08.5 AM GMT:ERROR:url_loader.cc(131)] Network error: net::ERR_INTERNET_DISCONNECTED
[Oct 27, 2025 9:33:08.5 AM GMT:ERROR:get_publisher.cc(169)] Unexpected HTTP status: -1
[Oct 27, 2025 9:33:08.5 AM GMT:ERROR:url_loader.cc(131)] Network error: net::ERR_INTERNET_DISCONNECTED
[Oct 27, 2025 9:33:08.5 AM GMT:ERROR:get_publisher.cc(169)] Unexpected HTTP status: -1
[Oct 27, 2025 9:33:08.5 AM GMT:ERROR:url_loader.cc(131)] Network error: net::ERR_INTERNET_DISCONNECTED
[Oct 27, 2025 9:33:08.5 AM GMT:ERROR:get_publisher.cc(169)] Unexpected HTTP status: -1
[Oct 27, 2025 9:33:08.5 AM GMT:ERROR:url_loader.cc(131)] Network error: net::ERR_INTERNET_DISCONNECTED
[Oct 27, 2025 9:33:08.5 AM GMT:ERROR:get_publisher.cc(169)] Unexpected HTTP status: -1
[Oct 27, 2025 9:33:08.5 AM GMT:ERROR:url_loader.cc(131)] Network error: net::ERR_INTERNET_DISCONNECTED
[Oct 27, 2025 9:33:08.5 AM GMT:ERROR:get_publisher.cc(169)] Unexpected HTTP status: -1
[Oct 27, 2025 9:33:08.5 AM GMT:ERROR:url_loader.cc(131)] Network error: net::ERR_INTERNET_DISCONNECTED
[Oct 27, 2025 9:33:08.5 AM GMT:ERROR:get_publisher.cc(169)] Unexpected HTTP status: -1
[Oct 27, 2025 9:33:08.5 AM GMT:ERROR:url_loader.cc(131)] Network error: net::ERR_INTERNET_DISCONNECTED
[Oct 27, 2025 9:33:08.5 AM GMT:ERROR:get_publisher.cc(169)] Unexpected HTTP status: -1
[Oct 27, 2025 9:33:08.5 AM GMT:ERROR:url_loader.cc(131)] Network error: net::ERR_INTERNET_DISCONNECTED
[Oct 27, 2025 9:33:08.5 AM GMT:ERROR:get_publisher.cc(169)] Unexpected HTTP status: -1
[Oct 27, 2025 9:33:08.5 AM GMT:ERROR:url_loader.cc(131)] Network error: net::ERR_INTERNET_DISCONNECTED
[Oct 27, 2025 9:33:08.5 AM GMT:ERROR:get_publisher.cc(169)] Unexpected HTTP status: -1
[Oct 27, 2025 9:33:08.5 AM GMT:ERROR:url_loader.cc(131)] Network error: net::ERR_INTERNET_DISCONNECTED
[Oct 27, 2025 9:33:08.5 AM GMT:ERROR:get_publisher.cc(169)] Unexpected HTTP status: -1
[Oct 27, 2025 9:33:08.5 AM GMT:ERROR:url_loader.cc(131)] Network error: net::ERR_INTERNET_DISCONNECTED
[Oct 27, 2025 9:33:08.5 AM GMT:ERROR:get_publisher.cc(169)] Unexpected HTTP status: -1
[Oct 27, 2025 9:33:08.5 AM GMT:ERROR:url_loader.cc(131)] Network error: net::ERR_INTERNET_DISCONNECTED
[Oct 27, 2025 9:33:08.5 AM GMT:ERROR:get_publisher.cc(169)] Unexpected HTTP status: -1
[Oct 27, 2025 9:33:08.5 AM GMT:ERROR:url_loader.cc(131)] Network error: net::ERR_INTERNET_DISCONNECTED
[Oct 27, 2025 9:33:08.5 AM GMT:ERROR:get_publisher.cc(169)] Unexpected HTTP status: -1
[Oct 27, 2025 9:33:08.5 AM GMT:ERROR:url_loader.cc(131)] Network error: net::ERR_INTERNET_DISCONNECTED
[Oct 27, 2025 9:33:08.5 AM GMT:ERROR:get_publisher.cc(169)] Unexpected HTTP status: -1
[Oct 27, 2025 9:33:08.5 AM GMT:ERROR:url_loader.cc(131)] Network error: net::ERR_INTERNET_DISCONNECTED
[Oct 27, 2025 9:33:08.5 AM GMT:ERROR:get_publisher.cc(169)] Unexpected HTTP status: -1
[Oct 27, 2025 9:33:08.5 AM GMT:ERROR:url_loader.cc(131)] Network error: net::ERR_INTERNET_DISCONNECTED
[Oct 27, 2025 9:33:08.5 AM GMT:ERROR:get_publisher.cc(169)] Unexpected HTTP status: -1
[Oct 27, 2025 9:33:08.5 AM GMT:ERROR:url_loader.cc(131)] Network error: net::ERR_INTERNET_DISCONNECTED
[Oct 27, 2025 9:33:08.5 AM GMT:ERROR:get_publisher.cc(169)] Unexpected HTTP status: -1
[Oct 27, 2025 9:33:08.5 AM GMT:ERROR:url_loader.cc(131)] Network error: net::ERR_INTERNET_DISCONNECTED
[Oct 27, 2025 9:33:08.5 AM GMT:ERROR:get_publisher.cc(169)] Unexpected HTTP status: -1
[Oct 27, 2025 9:33:08.5 AM GMT:ERROR:url_loader.cc(131)] Network error: net::ERR_INTERNET_DISCONNECTED
[Oct 27, 2025 9:33:08.5 AM GMT:ERROR:get_publisher.cc(169)] Unexpected HTTP status: -1
[Oct 27, 2025 9:33:08.5 AM GMT:ERROR:url_loader.cc(131)] Network error: net::ERR_INTERNET_DISCONNECTED
[Oct 27, 2025 9:33:08.5 AM GMT:ERROR:get_publisher.cc(169)] Unexpected HTTP status: -1
[Oct 27, 2025 9:33:08.5 AM GMT:ERROR:url_loader.cc(131)] Network error: net::ERR_INTERNET_DISCONNECTED
[Oct 27, 2025 9:33:08.5 AM GMT:ERROR:get_publisher.cc(169)] Unexpected HTTP status: -1
[Oct 27, 2025 9:33:08.5 AM GMT:ERROR:url_loader.cc(131)] Network error: net::ERR_INTERNET_DISCONNECTED
[Oct 27, 2025 9:33:08.5 AM GMT:ERROR:get_publisher.cc(169)] Unexpected HTTP status: -1
[Oct 27, 2025 9:33:08.5 AM GMT:ERROR:url_loader.cc(131)] Network error: net::ERR_INTERNET_DISCONNECTED
[Oct 27, 2025 9:33:08.5 AM GMT:ERROR:get_publisher.cc(169)] Unexpected HTTP status: -1
[Oct 27, 2025 9:33:08.5 AM GMT:ERROR:url_loader.cc(131)] Network error: net::ERR_INTERNET_DISCONNECTED
[Oct 27, 2025 9:33:08.5 AM GMT:ERROR:get_publisher.cc(169)] Unexpected HTTP status: -1
[Oct 27, 2025 9:33:08.5 AM GMT:ERROR:url_loader.cc(131)] Network error: net::ERR_INTERNET_DISCONNECTED
[Oct 27, 2025 9:33:08.5 AM GMT:ERROR:get_publisher.cc(169)] Unexpected HTTP status: -1
[Oct 27, 2025 9:33:08.5 AM GMT:ERROR:url_loader.cc(131)] Network error: net::ERR_INTERNET_DISCONNECTED
[Oct 27, 2025 9:33:08.5 AM GMT:ERROR:get_publisher.cc(169)] Unexpected HTTP status: -1
[Oct 27, 2025 9:33:08.5 AM GMT:ERROR:url_loader.cc(131)] Network error: net::ERR_INTERNET_DISCONNECTED
[Oct 27, 2025 9:33:08.5 AM GMT:ERROR:get_publisher.cc(169)] Unexpected HTTP status: -1
[Oct 27, 2025 9:33:08.5 AM GMT:ERROR:url_loader.cc(131)] Network error: net::ERR_INTERNET_DISCONNECTED
[Oct 27, 2025 9:33:08.5 AM GMT:ERROR:get_publisher.cc(169)] Unexpected HTTP status: -1
[Oct 27, 2025 9:33:08.5 AM GMT:ERROR:url_loader.cc(131)] Network error: net::ERR_INTERNET_DISCONNECTED
[Oct 27, 2025 9:33:08.5 AM GMT:ERROR:get_publisher.cc(169)] Unexpected HTTP status: -1
[Oct 27, 2025 9:33:08.5 AM GMT:ERROR:url_loader.cc(131)] Network error: net::ERR_INTERNET_DISCONNECTED
[Oct 27, 2025 9:33:08.5 AM GMT:ERROR:get_publisher.cc(169)] Unexpected HTTP status: -1
[Oct 27, 2025 9:33:08.5 AM GMT:ERROR:url_loader.cc(131)] Network error: net::ERR_INTERNET_DISCONNECTED
[Oct 27, 2025 9:33:08.5 AM GMT:ERROR:get_publisher.cc(169)] Unexpected HTTP status: -1
[Oct 27, 2025 9:33:08.5 AM GMT:ERROR:url_loader.cc(131)] Network error: net::ERR_INTERNET_DISCONNECTED
[Oct 27, 2025 9:33:08.5 AM GMT:ERROR:get_publisher.cc(169)] Unexpected HTTP status: -1
[Oct 27, 2025 9:33:08.5 AM GMT:ERROR:url_loader.cc(131)] Network error: net::ERR_INTERNET_DISCONNECTED
[Oct 27, 2025 9:33:08.5 AM GMT:ERROR:get_publisher.cc(169)] Unexpected HTTP status: -1
[Oct 27, 2025 9:33:08.5 AM GMT:ERROR:url_loader.cc(131)] Network error: net::ERR_INTERNET_DISCONNECTED
[Oct 27, 2025 9:33:08.5 AM GMT:ERROR:get_publisher.cc(169)] Unexpected HTTP status: -1
[Oct 27, 2025 9:33:08.5 AM GMT:ERROR:url_loader.cc(131)] Network error: net::ERR_INTERNET_DISCONNECTED
[Oct 27, 2025 9:33:08.5 AM GMT:ERROR:get_publisher.cc(169)] Unexpected HTTP status: -1
[Oct 27, 2025 9:33:08.5 AM GMT:ERROR:url_loader.cc(131)] Network error: net::ERR_INTERNET_DISCONNECTED
[Oct 27, 2025 9:33:08.5 AM GMT:ERROR:get_publisher.cc(169)] Unexpected HTTP status: -1
[Oct 27, 2025 9:33:08.5 AM GMT:ERROR:url_loader.cc(131)] Network error: net::ERR_INTERNET_DISCONNECTED
[Oct 27, 2025 9:33:08.5 AM GMT:ERROR:get_publisher.cc(169)] Unexpected HTTP status: -1
[Oct 27, 2025 9:33:08.5 AM GMT:ERROR:url_loader.cc(131)] Network error: net::ERR_INTERNET_DISCONNECTED
[Oct 27, 2025 9:33:08.5 AM GMT:ERROR:get_publisher.cc(169)] Unexpected HTTP status: -1
[Oct 27, 2025 9:33:08.5 AM GMT:ERROR:url_loader.cc(131)] Network error: net::ERR_INTERNET_DISCONNECTED
[Oct 27, 2025 9:33:08.5 AM GMT:ERROR:get_publisher.cc(169)] Unexpected HTTP status: -1
[Oct 27, 2025 9:33:08.5 AM GMT:ERROR:url_loader.cc(131)] Network error: net::ERR_INTERNET_DISCONNECTED
[Oct 27, 2025 9:33:08.5 AM GMT:ERROR:get_publisher.cc(169)] Unexpected HTTP status: -1
[Oct 27, 2025 9:33:08.5 AM GMT:ERROR:url_loader.cc(131)] Network error: net::ERR_INTERNET_DISCONNECTED
[Oct 27, 2025 9:33:08.5 AM GMT:ERROR:get_publisher.cc(169)] Unexpected HTTP status: -1
[Oct 27, 2025 9:33:08.5 AM GMT:ERROR:url_loader.cc(131)] Network error: net::ERR_INTERNET_DISCONNECTED
[Oct 27, 2025 9:33:08.5 AM GMT:ERROR:get_publisher.cc(169)] Unexpected HTTP status: -1
[Oct 27, 2025 9:33:08.5 AM GMT:ERROR:url_loader.cc(131)] Network error: net::ERR_INTERNET_DISCONNECTED
[Oct 27, 2025 9:33:08.5 AM GMT:ERROR:get_publisher.cc(169)] Unexpected HTTP status: -1
[Oct 27, 2025 9:33:08.5 AM GMT:ERROR:url_loader.cc(131)] Network error: net::ERR_INTERNET_DISCONNECTED
[Oct 27, 2025 9:33:08.5 AM GMT:ERROR:get_publisher.cc(169)] Unexpected HTTP status: -1
[Oct 27, 2025 9:33:08.5 AM GMT:ERROR:url_loader.cc(131)] Network error: net::ERR_INTERNET_DISCONNECTED
[Oct 27, 2025 9:33:08.5 AM GMT:ERROR:get_publisher.cc(169)] Unexpected HTTP status: -1
[Oct 27, 2025 9:33:08.5 AM GMT:ERROR:url_loader.cc(131)] Network error: net::ERR_INTERNET_DISCONNECTED
[Oct 27, 2025 9:33:08.5 AM GMT:ERROR:get_publisher.cc(169)] Unexpected HTTP status: -1
[Oct 27, 2025 9:33:08.5 AM GMT:ERROR:url_loader.cc(131)] Network error: net::ERR_INTERNET_DISCONNECTED
[Oct 27, 2025 9:33:08.5 AM GMT:ERROR:get_publisher.cc(169)] Unexpected HTTP status: -1
[Oct 27, 2025 9:33:08.5 AM GMT:ERROR:url_loader.cc(131)] Network error: net::ERR_INTERNET_DISCONNECTED
[Oct 27, 2025 9:33:08.5 AM GMT:ERROR:get_publisher.cc(169)] Unexpected HTTP status: -1
[Oct 27, 2025 9:33:08.5 AM GMT:ERROR:url_loader.cc(131)] Network error: net::ERR_INTERNET_DISCONNECTED
[Oct 27, 2025 9:33:08.5 AM GMT:ERROR:get_publisher.cc(169)] Unexpected HTTP status: -1
[Oct 27, 2025 9:33:08.5 AM GMT:ERROR:url_loader.cc(131)] Network error: net::ERR_INTERNET_DISCONNECTED
[Oct 27, 2025 9:33:08.5 AM GMT:ERROR:get_publisher.cc(169)] Unexpected HTTP status: -1
[Oct 27, 2025 9:33:08.5 AM GMT:ERROR:url_loader.cc(131)] Network error: net::ERR_INTERNET_DISCONNECTED
[Oct 27, 2025 9:33:08.5 AM GMT:ERROR:get_publisher.cc(169)] Unexpected HTTP status: -1
[Oct 27, 2025 9:33:08.5 AM GMT:ERROR:url_loader.cc(131)] Network error: net::ERR_INTERNET_DISCONNECTED
[Oct 27, 2025 9:33:08.5 AM GMT:ERROR:get_publisher.cc(169)] Unexpected HTTP status: -1
[Oct 27, 2025 9:33:08.5 AM GMT:ERROR:url_loader.cc(131)] Network error: net::ERR_INTERNET_DISCONNECTED
[Oct 27, 2025 9:33:08.5 AM GMT:ERROR:get_publisher.cc(169)] Unexpected HTTP status: -1
[Oct 27, 2025 9:33:08.5 AM GMT:ERROR:url_loader.cc(131)] Network error: net::ERR_INTERNET_DISCONNECTED
[Oct 27, 2025 9:33:08.5 AM GMT:ERROR:get_publisher.cc(169)] Unexpected HTTP status: -1
[Oct 27, 2025 9:33:08.5 AM GMT:ERROR:url_loader.cc(131)] Network error: net::ERR_INTERNET_DISCONNECTED
[Oct 27, 2025 9:33:08.5 AM GMT:ERROR:get_publisher.cc(169)] Unexpected HTTP status: -1
[Oct 27, 2025 9:33:08.5 AM GMT:ERROR:url_loader.cc(131)] Network error: net::ERR_INTERNET_DISCONNECTED
[Oct 27, 2025 9:33:08.5 AM GMT:ERROR:get_publisher.cc(169)] Unexpected HTTP status: -1
[Oct 27, 2025 9:33:08.5 AM GMT:ERROR:url_loader.cc(131)] Network error: net::ERR_INTERNET_DISCONNECTED
[Oct 27, 2025 9:33:08.5 AM GMT:ERROR:get_publisher.cc(169)] Unexpected HTTP status: -1
[Oct 27, 2025 9:33:08.5 AM GMT:ERROR:url_loader.cc(131)] Network error: net::ERR_INTERNET_DISCONNECTED
[Oct 27, 2025 9:33:08.5 AM GMT:ERROR:get_publisher.cc(169)] Unexpected HTTP status: -1
[Oct 27, 2025 9:33:08.5 AM GMT:ERROR:url_loader.cc(131)] Network error: net::ERR_INTERNET_DISCONNECTED
[Oct 27, 2025 9:33:08.5 AM GMT:ERROR:get_publisher.cc(169)] Unexpected HTTP status: -1
[Oct 27, 2025 9:33:08.5 AM GMT:ERROR:url_loader.cc(131)] Network error: net::ERR_INTERNET_DISCONNECTED
[Oct 27, 2025 9:33:08.5 AM GMT:ERROR:get_publisher.cc(169)] Unexpected HTTP status: -1
[Oct 27, 2025 9:33:08.5 AM GMT:ERROR:url_loader.cc(131)] Network error: net::ERR_INTERNET_DISCONNECTED
[Oct 27, 2025 9:33:08.5 AM GMT:ERROR:get_publisher.cc(169)] Unexpected HTTP status: -1
[Oct 27, 2025 9:33:08.6 AM GMT:ERROR:url_loader.cc(131)] Network error: net::ERR_INTERNET_DISCONNECTED
[Oct 27, 2025 9:33:08.6 AM GMT:ERROR:get_publisher.cc(169)] Unexpected HTTP status: -1
[Oct 27, 2025 9:33:08.6 AM GMT:ERROR:url_loader.cc(131)] Network error: net::ERR_INTERNET_DISCONNECTED
[Oct 27, 2025 9:33:08.6 AM GMT:ERROR:get_publisher.cc(169)] Unexpected HTTP status: -1
[Oct 27, 2025 9:33:08.6 AM GMT:ERROR:url_loader.cc(131)] Network error: net::ERR_INTERNET_DISCONNECTED
[Oct 27, 2025 9:33:08.6 AM GMT:ERROR:get_publisher.cc(169)] Unexpected HTTP status: -1
[Oct 27, 2025 9:33:08.6 AM GMT:ERROR:url_loader.cc(131)] Network error: net::ERR_INTERNET_DISCONNECTED
[Oct 27, 2025 9:33:08.6 AM GMT:ERROR:get_publisher.cc(169)] Unexpected HTTP status: -1
[Oct 27, 2025 9:33:08.6 AM GMT:ERROR:url_loader.cc(131)] Network error: net::ERR_INTERNET_DISCONNECTED
[Oct 27, 2025 9:33:08.6 AM GMT:ERROR:get_publisher.cc(169)] Unexpected HTTP status: -1
[Oct 27, 2025 9:33:08.6 AM GMT:ERROR:url_loader.cc(131)] Network error: net::ERR_INTERNET_DISCONNECTED
[Oct 27, 2025 9:33:08.6 AM GMT:ERROR:get_publisher.cc(169)] Unexpected HTTP status: -1
[Oct 27, 2025 9:33:08.6 AM GMT:ERROR:url_loader.cc(131)] Network error: net::ERR_INTERNET_DISCONNECTED
[Oct 27, 2025 9:33:08.6 AM GMT:ERROR:get_publisher.cc(169)] Unexpected HTTP status: -1
[Oct 27, 2025 9:33:08.6 AM GMT:ERROR:url_loader.cc(131)] Network error: net::ERR_INTERNET_DISCONNECTED
[Oct 27, 2025 9:33:08.6 AM GMT:ERROR:get_publisher.cc(169)] Unexpected HTTP status: -1
[Oct 27, 2025 9:33:08.6 AM GMT:ERROR:url_loader.cc(131)] Network error: net::ERR_INTERNET_DISCONNECTED
[Oct 27, 2025 9:33:08.6 AM GMT:ERROR:get_publisher.cc(169)] Unexpected HTTP status: -1
[Oct 27, 2025 9:33:08.6 AM GMT:ERROR:url_loader.cc(131)] Network error: net::ERR_INTERNET_DISCONNECTED
[Oct 27, 2025 9:33:08.6 AM GMT:ERROR:get_publisher.cc(169)] Unexpected HTTP status: -1
[Oct 27, 2025 9:33:08.6 AM GMT:ERROR:url_loader.cc(131)] Network error: net::ERR_INTERNET_DISCONNECTED
[Oct 27, 2025 9:33:08.6 AM GMT:ERROR:get_publisher.cc(169)] Unexpected HTTP status: -1
[Oct 27, 2025 9:33:08.6 AM GMT:ERROR:url_loader.cc(131)] Network error: net::ERR_INTERNET_DISCONNECTED
[Oct 27, 2025 9:33:08.6 AM GMT:ERROR:get_publisher.cc(169)] Unexpected HTTP status: -1
[Oct 27, 2025 9:33:08.6 AM GMT:ERROR:url_loader.cc(131)] Network error: net::ERR_INTERNET_DISCONNECTED
[Oct 27, 2025 9:33:08.6 AM GMT:ERROR:get_publisher.cc(169)] Unexpected HTTP status: -1
[Oct 27, 2025 9:33:08.6 AM GMT:ERROR:url_loader.cc(131)] Network error: net::ERR_INTERNET_DISCONNECTED
[Oct 27, 2025 9:33:08.6 AM GMT:ERROR:get_publisher.cc(169)] Unexpected HTTP status: -1
[Oct 27, 2025 9:33:08.6 AM GMT:ERROR:url_loader.cc(131)] Network error: net::ERR_INTERNET_DISCONNECTED
[Oct 27, 2025 9:33:08.6 AM GMT:ERROR:get_publisher.cc(169)] Unexpected HTTP status: -1
[Oct 27, 2025 9:33:08.6 AM GMT:ERROR:url_loader.cc(131)] Network error: net::ERR_INTERNET_DISCONNECTED
[Oct 27, 2025 9:33:08.6 AM GMT:ERROR:get_publisher.cc(169)] Unexpected HTTP status: -1
[Oct 27, 2025 9:33:08.6 AM GMT:ERROR:url_loader.cc(131)] Network error: net::ERR_INTERNET_DISCONNECTED
[Oct 27, 2025 9:33:08.6 AM GMT:ERROR:get_publisher.cc(169)] Unexpected HTTP status: -1
[Oct 27, 2025 9:33:08.6 AM GMT:ERROR:url_loader.cc(131)] Network error: net::ERR_INTERNET_DISCONNECTED
[Oct 27, 2025 9:33:08.6 AM GMT:ERROR:get_publisher.cc(169)] Unexpected HTTP status: -1
[Oct 27, 2025 9:33:08.6 AM GMT:ERROR:url_loader.cc(131)] Network error: net::ERR_INTERNET_DISCONNECTED
[Oct 27, 2025 9:33:08.6 AM GMT:ERROR:get_publisher.cc(169)] Unexpected HTTP status: -1
[Oct 27, 2025 9:33:08.6 AM GMT:ERROR:url_loader.cc(131)] Network error: net::ERR_INTERNET_DISCONNECTED
[Oct 27, 2025 9:33:08.6 AM GMT:ERROR:get_publisher.cc(169)] Unexpected HTTP status: -1
[Oct 27, 2025 9:33:08.6 AM GMT:ERROR:url_loader.cc(131)] Network error: net::ERR_INTERNET_DISCONNECTED
[Oct 27, 2025 9:33:08.6 AM GMT:ERROR:get_publisher.cc(169)] Unexpected HTTP status: -1
[Oct 27, 2025 9:33:08.6 AM GMT:ERROR:url_loader.cc(131)] Network error: net::ERR_INTERNET_DISCONNECTED
[Oct 27, 2025 9:33:08.6 AM GMT:ERROR:get_publisher.cc(169)] Unexpected HTTP status: -1
[Oct 27, 2025 9:33:08.6 AM GMT:ERROR:url_loader.cc(131)] Network error: net::ERR_INTERNET_DISCONNECTED
[Oct 27, 2025 9:33:08.6 AM GMT:ERROR:get_publisher.cc(169)] Unexpected HTTP status: -1
[Oct 27, 2025 9:33:08.6 AM GMT:ERROR:url_loader.cc(131)] Network error: net::ERR_INTERNET_DISCONNECTED
[Oct 27, 2025 9:33:08.6 AM GMT:ERROR:get_publisher.cc(169)] Unexpected HTTP status: -1
[Oct 27, 2025 9:33:08.6 AM GMT:ERROR:url_loader.cc(131)] Network error: net::ERR_INTERNET_DISCONNECTED
[Oct 27, 2025 9:33:08.6 AM GMT:ERROR:get_publisher.cc(169)] Unexpected HTTP status: -1
[Oct 27, 2025 9:33:08.6 AM GMT:ERROR:url_loader.cc(131)] Network error: net::ERR_INTERNET_DISCONNECTED
[Oct 27, 2025 9:33:08.6 AM GMT:ERROR:get_publisher.cc(169)] Unexpected HTTP status: -1
[Oct 27, 2025 9:33:08.6 AM GMT:ERROR:url_loader.cc(131)] Network error: net::ERR_INTERNET_DISCONNECTED
[Oct 27, 2025 9:33:08.6 AM GMT:ERROR:get_publisher.cc(169)] Unexpected HTTP status: -1
[Oct 27, 2025 9:33:08.6 AM GMT:ERROR:url_loader.cc(131)] Network error: net::ERR_INTERNET_DISCONNECTED
[Oct 27, 2025 9:33:08.6 AM GMT:ERROR:get_publisher.cc(169)] Unexpected HTTP status: -1
[Oct 27, 2025 9:33:08.6 AM GMT:ERROR:url_loader.cc(131)] Network error: net::ERR_INTERNET_DISCONNECTED
[Oct 27, 2025 9:33:08.6 AM GMT:ERROR:get_publisher.cc(169)] Unexpected HTTP status: -1
[Oct 27, 2025 9:33:08.6 AM GMT:ERROR:url_loader.cc(131)] Network error: net::ERR_INTERNET_DISCONNECTED
[Oct 27, 2025 9:33:08.6 AM GMT:ERROR:get_publisher.cc(169)] Unexpected HTTP status: -1
[Oct 27, 2025 9:33:08.6 AM GMT:ERROR:url_loader.cc(131)] Network error: net::ERR_INTERNET_DISCONNECTED
[Oct 27, 2025 9:33:08.6 AM GMT:ERROR:get_publisher.cc(169)] Unexpected HTTP status: -1
[Oct 27, 2025 9:33:08.6 AM GMT:ERROR:url_loader.cc(131)] Network error: net::ERR_INTERNET_DISCONNECTED
[Oct 27, 2025 9:33:08.6 AM GMT:ERROR:get_publisher.cc(169)] Unexpected HTTP status: -1
[Oct 27, 2025 9:33:08.6 AM GMT:ERROR:url_loader.cc(131)] Network error: net::ERR_INTERNET_DISCONNECTED
[Oct 27, 2025 9:33:08.6 AM GMT:ERROR:get_publisher.cc(169)] Unexpected HTTP status: -1
[Oct 27, 2025 9:33:08.6 AM GMT:ERROR:url_loader.cc(131)] Network error: net::ERR_INTERNET_DISCONNECTED
[Oct 27, 2025 9:33:08.6 AM GMT:ERROR:get_publisher.cc(169)] Unexpected HTTP status: -1
[Oct 27, 2025 9:33:08.6 AM GMT:ERROR:url_loader.cc(131)] Network error: net::ERR_INTERNET_DISCONNECTED
[Oct 27, 2025 9:33:08.6 AM GMT:ERROR:get_publisher.cc(169)] Unexpected HTTP status: -1
[Oct 27, 2025 9:33:08.6 AM GMT:ERROR:url_loader.cc(131)] Network error: net::ERR_INTERNET_DISCONNECTED
[Oct 27, 2025 9:33:08.6 AM GMT:ERROR:get_publisher.cc(169)] Unexpected HTTP status: -1
[Oct 27, 2025 9:33:08.6 AM GMT:ERROR:url_loader.cc(131)] Network error: net::ERR_INTERNET_DISCONNECTED
[Oct 27, 2025 9:33:08.6 AM GMT:ERROR:get_publisher.cc(169)] Unexpected HTTP status: -1
[Oct 27, 2025 9:33:08.6 AM GMT:ERROR:url_loader.cc(131)] Network error: net::ERR_INTERNET_DISCONNECTED
[Oct 27, 2025 9:33:08.6 AM GMT:ERROR:get_publisher.cc(169)] Unexpected HTTP status: -1
[Oct 27, 2025 9:33:08.6 AM GMT:ERROR:url_loader.cc(131)] Network error: net::ERR_INTERNET_DISCONNECTED
[Oct 27, 2025 9:33:08.6 AM GMT:ERROR:get_publisher.cc(169)] Unexpected HTTP status: -1
[Oct 27, 2025 9:33:08.6 AM GMT:ERROR:url_loader.cc(131)] Network error: net::ERR_INTERNET_DISCONNECTED
[Oct 27, 2025 9:33:08.6 AM GMT:ERROR:get_publisher.cc(169)] Unexpected HTTP status: -1
[Oct 27, 2025 9:33:08.6 AM GMT:ERROR:url_loader.cc(131)] Network error: net::ERR_INTERNET_DISCONNECTED
[Oct 27, 2025 9:33:08.6 AM GMT:ERROR:get_publisher.cc(169)] Unexpected HTTP status: -1
[Oct 27, 2025 9:33:08.6 AM GMT:ERROR:url_loader.cc(131)] Network error: net::ERR_INTERNET_DISCONNECTED
[Oct 27, 2025 9:33:08.6 AM GMT:ERROR:get_publisher.cc(169)] Unexpected HTTP status: -1
[Oct 27, 2025 9:33:08.6 AM GMT:ERROR:url_loader.cc(131)] Network error: net::ERR_INTERNET_DISCONNECTED
[Oct 27, 2025 9:33:08.6 AM GMT:ERROR:get_publisher.cc(169)] Unexpected HTTP status: -1
[Oct 27, 2025 9:33:08.6 AM GMT:ERROR:url_loader.cc(131)] Network error: net::ERR_INTERNET_DISCONNECTED
[Oct 27, 2025 9:33:08.6 AM GMT:ERROR:get_publisher.cc(169)] Unexpected HTTP status: -1
[Oct 27, 2025 9:33:08.6 AM GMT:ERROR:url_loader.cc(131)] Network error: net::ERR_INTERNET_DISCONNECTED
[Oct 27, 2025 9:33:08.6 AM GMT:ERROR:get_publisher.cc(169)] Unexpected HTTP status: -1
[Oct 27, 2025 9:33:08.6 AM GMT:ERROR:url_loader.cc(131)] Network error: net::ERR_INTERNET_DISCONNECTED
[Oct 27, 2025 9:33:08.6 AM GMT:ERROR:get_publisher.cc(169)] Unexpected HTTP status: -1
[Oct 27, 2025 9:33:08.6 AM GMT:ERROR:url_loader.cc(131)] Network error: net::ERR_INTERNET_DISCONNECTED
[Oct 27, 2025 9:33:08.6 AM GMT:ERROR:get_publisher.cc(169)] Unexpected HTTP status: -1
[Oct 27, 2025 9:33:08.6 AM GMT:ERROR:url_loader.cc(131)] Network error: net::ERR_INTERNET_DISCONNECTED
[Oct 27, 2025 9:33:08.6 AM GMT:ERROR:get_publisher.cc(169)] Unexpected HTTP status: -1
[Oct 27, 2025 9:33:08.6 AM GMT:ERROR:url_loader.cc(131)] Network error: net::ERR_INTERNET_DISCONNECTED
[Oct 27, 2025 9:33:08.6 AM GMT:ERROR:get_publisher.cc(169)] Unexpected HTTP status: -1
[Oct 27, 2025 9:33:08.6 AM GMT:ERROR:url_loader.cc(131)] Network error: net::ERR_INTERNET_DISCONNECTED
[Oct 27, 2025 9:33:08.6 AM GMT:ERROR:get_publisher.cc(169)] Unexpected HTTP status: -1
[Oct 27, 2025 9:33:08.6 AM GMT:ERROR:url_loader.cc(131)] Network error: net::ERR_INTERNET_DISCONNECTED
[Oct 27, 2025 9:33:08.6 AM GMT:ERROR:get_publisher.cc(169)] Unexpected HTTP status: -1
[Oct 27, 2025 9:33:08.6 AM GMT:ERROR:url_loader.cc(131)] Network error: net::ERR_INTERNET_DISCONNECTED
[Oct 27, 2025 9:33:08.6 AM GMT:ERROR:get_publisher.cc(169)] Unexpected HTTP status: -1
[Oct 27, 2025 9:33:08.6 AM GMT:ERROR:url_loader.cc(131)] Network error: net::ERR_INTERNET_DISCONNECTED
[Oct 27, 2025 9:33:08.6 AM GMT:ERROR:get_publisher.cc(169)] Unexpected HTTP status: -1
[Oct 27, 2025 9:33:08.6 AM GMT:ERROR:url_loader.cc(131)] Network error: net::ERR_INTERNET_DISCONNECTED
[Oct 27, 2025 9:33:08.6 AM GMT:ERROR:get_publisher.cc(169)] Unexpected HTTP status: -1
[Oct 27, 2025 9:33:08.6 AM GMT:ERROR:url_loader.cc(131)] Network error: net::ERR_INTERNET_DISCONNECTED
[Oct 27, 2025 9:33:08.6 AM GMT:ERROR:get_publisher.cc(169)] Unexpected HTTP status: -1
[Oct 27, 2025 9:33:08.6 AM GMT:ERROR:url_loader.cc(131)] Network error: net::ERR_INTERNET_DISCONNECTED
[Oct 27, 2025 9:33:08.6 AM GMT:ERROR:get_publisher.cc(169)] Unexpected HTTP status: -1
[Oct 27, 2025 9:33:08.6 AM GMT:ERROR:url_loader.cc(131)] Network error: net::ERR_INTERNET_DISCONNECTED
[Oct 27, 2025 9:33:08.6 AM GMT:ERROR:get_publisher.cc(169)] Unexpected HTTP status: -1
[Oct 27, 2025 9:33:08.6 AM GMT:ERROR:url_loader.cc(131)] Network error: net::ERR_INTERNET_DISCONNECTED
[Oct 27, 2025 9:33:08.6 AM GMT:ERROR:get_publisher.cc(169)] Unexpected HTTP status: -1
[Oct 27, 2025 9:33:08.6 AM GMT:ERROR:url_loader.cc(131)] Network error: net::ERR_INTERNET_DISCONNECTED
[Oct 27, 2025 9:33:08.6 AM GMT:ERROR:get_publisher.cc(169)] Unexpected HTTP status: -1
[Oct 27, 2025 9:33:08.6 AM GMT:ERROR:url_loader.cc(131)] Network error: net::ERR_INTERNET_DISCONNECTED
[Oct 27, 2025 9:33:08.6 AM GMT:ERROR:get_publisher.cc(169)] Unexpected HTTP status: -1
[Oct 27, 2025 9:33:08.6 AM GMT:ERROR:url_loader.cc(131)] Network error: net::ERR_INTERNET_DISCONNECTED
[Oct 27, 2025 9:33:08.6 AM GMT:ERROR:get_publisher.cc(169)] Unexpected HTTP status: -1
[Oct 27, 2025 9:33:08.7 AM GMT:ERROR:url_loader.cc(131)] Network error: net::ERR_INTERNET_DISCONNECTED
[Oct 27, 2025 9:33:08.7 AM GMT:ERROR:get_publisher.cc(169)] Unexpected HTTP status: -1
[Oct 27, 2025 9:33:08.7 AM GMT:ERROR:url_loader.cc(131)] Network error: net::ERR_INTERNET_DISCONNECTED
[Oct 27, 2025 9:33:08.7 AM GMT:ERROR:get_publisher.cc(169)] Unexpected HTTP status: -1
[Oct 27, 2025 9:33:08.7 AM GMT:ERROR:url_loader.cc(131)] Network error: net::ERR_INTERNET_DISCONNECTED
[Oct 27, 2025 9:33:08.7 AM GMT:ERROR:get_publisher.cc(169)] Unexpected HTTP status: -1
[Oct 27, 2025 9:33:08.7 AM GMT:ERROR:url_loader.cc(131)] Network error: net::ERR_INTERNET_DISCONNECTED
[Oct 27, 2025 9:33:08.7 AM GMT:ERROR:get_publisher.cc(169)] Unexpected HTTP status: -1
[Oct 27, 2025 9:33:08.7 AM GMT:ERROR:url_loader.cc(131)] Network error: net::ERR_INTERNET_DISCONNECTED
[Oct 27, 2025 9:33:08.7 AM GMT:ERROR:get_publisher.cc(169)] Unexpected HTTP status: -1
[Oct 27, 2025 9:33:08.7 AM GMT:ERROR:url_loader.cc(131)] Network error: net::ERR_INTERNET_DISCONNECTED
[Oct 27, 2025 9:33:08.7 AM GMT:ERROR:get_publisher.cc(169)] Unexpected HTTP status: -1
[Oct 27, 2025 9:33:08.7 AM GMT:ERROR:url_loader.cc(131)] Network error: net::ERR_INTERNET_DISCONNECTED
[Oct 27, 2025 9:33:08.7 AM GMT:ERROR:get_publisher.cc(169)] Unexpected HTTP status: -1
[Oct 27, 2025 9:33:08.7 AM GMT:ERROR:url_loader.cc(131)] Network error: net::ERR_INTERNET_DISCONNECTED
[Oct 27, 2025 9:33:08.7 AM GMT:ERROR:get_publisher.cc(169)] Unexpected HTTP status: -1
[Oct 27, 2025 9:33:08.7 AM GMT:ERROR:url_loader.cc(131)] Network error: net::ERR_INTERNET_DISCONNECTED
[Oct 27, 2025 9:33:08.7 AM GMT:ERROR:get_publisher.cc(169)] Unexpected HTTP status: -1
[Oct 27, 2025 9:33:08.7 AM GMT:ERROR:url_loader.cc(131)] Network error: net::ERR_INTERNET_DISCONNECTED
[Oct 27, 2025 9:33:08.7 AM GMT:ERROR:get_publisher.cc(169)] Unexpected HTTP status: -1
[Oct 27, 2025 9:33:08.7 AM GMT:ERROR:url_loader.cc(131)] Network error: net::ERR_INTERNET_DISCONNECTED
[Oct 27, 2025 9:33:08.7 AM GMT:ERROR:get_publisher.cc(169)] Unexpected HTTP status: -1
[Oct 27, 2025 9:33:08.7 AM GMT:ERROR:url_loader.cc(131)] Network error: net::ERR_INTERNET_DISCONNECTED
[Oct 27, 2025 9:33:08.7 AM GMT:ERROR:get_publisher.cc(169)] Unexpected HTTP status: -1
[Oct 27, 2025 9:33:08.7 AM GMT:ERROR:url_loader.cc(131)] Network error: net::ERR_INTERNET_DISCONNECTED
[Oct 27, 2025 9:33:08.7 AM GMT:ERROR:get_publisher.cc(169)] Unexpected HTTP status: -1
[Oct 27, 2025 9:33:08.7 AM GMT:ERROR:url_loader.cc(131)] Network error: net::ERR_INTERNET_DISCONNECTED
[Oct 27, 2025 9:33:08.7 AM GMT:ERROR:get_publisher.cc(169)] Unexpected HTTP status: -1
[Oct 27, 2025 9:33:08.7 AM GMT:ERROR:url_loader.cc(131)] Network error: net::ERR_INTERNET_DISCONNECTED
[Oct 27, 2025 9:33:08.7 AM GMT:ERROR:get_publisher.cc(169)] Unexpected HTTP status: -1
[Oct 27, 2025 9:33:08.7 AM GMT:ERROR:url_loader.cc(131)] Network error: net::ERR_INTERNET_DISCONNECTED
[Oct 27, 2025 9:33:08.7 AM GMT:ERROR:get_publisher.cc(169)] Unexpected HTTP status: -1
[Oct 27, 2025 9:33:08.7 AM GMT:ERROR:url_loader.cc(131)] Network error: net::ERR_INTERNET_DISCONNECTED
[Oct 27, 2025 9:33:08.7 AM GMT:ERROR:get_publisher.cc(169)] Unexpected HTTP status: -1
[Oct 27, 2025 9:33:08.7 AM GMT:ERROR:url_loader.cc(131)] Network error: net::ERR_INTERNET_DISCONNECTED
[Oct 27, 2025 9:33:08.7 AM GMT:ERROR:get_publisher.cc(169)] Unexpected HTTP status: -1
[Oct 27, 2025 9:33:08.7 AM GMT:ERROR:url_loader.cc(131)] Network error: net::ERR_INTERNET_DISCONNECTED
[Oct 27, 2025 9:33:08.7 AM GMT:ERROR:get_publisher.cc(169)] Unexpected HTTP status: -1
[Oct 27, 2025 9:33:08.7 AM GMT:ERROR:url_loader.cc(131)] Network error: net::ERR_INTERNET_DISCONNECTED
[Oct 27, 2025 9:33:08.7 AM GMT:ERROR:get_publisher.cc(169)] Unexpected HTTP status: -1
[Oct 27, 2025 9:33:08.7 AM GMT:ERROR:url_loader.cc(131)] Network error: net::ERR_INTERNET_DISCONNECTED
[Oct 27, 2025 9:33:08.7 AM GMT:ERROR:get_publisher.cc(169)] Unexpected HTTP status: -1
[Oct 27, 2025 9:33:08.7 AM GMT:ERROR:url_loader.cc(131)] Network error: net::ERR_INTERNET_DISCONNECTED
[Oct 27, 2025 9:33:08.7 AM GMT:ERROR:get_publisher.cc(169)] Unexpected HTTP status: -1
[Oct 27, 2025 9:33:08.7 AM GMT:ERROR:url_loader.cc(131)] Network error: net::ERR_INTERNET_DISCONNECTED
[Oct 27, 2025 9:33:08.7 AM GMT:ERROR:get_publisher.cc(169)] Unexpected HTTP status: -1
[Oct 27, 2025 9:33:08.7 AM GMT:ERROR:url_loader.cc(131)] Network error: net::ERR_INTERNET_DISCONNECTED
[Oct 27, 2025 9:33:08.7 AM GMT:ERROR:get_publisher.cc(169)] Unexpected HTTP status: -1
[Oct 27, 2025 9:33:08.7 AM GMT:ERROR:url_loader.cc(131)] Network error: net::ERR_INTERNET_DISCONNECTED
[Oct 27, 2025 9:33:08.7 AM GMT:ERROR:get_publisher.cc(169)] Unexpected HTTP status: -1
[Oct 27, 2025 9:33:08.7 AM GMT:ERROR:url_loader.cc(131)] Network error: net::ERR_INTERNET_DISCONNECTED
[Oct 27, 2025 9:33:08.7 AM GMT:ERROR:get_publisher.cc(169)] Unexpected HTTP status: -1
[Oct 27, 2025 9:33:08.7 AM GMT:ERROR:url_loader.cc(131)] Network error: net::ERR_INTERNET_DISCONNECTED
[Oct 27, 2025 9:33:08.7 AM GMT:ERROR:get_publisher.cc(169)] Unexpected HTTP status: -1
[Oct 27, 2025 9:33:08.7 AM GMT:ERROR:url_loader.cc(131)] Network error: net::ERR_INTERNET_DISCONNECTED
[Oct 27, 2025 9:33:08.7 AM GMT:ERROR:get_publisher.cc(169)] Unexpected HTTP status: -1
[Oct 27, 2025 9:33:08.7 AM GMT:ERROR:url_loader.cc(131)] Network error: net::ERR_INTERNET_DISCONNECTED
[Oct 27, 2025 9:33:08.7 AM GMT:ERROR:get_publisher.cc(169)] Unexpected HTTP status: -1
[Oct 27, 2025 9:33:08.7 AM GMT:ERROR:url_loader.cc(131)] Network error: net::ERR_INTERNET_DISCONNECTED
[Oct 27, 2025 9:33:08.7 AM GMT:ERROR:get_publisher.cc(169)] Unexpected HTTP status: -1
[Oct 27, 2025 9:33:08.7 AM GMT:ERROR:url_loader.cc(131)] Network error: net::ERR_INTERNET_DISCONNECTED
[Oct 27, 2025 9:33:08.7 AM GMT:ERROR:get_publisher.cc(169)] Unexpected HTTP status: -1
[Oct 27, 2025 9:33:08.7 AM GMT:ERROR:url_loader.cc(131)] Network error: net::ERR_INTERNET_DISCONNECTED
[Oct 27, 2025 9:33:08.7 AM GMT:ERROR:get_publisher.cc(169)] Unexpected HTTP status: -1
[Oct 27, 2025 9:33:08.7 AM GMT:ERROR:url_loader.cc(131)] Network error: net::ERR_INTERNET_DISCONNECTED
[Oct 27, 2025 9:33:08.7 AM GMT:ERROR:get_publisher.cc(169)] Unexpected HTTP status: -1
[Oct 27, 2025 9:33:08.7 AM GMT:ERROR:url_loader.cc(131)] Network error: net::ERR_INTERNET_DISCONNECTED
[Oct 27, 2025 9:33:08.7 AM GMT:ERROR:get_publisher.cc(169)] Unexpected HTTP status: -1
[Oct 27, 2025 9:33:08.7 AM GMT:ERROR:url_loader.cc(131)] Network error: net::ERR_INTERNET_DISCONNECTED
[Oct 27, 2025 9:33:08.7 AM GMT:ERROR:get_publisher.cc(169)] Unexpected HTTP status: -1
[Oct 27, 2025 9:33:08.7 AM GMT:ERROR:url_loader.cc(131)] Network error: net::ERR_INTERNET_DISCONNECTED
[Oct 27, 2025 9:33:08.7 AM GMT:ERROR:get_publisher.cc(169)] Unexpected HTTP status: -1
[Oct 27, 2025 9:33:08.7 AM GMT:ERROR:url_loader.cc(131)] Network error: net::ERR_INTERNET_DISCONNECTED
[Oct 27, 2025 9:33:08.7 AM GMT:ERROR:get_publisher.cc(169)] Unexpected HTTP status: -1
[Oct 27, 2025 9:33:08.7 AM GMT:ERROR:url_loader.cc(131)] Network error: net::ERR_INTERNET_DISCONNECTED
[Oct 27, 2025 9:33:08.7 AM GMT:ERROR:get_publisher.cc(169)] Unexpected HTTP status: -1
[Oct 27, 2025 9:33:08.7 AM GMT:ERROR:url_loader.cc(131)] Network error: net::ERR_INTERNET_DISCONNECTED
[Oct 27, 2025 9:33:08.7 AM GMT:ERROR:get_publisher.cc(169)] Unexpected HTTP status: -1
[Oct 27, 2025 9:33:08.7 AM GMT:ERROR:url_loader.cc(131)] Network error: net::ERR_INTERNET_DISCONNECTED
[Oct 27, 2025 9:33:08.7 AM GMT:ERROR:get_publisher.cc(169)] Unexpected HTTP status: -1
[Oct 27, 2025 9:33:08.7 AM GMT:ERROR:url_loader.cc(131)] Network error: net::ERR_INTERNET_DISCONNECTED
[Oct 27, 2025 9:33:08.7 AM GMT:ERROR:get_publisher.cc(169)] Unexpected HTTP status: -1
[Oct 27, 2025 9:33:08.7 AM GMT:ERROR:url_loader.cc(131)] Network error: net::ERR_INTERNET_DISCONNECTED
[Oct 27, 2025 9:33:08.7 AM GMT:ERROR:get_publisher.cc(169)] Unexpected HTTP status: -1
[Oct 27, 2025 9:33:08.7 AM GMT:ERROR:url_loader.cc(131)] Network error: net::ERR_INTERNET_DISCONNECTED
[Oct 27, 2025 9:33:08.7 AM GMT:ERROR:get_publisher.cc(169)] Unexpected HTTP status: -1
[Oct 27, 2025 9:33:08.7 AM GMT:ERROR:url_loader.cc(131)] Network error: net::ERR_INTERNET_DISCONNECTED
[Oct 27, 2025 9:33:08.7 AM GMT:ERROR:get_publisher.cc(169)] Unexpected HTTP status: -1
[Oct 27, 2025 9:33:08.7 AM GMT:ERROR:url_loader.cc(131)] Network error: net::ERR_INTERNET_DISCONNECTED
[Oct 27, 2025 9:33:08.7 AM GMT:ERROR:get_publisher.cc(169)] Unexpected HTTP status: -1
[Oct 27, 2025 9:33:08.7 AM GMT:ERROR:url_loader.cc(131)] Network error: net::ERR_INTERNET_DISCONNECTED
[Oct 27, 2025 9:33:08.7 AM GMT:ERROR:get_publisher.cc(169)] Unexpected HTTP status: -1
[Oct 27, 2025 9:33:08.7 AM GMT:ERROR:url_loader.cc(131)] Network error: net::ERR_INTERNET_DISCONNECTED
[Oct 27, 2025 9:33:08.7 AM GMT:ERROR:get_publisher.cc(169)] Unexpected HTTP status: -1
[Oct 27, 2025 9:33:08.7 AM GMT:ERROR:url_loader.cc(131)] Network error: net::ERR_INTERNET_DISCONNECTED
[Oct 27, 2025 9:33:08.7 AM GMT:ERROR:get_publisher.cc(169)] Unexpected HTTP status: -1
[Oct 27, 2025 9:33:08.7 AM GMT:ERROR:url_loader.cc(131)] Network error: net::ERR_INTERNET_DISCONNECTED
[Oct 27, 2025 9:33:08.7 AM GMT:ERROR:get_publisher.cc(169)] Unexpected HTTP status: -1
[Oct 27, 2025 9:33:08.7 AM GMT:ERROR:url_loader.cc(131)] Network error: net::ERR_INTERNET_DISCONNECTED
[Oct 27, 2025 9:33:08.7 AM GMT:ERROR:get_publisher.cc(169)] Unexpected HTTP status: -1
[Oct 27, 2025 9:33:08.7 AM GMT:ERROR:url_loader.cc(131)] Network error: net::ERR_INTERNET_DISCONNECTED
[Oct 27, 2025 9:33:08.7 AM GMT:ERROR:get_publisher.cc(169)] Unexpected HTTP status: -1
[Oct 27, 2025 9:33:08.7 AM GMT:ERROR:url_loader.cc(131)] Network error: net::ERR_INTERNET_DISCONNECTED
[Oct 27, 2025 9:33:08.7 AM GMT:ERROR:get_publisher.cc(169)] Unexpected HTTP status: -1
[Oct 27, 2025 9:33:08.7 AM GMT:ERROR:url_loader.cc(131)] Network error: net::ERR_INTERNET_DISCONNECTED
[Oct 27, 2025 9:33:08.7 AM GMT:ERROR:get_publisher.cc(169)] Unexpected HTTP status: -1
[Oct 27, 2025 9:33:08.7 AM GMT:ERROR:url_loader.cc(131)] Network error: net::ERR_INTERNET_DISCONNECTED
[Oct 27, 2025 9:33:08.7 AM GMT:ERROR:get_publisher.cc(169)] Unexpected HTTP status: -1
[Oct 27, 2025 9:33:08.7 AM GMT:ERROR:url_loader.cc(131)] Network error: net::ERR_INTERNET_DISCONNECTED
[Oct 27, 2025 9:33:08.7 AM GMT:ERROR:get_publisher.cc(169)] Unexpected HTTP status: -1
[Oct 27, 2025 9:33:08.7 AM GMT:ERROR:url_loader.cc(131)] Network error: net::ERR_INTERNET_DISCONNECTED
[Oct 27, 2025 9:33:08.7 AM GMT:ERROR:get_publisher.cc(169)] Unexpected HTTP status: -1
[Oct 27, 2025 9:33:08.7 AM GMT:ERROR:url_loader.cc(131)] Network error: net::ERR_INTERNET_DISCONNECTED
[Oct 27, 2025 9:33:08.7 AM GMT:ERROR:get_publisher.cc(169)] Unexpected HTTP status: -1
[Oct 27, 2025 9:33:08.7 AM GMT:ERROR:url_loader.cc(131)] Network error: net::ERR_INTERNET_DISCONNECTED
[Oct 27, 2025 9:33:08.7 AM GMT:ERROR:get_publisher.cc(169)] Unexpected HTTP status: -1
[Oct 27, 2025 9:33:08.7 AM GMT:ERROR:url_loader.cc(131)] Network error: net::ERR_INTERNET_DISCONNECTED
[Oct 27, 2025 9:33:08.7 AM GMT:ERROR:get_publisher.cc(169)] Unexpected HTTP status: -1
[Oct 27, 2025 9:33:08.7 AM GMT:ERROR:url_loader.cc(131)] Network error: net::ERR_INTERNET_DISCONNECTED
[Oct 27, 2025 9:33:08.7 AM GMT:ERROR:get_publisher.cc(169)] Unexpected HTTP status: -1
[Oct 27, 2025 9:33:08.7 AM GMT:ERROR:url_loader.cc(131)] Network error: net::ERR_INTERNET_DISCONNECTED
[Oct 27, 2025 9:33:08.7 AM GMT:ERROR:get_publisher.cc(169)] Unexpected HTTP status: -1
[Oct 27, 2025 9:33:08.8 AM GMT:ERROR:url_loader.cc(131)] Network error: net::ERR_INTERNET_DISCONNECTED
[Oct 27, 2025 9:33:08.8 AM GMT:ERROR:get_publisher.cc(169)] Unexpected HTTP status: -1
[Oct 27, 2025 9:33:08.8 AM GMT:ERROR:url_loader.cc(131)] Network error: net::ERR_INTERNET_DISCONNECTED
[Oct 27, 2025 9:33:08.8 AM GMT:ERROR:get_publisher.cc(169)] Unexpected HTTP status: -1
[Oct 27, 2025 9:33:08.8 AM GMT:ERROR:url_loader.cc(131)] Network error: net::ERR_INTERNET_DISCONNECTED
[Oct 27, 2025 9:33:08.8 AM GMT:ERROR:get_publisher.cc(169)] Unexpected HTTP status: -1
[Oct 27, 2025 9:33:08.8 AM GMT:ERROR:url_loader.cc(131)] Network error: net::ERR_INTERNET_DISCONNECTED
[Oct 27, 2025 9:33:08.8 AM GMT:ERROR:get_publisher.cc(169)] Unexpected HTTP status: -1
[Oct 27, 2025 9:33:08.8 AM GMT:ERROR:url_loader.cc(131)] Network error: net::ERR_INTERNET_DISCONNECTED
[Oct 27, 2025 9:33:08.8 AM GMT:ERROR:get_publisher.cc(169)] Unexpected HTTP status: -1
[Oct 27, 2025 9:33:08.8 AM GMT:ERROR:url_loader.cc(131)] Network error: net::ERR_INTERNET_DISCONNECTED
[Oct 27, 2025 9:33:08.8 AM GMT:ERROR:get_publisher.cc(169)] Unexpected HTTP status: -1
[Oct 27, 2025 9:33:08.8 AM GMT:ERROR:url_loader.cc(131)] Network error: net::ERR_INTERNET_DISCONNECTED
[Oct 27, 2025 9:33:08.8 AM GMT:ERROR:get_publisher.cc(169)] Unexpected HTTP status: -1
[Oct 27, 2025 9:33:08.8 AM GMT:ERROR:url_loader.cc(131)] Network error: net::ERR_INTERNET_DISCONNECTED
[Oct 27, 2025 9:33:08.8 AM GMT:ERROR:get_publisher.cc(169)] Unexpected HTTP status: -1
[Oct 27, 2025 9:33:08.8 AM GMT:ERROR:url_loader.cc(131)] Network error: net::ERR_INTERNET_DISCONNECTED
[Oct 27, 2025 9:33:08.8 AM GMT:ERROR:get_publisher.cc(169)] Unexpected HTTP status: -1
[Oct 27, 2025 9:33:08.8 AM GMT:ERROR:url_loader.cc(131)] Network error: net::ERR_INTERNET_DISCONNECTED
[Oct 27, 2025 9:33:08.8 AM GMT:ERROR:get_publisher.cc(169)] Unexpected HTTP status: -1
[Oct 27, 2025 9:33:08.8 AM GMT:ERROR:url_loader.cc(131)] Network error: net::ERR_INTERNET_DISCONNECTED
[Oct 27, 2025 9:33:08.8 AM GMT:ERROR:get_publisher.cc(169)] Unexpected HTTP status: -1
[Oct 27, 2025 9:33:08.8 AM GMT:ERROR:url_loader.cc(131)] Network error: net::ERR_INTERNET_DISCONNECTED
[Oct 27, 2025 9:33:08.8 AM GMT:ERROR:get_publisher.cc(169)] Unexpected HTTP status: -1
[Oct 27, 2025 9:33:08.8 AM GMT:ERROR:url_loader.cc(131)] Network error: net::ERR_INTERNET_DISCONNECTED
[Oct 27, 2025 9:33:08.8 AM GMT:ERROR:get_publisher.cc(169)] Unexpected HTTP status: -1
[Oct 27, 2025 9:33:08.8 AM GMT:ERROR:url_loader.cc(131)] Network error: net::ERR_INTERNET_DISCONNECTED
[Oct 27, 2025 9:33:08.8 AM GMT:ERROR:get_publisher.cc(169)] Unexpected HTTP status: -1
[Oct 27, 2025 9:33:08.8 AM GMT:ERROR:url_loader.cc(131)] Network error: net::ERR_INTERNET_DISCONNECTED
[Oct 27, 2025 9:33:08.8 AM GMT:ERROR:get_publisher.cc(169)] Unexpected HTTP status: -1
[Oct 27, 2025 9:33:08.8 AM GMT:ERROR:url_loader.cc(131)] Network error: net::ERR_INTERNET_DISCONNECTED
[Oct 27, 2025 9:33:08.8 AM GMT:ERROR:get_publisher.cc(169)] Unexpected HTTP status: -1
[Oct 27, 2025 9:33:08.8 AM GMT:ERROR:url_loader.cc(131)] Network error: net::ERR_INTERNET_DISCONNECTED
[Oct 27, 2025 9:33:08.8 AM GMT:ERROR:get_publisher.cc(169)] Unexpected HTTP status: -1
[Oct 27, 2025 9:33:08.8 AM GMT:ERROR:url_loader.cc(131)] Network error: net::ERR_INTERNET_DISCONNECTED
[Oct 27, 2025 9:33:08.8 AM GMT:ERROR:get_publisher.cc(169)] Unexpected HTTP status: -1
[Oct 27, 2025 9:33:08.8 AM GMT:ERROR:url_loader.cc(131)] Network error: net::ERR_INTERNET_DISCONNECTED
[Oct 27, 2025 9:33:08.8 AM GMT:ERROR:get_publisher.cc(169)] Unexpected HTTP status: -1
[Oct 27, 2025 9:33:08.8 AM GMT:ERROR:url_loader.cc(131)] Network error: net::ERR_INTERNET_DISCONNECTED
[Oct 27, 2025 9:33:08.8 AM GMT:ERROR:get_publisher.cc(169)] Unexpected HTTP status: -1
[Oct 27, 2025 9:33:08.8 AM GMT:ERROR:url_loader.cc(131)] Network error: net::ERR_INTERNET_DISCONNECTED
[Oct 27, 2025 9:33:08.8 AM GMT:ERROR:get_publisher.cc(169)] Unexpected HTTP status: -1
[Oct 27, 2025 9:33:08.8 AM GMT:ERROR:url_loader.cc(131)] Network error: net::ERR_INTERNET_DISCONNECTED
[Oct 27, 2025 9:33:08.8 AM GMT:ERROR:get_publisher.cc(169)] Unexpected HTTP status: -1
[Oct 27, 2025 9:33:08.8 AM GMT:ERROR:url_loader.cc(131)] Network error: net::ERR_INTERNET_DISCONNECTED
[Oct 27, 2025 9:33:08.8 AM GMT:ERROR:get_publisher.cc(169)] Unexpected HTTP status: -1
[Oct 27, 2025 9:33:08.8 AM GMT:ERROR:url_loader.cc(131)] Network error: net::ERR_INTERNET_DISCONNECTED
[Oct 27, 2025 9:33:08.8 AM GMT:ERROR:get_publisher.cc(169)] Unexpected HTTP status: -1
[Oct 27, 2025 9:33:08.8 AM GMT:ERROR:url_loader.cc(131)] Network error: net::ERR_INTERNET_DISCONNECTED
[Oct 27, 2025 9:33:08.8 AM GMT:ERROR:get_publisher.cc(169)] Unexpected HTTP status: -1
[Oct 27, 2025 9:33:08.8 AM GMT:ERROR:url_loader.cc(131)] Network error: net::ERR_INTERNET_DISCONNECTED
[Oct 27, 2025 9:33:08.8 AM GMT:ERROR:get_publisher.cc(169)] Unexpected HTTP status: -1
[Oct 27, 2025 9:33:08.8 AM GMT:ERROR:url_loader.cc(131)] Network error: net::ERR_INTERNET_DISCONNECTED
[Oct 27, 2025 9:33:08.8 AM GMT:ERROR:get_publisher.cc(169)] Unexpected HTTP status: -1
[Oct 27, 2025 9:33:08.8 AM GMT:ERROR:url_loader.cc(131)] Network error: net::ERR_INTERNET_DISCONNECTED
[Oct 27, 2025 9:33:08.8 AM GMT:ERROR:get_publisher.cc(169)] Unexpected HTTP status: -1
[Oct 27, 2025 9:33:08.8 AM GMT:ERROR:url_loader.cc(131)] Network error: net::ERR_INTERNET_DISCONNECTED
[Oct 27, 2025 9:33:08.8 AM GMT:ERROR:get_publisher.cc(169)] Unexpected HTTP status: -1
[Oct 27, 2025 9:33:08.8 AM GMT:ERROR:url_loader.cc(131)] Network error: net::ERR_INTERNET_DISCONNECTED
[Oct 27, 2025 9:33:08.8 AM GMT:ERROR:get_publisher.cc(169)] Unexpected HTTP status: -1
[Oct 27, 2025 9:33:08.8 AM GMT:ERROR:url_loader.cc(131)] Network error: net::ERR_INTERNET_DISCONNECTED
[Oct 27, 2025 9:33:08.8 AM GMT:ERROR:get_publisher.cc(169)] Unexpected HTTP status: -1
[Oct 27, 2025 9:33:08.8 AM GMT:ERROR:url_loader.cc(131)] Network error: net::ERR_INTERNET_DISCONNECTED
[Oct 27, 2025 9:33:08.8 AM GMT:ERROR:get_publisher.cc(169)] Unexpected HTTP status: -1
[Oct 27, 2025 9:33:08.8 AM GMT:ERROR:url_loader.cc(131)] Network error: net::ERR_INTERNET_DISCONNECTED
[Oct 27, 2025 9:33:08.8 AM GMT:ERROR:get_publisher.cc(169)] Unexpected HTTP status: -1
[Oct 27, 2025 9:33:08.8 AM GMT:ERROR:url_loader.cc(131)] Network error: net::ERR_INTERNET_DISCONNECTED
[Oct 27, 2025 9:33:08.8 AM GMT:ERROR:get_publisher.cc(169)] Unexpected HTTP status: -1
[Oct 27, 2025 9:33:08.8 AM GMT:ERROR:url_loader.cc(131)] Network error: net::ERR_INTERNET_DISCONNECTED
[Oct 27, 2025 9:33:08.8 AM GMT:ERROR:get_publisher.cc(169)] Unexpected HTTP status: -1
[Oct 27, 2025 9:33:08.8 AM GMT:ERROR:url_loader.cc(131)] Network error: net::ERR_INTERNET_DISCONNECTED
[Oct 27, 2025 9:33:08.8 AM GMT:ERROR:get_publisher.cc(169)] Unexpected HTTP status: -1
[Oct 27, 2025 9:33:08.8 AM GMT:ERROR:url_loader.cc(131)] Network error: net::ERR_INTERNET_DISCONNECTED
[Oct 27, 2025 9:33:08.8 AM GMT:ERROR:get_publisher.cc(169)] Unexpected HTTP status: -1
[Oct 27, 2025 9:33:08.8 AM GMT:ERROR:url_loader.cc(131)] Network error: net::ERR_INTERNET_DISCONNECTED
[Oct 27, 2025 9:33:08.8 AM GMT:ERROR:get_publisher.cc(169)] Unexpected HTTP status: -1
[Oct 27, 2025 9:33:08.8 AM GMT:ERROR:url_loader.cc(131)] Network error: net::ERR_INTERNET_DISCONNECTED
[Oct 27, 2025 9:33:08.8 AM GMT:ERROR:get_publisher.cc(169)] Unexpected HTTP status: -1
[Oct 27, 2025 9:33:08.8 AM GMT:ERROR:url_loader.cc(131)] Network error: net::ERR_INTERNET_DISCONNECTED
[Oct 27, 2025 9:33:08.8 AM GMT:ERROR:get_publisher.cc(169)] Unexpected HTTP status: -1
[Oct 27, 2025 9:33:08.8 AM GMT:ERROR:url_loader.cc(131)] Network error: net::ERR_INTERNET_DISCONNECTED
[Oct 27, 2025 9:33:08.8 AM GMT:ERROR:get_publisher.cc(169)] Unexpected HTTP status: -1
[Oct 27, 2025 9:33:08.8 AM GMT:ERROR:url_loader.cc(131)] Network error: net::ERR_INTERNET_DISCONNECTED
[Oct 27, 2025 9:33:08.8 AM GMT:ERROR:get_publisher.cc(169)] Unexpected HTTP status: -1
[Oct 27, 2025 9:33:08.8 AM GMT:ERROR:url_loader.cc(131)] Network error: net::ERR_INTERNET_DISCONNECTED
[Oct 27, 2025 9:33:08.8 AM GMT:ERROR:get_publisher.cc(169)] Unexpected HTTP status: -1
[Oct 27, 2025 9:33:08.8 AM GMT:ERROR:url_loader.cc(131)] Network error: net::ERR_INTERNET_DISCONNECTED
[Oct 27, 2025 9:33:08.8 AM GMT:ERROR:get_publisher.cc(169)] Unexpected HTTP status: -1
[Oct 27, 2025 9:33:08.8 AM GMT:ERROR:url_loader.cc(131)] Network error: net::ERR_INTERNET_DISCONNECTED
[Oct 27, 2025 9:33:08.8 AM GMT:ERROR:get_publisher.cc(169)] Unexpected HTTP status: -1
[Oct 27, 2025 9:33:08.8 AM GMT:ERROR:url_loader.cc(131)] Network error: net::ERR_INTERNET_DISCONNECTED
[Oct 27, 2025 9:33:08.8 AM GMT:ERROR:get_publisher.cc(169)] Unexpected HTTP status: -1
[Oct 27, 2025 9:33:08.8 AM GMT:ERROR:url_loader.cc(131)] Network error: net::ERR_INTERNET_DISCONNECTED
[Oct 27, 2025 9:33:08.8 AM GMT:ERROR:get_publisher.cc(169)] Unexpected HTTP status: -1
[Oct 27, 2025 9:33:08.8 AM GMT:ERROR:url_loader.cc(131)] Network error: net::ERR_INTERNET_DISCONNECTED
[Oct 27, 2025 9:33:08.8 AM GMT:ERROR:get_publisher.cc(169)] Unexpected HTTP status: -1
[Oct 27, 2025 9:33:08.8 AM GMT:ERROR:url_loader.cc(131)] Network error: net::ERR_INTERNET_DISCONNECTED
[Oct 27, 2025 9:33:08.8 AM GMT:ERROR:get_publisher.cc(169)] Unexpected HTTP status: -1
[Oct 27, 2025 9:33:08.8 AM GMT:ERROR:url_loader.cc(131)] Network error: net::ERR_INTERNET_DISCONNECTED
[Oct 27, 2025 9:33:08.8 AM GMT:ERROR:get_publisher.cc(169)] Unexpected HTTP status: -1
[Oct 27, 2025 9:33:08.8 AM GMT:ERROR:url_loader.cc(131)] Network error: net::ERR_INTERNET_DISCONNECTED
[Oct 27, 2025 9:33:08.8 AM GMT:ERROR:get_publisher.cc(169)] Unexpected HTTP status: -1
[Oct 27, 2025 9:33:08.8 AM GMT:ERROR:url_loader.cc(131)] Network error: net::ERR_INTERNET_DISCONNECTED
[Oct 27, 2025 9:33:08.8 AM GMT:ERROR:get_publisher.cc(169)] Unexpected HTTP status: -1
[Oct 27, 2025 9:33:08.8 AM GMT:ERROR:url_loader.cc(131)] Network error: net::ERR_INTERNET_DISCONNECTED
[Oct 27, 2025 9:33:08.8 AM GMT:ERROR:get_publisher.cc(169)] Unexpected HTTP status: -1
[Oct 27, 2025 9:33:08.8 AM GMT:ERROR:url_loader.cc(131)] Network error: net::ERR_INTERNET_DISCONNECTED
[Oct 27, 2025 9:33:08.8 AM GMT:ERROR:get_publisher.cc(169)] Unexpected HTTP status: -1
[Oct 27, 2025 9:33:08.8 AM GMT:ERROR:url_loader.cc(131)] Network error: net::ERR_INTERNET_DISCONNECTED
[Oct 27, 2025 9:33:08.8 AM GMT:ERROR:get_publisher.cc(169)] Unexpected HTTP status: -1
[Oct 27, 2025 9:33:08.8 AM GMT:ERROR:url_loader.cc(131)] Network error: net::ERR_INTERNET_DISCONNECTED
[Oct 27, 2025 9:33:08.8 AM GMT:ERROR:get_publisher.cc(169)] Unexpected HTTP status: -1
[Oct 27, 2025 9:33:08.8 AM GMT:ERROR:url_loader.cc(131)] Network error: net::ERR_INTERNET_DISCONNECTED
[Oct 27, 2025 9:33:08.8 AM GMT:ERROR:get_publisher.cc(169)] Unexpected HTTP status: -1
[Oct 27, 2025 9:33:08.8 AM GMT:ERROR:url_loader.cc(131)] Network error: net::ERR_INTERNET_DISCONNECTED
[Oct 27, 2025 9:33:08.8 AM GMT:ERROR:get_publisher.cc(169)] Unexpected HTTP status: -1
[Oct 27, 2025 9:33:08.8 AM GMT:ERROR:url_loader.cc(131)] Network error: net::ERR_INTERNET_DISCONNECTED
[Oct 27, 2025 9:33:08.8 AM GMT:ERROR:get_publisher.cc(169)] Unexpected HTTP status: -1
[Oct 27, 2025 9:33:08.8 AM GMT:ERROR:url_loader.cc(131)] Network error: net::ERR_INTERNET_DISCONNECTED
[Oct 27, 2025 9:33:08.8 AM GMT:ERROR:get_publisher.cc(169)] Unexpected HTTP status: -1
[Oct 27, 2025 9:33:08.9 AM GMT:ERROR:url_loader.cc(131)] Network error: net::ERR_INTERNET_DISCONNECTED
[Oct 27, 2025 9:33:08.9 AM GMT:ERROR:get_publisher.cc(169)] Unexpected HTTP status: -1
[Oct 27, 2025 9:33:08.9 AM GMT:ERROR:url_loader.cc(131)] Network error: net::ERR_INTERNET_DISCONNECTED
[Oct 27, 2025 9:33:08.9 AM GMT:ERROR:get_publisher.cc(169)] Unexpected HTTP status: -1
[Oct 27, 2025 9:33:08.9 AM GMT:ERROR:url_loader.cc(131)] Network error: net::ERR_INTERNET_DISCONNECTED
[Oct 27, 2025 9:33:08.9 AM GMT:ERROR:get_publisher.cc(169)] Unexpected HTTP status: -1
[Oct 27, 2025 9:33:08.9 AM GMT:ERROR:url_loader.cc(131)] Network error: net::ERR_INTERNET_DISCONNECTED
[Oct 27, 2025 9:33:08.9 AM GMT:ERROR:get_publisher.cc(169)] Unexpected HTTP status: -1
[Oct 27, 2025 9:33:08.9 AM GMT:ERROR:url_loader.cc(131)] Network error: net::ERR_INTERNET_DISCONNECTED
[Oct 27, 2025 9:33:08.9 AM GMT:ERROR:get_publisher.cc(169)] Unexpected HTTP status: -1
[Oct 27, 2025 9:33:08.9 AM GMT:ERROR:url_loader.cc(131)] Network error: net::ERR_INTERNET_DISCONNECTED
[Oct 27, 2025 9:33:08.9 AM GMT:ERROR:get_publisher.cc(169)] Unexpected HTTP status: -1
[Oct 27, 2025 9:33:08.9 AM GMT:ERROR:url_loader.cc(131)] Network error: net::ERR_INTERNET_DISCONNECTED
[Oct 27, 2025 9:33:08.9 AM GMT:ERROR:get_publisher.cc(169)] Unexpected HTTP status: -1
[Oct 27, 2025 9:33:08.9 AM GMT:ERROR:url_loader.cc(131)] Network error: net::ERR_INTERNET_DISCONNECTED
[Oct 27, 2025 9:33:08.9 AM GMT:ERROR:get_publisher.cc(169)] Unexpected HTTP status: -1
[Oct 27, 2025 9:33:08.9 AM GMT:ERROR:url_loader.cc(131)] Network error: net::ERR_INTERNET_DISCONNECTED
[Oct 27, 2025 9:33:08.9 AM GMT:ERROR:get_publisher.cc(169)] Unexpected HTTP status: -1
[Oct 27, 2025 9:33:08.9 AM GMT:ERROR:url_loader.cc(131)] Network error: net::ERR_INTERNET_DISCONNECTED
[Oct 27, 2025 9:33:08.9 AM GMT:ERROR:get_publisher.cc(169)] Unexpected HTTP status: -1
[Oct 27, 2025 9:33:08.9 AM GMT:ERROR:url_loader.cc(131)] Network error: net::ERR_INTERNET_DISCONNECTED
[Oct 27, 2025 9:33:08.9 AM GMT:ERROR:get_publisher.cc(169)] Unexpected HTTP status: -1
[Oct 27, 2025 9:33:08.9 AM GMT:ERROR:url_loader.cc(131)] Network error: net::ERR_INTERNET_DISCONNECTED
[Oct 27, 2025 9:33:08.9 AM GMT:ERROR:get_publisher.cc(169)] Unexpected HTTP status: -1
[Oct 27, 2025 9:33:08.9 AM GMT:ERROR:url_loader.cc(131)] Network error: net::ERR_INTERNET_DISCONNECTED
[Oct 27, 2025 9:33:08.9 AM GMT:ERROR:get_publisher.cc(169)] Unexpected HTTP status: -1
[Oct 27, 2025 9:33:08.9 AM GMT:ERROR:url_loader.cc(131)] Network error: net::ERR_INTERNET_DISCONNECTED
[Oct 27, 2025 9:33:08.9 AM GMT:ERROR:get_publisher.cc(169)] Unexpected HTTP status: -1
[Oct 27, 2025 9:33:08.9 AM GMT:ERROR:url_loader.cc(131)] Network error: net::ERR_INTERNET_DISCONNECTED
[Oct 27, 2025 9:33:08.9 AM GMT:ERROR:get_publisher.cc(169)] Unexpected HTTP status: -1
[Oct 27, 2025 9:33:08.9 AM GMT:ERROR:url_loader.cc(131)] Network error: net::ERR_INTERNET_DISCONNECTED
[Oct 27, 2025 9:33:08.9 AM GMT:ERROR:get_publisher.cc(169)] Unexpected HTTP status: -1
[Oct 27, 2025 9:33:08.9 AM GMT:ERROR:url_loader.cc(131)] Network error: net::ERR_INTERNET_DISCONNECTED
[Oct 27, 2025 9:33:08.9 AM GMT:ERROR:get_publisher.cc(169)] Unexpected HTTP status: -1
[Oct 27, 2025 9:33:08.9 AM GMT:ERROR:url_loader.cc(131)] Network error: net::ERR_INTERNET_DISCONNECTED
[Oct 27, 2025 9:33:08.9 AM GMT:ERROR:get_publisher.cc(169)] Unexpected HTTP status: -1
[Oct 27, 2025 9:33:08.9 AM GMT:ERROR:url_loader.cc(131)] Network error: net::ERR_INTERNET_DISCONNECTED
[Oct 27, 2025 9:33:08.9 AM GMT:ERROR:get_publisher.cc(169)] Unexpected HTTP status: -1
[Oct 27, 2025 9:33:08.9 AM GMT:ERROR:url_loader.cc(131)] Network error: net::ERR_INTERNET_DISCONNECTED
[Oct 27, 2025 9:33:08.9 AM GMT:ERROR:get_publisher.cc(169)] Unexpected HTTP status: -1
[Oct 27, 2025 9:33:08.9 AM GMT:ERROR:url_loader.cc(131)] Network error: net::ERR_INTERNET_DISCONNECTED
[Oct 27, 2025 9:33:08.9 AM GMT:ERROR:get_publisher.cc(169)] Unexpected HTTP status: -1
[Oct 27, 2025 9:33:08.9 AM GMT:ERROR:url_loader.cc(131)] Network error: net::ERR_INTERNET_DISCONNECTED
[Oct 27, 2025 9:33:08.9 AM GMT:ERROR:get_publisher.cc(169)] Unexpected HTTP status: -1
[Oct 27, 2025 9:33:08.9 AM GMT:ERROR:url_loader.cc(131)] Network error: net::ERR_INTERNET_DISCONNECTED
[Oct 27, 2025 9:33:08.9 AM GMT:ERROR:get_publisher.cc(169)] Unexpected HTTP status: -1
[Oct 27, 2025 9:33:08.9 AM GMT:ERROR:url_loader.cc(131)] Network error: net::ERR_INTERNET_DISCONNECTED
[Oct 27, 2025 9:33:08.9 AM GMT:ERROR:get_publisher.cc(169)] Unexpected HTTP status: -1
[Oct 27, 2025 9:33:08.9 AM GMT:ERROR:url_loader.cc(131)] Network error: net::ERR_INTERNET_DISCONNECTED
[Oct 27, 2025 9:33:08.9 AM GMT:ERROR:get_publisher.cc(169)] Unexpected HTTP status: -1
[Oct 27, 2025 9:33:08.9 AM GMT:ERROR:url_loader.cc(131)] Network error: net::ERR_INTERNET_DISCONNECTED
[Oct 27, 2025 9:33:08.9 AM GMT:ERROR:get_publisher.cc(169)] Unexpected HTTP status: -1
[Oct 27, 2025 9:33:08.9 AM GMT:ERROR:url_loader.cc(131)] Network error: net::ERR_INTERNET_DISCONNECTED
[Oct 27, 2025 9:33:08.9 AM GMT:ERROR:get_publisher.cc(169)] Unexpected HTTP status: -1
[Oct 27, 2025 9:33:08.9 AM GMT:ERROR:url_loader.cc(131)] Network error: net::ERR_INTERNET_DISCONNECTED
[Oct 27, 2025 9:33:08.9 AM GMT:ERROR:get_publisher.cc(169)] Unexpected HTTP status: -1
[Oct 27, 2025 9:33:08.9 AM GMT:ERROR:url_loader.cc(131)] Network error: net::ERR_INTERNET_DISCONNECTED
[Oct 27, 2025 9:33:08.9 AM GMT:ERROR:get_publisher.cc(169)] Unexpected HTTP status: -1
[Oct 27, 2025 9:33:08.9 AM GMT:ERROR:url_loader.cc(131)] Network error: net::ERR_INTERNET_DISCONNECTED
[Oct 27, 2025 9:33:08.9 AM GMT:ERROR:get_publisher.cc(169)] Unexpected HTTP status: -1
[Oct 27, 2025 9:33:08.9 AM GMT:ERROR:url_loader.cc(131)] Network error: net::ERR_INTERNET_DISCONNECTED
[Oct 27, 2025 9:33:08.9 AM GMT:ERROR:get_publisher.cc(169)] Unexpected HTTP status: -1
[Oct 27, 2025 9:33:08.9 AM GMT:ERROR:url_loader.cc(131)] Network error: net::ERR_INTERNET_DISCONNECTED
[Oct 27, 2025 9:33:08.9 AM GMT:ERROR:get_publisher.cc(169)] Unexpected HTTP status: -1
[Oct 27, 2025 9:33:08.9 AM GMT:ERROR:url_loader.cc(131)] Network error: net::ERR_INTERNET_DISCONNECTED
[Oct 27, 2025 9:33:08.9 AM GMT:ERROR:get_publisher.cc(169)] Unexpected HTTP status: -1
[Oct 27, 2025 9:33:08.9 AM GMT:ERROR:url_loader.cc(131)] Network error: net::ERR_INTERNET_DISCONNECTED
[Oct 27, 2025 9:33:08.9 AM GMT:ERROR:get_publisher.cc(169)] Unexpected HTTP status: -1
[Oct 27, 2025 9:33:08.9 AM GMT:ERROR:url_loader.cc(131)] Network error: net::ERR_INTERNET_DISCONNECTED
[Oct 27, 2025 9:33:08.9 AM GMT:ERROR:get_publisher.cc(169)] Unexpected HTTP status: -1
[Oct 27, 2025 9:33:08.9 AM GMT:ERROR:url_loader.cc(131)] Network error: net::ERR_INTERNET_DISCONNECTED
[Oct 27, 2025 9:33:08.9 AM GMT:ERROR:get_publisher.cc(169)] Unexpected HTTP status: -1
[Oct 27, 2025 9:33:08.9 AM GMT:ERROR:url_loader.cc(131)] Network error: net::ERR_INTERNET_DISCONNECTED
[Oct 27, 2025 9:33:08.9 AM GMT:ERROR:get_publisher.cc(169)] Unexpected HTTP status: -1
[Oct 27, 2025 9:33:08.9 AM GMT:ERROR:url_loader.cc(131)] Network error: net::ERR_INTERNET_DISCONNECTED
[Oct 27, 2025 9:33:08.9 AM GMT:ERROR:get_publisher.cc(169)] Unexpected HTTP status: -1
[Oct 27, 2025 9:33:08.9 AM GMT:ERROR:url_loader.cc(131)] Network error: net::ERR_INTERNET_DISCONNECTED
[Oct 27, 2025 9:33:08.9 AM GMT:ERROR:get_publisher.cc(169)] Unexpected HTTP status: -1
[Oct 27, 2025 9:33:08.9 AM GMT:ERROR:url_loader.cc(131)] Network error: net::ERR_INTERNET_DISCONNECTED
[Oct 27, 2025 9:33:08.9 AM GMT:ERROR:get_publisher.cc(169)] Unexpected HTTP status: -1
[Oct 27, 2025 9:33:08.9 AM GMT:ERROR:url_loader.cc(131)] Network error: net::ERR_INTERNET_DISCONNECTED
[Oct 27, 2025 9:33:08.9 AM GMT:ERROR:get_publisher.cc(169)] Unexpected HTTP status: -1
[Oct 27, 2025 9:33:08.9 AM GMT:ERROR:url_loader.cc(131)] Network error: net::ERR_INTERNET_DISCONNECTED
[Oct 27, 2025 9:33:08.9 AM GMT:ERROR:get_publisher.cc(169)] Unexpected HTTP status: -1
[Oct 27, 2025 9:33:08.9 AM GMT:ERROR:url_loader.cc(131)] Network error: net::ERR_INTERNET_DISCONNECTED
[Oct 27, 2025 9:33:08.9 AM GMT:ERROR:get_publisher.cc(169)] Unexpected HTTP status: -1
[Oct 27, 2025 9:33:08.9 AM GMT:ERROR:url_loader.cc(131)] Network error: net::ERR_INTERNET_DISCONNECTED
[Oct 27, 2025 9:33:08.9 AM GMT:ERROR:get_publisher.cc(169)] Unexpected HTTP status: -1
[Oct 27, 2025 9:33:08.9 AM GMT:ERROR:url_loader.cc(131)] Network error: net::ERR_INTERNET_DISCONNECTED
[Oct 27, 2025 9:33:08.9 AM GMT:ERROR:get_publisher.cc(169)] Unexpected HTTP status: -1
[Oct 27, 2025 9:33:08.9 AM GMT:ERROR:url_loader.cc(131)] Network error: net::ERR_INTERNET_DISCONNECTED
[Oct 27, 2025 9:33:08.9 AM GMT:ERROR:get_publisher.cc(169)] Unexpected HTTP status: -1
[Oct 27, 2025 9:33:08.9 AM GMT:ERROR:url_loader.cc(131)] Network error: net::ERR_INTERNET_DISCONNECTED
[Oct 27, 2025 9:33:08.9 AM GMT:ERROR:get_publisher.cc(169)] Unexpected HTTP status: -1
[Oct 27, 2025 9:33:08.9 AM GMT:ERROR:url_loader.cc(131)] Network error: net::ERR_INTERNET_DISCONNECTED
[Oct 27, 2025 9:33:08.9 AM GMT:ERROR:get_publisher.cc(169)] Unexpected HTTP status: -1
[Oct 27, 2025 9:33:08.9 AM GMT:ERROR:url_loader.cc(131)] Network error: net::ERR_INTERNET_DISCONNECTED
[Oct 27, 2025 9:33:08.9 AM GMT:ERROR:get_publisher.cc(169)] Unexpected HTTP status: -1
[Oct 27, 2025 9:33:08.9 AM GMT:ERROR:url_loader.cc(131)] Network error: net::ERR_INTERNET_DISCONNECTED
[Oct 27, 2025 9:33:08.9 AM GMT:ERROR:get_publisher.cc(169)] Unexpected HTTP status: -1
[Oct 27, 2025 9:33:08.9 AM GMT:ERROR:url_loader.cc(131)] Network error: net::ERR_INTERNET_DISCONNECTED
[Oct 27, 2025 9:33:08.9 AM GMT:ERROR:get_publisher.cc(169)] Unexpected HTTP status: -1
[Oct 27, 2025 9:33:08.9 AM GMT:ERROR:url_loader.cc(131)] Network error: net::ERR_INTERNET_DISCONNECTED
[Oct 27, 2025 9:33:08.9 AM GMT:ERROR:get_publisher.cc(169)] Unexpected HTTP status: -1
[Oct 27, 2025 9:33:08.9 AM GMT:ERROR:url_loader.cc(131)] Network error: net::ERR_INTERNET_DISCONNECTED
[Oct 27, 2025 9:33:08.9 AM GMT:ERROR:get_publisher.cc(169)] Unexpected HTTP status: -1
[Oct 27, 2025 9:33:08.9 AM GMT:ERROR:url_loader.cc(131)] Network error: net::ERR_INTERNET_DISCONNECTED
[Oct 27, 2025 9:33:08.9 AM GMT:ERROR:get_publisher.cc(169)] Unexpected HTTP status: -1
[Oct 27, 2025 9:33:08.9 AM GMT:ERROR:url_loader.cc(131)] Network error: net::ERR_INTERNET_DISCONNECTED
[Oct 27, 2025 9:33:08.9 AM GMT:ERROR:get_publisher.cc(169)] Unexpected HTTP status: -1
[Oct 27, 2025 9:33:08.9 AM GMT:ERROR:url_loader.cc(131)] Network error: net::ERR_INTERNET_DISCONNECTED
[Oct 27, 2025 9:33:08.9 AM GMT:ERROR:get_publisher.cc(169)] Unexpected HTTP status: -1
[Oct 27, 2025 9:33:08.9 AM GMT:ERROR:url_loader.cc(131)] Network error: net::ERR_INTERNET_DISCONNECTED
[Oct 27, 2025 9:33:08.9 AM GMT:ERROR:get_publisher.cc(169)] Unexpected HTTP status: -1
[Oct 27, 2025 9:33:08.9 AM GMT:ERROR:url_loader.cc(131)] Network error: net::ERR_INTERNET_DISCONNECTED
[Oct 27, 2025 9:33:08.9 AM GMT:ERROR:get_publisher.cc(169)] Unexpected HTTP status: -1
[Oct 27, 2025 9:33:08.9 AM GMT:ERROR:url_loader.cc(131)] Network error: net::ERR_INTERNET_DISCONNECTED
[Oct 27, 2025 9:33:08.9 AM GMT:ERROR:get_publisher.cc(169)] Unexpected HTTP status: -1
[Oct 27, 2025 9:33:08.9 AM GMT:ERROR:url_loader.cc(131)] Network error: net::ERR_INTERNET_DISCONNECTED
[Oct 27, 2025 9:33:08.9 AM GMT:ERROR:get_publisher.cc(169)] Unexpected HTTP status: -1
[Oct 27, 2025 9:33:08.9 AM GMT:ERROR:url_loader.cc(131)] Network error: net::ERR_INTERNET_DISCONNECTED
[Oct 27, 2025 9:33:08.9 AM GMT:ERROR:get_publisher.cc(169)] Unexpected HTTP status: -1
[Oct 27, 2025 9:33:09.0 AM GMT:ERROR:url_loader.cc(131)] Network error: net::ERR_INTERNET_DISCONNECTED
[Oct 27, 2025 9:33:09.0 AM GMT:ERROR:get_publisher.cc(169)] Unexpected HTTP status: -1
[Oct 27, 2025 9:33:09.0 AM GMT:ERROR:url_loader.cc(131)] Network error: net::ERR_INTERNET_DISCONNECTED
[Oct 27, 2025 9:33:09.0 AM GMT:ERROR:get_publisher.cc(169)] Unexpected HTTP status: -1
[Oct 27, 2025 9:33:09.0 AM GMT:ERROR:url_loader.cc(131)] Network error: net::ERR_INTERNET_DISCONNECTED
[Oct 27, 2025 9:33:09.0 AM GMT:ERROR:get_publisher.cc(169)] Unexpected HTTP status: -1
[Oct 27, 2025 9:33:09.0 AM GMT:ERROR:url_loader.cc(131)] Network error: net::ERR_INTERNET_DISCONNECTED
[Oct 27, 2025 9:33:09.0 AM GMT:ERROR:get_publisher.cc(169)] Unexpected HTTP status: -1
[Oct 27, 2025 9:33:09.0 AM GMT:ERROR:url_loader.cc(131)] Network error: net::ERR_INTERNET_DISCONNECTED
[Oct 27, 2025 9:33:09.0 AM GMT:ERROR:get_publisher.cc(169)] Unexpected HTTP status: -1
[Oct 27, 2025 9:33:09.0 AM GMT:ERROR:url_loader.cc(131)] Network error: net::ERR_INTERNET_DISCONNECTED
[Oct 27, 2025 9:33:09.0 AM GMT:ERROR:get_publisher.cc(169)] Unexpected HTTP status: -1
[Oct 27, 2025 9:33:09.0 AM GMT:ERROR:url_loader.cc(131)] Network error: net::ERR_INTERNET_DISCONNECTED
[Oct 27, 2025 9:33:09.0 AM GMT:ERROR:get_publisher.cc(169)] Unexpected HTTP status: -1
[Oct 27, 2025 9:33:09.0 AM GMT:ERROR:url_loader.cc(131)] Network error: net::ERR_INTERNET_DISCONNECTED
[Oct 27, 2025 9:33:09.0 AM GMT:ERROR:get_publisher.cc(169)] Unexpected HTTP status: -1
[Oct 27, 2025 9:33:09.0 AM GMT:ERROR:url_loader.cc(131)] Network error: net::ERR_INTERNET_DISCONNECTED
[Oct 27, 2025 9:33:09.0 AM GMT:ERROR:get_publisher.cc(169)] Unexpected HTTP status: -1
[Oct 27, 2025 9:33:09.0 AM GMT:ERROR:url_loader.cc(131)] Network error: net::ERR_INTERNET_DISCONNECTED
[Oct 27, 2025 9:33:09.0 AM GMT:ERROR:get_publisher.cc(169)] Unexpected HTTP status: -1
[Oct 27, 2025 9:33:09.0 AM GMT:ERROR:url_loader.cc(131)] Network error: net::ERR_INTERNET_DISCONNECTED
[Oct 27, 2025 9:33:09.0 AM GMT:ERROR:get_publisher.cc(169)] Unexpected HTTP status: -1
[Oct 27, 2025 9:33:09.0 AM GMT:ERROR:url_loader.cc(131)] Network error: net::ERR_INTERNET_DISCONNECTED
[Oct 27, 2025 9:33:09.0 AM GMT:ERROR:get_publisher.cc(169)] Unexpected HTTP status: -1
[Oct 27, 2025 9:33:09.0 AM GMT:ERROR:url_loader.cc(131)] Network error: net::ERR_INTERNET_DISCONNECTED
[Oct 27, 2025 9:33:09.0 AM GMT:ERROR:get_publisher.cc(169)] Unexpected HTTP status: -1
[Oct 27, 2025 9:33:09.0 AM GMT:ERROR:url_loader.cc(131)] Network error: net::ERR_INTERNET_DISCONNECTED
[Oct 27, 2025 9:33:09.0 AM GMT:ERROR:get_publisher.cc(169)] Unexpected HTTP status: -1
[Oct 27, 2025 9:33:09.0 AM GMT:ERROR:url_loader.cc(131)] Network error: net::ERR_INTERNET_DISCONNECTED
[Oct 27, 2025 9:33:09.0 AM GMT:ERROR:get_publisher.cc(169)] Unexpected HTTP status: -1
[Oct 27, 2025 9:33:09.0 AM GMT:ERROR:url_loader.cc(131)] Network error: net::ERR_INTERNET_DISCONNECTED
[Oct 27, 2025 9:33:09.0 AM GMT:ERROR:get_publisher.cc(169)] Unexpected HTTP status: -1
[Oct 27, 2025 9:33:09.0 AM GMT:ERROR:url_loader.cc(131)] Network error: net::ERR_INTERNET_DISCONNECTED
[Oct 27, 2025 9:33:09.0 AM GMT:ERROR:get_publisher.cc(169)] Unexpected HTTP status: -1
[Oct 27, 2025 9:33:09.0 AM GMT:ERROR:url_loader.cc(131)] Network error: net::ERR_INTERNET_DISCONNECTED
[Oct 27, 2025 9:33:09.0 AM GMT:ERROR:get_publisher.cc(169)] Unexpected HTTP status: -1
[Oct 27, 2025 9:33:09.0 AM GMT:ERROR:url_loader.cc(131)] Network error: net::ERR_INTERNET_DISCONNECTED
[Oct 27, 2025 9:33:09.0 AM GMT:ERROR:get_publisher.cc(169)] Unexpected HTTP status: -1
[Oct 27, 2025 9:33:09.0 AM GMT:ERROR:url_loader.cc(131)] Network error: net::ERR_INTERNET_DISCONNECTED
[Oct 27, 2025 9:33:09.0 AM GMT:ERROR:get_publisher.cc(169)] Unexpected HTTP status: -1
[Oct 27, 2025 9:33:09.0 AM GMT:ERROR:url_loader.cc(131)] Network error: net::ERR_INTERNET_DISCONNECTED
[Oct 27, 2025 9:33:09.0 AM GMT:ERROR:get_publisher.cc(169)] Unexpected HTTP status: -1
[Oct 27, 2025 9:33:09.0 AM GMT:ERROR:url_loader.cc(131)] Network error: net::ERR_INTERNET_DISCONNECTED
[Oct 27, 2025 9:33:09.0 AM GMT:ERROR:get_publisher.cc(169)] Unexpected HTTP status: -1
[Oct 27, 2025 9:33:09.0 AM GMT:ERROR:url_loader.cc(131)] Network error: net::ERR_INTERNET_DISCONNECTED
[Oct 27, 2025 9:33:09.0 AM GMT:ERROR:get_publisher.cc(169)] Unexpected HTTP status: -1
[Oct 27, 2025 9:33:09.0 AM GMT:ERROR:url_loader.cc(131)] Network error: net::ERR_INTERNET_DISCONNECTED
[Oct 27, 2025 9:33:09.0 AM GMT:ERROR:get_publisher.cc(169)] Unexpected HTTP status: -1
[Oct 27, 2025 9:33:09.0 AM GMT:ERROR:url_loader.cc(131)] Network error: net::ERR_INTERNET_DISCONNECTED
[Oct 27, 2025 9:33:09.0 AM GMT:ERROR:get_publisher.cc(169)] Unexpected HTTP status: -1
[Oct 27, 2025 9:33:09.0 AM GMT:ERROR:url_loader.cc(131)] Network error: net::ERR_INTERNET_DISCONNECTED
[Oct 27, 2025 9:33:09.0 AM GMT:ERROR:get_publisher.cc(169)] Unexpected HTTP status: -1
[Oct 27, 2025 9:33:09.0 AM GMT:ERROR:url_loader.cc(131)] Network error: net::ERR_INTERNET_DISCONNECTED
[Oct 27, 2025 9:33:09.0 AM GMT:ERROR:get_publisher.cc(169)] Unexpected HTTP status: -1
[Oct 27, 2025 9:33:09.0 AM GMT:ERROR:url_loader.cc(131)] Network error: net::ERR_INTERNET_DISCONNECTED
[Oct 27, 2025 9:33:09.0 AM GMT:ERROR:get_publisher.cc(169)] Unexpected HTTP status: -1
[Oct 27, 2025 9:33:09.0 AM GMT:ERROR:url_loader.cc(131)] Network error: net::ERR_INTERNET_DISCONNECTED
[Oct 27, 2025 9:33:09.0 AM GMT:ERROR:get_publisher.cc(169)] Unexpected HTTP status: -1
[Oct 27, 2025 9:33:09.0 AM GMT:ERROR:url_loader.cc(131)] Network error: net::ERR_INTERNET_DISCONNECTED
[Oct 27, 2025 9:33:09.0 AM GMT:ERROR:get_publisher.cc(169)] Unexpected HTTP status: -1
[Oct 27, 2025 9:33:09.0 AM GMT:ERROR:url_loader.cc(131)] Network error: net::ERR_INTERNET_DISCONNECTED
[Oct 27, 2025 9:33:09.0 AM GMT:ERROR:get_publisher.cc(169)] Unexpected HTTP status: -1
[Oct 27, 2025 9:33:09.0 AM GMT:ERROR:url_loader.cc(131)] Network error: net::ERR_INTERNET_DISCONNECTED
[Oct 27, 2025 9:33:09.0 AM GMT:ERROR:get_publisher.cc(169)] Unexpected HTTP status: -1
[Oct 27, 2025 9:33:09.0 AM GMT:ERROR:url_loader.cc(131)] Network error: net::ERR_INTERNET_DISCONNECTED
[Oct 27, 2025 9:33:09.0 AM GMT:ERROR:get_publisher.cc(169)] Unexpected HTTP status: -1
[Oct 27, 2025 9:33:09.0 AM GMT:ERROR:url_loader.cc(131)] Network error: net::ERR_INTERNET_DISCONNECTED
[Oct 27, 2025 9:33:09.0 AM GMT:ERROR:get_publisher.cc(169)] Unexpected HTTP status: -1
[Oct 27, 2025 9:33:09.0 AM GMT:ERROR:url_loader.cc(131)] Network error: net::ERR_INTERNET_DISCONNECTED
[Oct 27, 2025 9:33:09.0 AM GMT:ERROR:get_publisher.cc(169)] Unexpected HTTP status: -1
[Oct 27, 2025 9:33:09.0 AM GMT:ERROR:url_loader.cc(131)] Network error: net::ERR_INTERNET_DISCONNECTED
[Oct 27, 2025 9:33:09.0 AM GMT:ERROR:get_publisher.cc(169)] Unexpected HTTP status: -1
[Oct 27, 2025 9:33:09.0 AM GMT:ERROR:url_loader.cc(131)] Network error: net::ERR_INTERNET_DISCONNECTED
[Oct 27, 2025 9:33:09.0 AM GMT:ERROR:get_publisher.cc(169)] Unexpected HTTP status: -1
[Oct 27, 2025 9:33:09.0 AM GMT:ERROR:url_loader.cc(131)] Network error: net::ERR_INTERNET_DISCONNECTED
[Oct 27, 2025 9:33:09.0 AM GMT:ERROR:get_publisher.cc(169)] Unexpected HTTP status: -1
[Oct 27, 2025 9:33:09.0 AM GMT:ERROR:url_loader.cc(131)] Network error: net::ERR_INTERNET_DISCONNECTED
[Oct 27, 2025 9:33:09.0 AM GMT:ERROR:get_publisher.cc(169)] Unexpected HTTP status: -1
[Oct 27, 2025 9:33:09.0 AM GMT:ERROR:url_loader.cc(131)] Network error: net::ERR_INTERNET_DISCONNECTED
[Oct 27, 2025 9:33:09.0 AM GMT:ERROR:get_publisher.cc(169)] Unexpected HTTP status: -1
[Oct 27, 2025 9:33:09.0 AM GMT:ERROR:url_loader.cc(131)] Network error: net::ERR_INTERNET_DISCONNECTED
[Oct 27, 2025 9:33:09.0 AM GMT:ERROR:get_publisher.cc(169)] Unexpected HTTP status: -1
[Oct 27, 2025 9:33:09.0 AM GMT:ERROR:url_loader.cc(131)] Network error: net::ERR_INTERNET_DISCONNECTED
[Oct 27, 2025 9:33:09.0 AM GMT:ERROR:get_publisher.cc(169)] Unexpected HTTP status: -1
[Oct 27, 2025 9:33:09.0 AM GMT:ERROR:url_loader.cc(131)] Network error: net::ERR_INTERNET_DISCONNECTED
[Oct 27, 2025 9:33:09.0 AM GMT:ERROR:get_publisher.cc(169)] Unexpected HTTP status: -1
[Oct 27, 2025 9:33:09.0 AM GMT:ERROR:url_loader.cc(131)] Network error: net::ERR_INTERNET_DISCONNECTED
[Oct 27, 2025 9:33:09.0 AM GMT:ERROR:get_publisher.cc(169)] Unexpected HTTP status: -1
[Oct 27, 2025 9:33:09.0 AM GMT:ERROR:url_loader.cc(131)] Network error: net::ERR_INTERNET_DISCONNECTED
[Oct 27, 2025 9:33:09.0 AM GMT:ERROR:get_publisher.cc(169)] Unexpected HTTP status: -1
[Oct 27, 2025 9:33:09.0 AM GMT:ERROR:url_loader.cc(131)] Network error: net::ERR_INTERNET_DISCONNECTED
[Oct 27, 2025 9:33:09.0 AM GMT:ERROR:get_publisher.cc(169)] Unexpected HTTP status: -1
[Oct 27, 2025 9:33:09.0 AM GMT:ERROR:url_loader.cc(131)] Network error: net::ERR_INTERNET_DISCONNECTED
[Oct 27, 2025 9:33:09.0 AM GMT:ERROR:get_publisher.cc(169)] Unexpected HTTP status: -1
[Oct 27, 2025 9:33:09.0 AM GMT:ERROR:url_loader.cc(131)] Network error: net::ERR_INTERNET_DISCONNECTED
[Oct 27, 2025 9:33:09.0 AM GMT:ERROR:get_publisher.cc(169)] Unexpected HTTP status: -1
[Oct 27, 2025 9:33:09.0 AM GMT:ERROR:url_loader.cc(131)] Network error: net::ERR_INTERNET_DISCONNECTED
[Oct 27, 2025 9:33:09.0 AM GMT:ERROR:get_publisher.cc(169)] Unexpected HTTP status: -1
[Oct 27, 2025 9:33:09.0 AM GMT:ERROR:url_loader.cc(131)] Network error: net::ERR_INTERNET_DISCONNECTED
[Oct 27, 2025 9:33:09.0 AM GMT:ERROR:get_publisher.cc(169)] Unexpected HTTP status: -1
[Oct 27, 2025 9:33:09.0 AM GMT:ERROR:url_loader.cc(131)] Network error: net::ERR_INTERNET_DISCONNECTED
[Oct 27, 2025 9:33:09.0 AM GMT:ERROR:get_publisher.cc(169)] Unexpected HTTP status: -1
[Oct 27, 2025 9:33:09.0 AM GMT:ERROR:url_loader.cc(131)] Network error: net::ERR_INTERNET_DISCONNECTED
[Oct 27, 2025 9:33:09.0 AM GMT:ERROR:get_publisher.cc(169)] Unexpected HTTP status: -1
[Oct 27, 2025 9:33:09.0 AM GMT:ERROR:url_loader.cc(131)] Network error: net::ERR_INTERNET_DISCONNECTED
[Oct 27, 2025 9:33:09.0 AM GMT:ERROR:get_publisher.cc(169)] Unexpected HTTP status: -1
[Oct 27, 2025 9:33:09.0 AM GMT:ERROR:url_loader.cc(131)] Network error: net::ERR_INTERNET_DISCONNECTED
[Oct 27, 2025 9:33:09.0 AM GMT:ERROR:get_publisher.cc(169)] Unexpected HTTP status: -1
[Oct 27, 2025 9:33:09.0 AM GMT:ERROR:url_loader.cc(131)] Network error: net::ERR_INTERNET_DISCONNECTED
[Oct 27, 2025 9:33:09.0 AM GMT:ERROR:get_publisher.cc(169)] Unexpected HTTP status: -1
[Oct 27, 2025 9:33:09.0 AM GMT:ERROR:url_loader.cc(131)] Network error: net::ERR_INTERNET_DISCONNECTED
[Oct 27, 2025 9:33:09.0 AM GMT:ERROR:get_publisher.cc(169)] Unexpected HTTP status: -1
[Oct 27, 2025 9:33:09.0 AM GMT:ERROR:url_loader.cc(131)] Network error: net::ERR_INTERNET_DISCONNECTED
[Oct 27, 2025 9:33:09.0 AM GMT:ERROR:get_publisher.cc(169)] Unexpected HTTP status: -1
[Oct 27, 2025 9:33:09.0 AM GMT:ERROR:url_loader.cc(131)] Network error: net::ERR_INTERNET_DISCONNECTED
[Oct 27, 2025 9:33:09.0 AM GMT:ERROR:get_publisher.cc(169)] Unexpected HTTP status: -1
[Oct 27, 2025 9:33:09.0 AM GMT:ERROR:url_loader.cc(131)] Network error: net::ERR_INTERNET_DISCONNECTED
[Oct 27, 2025 9:33:09.0 AM GMT:ERROR:get_publisher.cc(169)] Unexpected HTTP status: -1
[Oct 27, 2025 9:33:09.1 AM GMT:ERROR:url_loader.cc(131)] Network error: net::ERR_INTERNET_DISCONNECTED
[Oct 27, 2025 9:33:09.1 AM GMT:ERROR:get_publisher.cc(169)] Unexpected HTTP status: -1
[Oct 27, 2025 9:33:09.1 AM GMT:ERROR:url_loader.cc(131)] Network error: net::ERR_INTERNET_DISCONNECTED
[Oct 27, 2025 9:33:09.1 AM GMT:ERROR:get_publisher.cc(169)] Unexpected HTTP status: -1
[Oct 27, 2025 9:33:09.1 AM GMT:ERROR:url_loader.cc(131)] Network error: net::ERR_INTERNET_DISCONNECTED
[Oct 27, 2025 9:33:09.1 AM GMT:ERROR:get_publisher.cc(169)] Unexpected HTTP status: -1
[Oct 27, 2025 9:33:09.1 AM GMT:ERROR:url_loader.cc(131)] Network error: net::ERR_INTERNET_DISCONNECTED
[Oct 27, 2025 9:33:09.1 AM GMT:ERROR:get_publisher.cc(169)] Unexpected HTTP status: -1
[Oct 27, 2025 9:33:09.1 AM GMT:ERROR:url_loader.cc(131)] Network error: net::ERR_INTERNET_DISCONNECTED
[Oct 27, 2025 9:33:09.1 AM GMT:ERROR:get_publisher.cc(169)] Unexpected HTTP status: -1
[Oct 27, 2025 9:33:09.1 AM GMT:ERROR:url_loader.cc(131)] Network error: net::ERR_INTERNET_DISCONNECTED
[Oct 27, 2025 9:33:09.1 AM GMT:ERROR:get_publisher.cc(169)] Unexpected HTTP status: -1
[Oct 27, 2025 9:33:09.1 AM GMT:ERROR:url_loader.cc(131)] Network error: net::ERR_INTERNET_DISCONNECTED
[Oct 27, 2025 9:33:09.1 AM GMT:ERROR:get_publisher.cc(169)] Unexpected HTTP status: -1
[Oct 27, 2025 9:33:09.1 AM GMT:ERROR:url_loader.cc(131)] Network error: net::ERR_INTERNET_DISCONNECTED
[Oct 27, 2025 9:33:09.1 AM GMT:ERROR:get_publisher.cc(169)] Unexpected HTTP status: -1
[Oct 27, 2025 9:33:09.1 AM GMT:ERROR:url_loader.cc(131)] Network error: net::ERR_INTERNET_DISCONNECTED
[Oct 27, 2025 9:33:09.1 AM GMT:ERROR:get_publisher.cc(169)] Unexpected HTTP status: -1
[Oct 27, 2025 9:33:09.1 AM GMT:ERROR:url_loader.cc(131)] Network error: net::ERR_INTERNET_DISCONNECTED
[Oct 27, 2025 9:33:09.1 AM GMT:ERROR:get_publisher.cc(169)] Unexpected HTTP status: -1
[Oct 27, 2025 9:33:09.1 AM GMT:ERROR:url_loader.cc(131)] Network error: net::ERR_INTERNET_DISCONNECTED
[Oct 27, 2025 9:33:09.1 AM GMT:ERROR:get_publisher.cc(169)] Unexpected HTTP status: -1
[Oct 27, 2025 9:33:09.1 AM GMT:ERROR:url_loader.cc(131)] Network error: net::ERR_INTERNET_DISCONNECTED
[Oct 27, 2025 9:33:09.1 AM GMT:ERROR:get_publisher.cc(169)] Unexpected HTTP status: -1
[Oct 27, 2025 9:33:09.1 AM GMT:ERROR:url_loader.cc(131)] Network error: net::ERR_INTERNET_DISCONNECTED
[Oct 27, 2025 9:33:09.1 AM GMT:ERROR:get_publisher.cc(169)] Unexpected HTTP status: -1
[Oct 27, 2025 9:33:09.1 AM GMT:ERROR:url_loader.cc(131)] Network error: net::ERR_INTERNET_DISCONNECTED
[Oct 27, 2025 9:33:09.1 AM GMT:ERROR:get_publisher.cc(169)] Unexpected HTTP status: -1
[Oct 27, 2025 9:33:09.1 AM GMT:ERROR:url_loader.cc(131)] Network error: net::ERR_INTERNET_DISCONNECTED
[Oct 27, 2025 9:33:09.1 AM GMT:ERROR:get_publisher.cc(169)] Unexpected HTTP status: -1
[Oct 27, 2025 9:33:09.1 AM GMT:ERROR:url_loader.cc(131)] Network error: net::ERR_INTERNET_DISCONNECTED
[Oct 27, 2025 9:33:09.1 AM GMT:ERROR:get_publisher.cc(169)] Unexpected HTTP status: -1
[Oct 27, 2025 9:33:09.1 AM GMT:ERROR:url_loader.cc(131)] Network error: net::ERR_INTERNET_DISCONNECTED
[Oct 27, 2025 9:33:09.1 AM GMT:ERROR:get_publisher.cc(169)] Unexpected HTTP status: -1
[Oct 27, 2025 9:33:09.1 AM GMT:ERROR:url_loader.cc(131)] Network error: net::ERR_INTERNET_DISCONNECTED
[Oct 27, 2025 9:33:09.1 AM GMT:ERROR:get_publisher.cc(169)] Unexpected HTTP status: -1
[Oct 27, 2025 9:33:09.1 AM GMT:ERROR:url_loader.cc(131)] Network error: net::ERR_INTERNET_DISCONNECTED
[Oct 27, 2025 9:33:09.1 AM GMT:ERROR:get_publisher.cc(169)] Unexpected HTTP status: -1
[Oct 27, 2025 9:33:09.1 AM GMT:ERROR:url_loader.cc(131)] Network error: net::ERR_INTERNET_DISCONNECTED
[Oct 27, 2025 9:33:09.1 AM GMT:ERROR:get_publisher.cc(169)] Unexpected HTTP status: -1
[Oct 27, 2025 9:33:09.1 AM GMT:ERROR:url_loader.cc(131)] Network error: net::ERR_INTERNET_DISCONNECTED
[Oct 27, 2025 9:33:09.1 AM GMT:ERROR:get_publisher.cc(169)] Unexpected HTTP status: -1
[Oct 27, 2025 9:33:09.1 AM GMT:ERROR:url_loader.cc(131)] Network error: net::ERR_INTERNET_DISCONNECTED
[Oct 27, 2025 9:33:09.1 AM GMT:ERROR:get_publisher.cc(169)] Unexpected HTTP status: -1
[Oct 27, 2025 9:33:09.1 AM GMT:ERROR:url_loader.cc(131)] Network error: net::ERR_INTERNET_DISCONNECTED
[Oct 27, 2025 9:33:09.1 AM GMT:ERROR:get_publisher.cc(169)] Unexpected HTTP status: -1
[Oct 27, 2025 9:33:09.1 AM GMT:ERROR:url_loader.cc(131)] Network error: net::ERR_INTERNET_DISCONNECTED
[Oct 27, 2025 9:33:09.1 AM GMT:ERROR:get_publisher.cc(169)] Unexpected HTTP status: -1
[Oct 27, 2025 9:33:09.1 AM GMT:ERROR:url_loader.cc(131)] Network error: net::ERR_INTERNET_DISCONNECTED
[Oct 27, 2025 9:33:09.1 AM GMT:ERROR:get_publisher.cc(169)] Unexpected HTTP status: -1
[Oct 27, 2025 9:33:09.1 AM GMT:ERROR:url_loader.cc(131)] Network error: net::ERR_INTERNET_DISCONNECTED
[Oct 27, 2025 9:33:09.1 AM GMT:ERROR:get_publisher.cc(169)] Unexpected HTTP status: -1
[Oct 27, 2025 9:33:09.1 AM GMT:ERROR:url_loader.cc(131)] Network error: net::ERR_INTERNET_DISCONNECTED
[Oct 27, 2025 9:33:09.1 AM GMT:ERROR:get_publisher.cc(169)] Unexpected HTTP status: -1
[Oct 27, 2025 9:33:09.1 AM GMT:ERROR:url_loader.cc(131)] Network error: net::ERR_INTERNET_DISCONNECTED
[Oct 27, 2025 9:33:09.1 AM GMT:ERROR:get_publisher.cc(169)] Unexpected HTTP status: -1
[Oct 27, 2025 9:33:09.1 AM GMT:ERROR:url_loader.cc(131)] Network error: net::ERR_INTERNET_DISCONNECTED
[Oct 27, 2025 9:33:09.1 AM GMT:ERROR:get_publisher.cc(169)] Unexpected HTTP status: -1
[Oct 27, 2025 9:33:09.1 AM GMT:ERROR:url_loader.cc(131)] Network error: net::ERR_INTERNET_DISCONNECTED
[Oct 27, 2025 9:33:09.1 AM GMT:ERROR:get_publisher.cc(169)] Unexpected HTTP status: -1
[Oct 27, 2025 9:33:09.1 AM GMT:ERROR:url_loader.cc(131)] Network error: net::ERR_INTERNET_DISCONNECTED
[Oct 27, 2025 9:33:09.1 AM GMT:ERROR:get_publisher.cc(169)] Unexpected HTTP status: -1
[Oct 27, 2025 9:33:09.1 AM GMT:ERROR:url_loader.cc(131)] Network error: net::ERR_INTERNET_DISCONNECTED
[Oct 27, 2025 9:33:09.1 AM GMT:ERROR:get_publisher.cc(169)] Unexpected HTTP status: -1
[Oct 27, 2025 9:33:09.1 AM GMT:ERROR:url_loader.cc(131)] Network error: net::ERR_INTERNET_DISCONNECTED
[Oct 27, 2025 9:33:09.1 AM GMT:ERROR:get_publisher.cc(169)] Unexpected HTTP status: -1
[Oct 27, 2025 9:33:09.1 AM GMT:ERROR:url_loader.cc(131)] Network error: net::ERR_INTERNET_DISCONNECTED
[Oct 27, 2025 9:33:09.1 AM GMT:ERROR:get_publisher.cc(169)] Unexpected HTTP status: -1
[Oct 27, 2025 9:33:09.1 AM GMT:ERROR:url_loader.cc(131)] Network error: net::ERR_INTERNET_DISCONNECTED
[Oct 27, 2025 9:33:09.1 AM GMT:ERROR:get_publisher.cc(169)] Unexpected HTTP status: -1
[Oct 27, 2025 9:33:09.1 AM GMT:ERROR:url_loader.cc(131)] Network error: net::ERR_INTERNET_DISCONNECTED
[Oct 27, 2025 9:33:09.1 AM GMT:ERROR:get_publisher.cc(169)] Unexpected HTTP status: -1
[Oct 27, 2025 9:33:09.1 AM GMT:ERROR:url_loader.cc(131)] Network error: net::ERR_INTERNET_DISCONNECTED
[Oct 27, 2025 9:33:09.1 AM GMT:ERROR:get_publisher.cc(169)] Unexpected HTTP status: -1
[Oct 27, 2025 9:33:09.1 AM GMT:ERROR:url_loader.cc(131)] Network error: net::ERR_INTERNET_DISCONNECTED
[Oct 27, 2025 9:33:09.1 AM GMT:ERROR:get_publisher.cc(169)] Unexpected HTTP status: -1
[Oct 27, 2025 9:33:09.1 AM GMT:ERROR:url_loader.cc(131)] Network error: net::ERR_INTERNET_DISCONNECTED
[Oct 27, 2025 9:33:09.1 AM GMT:ERROR:get_publisher.cc(169)] Unexpected HTTP status: -1
[Oct 27, 2025 9:33:09.1 AM GMT:ERROR:url_loader.cc(131)] Network error: net::ERR_INTERNET_DISCONNECTED
[Oct 27, 2025 9:33:09.1 AM GMT:ERROR:get_publisher.cc(169)] Unexpected HTTP status: -1
[Oct 27, 2025 9:33:09.1 AM GMT:ERROR:url_loader.cc(131)] Network error: net::ERR_INTERNET_DISCONNECTED
[Oct 27, 2025 9:33:09.1 AM GMT:ERROR:get_publisher.cc(169)] Unexpected HTTP status: -1
[Oct 27, 2025 9:33:09.1 AM GMT:ERROR:url_loader.cc(131)] Network error: net::ERR_INTERNET_DISCONNECTED
[Oct 27, 2025 9:33:09.1 AM GMT:ERROR:get_publisher.cc(169)] Unexpected HTTP status: -1
[Oct 27, 2025 9:33:09.1 AM GMT:ERROR:url_loader.cc(131)] Network error: net::ERR_INTERNET_DISCONNECTED
[Oct 27, 2025 9:33:09.1 AM GMT:ERROR:get_publisher.cc(169)] Unexpected HTTP status: -1
[Oct 27, 2025 9:33:09.1 AM GMT:ERROR:url_loader.cc(131)] Network error: net::ERR_INTERNET_DISCONNECTED
[Oct 27, 2025 9:33:09.1 AM GMT:ERROR:get_publisher.cc(169)] Unexpected HTTP status: -1
[Oct 27, 2025 9:33:09.1 AM GMT:ERROR:url_loader.cc(131)] Network error: net::ERR_INTERNET_DISCONNECTED
[Oct 27, 2025 9:33:09.1 AM GMT:ERROR:get_publisher.cc(169)] Unexpected HTTP status: -1
[Oct 27, 2025 9:33:09.1 AM GMT:ERROR:url_loader.cc(131)] Network error: net::ERR_INTERNET_DISCONNECTED
[Oct 27, 2025 9:33:09.1 AM GMT:ERROR:get_publisher.cc(169)] Unexpected HTTP status: -1
[Oct 27, 2025 9:33:09.1 AM GMT:ERROR:url_loader.cc(131)] Network error: net::ERR_INTERNET_DISCONNECTED
[Oct 27, 2025 9:33:09.1 AM GMT:ERROR:get_publisher.cc(169)] Unexpected HTTP status: -1
[Oct 27, 2025 9:33:09.1 AM GMT:ERROR:url_loader.cc(131)] Network error: net::ERR_INTERNET_DISCONNECTED
[Oct 27, 2025 9:33:09.1 AM GMT:ERROR:get_publisher.cc(169)] Unexpected HTTP status: -1
[Oct 27, 2025 9:33:09.1 AM GMT:ERROR:url_loader.cc(131)] Network error: net::ERR_INTERNET_DISCONNECTED
[Oct 27, 2025 9:33:09.1 AM GMT:ERROR:get_publisher.cc(169)] Unexpected HTTP status: -1
[Oct 27, 2025 9:33:09.1 AM GMT:ERROR:url_loader.cc(131)] Network error: net::ERR_INTERNET_DISCONNECTED
[Oct 27, 2025 9:33:09.1 AM GMT:ERROR:get_publisher.cc(169)] Unexpected HTTP status: -1
[Oct 27, 2025 9:33:09.1 AM GMT:ERROR:url_loader.cc(131)] Network error: net::ERR_INTERNET_DISCONNECTED
[Oct 27, 2025 9:33:09.1 AM GMT:ERROR:get_publisher.cc(169)] Unexpected HTTP status: -1
[Oct 27, 2025 9:33:09.1 AM GMT:ERROR:url_loader.cc(131)] Network error: net::ERR_INTERNET_DISCONNECTED
[Oct 27, 2025 9:33:09.1 AM GMT:ERROR:get_publisher.cc(169)] Unexpected HTTP status: -1
[Oct 27, 2025 9:33:09.1 AM GMT:ERROR:url_loader.cc(131)] Network error: net::ERR_INTERNET_DISCONNECTED
[Oct 27, 2025 9:33:09.1 AM GMT:ERROR:get_publisher.cc(169)] Unexpected HTTP status: -1
[Oct 27, 2025 9:33:09.1 AM GMT:ERROR:url_loader.cc(131)] Network error: net::ERR_INTERNET_DISCONNECTED
[Oct 27, 2025 9:33:09.1 AM GMT:ERROR:get_publisher.cc(169)] Unexpected HTTP status: -1
[Oct 27, 2025 9:33:09.1 AM GMT:ERROR:url_loader.cc(131)] Network error: net::ERR_INTERNET_DISCONNECTED
[Oct 27, 2025 9:33:09.1 AM GMT:ERROR:get_publisher.cc(169)] Unexpected HTTP status: -1
[Oct 27, 2025 9:33:09.1 AM GMT:ERROR:url_loader.cc(131)] Network error: net::ERR_INTERNET_DISCONNECTED
[Oct 27, 2025 9:33:09.1 AM GMT:ERROR:get_publisher.cc(169)] Unexpected HTTP status: -1
[Oct 27, 2025 9:33:09.1 AM GMT:ERROR:url_loader.cc(131)] Network error: net::ERR_INTERNET_DISCONNECTED
[Oct 27, 2025 9:33:09.1 AM GMT:ERROR:get_publisher.cc(169)] Unexpected HTTP status: -1
[Oct 27, 2025 9:33:09.1 AM GMT:ERROR:url_loader.cc(131)] Network error: net::ERR_INTERNET_DISCONNECTED
[Oct 27, 2025 9:33:09.1 AM GMT:ERROR:get_publisher.cc(169)] Unexpected HTTP status: -1
[Oct 27, 2025 9:33:09.1 AM GMT:ERROR:url_loader.cc(131)] Network error: net::ERR_INTERNET_DISCONNECTED
[Oct 27, 2025 9:33:09.1 AM GMT:ERROR:get_publisher.cc(169)] Unexpected HTTP status: -1
[Oct 27, 2025 9:33:09.1 AM GMT:ERROR:url_loader.cc(131)] Network error: net::ERR_INTERNET_DISCONNECTED
[Oct 27, 2025 9:33:09.1 AM GMT:ERROR:get_publisher.cc(169)] Unexpected HTTP status: -1
[Oct 27, 2025 9:33:09.1 AM GMT:ERROR:url_loader.cc(131)] Network error: net::ERR_INTERNET_DISCONNECTED
[Oct 27, 2025 9:33:09.1 AM GMT:ERROR:get_publisher.cc(169)] Unexpected HTTP status: -1
[Oct 27, 2025 9:33:09.1 AM GMT:ERROR:url_loader.cc(131)] Network error: net::ERR_INTERNET_DISCONNECTED
[Oct 27, 2025 9:33:09.1 AM GMT:ERROR:get_publisher.cc(169)] Unexpected HTTP status: -1
[Oct 27, 2025 9:33:09.1 AM GMT:ERROR:url_loader.cc(131)] Network error: net::ERR_INTERNET_DISCONNECTED
[Oct 27, 2025 9:33:09.1 AM GMT:ERROR:get_publisher.cc(169)] Unexpected HTTP status: -1
[Oct 27, 2025 9:33:09.1 AM GMT:ERROR:url_loader.cc(131)] Network error: net::ERR_INTERNET_DISCONNECTED
[Oct 27, 2025 9:33:09.2 AM GMT:ERROR:get_publisher.cc(169)] Unexpected HTTP status: -1
[Oct 27, 2025 9:33:09.2 AM GMT:ERROR:url_loader.cc(131)] Network error: net::ERR_INTERNET_DISCONNECTED
[Oct 27, 2025 9:33:09.2 AM GMT:ERROR:get_publisher.cc(169)] Unexpected HTTP status: -1
[Oct 27, 2025 9:33:09.2 AM GMT:ERROR:url_loader.cc(131)] Network error: net::ERR_INTERNET_DISCONNECTED
[Oct 27, 2025 9:33:09.2 AM GMT:ERROR:get_publisher.cc(169)] Unexpected HTTP status: -1
[Oct 27, 2025 9:33:09.2 AM GMT:ERROR:url_loader.cc(131)] Network error: net::ERR_NAME_NOT_RESOLVED
[Oct 27, 2025 9:33:09.2 AM GMT:ERROR:get_publisher.cc(169)] Unexpected HTTP status: -1
[Oct 27, 2025 9:33:09.2 AM GMT:ERROR:url_loader.cc(131)] Network error: net::ERR_NAME_NOT_RESOLVED
[Oct 27, 2025 9:33:09.2 AM GMT:ERROR:get_publisher.cc(169)] Unexpected HTTP status: -1
[Oct 27, 2025 9:33:09.2 AM GMT:ERROR:url_loader.cc(131)] Network error: net::ERR_NAME_NOT_RESOLVED
[Oct 27, 2025 9:33:09.2 AM GMT:ERROR:get_publisher.cc(169)] Unexpected HTTP status: -1
[Oct 27, 2025 9:33:09.2 AM GMT:ERROR:url_loader.cc(131)] Network error: net::ERR_NAME_NOT_RESOLVED
[Oct 27, 2025 9:33:09.2 AM GMT:ERROR:get_publisher.cc(169)] Unexpected HTTP status: -1
[Oct 27, 2025 9:33:09.2 AM GMT:ERROR:url_loader.cc(131)] Network error: net::ERR_NAME_NOT_RESOLVED
[Oct 27, 2025 9:33:09.2 AM GMT:ERROR:get_publisher.cc(169)] Unexpected HTTP status: -1
[Oct 27, 2025 9:33:09.2 AM GMT:ERROR:url_loader.cc(131)] Network error: net::ERR_NAME_NOT_RESOLVED
[Oct 27, 2025 9:33:09.2 AM GMT:ERROR:get_publisher.cc(169)] Unexpected HTTP status: -1
[Oct 27, 2025 9:33:09.2 AM GMT:ERROR:url_loader.cc(131)] Network error: net::ERR_NAME_NOT_RESOLVED
[Oct 27, 2025 9:33:09.2 AM GMT:ERROR:get_publisher.cc(169)] Unexpected HTTP status: -1
[Oct 27, 2025 9:33:10.1 AM GMT:ERROR:url_loader.cc(131)] Network error: net::ERR_NETWORK_CHANGED
[Oct 27, 2025 9:33:10.1 AM GMT:ERROR:get_publisher.cc(169)] Unexpected HTTP status: -1
--------------------------------------------------------------------------------
[Oct 27, 2025 10:56:11.8 AM GMT:ERROR:creative_new_tab_page_ads_util.cc(123)] Successfully saved creative new tab page ads
[Oct 27, 2025 10:56:11.8 AM GMT:ERROR:creative_new_tab_page_ads_util.cc(108)] Successfully saved creative set conversions
[Oct 27, 2025 10:56:11.8 AM GMT:ERROR:conversion_resource.cc(68)] Failed to load and parse nnqccijfhvzwyrxpxwjrpmynaiazctqb conversion resource
--------------------------------------------------------------------------------
[Oct 27, 2025 11:22:54.3 AM GMT:ERROR:url_loader.cc(131)] Network error: net::ERR_INTERNET_DISCONNECTED
[Oct 27, 2025 11:22:54.3 AM GMT:ERROR:get_parameters.cc(124)] Unexpected status code! (HTTP -1)
[Oct 27, 2025 11:22:54.3 AM GMT:ERROR:url_loader.cc(131)] Network error: net::ERR_INTERNET_DISCONNECTED
[Oct 27, 2025 11:22:54.3 AM GMT:ERROR:get_wallet.cc(88)] Unexpected status code! (HTTP -1)
[Oct 27, 2025 11:22:54.3 AM GMT:ERROR:creative_new_tab_page_ads_util.cc(123)] Successfully saved creative new tab page ads
[Oct 27, 2025 11:22:54.3 AM GMT:ERROR:creative_new_tab_page_ads_util.cc(108)] Successfully saved creative set conversions
[Oct 27, 2025 11:22:54.3 AM GMT:ERROR:catalog_url_request.cc(144)] Failed to fetch catalog
[Oct 27, 2025 11:22:54.3 AM GMT:ERROR:subdivision_url_request.cc(128)] Failed to fetch subdivision
[Oct 27, 2025 11:22:54.3 AM GMT:ERROR:conversion_resource.cc(68)] Failed to load and parse nnqccijfhvzwyrxpxwjrpmynaiazctqb conversion resource
[Oct 27, 2025 11:24:15.3 AM GMT:ERROR:catalog_url_request.cc(144)] Failed to fetch catalog
[Oct 27, 2025 11:24:16.6 AM GMT:ERROR:subdivision_url_request.cc(128)] Failed to fetch subdivision
[Oct 27, 2025 11:25:42.8 AM GMT:ERROR:catalog_url_request.cc(144)] Failed to fetch catalog
[Oct 27, 2025 11:26:55.2 AM GMT:ERROR:subdivision_url_request.cc(128)] Failed to fetch subdivision
[Oct 27, 2025 11:28:55.3 AM GMT:ERROR:subdivision_url_request.cc(128)] Failed to fetch subdivision
[Oct 27, 2025 11:29:29.3 AM GMT:ERROR:url_loader.cc(131)] Network error: net::ERR_INTERNET_DISCONNECTED
[Oct 27, 2025 11:29:29.3 AM GMT:ERROR:get_parameters.cc(124)] Unexpected status code! (HTTP -1)
[Oct 27, 2025 11:31:11.1 AM GMT:ERROR:catalog_url_request.cc(144)] Failed to fetch catalog
[Oct 27, 2025 11:31:54.3 AM GMT:ERROR:url_loader.cc(131)] Network error: net::ERR_INTERNET_DISCONNECTED
[Oct 27, 2025 11:31:54.3 AM GMT:ERROR:get_parameters.cc(124)] Unexpected status code! (HTTP -1)
--------------------------------------------------------------------------------
[Oct 27, 2025 11:46:11.6 AM GMT:ERROR:creative_new_tab_page_ads_util.cc(123)] Successfully saved creative new tab page ads
[Oct 27, 2025 11:46:11.6 AM GMT:ERROR:creative_new_tab_page_ads_util.cc(108)] Successfully saved creative set conversions
[Oct 27, 2025 11:46:11.6 AM GMT:ERROR:conversion_resource.cc(68)] Failed to load and parse nnqccijfhvzwyrxpxwjrpmynaiazctqb conversion resource
[Oct 28, 2025 4:17:02.4 AM GMT:ERROR:catalog_url_request.cc(144)] Failed to fetch catalog
[Oct 28, 2025 4:45:47.4 AM GMT:ERROR:catalog_url_request.cc(144)] Failed to fetch catalog
[Oct 28, 2025 4:45:47.4 AM GMT:ERROR:subdivision_url_request.cc(128)] Failed to fetch subdivision
[Oct 28, 2025 6:46:47.4 AM GMT:ERROR:subdivision_url_request.cc(128)] Failed to fetch subdivision
[Oct 28, 2025 6:46:47.4 AM GMT:ERROR:catalog_url_request.cc(144)] Failed to fetch catalog
[Oct 28, 2025 9:46:47.4 AM GMT:ERROR:subdivision_url_request.cc(128)] Failed to fetch subdivision
[Oct 28, 2025 9:46:47.4 AM GMT:ERROR:catalog_url_request.cc(144)] Failed to fetch catalog
[Oct 28, 2025 10:01:50.1 AM GMT:ERROR:creative_new_tab_page_ads_util.cc(123)] Successfully saved creative new tab page ads
[Oct 28, 2025 10:01:50.1 AM GMT:ERROR:creative_new_tab_page_ads_util.cc(108)] Successfully saved creative set conversions
--------------------------------------------------------------------------------
[Oct 29, 2025 1:13:41.2 PM GMT:ERROR:creative_new_tab_page_ads_util.cc(123)] Successfully saved creative new tab page ads
[Oct 29, 2025 1:13:41.2 PM GMT:ERROR:creative_new_tab_page_ads_util.cc(108)] Successfully saved creative set conversions
[Oct 29, 2025 1:13:41.2 PM GMT:ERROR:conversion_resource.cc(68)] Failed to load and parse nnqccijfhvzwyrxpxwjrpmynaiazctqb conversion resource
[Oct 29, 2025 1:13:46.7 PM GMT:ERROR:creative_new_tab_page_ads_util.cc(123)] Successfully saved creative new tab page ads
[Oct 29, 2025 1:13:46.7 PM GMT:ERROR:creative_new_tab_page_ads_util.cc(108)] Successfully saved creative set conversions
[Oct 30, 2025 2:32:34.5 AM GMT:ERROR:catalog_url_request.cc(144)] Failed to fetch catalog
[Oct 30, 2025 3:17:39.2 AM GMT:ERROR:creative_new_tab_page_ads_util.cc(123)] Successfully saved creative new tab page ads
[Oct 30, 2025 3:17:39.2 AM GMT:ERROR:creative_new_tab_page_ads_util.cc(108)] Successfully saved creative set conversions
--------------------------------------------------------------------------------
[Oct 30, 2025 12:05:02.8 PM GMT:ERROR:creative_new_tab_page_ads_util.cc(123)] Successfully saved creative new tab page ads
[Oct 30, 2025 12:05:02.8 PM GMT:ERROR:creative_new_tab_page_ads_util.cc(108)] Successfully saved creative set conversions
[Oct 30, 2025 12:05:02.8 PM GMT:ERROR:conversion_resource.cc(68)] Failed to load and parse nnqccijfhvzwyrxpxwjrpmynaiazctqb conversion resource
[Oct 30, 2025 3:08:47.7 PM GMT:ERROR:url_loader.cc(131)] Network error: net::ERR_INTERNET_DISCONNECTED
[Oct 30, 2025 3:08:47.7 PM GMT:ERROR:get_parameters.cc(124)] Unexpected status code! (HTTP -1)
[Oct 30, 2025 3:14:22.8 PM GMT:ERROR:url_loader.cc(131)] Network error: net::ERR_NETWORK_IO_SUSPENDED
[Oct 30, 2025 3:14:22.8 PM GMT:ERROR:get_parameters.cc(124)] Unexpected status code! (HTTP -1)
--------------------------------------------------------------------------------
[Oct 30, 2025 4:30:59.5 PM GMT:ERROR:creative_new_tab_page_ads_util.cc(123)] Successfully saved creative new tab page ads
[Oct 30, 2025 4:30:59.5 PM GMT:ERROR:creative_new_tab_page_ads_util.cc(108)] Successfully saved creative set conversions
[Oct 30, 2025 4:30:59.5 PM GMT:ERROR:conversion_resource.cc(68)] Failed to load and parse nnqccijfhvzwyrxpxwjrpmynaiazctqb conversion resource
--------------------------------------------------------------------------------
[Nov 02, 2025 9:10:05.7 AM GMT:ERROR:creative_new_tab_page_ads_util.cc(123)] Successfully saved creative new tab page ads
[Nov 02, 2025 9:10:05.7 AM GMT:ERROR:creative_new_tab_page_ads_util.cc(108)] Successfully saved creative set conversions
[Nov 02, 2025 9:10:05.7 AM GMT:ERROR:conversion_resource.cc(68)] Failed to load and parse nnqccijfhvzwyrxpxwjrpmynaiazctqb conversion resource
[Nov 02, 2025 9:10:22.4 AM GMT:ERROR:creative_new_tab_page_ads_util.cc(123)] Successfully saved creative new tab page ads
[Nov 02, 2025 9:10:22.4 AM GMT:ERROR:creative_new_tab_page_ads_util.cc(108)] Successfully saved creative set conversions
--------------------------------------------------------------------------------
[Nov 03, 2025 10:42:24.0 AM GMT:ERROR:creative_new_tab_page_ads_util.cc(123)] Successfully saved creative new tab page ads
[Nov 03, 2025 10:42:24.0 AM GMT:ERROR:creative_new_tab_page_ads_util.cc(108)] Successfully saved creative set conversions
[Nov 03, 2025 10:42:24.0 AM GMT:ERROR:conversion_resource.cc(68)] Failed to load and parse nnqccijfhvzwyrxpxwjrpmynaiazctqb conversion resource
[Nov 03, 2025 10:42:30.6 AM GMT:ERROR:creative_new_tab_page_ads_util.cc(123)] Successfully saved creative new tab page ads
[Nov 03, 2025 10:42:30.6 AM GMT:ERROR:creative_new_tab_page_ads_util.cc(108)] Successfully saved creative set conversions
--------------------------------------------------------------------------------
[Nov 03, 2025 11:22:17.3 AM GMT:ERROR:creative_new_tab_page_ads_util.cc(123)] Successfully saved creative new tab page ads
[Nov 03, 2025 11:22:17.3 AM GMT:ERROR:creative_new_tab_page_ads_util.cc(108)] Successfully saved creative set conversions
[Nov 03, 2025 11:22:17.3 AM GMT:ERROR:conversion_resource.cc(68)] Failed to load and parse nnqccijfhvzwyrxpxwjrpmynaiazctqb conversion resource
--------------------------------------------------------------------------------
[Nov 04, 2025 6:18:31.4 AM GMT:ERROR:creative_new_tab_page_ads_util.cc(123)] Successfully saved creative new tab page ads
[Nov 04, 2025 6:18:31.5 AM GMT:ERROR:creative_new_tab_page_ads_util.cc(108)] Successfully saved creative set conversions
[Nov 04, 2025 6:18:31.5 AM GMT:ERROR:conversion_resource.cc(68)] Failed to load and parse nnqccijfhvzwyrxpxwjrpmynaiazctqb conversion resource
[Nov 04, 2025 6:18:37.4 AM GMT:ERROR:creative_new_tab_page_ads_util.cc(123)] Successfully saved creative new tab page ads
[Nov 04, 2025 6:18:37.4 AM GMT:ERROR:creative_new_tab_page_ads_util.cc(108)] Successfully saved creative set conversions
--------------------------------------------------------------------------------
[Nov 04, 2025 1:11:59.4 PM GMT:ERROR:conversion_resource.cc(68)] Failed to load and parse nnqccijfhvzwyrxpxwjrpmynaiazctqb conversion resource
[Nov 04, 2025 1:11:59.4 PM GMT:ERROR:creative_new_tab_page_ads_util.cc(123)] Successfully saved creative new tab page ads
[Nov 04, 2025 1:11:59.4 PM GMT:ERROR:creative_new_tab_page_ads_util.cc(108)] Successfully saved creative set conversions
[Nov 04, 2025 1:12:39.6 PM GMT:ERROR:catalog_url_request.cc(144)] Failed to fetch catalog
--------------------------------------------------------------------------------
[Nov 05, 2025 6:57:39.9 AM GMT:ERROR:creative_new_tab_page_ads_util.cc(123)] Successfully saved creative new tab page ads
[Nov 05, 2025 6:57:39.9 AM GMT:ERROR:creative_new_tab_page_ads_util.cc(108)] Successfully saved creative set conversions
[Nov 05, 2025 6:57:39.9 AM GMT:ERROR:conversion_resource.cc(68)] Failed to load and parse nnqccijfhvzwyrxpxwjrpmynaiazctqb conversion resource
[Nov 05, 2025 6:59:41.3 AM GMT:ERROR:creative_new_tab_page_ads_util.cc(123)] Successfully saved creative new tab page ads
[Nov 05, 2025 6:59:41.3 AM GMT:ERROR:creative_new_tab_page_ads_util.cc(108)] Successfully saved creative set conversions
[Nov 05, 2025 9:36:11.4 AM GMT:ERROR:catalog_url_request.cc(144)] Failed to fetch catalog
--------------------------------------------------------------------------------
[Nov 05, 2025 3:35:20.6 PM GMT:ERROR:creative_new_tab_page_ads_util.cc(123)] Successfully saved creative new tab page ads
[Nov 05, 2025 3:35:20.6 PM GMT:ERROR:creative_new_tab_page_ads_util.cc(108)] Successfully saved creative set conversions
[Nov 05, 2025 3:35:20.6 PM GMT:ERROR:conversion_resource.cc(68)] Failed to load and parse nnqccijfhvzwyrxpxwjrpmynaiazctqb conversion resource
--------------------------------------------------------------------------------
[Nov 06, 2025 3:26:58.5 AM GMT:ERROR:creative_new_tab_page_ads_util.cc(123)] Successfully saved creative new tab page ads
[Nov 06, 2025 3:26:58.5 AM GMT:ERROR:creative_new_tab_page_ads_util.cc(108)] Successfully saved creative set conversions
[Nov 06, 2025 3:26:58.5 AM GMT:ERROR:conversion_resource.cc(68)] Failed to load and parse nnqccijfhvzwyrxpxwjrpmynaiazctqb conversion resource
[Nov 06, 2025 4:46:18.8 AM GMT:ERROR:creative_new_tab_page_ads_util.cc(123)] Successfully saved creative new tab page ads
[Nov 06, 2025 4:46:18.8 AM GMT:ERROR:creative_new_tab_page_ads_util.cc(108)] Successfully saved creative set conversions
[Nov 06, 2025 7:55:27.5 AM GMT:ERROR:catalog_url_request.cc(144)] Failed to fetch catalog
--------------------------------------------------------------------------------
[Nov 06, 2025 1:45:43.9 PM GMT:ERROR:creative_new_tab_page_ads_util.cc(123)] Successfully saved creative new tab page ads
[Nov 06, 2025 1:45:43.9 PM GMT:ERROR:creative_new_tab_page_ads_util.cc(108)] Successfully saved creative set conversions
[Nov 06, 2025 1:45:43.9 PM GMT:ERROR:conversion_resource.cc(68)] Failed to load and parse nnqccijfhvzwyrxpxwjrpmynaiazctqb conversion resource
[Nov 06, 2025 3:37:36.9 PM GMT:ERROR:catalog_url_request.cc(144)] Failed to fetch catalog
--------------------------------------------------------------------------------
[Nov 06, 2025 5:43:20.9 PM GMT:ERROR:creative_new_tab_page_ads_util.cc(123)] Successfully saved creative new tab page ads
[Nov 06, 2025 5:43:20.9 PM GMT:ERROR:creative_new_tab_page_ads_util.cc(108)] Successfully saved creative set conversions
[Nov 06, 2025 5:43:20.9 PM GMT:ERROR:conversion_resource.cc(68)] Failed to load and parse nnqccijfhvzwyrxpxwjrpmynaiazctqb conversion resource
--------------------------------------------------------------------------------
[Nov 06, 2025 5:50:27.1 PM GMT:ERROR:creative_new_tab_page_ads_util.cc(123)] Successfully saved creative new tab page ads
[Nov 06, 2025 5:50:27.1 PM GMT:ERROR:creative_new_tab_page_ads_util.cc(108)] Successfully saved creative set conversions
[Nov 06, 2025 5:50:27.1 PM GMT:ERROR:conversion_resource.cc(68)] Failed to load and parse nnqccijfhvzwyrxpxwjrpmynaiazctqb conversion resource
[Nov 06, 2025 5:50:27.5 PM GMT:ERROR:url_loader.cc(131)] Network error: net::ERR_NETWORK_CHANGED
[Nov 06, 2025 5:50:27.5 PM GMT:ERROR:get_parameters.cc(125)] Unexpected status code! (HTTP -1)
[Nov 06, 2025 5:50:27.5 PM GMT:ERROR:url_loader.cc(131)] Network error: net::ERR_NETWORK_CHANGED
[Nov 06, 2025 5:50:27.5 PM GMT:ERROR:get_wallet.cc(89)] Unexpected status code! (HTTP -1)
--------------------------------------------------------------------------------
[Nov 06, 2025 5:54:04.4 PM GMT:ERROR:creative_new_tab_page_ads_util.cc(123)] Successfully saved creative new tab page ads
[Nov 06, 2025 5:54:04.4 PM GMT:ERROR:creative_new_tab_page_ads_util.cc(108)] Successfully saved creative set conversions
[Nov 06, 2025 5:54:04.4 PM GMT:ERROR:conversion_resource.cc(68)] Failed to load and parse nnqccijfhvzwyrxpxwjrpmynaiazctqb conversion resource
[Nov 06, 2025 5:54:05.1 PM GMT:ERROR:url_loader.cc(131)] Network error: net::ERR_NETWORK_CHANGED
[Nov 06, 2025 5:54:05.1 PM GMT:ERROR:get_wallet.cc(89)] Unexpected status code! (HTTP -1)
[Nov 06, 2025 5:54:05.1 PM GMT:ERROR:url_loader.cc(131)] Network error: net::ERR_NETWORK_CHANGED
[Nov 06, 2025 5:54:05.1 PM GMT:ERROR:get_parameters.cc(125)] Unexpected status code! (HTTP -1)
--------------------------------------------------------------------------------
[Nov 06, 2025 6:32:52.5 PM GMT:ERROR:creative_new_tab_page_ads_util.cc(123)] Successfully saved creative new tab page ads
[Nov 06, 2025 6:32:52.5 PM GMT:ERROR:creative_new_tab_page_ads_util.cc(108)] Successfully saved creative set conversions
[Nov 06, 2025 6:32:52.5 PM GMT:ERROR:conversion_resource.cc(68)] Failed to load and parse nnqccijfhvzwyrxpxwjrpmynaiazctqb conversion resource
--------------------------------------------------------------------------------
[Nov 06, 2025 6:44:31.6 PM GMT:ERROR:url_loader.cc(131)] Network error: net::ERR_INTERNET_DISCONNECTED
[Nov 06, 2025 6:44:31.6 PM GMT:ERROR:get_parameters.cc(125)] Unexpected status code! (HTTP -1)
[Nov 06, 2025 6:44:31.6 PM GMT:ERROR:url_loader.cc(131)] Network error: net::ERR_INTERNET_DISCONNECTED
[Nov 06, 2025 6:44:31.6 PM GMT:ERROR:get_wallet.cc(89)] Unexpected status code! (HTTP -1)
[Nov 06, 2025 6:44:31.7 PM GMT:ERROR:creative_new_tab_page_ads_util.cc(123)] Successfully saved creative new tab page ads
[Nov 06, 2025 6:44:31.7 PM GMT:ERROR:creative_new_tab_page_ads_util.cc(108)] Successfully saved creative set conversions
[Nov 06, 2025 6:44:31.7 PM GMT:ERROR:subdivision_url_request.cc(128)] Failed to fetch subdivision
[Nov 06, 2025 6:44:31.7 PM GMT:ERROR:catalog_url_request.cc(144)] Failed to fetch catalog
[Nov 06, 2025 6:44:31.7 PM GMT:ERROR:conversion_resource.cc(68)] Failed to load and parse nnqccijfhvzwyrxpxwjrpmynaiazctqb conversion resource
[Nov 06, 2025 6:45:07.6 PM GMT:ERROR:url_loader.cc(131)] Network error: net::ERR_INTERNET_DISCONNECTED
[Nov 06, 2025 6:45:07.6 PM GMT:ERROR:get_parameters.cc(125)] Unexpected status code! (HTTP -1)
[Nov 06, 2025 6:45:09.3 PM GMT:ERROR:subdivision_url_request.cc(128)] Failed to fetch subdivision
[Nov 06, 2025 6:45:17.8 PM GMT:ERROR:catalog_url_request.cc(144)] Failed to fetch catalog
[Nov 06, 2025 6:47:30.9 PM GMT:ERROR:subdivision_url_request.cc(128)] Failed to fetch subdivision
[Nov 06, 2025 6:47:37.9 PM GMT:ERROR:catalog_url_request.cc(144)] Failed to fetch catalog
--------------------------------------------------------------------------------
[Nov 06, 2025 6:51:30.3 PM GMT:ERROR:creative_new_tab_page_ads_util.cc(123)] Successfully saved creative new tab page ads
[Nov 06, 2025 6:51:30.3 PM GMT:ERROR:creative_new_tab_page_ads_util.cc(108)] Successfully saved creative set conversions
[Nov 06, 2025 6:51:30.3 PM GMT:ERROR:conversion_resource.cc(68)] Failed to load and parse nnqccijfhvzwyrxpxwjrpmynaiazctqb conversion resource
--------------------------------------------------------------------------------
[Nov 06, 2025 7:00:34.3 PM GMT:ERROR:creative_new_tab_page_ads_util.cc(123)] Successfully saved creative new tab page ads
[Nov 06, 2025 7:00:34.3 PM GMT:ERROR:creative_new_tab_page_ads_util.cc(108)] Successfully saved creative set conversions
[Nov 06, 2025 7:00:34.3 PM GMT:ERROR:conversion_resource.cc(68)] Failed to load and parse nnqccijfhvzwyrxpxwjrpmynaiazctqb conversion resource
--------------------------------------------------------------------------------
[Nov 06, 2025 7:39:41.4 PM GMT:ERROR:creative_new_tab_page_ads_util.cc(123)] Successfully saved creative new tab page ads
[Nov 06, 2025 7:39:41.4 PM GMT:ERROR:creative_new_tab_page_ads_util.cc(108)] Successfully saved creative set conversions
[Nov 06, 2025 7:39:41.4 PM GMT:ERROR:conversion_resource.cc(68)] Failed to load and parse nnqccijfhvzwyrxpxwjrpmynaiazctqb conversion resource
--------------------------------------------------------------------------------
[Nov 06, 2025 7:40:35.9 PM GMT:ERROR:creative_new_tab_page_ads_util.cc(123)] Successfully saved creative new tab page ads
[Nov 06, 2025 7:40:35.9 PM GMT:ERROR:creative_new_tab_page_ads_util.cc(108)] Successfully saved creative set conversions
[Nov 06, 2025 7:40:35.9 PM GMT:ERROR:conversion_resource.cc(68)] Failed to load and parse nnqccijfhvzwyrxpxwjrpmynaiazctqb conversion resource
--------------------------------------------------------------------------------
[Nov 06, 2025 7:47:42.7 PM GMT:ERROR:url_loader.cc(131)] Network error: net::ERR_INTERNET_DISCONNECTED
[Nov 06, 2025 7:47:42.7 PM GMT:ERROR:get_parameters.cc(125)] Unexpected status code! (HTTP -1)
[Nov 06, 2025 7:47:42.7 PM GMT:ERROR:url_loader.cc(131)] Network error: net::ERR_INTERNET_DISCONNECTED
[Nov 06, 2025 7:47:42.7 PM GMT:ERROR:get_wallet.cc(89)] Unexpected status code! (HTTP -1)
[Nov 06, 2025 7:47:42.7 PM GMT:ERROR:conversion_resource.cc(68)] Failed to load and parse nnqccijfhvzwyrxpxwjrpmynaiazctqb conversion resource
[Nov 06, 2025 7:47:42.7 PM GMT:ERROR:catalog_url_request.cc(144)] Failed to fetch catalog
[Nov 06, 2025 7:47:42.7 PM GMT:ERROR:creative_new_tab_page_ads_util.cc(123)] Successfully saved creative new tab page ads
[Nov 06, 2025 7:47:42.7 PM GMT:ERROR:creative_new_tab_page_ads_util.cc(108)] Successfully saved creative set conversions
[Nov 06, 2025 7:47:42.7 PM GMT:ERROR:subdivision_url_request.cc(128)] Failed to fetch subdivision
--------------------------------------------------------------------------------
[Nov 06, 2025 7:49:35.5 PM GMT:ERROR:creative_new_tab_page_ads_util.cc(123)] Successfully saved creative new tab page ads
[Nov 06, 2025 7:49:35.5 PM GMT:ERROR:creative_new_tab_page_ads_util.cc(108)] Successfully saved creative set conversions
[Nov 06, 2025 7:49:35.5 PM GMT:ERROR:conversion_resource.cc(68)] Failed to load and parse nnqccijfhvzwyrxpxwjrpmynaiazctqb conversion resource
[Nov 06, 2025 8:19:37.8 PM GMT:ERROR:creative_new_tab_page_ads_util.cc(123)] Successfully saved creative new tab page ads
[Nov 06, 2025 8:19:37.8 PM GMT:ERROR:creative_new_tab_page_ads_util.cc(108)] Successfully saved creative set conversions
--------------------------------------------------------------------------------
[Nov 06, 2025 9:02:28.7 PM GMT:ERROR:url_loader.cc(131)] Network error: net::ERR_INTERNET_DISCONNECTED
[Nov 06, 2025 9:02:28.7 PM GMT:ERROR:get_parameters.cc(125)] Unexpected status code! (HTTP -1)
[Nov 06, 2025 9:02:28.8 PM GMT:ERROR:url_loader.cc(131)] Network error: net::ERR_INTERNET_DISCONNECTED
[Nov 06, 2025 9:02:28.8 PM GMT:ERROR:get_wallet.cc(89)] Unexpected status code! (HTTP -1)
[Nov 06, 2025 9:02:28.8 PM GMT:ERROR:creative_new_tab_page_ads_util.cc(123)] Successfully saved creative new tab page ads
[Nov 06, 2025 9:02:28.8 PM GMT:ERROR:creative_new_tab_page_ads_util.cc(108)] Successfully saved creative set conversions
[Nov 06, 2025 9:02:28.8 PM GMT:ERROR:catalog_url_request.cc(144)] Failed to fetch catalog
[Nov 06, 2025 9:02:28.8 PM GMT:ERROR:subdivision_url_request.cc(128)] Failed to fetch subdivision
[Nov 06, 2025 9:02:28.8 PM GMT:ERROR:conversion_resource.cc(68)] Failed to load and parse nnqccijfhvzwyrxpxwjrpmynaiazctqb conversion resource
--------------------------------------------------------------------------------
[Nov 06, 2025 9:27:13.4 PM GMT:ERROR:creative_new_tab_page_ads_util.cc(123)] Successfully saved creative new tab page ads
[Nov 06, 2025 9:27:13.4 PM GMT:ERROR:creative_new_tab_page_ads_util.cc(108)] Successfully saved creative set conversions
[Nov 06, 2025 9:27:13.4 PM GMT:ERROR:conversion_resource.cc(68)] Failed to load and parse nnqccijfhvzwyrxpxwjrpmynaiazctqb conversion resource
--------------------------------------------------------------------------------
[Nov 07, 2025 5:16:45.5 AM GMT:ERROR:creative_new_tab_page_ads_util.cc(123)] Successfully saved creative new tab page ads
[Nov 07, 2025 5:16:45.5 AM GMT:ERROR:creative_new_tab_page_ads_util.cc(108)] Successfully saved creative set conversions
[Nov 07, 2025 5:16:45.6 AM GMT:ERROR:conversion_resource.cc(68)] Failed to load and parse nnqccijfhvzwyrxpxwjrpmynaiazctqb conversion resource
[Nov 07, 2025 5:17:23.7 AM GMT:ERROR:creative_new_tab_page_ads_util.cc(123)] Successfully saved creative new tab page ads
[Nov 07, 2025 5:17:23.7 AM GMT:ERROR:creative_new_tab_page_ads_util.cc(108)] Successfully saved creative set conversions
[Nov 07, 2025 5:30:02.6 AM GMT:ERROR:redeem_non_reward_confirmation.cc(116)] Failed to redeem non-reward kViewedImpression confirmation for kNotificationAd with transaction id e9baa99e-94a7-4b7b-a4bf-6c316b8909ce and creative instance id 6a57dfd3-b488-4842-b27a-48ce1e904c12
[Nov 07, 2025 5:30:02.6 AM GMT:ERROR:confirmations.cc(104)] Failed to process kViewedImpression confirmation for kNotificationAd with transaction id e9baa99e-94a7-4b7b-a4bf-6c316b8909ce and creative instance id 6a57dfd3-b488-4842-b27a-48ce1e904c12
--------------------------------------------------------------------------------
[Nov 07, 2025 6:01:50.6 AM GMT:ERROR:conversion_resource.cc(68)] Failed to load and parse nnqccijfhvzwyrxpxwjrpmynaiazctqb conversion resource
[Nov 07, 2025 6:01:50.6 AM GMT:ERROR:creative_new_tab_page_ads_util.cc(123)] Successfully saved creative new tab page ads
[Nov 07, 2025 6:01:50.6 AM GMT:ERROR:creative_new_tab_page_ads_util.cc(108)] Successfully saved creative set conversions
[Nov 07, 2025 9:11:55.4 AM GMT:ERROR:catalog_url_request.cc(144)] Failed to fetch catalog
--------------------------------------------------------------------------------
[Nov 07, 2025 10:46:33.6 AM GMT:ERROR:creative_new_tab_page_ads_util.cc(123)] Successfully saved creative new tab page ads
[Nov 07, 2025 10:46:33.6 AM GMT:ERROR:creative_new_tab_page_ads_util.cc(108)] Successfully saved creative set conversions
[Nov 07, 2025 10:46:33.7 AM GMT:ERROR:conversion_resource.cc(68)] Failed to load and parse nnqccijfhvzwyrxpxwjrpmynaiazctqb conversion resource
--------------------------------------------------------------------------------
[Nov 07, 2025 10:52:34.8 AM GMT:ERROR:creative_new_tab_page_ads_util.cc(123)] Successfully saved creative new tab page ads
[Nov 07, 2025 10:52:34.8 AM GMT:ERROR:creative_new_tab_page_ads_util.cc(108)] Successfully saved creative set conversions
[Nov 07, 2025 10:52:34.8 AM GMT:ERROR:conversion_resource.cc(68)] Failed to load and parse nnqccijfhvzwyrxpxwjrpmynaiazctqb conversion resource
[Nov 07, 2025 1:30:07.4 PM GMT:ERROR:catalog_url_request.cc(144)] Failed to fetch catalog
--------------------------------------------------------------------------------
[Nov 07, 2025 3:48:25.0 PM GMT:ERROR:url_loader.cc(131)] Network error: net::ERR_INTERNET_DISCONNECTED
[Nov 07, 2025 3:48:25.0 PM GMT:ERROR:get_parameters.cc(125)] Unexpected status code! (HTTP -1)
[Nov 07, 2025 3:48:25.0 PM GMT:ERROR:url_loader.cc(131)] Network error: net::ERR_INTERNET_DISCONNECTED
[Nov 07, 2025 3:48:25.0 PM GMT:ERROR:get_wallet.cc(89)] Unexpected status code! (HTTP -1)
[Nov 07, 2025 3:48:25.0 PM GMT:ERROR:creative_new_tab_page_ads_util.cc(123)] Successfully saved creative new tab page ads
[Nov 07, 2025 3:48:25.0 PM GMT:ERROR:creative_new_tab_page_ads_util.cc(108)] Successfully saved creative set conversions
[Nov 07, 2025 3:48:25.0 PM GMT:ERROR:catalog_url_request.cc(144)] Failed to fetch catalog
[Nov 07, 2025 3:48:25.0 PM GMT:ERROR:conversion_resource.cc(68)] Failed to load and parse nnqccijfhvzwyrxpxwjrpmynaiazctqb conversion resource
[Nov 07, 2025 3:48:25.0 PM GMT:ERROR:subdivision_url_request.cc(128)] Failed to fetch subdivision
--------------------------------------------------------------------------------
[Nov 07, 2025 4:24:27.7 PM GMT:ERROR:creative_new_tab_page_ads_util.cc(123)] Successfully saved creative new tab page ads
[Nov 07, 2025 4:24:27.7 PM GMT:ERROR:creative_new_tab_page_ads_util.cc(108)] Successfully saved creative set conversions
[Nov 07, 2025 4:24:27.7 PM GMT:ERROR:conversion_resource.cc(68)] Failed to load and parse nnqccijfhvzwyrxpxwjrpmynaiazctqb conversion resource
--------------------------------------------------------------------------------
[Nov 07, 2025 4:28:21.2 PM GMT:ERROR:url_loader.cc(131)] Network error: net::ERR_INTERNET_DISCONNECTED
[Nov 07, 2025 4:28:21.2 PM GMT:ERROR:get_parameters.cc(125)] Unexpected status code! (HTTP -1)
[Nov 07, 2025 4:28:21.3 PM GMT:ERROR:url_loader.cc(131)] Network error: net::ERR_INTERNET_DISCONNECTED
[Nov 07, 2025 4:28:21.3 PM GMT:ERROR:get_wallet.cc(89)] Unexpected status code! (HTTP -1)
[Nov 07, 2025 4:28:21.3 PM GMT:ERROR:creative_new_tab_page_ads_util.cc(123)] Successfully saved creative new tab page ads
[Nov 07, 2025 4:28:21.3 PM GMT:ERROR:creative_new_tab_page_ads_util.cc(108)] Successfully saved creative set conversions
[Nov 07, 2025 4:28:21.3 PM GMT:ERROR:catalog_url_request.cc(144)] Failed to fetch catalog
[Nov 07, 2025 4:28:21.3 PM GMT:ERROR:subdivision_url_request.cc(128)] Failed to fetch subdivision
[Nov 07, 2025 4:28:21.3 PM GMT:ERROR:conversion_resource.cc(68)] Failed to load and parse nnqccijfhvzwyrxpxwjrpmynaiazctqb conversion resource
--------------------------------------------------------------------------------
[Nov 07, 2025 4:54:15.3 PM GMT:ERROR:conversion_resource.cc(68)] Failed to load and parse nnqccijfhvzwyrxpxwjrpmynaiazctqb conversion resource
[Nov 07, 2025 4:54:15.3 PM GMT:ERROR:creative_new_tab_page_ads_util.cc(123)] Successfully saved creative new tab page ads
[Nov 07, 2025 4:54:15.3 PM GMT:ERROR:creative_new_tab_page_ads_util.cc(108)] Successfully saved creative set conversions
--------------------------------------------------------------------------------
[Nov 07, 2025 5:11:42.5 PM GMT:ERROR:creative_new_tab_page_ads_util.cc(123)] Successfully saved creative new tab page ads
[Nov 07, 2025 5:11:42.5 PM GMT:ERROR:creative_new_tab_page_ads_util.cc(108)] Successfully saved creative set conversions
[Nov 07, 2025 5:11:42.5 PM GMT:ERROR:conversion_resource.cc(68)] Failed to load and parse nnqccijfhvzwyrxpxwjrpmynaiazctqb conversion resource
--------------------------------------------------------------------------------
[Nov 07, 2025 6:45:09.5 PM GMT:ERROR:creative_new_tab_page_ads_util.cc(123)] Successfully saved creative new tab page ads
[Nov 07, 2025 6:45:09.5 PM GMT:ERROR:creative_new_tab_page_ads_util.cc(108)] Successfully saved creative set conversions
[Nov 07, 2025 6:45:09.5 PM GMT:ERROR:conversion_resource.cc(68)] Failed to load and parse nnqccijfhvzwyrxpxwjrpmynaiazctqb conversion resource
--------------------------------------------------------------------------------
[Nov 07, 2025 7:02:59.4 PM GMT:ERROR:creative_new_tab_page_ads_util.cc(123)] Successfully saved creative new tab page ads
[Nov 07, 2025 7:02:59.4 PM GMT:ERROR:creative_new_tab_page_ads_util.cc(108)] Successfully saved creative set conversions
[Nov 07, 2025 7:02:59.4 PM GMT:ERROR:conversion_resource.cc(68)] Failed to load and parse nnqccijfhvzwyrxpxwjrpmynaiazctqb conversion resource
