10/17/2025, 1:36:23 PM GMT+5:30 [Modules] Modules initializing
10/17/2025, 1:36:23 PM GMT+5:30 [Modules] Distribution: remote
10/17/2025, 1:36:23 PM GMT+5:30 [Modules] Host updates: enabled
10/17/2025, 1:36:23 PM GMT+5:30 [Modules] Module updates: enabled
10/17/2025, 1:36:23 PM GMT+5:30 [Modules] Module install path: /home/kamal/.config/discord/0.0.112/modules
10/17/2025, 1:36:23 PM GMT+5:30 [Modules] Module installed file path: /home/kamal/.config/discord/0.0.112/modules/installed.json
10/17/2025, 1:36:23 PM GMT+5:30 [Modules] Module download path: /home/kamal/.config/discord/0.0.112/modules/pending
10/17/2025, 1:36:23 PM GMT+5:30 [Modules] Bootstrapping...
10/17/2025, 1:36:23 PM GMT+5:30 [Modules] Installing discord_desktop_core@0 from /opt/discord/resources/bootstrap/discord_desktop_core.zip
10/17/2025, 1:36:23 PM GMT+5:30 [Modules] Failed installing discord_desktop_core@0: Error: ENOENT: no such file or directory, open '/opt/discord/resources/bootstrap/discord_desktop_core.zip'
10/17/2025, 1:36:23 PM GMT+5:30 [Modules] Installing discord_erlpack@0 from /opt/discord/resources/bootstrap/discord_erlpack.zip
10/17/2025, 1:36:23 PM GMT+5:30 [Modules] Failed installing discord_erlpack@0: Error: ENOENT: no such file or directory, open '/opt/discord/resources/bootstrap/discord_erlpack.zip'
10/17/2025, 1:36:23 PM GMT+5:30 [Modules] Installing discord_spellcheck@0 from /opt/discord/resources/bootstrap/discord_spellcheck.zip
10/17/2025, 1:36:23 PM GMT+5:30 [Modules] Failed installing discord_spellcheck@0: Error: ENOENT: no such file or directory, open '/opt/discord/resources/bootstrap/discord_spellcheck.zip'
10/17/2025, 1:36:23 PM GMT+5:30 [Modules] Installing discord_utils@0 from /opt/discord/resources/bootstrap/discord_utils.zip
10/17/2025, 1:36:23 PM GMT+5:30 [Modules] Failed installing discord_utils@0: Error: ENOENT: no such file or directory, open '/opt/discord/resources/bootstrap/discord_utils.zip'
10/17/2025, 1:36:23 PM GMT+5:30 [Modules] Installing discord_voice@0 from /opt/discord/resources/bootstrap/discord_voice.zip
10/17/2025, 1:36:23 PM GMT+5:30 [Modules] Failed installing discord_voice@0: Error: ENOENT: no such file or directory, open '/opt/discord/resources/bootstrap/discord_voice.zip'
10/17/2025, 1:36:23 PM GMT+5:30 [Modules] Installing discord_zstd@0 from /opt/discord/resources/bootstrap/discord_zstd.zip
10/17/2025, 1:36:23 PM GMT+5:30 [Modules] Failed installing discord_zstd@0: Error: ENOENT: no such file or directory, open '/opt/discord/resources/bootstrap/discord_zstd.zip'
10/17/2025, 1:36:23 PM GMT+5:30 [Modules] Finished module installations. [success: 0] [failure: 6]
10/17/2025, 1:36:23 PM GMT+5:30 [Modules] Checking for host updates.
10/17/2025, 1:36:25 PM GMT+5:30 [Modules] Host is up to date.
10/17/2025, 1:36:25 PM GMT+5:30 [Modules] Checking for module updates at https://discord.com/api/modules/stable/versions.json
10/17/2025, 1:36:27 PM GMT+5:30 [Modules] Module update available: discord_desktop_core@1 [installed: 0]
10/17/2025, 1:36:27 PM GMT+5:30 [Modules] Module update available: discord_erlpack@1 [installed: 0]
10/17/2025, 1:36:27 PM GMT+5:30 [Modules] Module update available: discord_spellcheck@1 [installed: 0]
10/17/2025, 1:36:27 PM GMT+5:30 [Modules] Module update available: discord_utils@1 [installed: 0]
10/17/2025, 1:36:27 PM GMT+5:30 [Modules] Module update available: discord_voice@1 [installed: 0]
10/17/2025, 1:36:27 PM GMT+5:30 [Modules] Module update available: discord_zstd@1 [installed: 0]
10/17/2025, 1:36:27 PM GMT+5:30 [Modules] Fetching discord_desktop_core@1 from https://discord.com/api/modules/stable/discord_desktop_core/1
10/17/2025, 1:36:27 PM GMT+5:30 [Modules] Streaming discord_desktop_core@1 to /home/kamal/.config/discord/0.0.112/modules/pending/discord_desktop_core-1.zip
10/17/2025, 1:37:17 PM GMT+5:30 [Modules] Streaming discord_desktop_core@1 to /home/kamal/.config/discord/0.0.112/modules/pending/discord_desktop_core-1.zip: 1%
10/17/2025, 1:37:20 PM GMT+5:30 [Modules] Streaming discord_desktop_core@1 to /home/kamal/.config/discord/0.0.112/modules/pending/discord_desktop_core-1.zip: 2%
10/17/2025, 1:37:26 PM GMT+5:30 [Modules] Streaming discord_desktop_core@1 to /home/kamal/.config/discord/0.0.112/modules/pending/discord_desktop_core-1.zip: 3%
10/17/2025, 1:37:28 PM GMT+5:30 [Modules] Streaming discord_desktop_core@1 to /home/kamal/.config/discord/0.0.112/modules/pending/discord_desktop_core-1.zip: 4%
10/17/2025, 1:37:30 PM GMT+5:30 [Modules] Streaming discord_desktop_core@1 to /home/kamal/.config/discord/0.0.112/modules/pending/discord_desktop_core-1.zip: 5%
10/17/2025, 1:37:31 PM GMT+5:30 [Modules] Streaming discord_desktop_core@1 to /home/kamal/.config/discord/0.0.112/modules/pending/discord_desktop_core-1.zip: 6%
10/17/2025, 1:37:33 PM GMT+5:30 [Modules] Streaming discord_desktop_core@1 to /home/kamal/.config/discord/0.0.112/modules/pending/discord_desktop_core-1.zip: 7%
10/17/2025, 1:37:35 PM GMT+5:30 [Modules] Streaming discord_desktop_core@1 to /home/kamal/.config/discord/0.0.112/modules/pending/discord_desktop_core-1.zip: 8%
10/17/2025, 1:37:35 PM GMT+5:30 [Modules] Streaming discord_desktop_core@1 to /home/kamal/.config/discord/0.0.112/modules/pending/discord_desktop_core-1.zip: 9%
10/17/2025, 1:37:36 PM GMT+5:30 [Modules] Streaming discord_desktop_core@1 to /home/kamal/.config/discord/0.0.112/modules/pending/discord_desktop_core-1.zip: 10%
10/17/2025, 1:37:37 PM GMT+5:30 [Modules] Streaming discord_desktop_core@1 to /home/kamal/.config/discord/0.0.112/modules/pending/discord_desktop_core-1.zip: 11%
10/17/2025, 1:37:38 PM GMT+5:30 [Modules] Streaming discord_desktop_core@1 to /home/kamal/.config/discord/0.0.112/modules/pending/discord_desktop_core-1.zip: 12%
10/17/2025, 1:37:39 PM GMT+5:30 [Modules] Streaming discord_desktop_core@1 to /home/kamal/.config/discord/0.0.112/modules/pending/discord_desktop_core-1.zip: 13%
10/17/2025, 1:37:39 PM GMT+5:30 [Modules] Streaming discord_desktop_core@1 to /home/kamal/.config/discord/0.0.112/modules/pending/discord_desktop_core-1.zip: 14%
10/17/2025, 1:37:40 PM GMT+5:30 [Modules] Streaming discord_desktop_core@1 to /home/kamal/.config/discord/0.0.112/modules/pending/discord_desktop_core-1.zip: 15%
10/17/2025, 1:37:41 PM GMT+5:30 [Modules] Streaming discord_desktop_core@1 to /home/kamal/.config/discord/0.0.112/modules/pending/discord_desktop_core-1.zip: 16%
10/17/2025, 1:37:42 PM GMT+5:30 [Modules] Streaming discord_desktop_core@1 to /home/kamal/.config/discord/0.0.112/modules/pending/discord_desktop_core-1.zip: 17%
10/17/2025, 1:37:42 PM GMT+5:30 [Modules] Streaming discord_desktop_core@1 to /home/kamal/.config/discord/0.0.112/modules/pending/discord_desktop_core-1.zip: 18%
10/17/2025, 1:37:43 PM GMT+5:30 [Modules] Streaming discord_desktop_core@1 to /home/kamal/.config/discord/0.0.112/modules/pending/discord_desktop_core-1.zip: 19%
10/17/2025, 1:37:43 PM GMT+5:30 [Modules] Streaming discord_desktop_core@1 to /home/kamal/.config/discord/0.0.112/modules/pending/discord_desktop_core-1.zip: 20%
10/17/2025, 1:37:43 PM GMT+5:30 [Modules] Streaming discord_desktop_core@1 to /home/kamal/.config/discord/0.0.112/modules/pending/discord_desktop_core-1.zip: 21%
10/17/2025, 1:37:44 PM GMT+5:30 [Modules] Streaming discord_desktop_core@1 to /home/kamal/.config/discord/0.0.112/modules/pending/discord_desktop_core-1.zip: 22%
10/17/2025, 1:37:44 PM GMT+5:30 [Modules] Streaming discord_desktop_core@1 to /home/kamal/.config/discord/0.0.112/modules/pending/discord_desktop_core-1.zip: 23%
10/17/2025, 1:37:45 PM GMT+5:30 [Modules] Streaming discord_desktop_core@1 to /home/kamal/.config/discord/0.0.112/modules/pending/discord_desktop_core-1.zip: 24%
10/17/2025, 1:37:45 PM GMT+5:30 [Modules] Streaming discord_desktop_core@1 to /home/kamal/.config/discord/0.0.112/modules/pending/discord_desktop_core-1.zip: 25%
10/17/2025, 1:37:45 PM GMT+5:30 [Modules] Streaming discord_desktop_core@1 to /home/kamal/.config/discord/0.0.112/modules/pending/discord_desktop_core-1.zip: 26%
10/17/2025, 1:37:46 PM GMT+5:30 [Modules] Streaming discord_desktop_core@1 to /home/kamal/.config/discord/0.0.112/modules/pending/discord_desktop_core-1.zip: 27%
10/17/2025, 1:37:47 PM GMT+5:30 [Modules] Streaming discord_desktop_core@1 to /home/kamal/.config/discord/0.0.112/modules/pending/discord_desktop_core-1.zip: 28%
10/17/2025, 1:37:48 PM GMT+5:30 [Modules] Streaming discord_desktop_core@1 to /home/kamal/.config/discord/0.0.112/modules/pending/discord_desktop_core-1.zip: 29%
10/17/2025, 1:37:48 PM GMT+5:30 [Modules] Streaming discord_desktop_core@1 to /home/kamal/.config/discord/0.0.112/modules/pending/discord_desktop_core-1.zip: 30%
10/17/2025, 1:37:48 PM GMT+5:30 [Modules] Streaming discord_desktop_core@1 to /home/kamal/.config/discord/0.0.112/modules/pending/discord_desktop_core-1.zip: 31%
10/17/2025, 1:37:49 PM GMT+5:30 [Modules] Streaming discord_desktop_core@1 to /home/kamal/.config/discord/0.0.112/modules/pending/discord_desktop_core-1.zip: 32%
10/17/2025, 1:37:50 PM GMT+5:30 [Modules] Streaming discord_desktop_core@1 to /home/kamal/.config/discord/0.0.112/modules/pending/discord_desktop_core-1.zip: 33%
10/17/2025, 1:37:51 PM GMT+5:30 [Modules] Streaming discord_desktop_core@1 to /home/kamal/.config/discord/0.0.112/modules/pending/discord_desktop_core-1.zip: 34%
10/17/2025, 1:37:51 PM GMT+5:30 [Modules] Streaming discord_desktop_core@1 to /home/kamal/.config/discord/0.0.112/modules/pending/discord_desktop_core-1.zip: 35%
10/17/2025, 1:37:52 PM GMT+5:30 [Modules] Streaming discord_desktop_core@1 to /home/kamal/.config/discord/0.0.112/modules/pending/discord_desktop_core-1.zip: 36%
10/17/2025, 1:37:52 PM GMT+5:30 [Modules] Streaming discord_desktop_core@1 to /home/kamal/.config/discord/0.0.112/modules/pending/discord_desktop_core-1.zip: 37%
10/17/2025, 1:37:52 PM GMT+5:30 [Modules] Streaming discord_desktop_core@1 to /home/kamal/.config/discord/0.0.112/modules/pending/discord_desktop_core-1.zip: 38%
10/17/2025, 1:37:53 PM GMT+5:30 [Modules] Streaming discord_desktop_core@1 to /home/kamal/.config/discord/0.0.112/modules/pending/discord_desktop_core-1.zip: 39%
10/17/2025, 1:37:54 PM GMT+5:30 [Modules] Streaming discord_desktop_core@1 to /home/kamal/.config/discord/0.0.112/modules/pending/discord_desktop_core-1.zip: 40%
10/17/2025, 1:37:55 PM GMT+5:30 [Modules] Streaming discord_desktop_core@1 to /home/kamal/.config/discord/0.0.112/modules/pending/discord_desktop_core-1.zip: 41%
10/17/2025, 1:37:55 PM GMT+5:30 [Modules] Streaming discord_desktop_core@1 to /home/kamal/.config/discord/0.0.112/modules/pending/discord_desktop_core-1.zip: 42%
10/17/2025, 1:37:56 PM GMT+5:30 [Modules] Streaming discord_desktop_core@1 to /home/kamal/.config/discord/0.0.112/modules/pending/discord_desktop_core-1.zip: 43%
10/17/2025, 1:37:56 PM GMT+5:30 [Modules] Streaming discord_desktop_core@1 to /home/kamal/.config/discord/0.0.112/modules/pending/discord_desktop_core-1.zip: 44%
10/17/2025, 1:37:57 PM GMT+5:30 [Modules] Streaming discord_desktop_core@1 to /home/kamal/.config/discord/0.0.112/modules/pending/discord_desktop_core-1.zip: 45%
10/17/2025, 1:37:58 PM GMT+5:30 [Modules] Streaming discord_desktop_core@1 to /home/kamal/.config/discord/0.0.112/modules/pending/discord_desktop_core-1.zip: 46%
10/17/2025, 1:37:58 PM GMT+5:30 [Modules] Streaming discord_desktop_core@1 to /home/kamal/.config/discord/0.0.112/modules/pending/discord_desktop_core-1.zip: 47%
10/17/2025, 1:37:59 PM GMT+5:30 [Modules] Streaming discord_desktop_core@1 to /home/kamal/.config/discord/0.0.112/modules/pending/discord_desktop_core-1.zip: 48%
10/17/2025, 1:38:00 PM GMT+5:30 [Modules] Streaming discord_desktop_core@1 to /home/kamal/.config/discord/0.0.112/modules/pending/discord_desktop_core-1.zip: 49%
10/17/2025, 1:38:00 PM GMT+5:30 [Modules] Streaming discord_desktop_core@1 to /home/kamal/.config/discord/0.0.112/modules/pending/discord_desktop_core-1.zip: 50%
10/17/2025, 1:38:01 PM GMT+5:30 [Modules] Streaming discord_desktop_core@1 to /home/kamal/.config/discord/0.0.112/modules/pending/discord_desktop_core-1.zip: 51%
10/17/2025, 1:38:02 PM GMT+5:30 [Modules] Streaming discord_desktop_core@1 to /home/kamal/.config/discord/0.0.112/modules/pending/discord_desktop_core-1.zip: 52%
10/17/2025, 1:38:03 PM GMT+5:30 [Modules] Streaming discord_desktop_core@1 to /home/kamal/.config/discord/0.0.112/modules/pending/discord_desktop_core-1.zip: 53%
10/17/2025, 1:38:03 PM GMT+5:30 [Modules] Streaming discord_desktop_core@1 to /home/kamal/.config/discord/0.0.112/modules/pending/discord_desktop_core-1.zip: 54%
10/17/2025, 1:38:04 PM GMT+5:30 [Modules] Streaming discord_desktop_core@1 to /home/kamal/.config/discord/0.0.112/modules/pending/discord_desktop_core-1.zip: 55%
10/17/2025, 1:38:05 PM GMT+5:30 [Modules] Streaming discord_desktop_core@1 to /home/kamal/.config/discord/0.0.112/modules/pending/discord_desktop_core-1.zip: 56%
10/17/2025, 1:38:05 PM GMT+5:30 [Modules] Streaming discord_desktop_core@1 to /home/kamal/.config/discord/0.0.112/modules/pending/discord_desktop_core-1.zip: 57%
10/17/2025, 1:38:06 PM GMT+5:30 [Modules] Streaming discord_desktop_core@1 to /home/kamal/.config/discord/0.0.112/modules/pending/discord_desktop_core-1.zip: 58%
10/17/2025, 1:38:07 PM GMT+5:30 [Modules] Streaming discord_desktop_core@1 to /home/kamal/.config/discord/0.0.112/modules/pending/discord_desktop_core-1.zip: 59%
10/17/2025, 1:38:08 PM GMT+5:30 [Modules] Streaming discord_desktop_core@1 to /home/kamal/.config/discord/0.0.112/modules/pending/discord_desktop_core-1.zip: 60%
10/17/2025, 1:38:08 PM GMT+5:30 [Modules] Streaming discord_desktop_core@1 to /home/kamal/.config/discord/0.0.112/modules/pending/discord_desktop_core-1.zip: 61%
10/17/2025, 1:38:09 PM GMT+5:30 [Modules] Streaming discord_desktop_core@1 to /home/kamal/.config/discord/0.0.112/modules/pending/discord_desktop_core-1.zip: 62%
10/17/2025, 1:38:10 PM GMT+5:30 [Modules] Streaming discord_desktop_core@1 to /home/kamal/.config/discord/0.0.112/modules/pending/discord_desktop_core-1.zip: 63%
10/17/2025, 1:38:10 PM GMT+5:30 [Modules] Streaming discord_desktop_core@1 to /home/kamal/.config/discord/0.0.112/modules/pending/discord_desktop_core-1.zip: 64%
10/17/2025, 1:38:12 PM GMT+5:30 [Modules] Streaming discord_desktop_core@1 to /home/kamal/.config/discord/0.0.112/modules/pending/discord_desktop_core-1.zip: 65%
10/17/2025, 1:38:12 PM GMT+5:30 [Modules] Streaming discord_desktop_core@1 to /home/kamal/.config/discord/0.0.112/modules/pending/discord_desktop_core-1.zip: 66%
10/17/2025, 1:38:13 PM GMT+5:30 [Modules] Streaming discord_desktop_core@1 to /home/kamal/.config/discord/0.0.112/modules/pending/discord_desktop_core-1.zip: 67%
10/17/2025, 1:38:14 PM GMT+5:30 [Modules] Streaming discord_desktop_core@1 to /home/kamal/.config/discord/0.0.112/modules/pending/discord_desktop_core-1.zip: 68%
10/17/2025, 1:38:14 PM GMT+5:30 [Modules] Streaming discord_desktop_core@1 to /home/kamal/.config/discord/0.0.112/modules/pending/discord_desktop_core-1.zip: 69%
10/17/2025, 1:38:16 PM GMT+5:30 [Modules] Streaming discord_desktop_core@1 to /home/kamal/.config/discord/0.0.112/modules/pending/discord_desktop_core-1.zip: 70%
10/17/2025, 1:38:16 PM GMT+5:30 [Modules] Streaming discord_desktop_core@1 to /home/kamal/.config/discord/0.0.112/modules/pending/discord_desktop_core-1.zip: 71%
10/17/2025, 1:38:17 PM GMT+5:30 [Modules] Streaming discord_desktop_core@1 to /home/kamal/.config/discord/0.0.112/modules/pending/discord_desktop_core-1.zip: 72%
10/17/2025, 1:38:18 PM GMT+5:30 [Modules] Streaming discord_desktop_core@1 to /home/kamal/.config/discord/0.0.112/modules/pending/discord_desktop_core-1.zip: 73%
10/17/2025, 1:38:18 PM GMT+5:30 [Modules] Streaming discord_desktop_core@1 to /home/kamal/.config/discord/0.0.112/modules/pending/discord_desktop_core-1.zip: 74%
10/17/2025, 1:38:20 PM GMT+5:30 [Modules] Streaming discord_desktop_core@1 to /home/kamal/.config/discord/0.0.112/modules/pending/discord_desktop_core-1.zip: 75%
10/17/2025, 1:38:20 PM GMT+5:30 [Modules] Streaming discord_desktop_core@1 to /home/kamal/.config/discord/0.0.112/modules/pending/discord_desktop_core-1.zip: 76%
10/17/2025, 1:38:21 PM GMT+5:30 [Modules] Streaming discord_desktop_core@1 to /home/kamal/.config/discord/0.0.112/modules/pending/discord_desktop_core-1.zip: 77%
10/17/2025, 1:38:22 PM GMT+5:30 [Modules] Streaming discord_desktop_core@1 to /home/kamal/.config/discord/0.0.112/modules/pending/discord_desktop_core-1.zip: 78%
10/17/2025, 1:38:23 PM GMT+5:30 [Modules] Streaming discord_desktop_core@1 to /home/kamal/.config/discord/0.0.112/modules/pending/discord_desktop_core-1.zip: 79%
10/17/2025, 1:38:24 PM GMT+5:30 [Modules] Streaming discord_desktop_core@1 to /home/kamal/.config/discord/0.0.112/modules/pending/discord_desktop_core-1.zip: 80%
10/17/2025, 1:38:24 PM GMT+5:30 [Modules] Streaming discord_desktop_core@1 to /home/kamal/.config/discord/0.0.112/modules/pending/discord_desktop_core-1.zip: 81%
10/17/2025, 1:38:25 PM GMT+5:30 [Modules] Streaming discord_desktop_core@1 to /home/kamal/.config/discord/0.0.112/modules/pending/discord_desktop_core-1.zip: 82%
10/17/2025, 1:38:26 PM GMT+5:30 [Modules] Streaming discord_desktop_core@1 to /home/kamal/.config/discord/0.0.112/modules/pending/discord_desktop_core-1.zip: 83%
10/17/2025, 1:38:27 PM GMT+5:30 [Modules] Streaming discord_desktop_core@1 to /home/kamal/.config/discord/0.0.112/modules/pending/discord_desktop_core-1.zip: 84%
10/17/2025, 1:38:28 PM GMT+5:30 [Modules] Streaming discord_desktop_core@1 to /home/kamal/.config/discord/0.0.112/modules/pending/discord_desktop_core-1.zip: 85%
10/17/2025, 1:38:28 PM GMT+5:30 [Modules] Streaming discord_desktop_core@1 to /home/kamal/.config/discord/0.0.112/modules/pending/discord_desktop_core-1.zip: 86%
10/17/2025, 1:38:29 PM GMT+5:30 [Modules] Streaming discord_desktop_core@1 to /home/kamal/.config/discord/0.0.112/modules/pending/discord_desktop_core-1.zip: 87%
10/17/2025, 1:38:30 PM GMT+5:30 [Modules] Streaming discord_desktop_core@1 to /home/kamal/.config/discord/0.0.112/modules/pending/discord_desktop_core-1.zip: 88%
10/17/2025, 1:38:31 PM GMT+5:30 [Modules] Streaming discord_desktop_core@1 to /home/kamal/.config/discord/0.0.112/modules/pending/discord_desktop_core-1.zip: 89%
10/17/2025, 1:38:32 PM GMT+5:30 [Modules] Streaming discord_desktop_core@1 to /home/kamal/.config/discord/0.0.112/modules/pending/discord_desktop_core-1.zip: 90%
10/17/2025, 1:38:33 PM GMT+5:30 [Modules] Streaming discord_desktop_core@1 to /home/kamal/.config/discord/0.0.112/modules/pending/discord_desktop_core-1.zip: 91%
10/17/2025, 1:38:33 PM GMT+5:30 [Modules] Streaming discord_desktop_core@1 to /home/kamal/.config/discord/0.0.112/modules/pending/discord_desktop_core-1.zip: 92%
10/17/2025, 1:38:34 PM GMT+5:30 [Modules] Streaming discord_desktop_core@1 to /home/kamal/.config/discord/0.0.112/modules/pending/discord_desktop_core-1.zip: 93%
10/17/2025, 1:38:35 PM GMT+5:30 [Modules] Streaming discord_desktop_core@1 to /home/kamal/.config/discord/0.0.112/modules/pending/discord_desktop_core-1.zip: 94%
10/17/2025, 1:38:36 PM GMT+5:30 [Modules] Streaming discord_desktop_core@1 to /home/kamal/.config/discord/0.0.112/modules/pending/discord_desktop_core-1.zip: 95%
10/17/2025, 1:38:37 PM GMT+5:30 [Modules] Streaming discord_desktop_core@1 to /home/kamal/.config/discord/0.0.112/modules/pending/discord_desktop_core-1.zip: 96%
10/17/2025, 1:38:38 PM GMT+5:30 [Modules] Streaming discord_desktop_core@1 to /home/kamal/.config/discord/0.0.112/modules/pending/discord_desktop_core-1.zip: 97%
10/17/2025, 1:38:38 PM GMT+5:30 [Modules] Streaming discord_desktop_core@1 to /home/kamal/.config/discord/0.0.112/modules/pending/discord_desktop_core-1.zip: 98%
10/17/2025, 1:38:39 PM GMT+5:30 [Modules] Streaming discord_desktop_core@1 to /home/kamal/.config/discord/0.0.112/modules/pending/discord_desktop_core-1.zip: 99%
10/17/2025, 1:38:40 PM GMT+5:30 [Modules] Streaming discord_desktop_core@1 to /home/kamal/.config/discord/0.0.112/modules/pending/discord_desktop_core-1.zip: 100%
10/17/2025, 1:38:40 PM GMT+5:30 [Modules] Fetching discord_erlpack@1 from https://discord.com/api/modules/stable/discord_erlpack/1
10/17/2025, 1:38:40 PM GMT+5:30 [Modules] Streaming discord_erlpack@1 to /home/kamal/.config/discord/0.0.112/modules/pending/discord_erlpack-1.zip
10/17/2025, 1:38:41 PM GMT+5:30 [Modules] Streaming discord_erlpack@1 to /home/kamal/.config/discord/0.0.112/modules/pending/discord_erlpack-1.zip: 1%
10/17/2025, 1:38:41 PM GMT+5:30 [Modules] Streaming discord_erlpack@1 to /home/kamal/.config/discord/0.0.112/modules/pending/discord_erlpack-1.zip: 2%
10/17/2025, 1:38:42 PM GMT+5:30 [Modules] Streaming discord_erlpack@1 to /home/kamal/.config/discord/0.0.112/modules/pending/discord_erlpack-1.zip: 3%
10/17/2025, 1:38:42 PM GMT+5:30 [Modules] Streaming discord_erlpack@1 to /home/kamal/.config/discord/0.0.112/modules/pending/discord_erlpack-1.zip: 4%
10/17/2025, 1:38:42 PM GMT+5:30 [Modules] Streaming discord_erlpack@1 to /home/kamal/.config/discord/0.0.112/modules/pending/discord_erlpack-1.zip: 5%
10/17/2025, 1:38:43 PM GMT+5:30 [Modules] Streaming discord_erlpack@1 to /home/kamal/.config/discord/0.0.112/modules/pending/discord_erlpack-1.zip: 6%
10/17/2025, 1:38:43 PM GMT+5:30 [Modules] Streaming discord_erlpack@1 to /home/kamal/.config/discord/0.0.112/modules/pending/discord_erlpack-1.zip: 7%
10/17/2025, 1:38:43 PM GMT+5:30 [Modules] Streaming discord_erlpack@1 to /home/kamal/.config/discord/0.0.112/modules/pending/discord_erlpack-1.zip: 8%
10/17/2025, 1:38:44 PM GMT+5:30 [Modules] Streaming discord_erlpack@1 to /home/kamal/.config/discord/0.0.112/modules/pending/discord_erlpack-1.zip: 9%
10/17/2025, 1:38:44 PM GMT+5:30 [Modules] Streaming discord_erlpack@1 to /home/kamal/.config/discord/0.0.112/modules/pending/discord_erlpack-1.zip: 10%
10/17/2025, 1:38:44 PM GMT+5:30 [Modules] Streaming discord_erlpack@1 to /home/kamal/.config/discord/0.0.112/modules/pending/discord_erlpack-1.zip: 11%
10/17/2025, 1:38:45 PM GMT+5:30 [Modules] Streaming discord_erlpack@1 to /home/kamal/.config/discord/0.0.112/modules/pending/discord_erlpack-1.zip: 12%
10/17/2025, 1:38:45 PM GMT+5:30 [Modules] Streaming discord_erlpack@1 to /home/kamal/.config/discord/0.0.112/modules/pending/discord_erlpack-1.zip: 13%
10/17/2025, 1:38:46 PM GMT+5:30 [Modules] Streaming discord_erlpack@1 to /home/kamal/.config/discord/0.0.112/modules/pending/discord_erlpack-1.zip: 14%
10/17/2025, 1:38:46 PM GMT+5:30 [Modules] Streaming discord_erlpack@1 to /home/kamal/.config/discord/0.0.112/modules/pending/discord_erlpack-1.zip: 15%
10/17/2025, 1:38:46 PM GMT+5:30 [Modules] Streaming discord_erlpack@1 to /home/kamal/.config/discord/0.0.112/modules/pending/discord_erlpack-1.zip: 16%
10/17/2025, 1:38:46 PM GMT+5:30 [Modules] Streaming discord_erlpack@1 to /home/kamal/.config/discord/0.0.112/modules/pending/discord_erlpack-1.zip: 17%
10/17/2025, 1:38:47 PM GMT+5:30 [Modules] Streaming discord_erlpack@1 to /home/kamal/.config/discord/0.0.112/modules/pending/discord_erlpack-1.zip: 18%
10/17/2025, 1:38:47 PM GMT+5:30 [Modules] Streaming discord_erlpack@1 to /home/kamal/.config/discord/0.0.112/modules/pending/discord_erlpack-1.zip: 19%
10/17/2025, 1:38:47 PM GMT+5:30 [Modules] Streaming discord_erlpack@1 to /home/kamal/.config/discord/0.0.112/modules/pending/discord_erlpack-1.zip: 20%
10/17/2025, 1:38:48 PM GMT+5:30 [Modules] Streaming discord_erlpack@1 to /home/kamal/.config/discord/0.0.112/modules/pending/discord_erlpack-1.zip: 21%
10/17/2025, 1:38:48 PM GMT+5:30 [Modules] Streaming discord_erlpack@1 to /home/kamal/.config/discord/0.0.112/modules/pending/discord_erlpack-1.zip: 22%
10/17/2025, 1:38:48 PM GMT+5:30 [Modules] Streaming discord_erlpack@1 to /home/kamal/.config/discord/0.0.112/modules/pending/discord_erlpack-1.zip: 23%
10/17/2025, 1:38:49 PM GMT+5:30 [Modules] Streaming discord_erlpack@1 to /home/kamal/.config/discord/0.0.112/modules/pending/discord_erlpack-1.zip: 24%
10/17/2025, 1:38:49 PM GMT+5:30 [Modules] Streaming discord_erlpack@1 to /home/kamal/.config/discord/0.0.112/modules/pending/discord_erlpack-1.zip: 25%
10/17/2025, 1:38:49 PM GMT+5:30 [Modules] Streaming discord_erlpack@1 to /home/kamal/.config/discord/0.0.112/modules/pending/discord_erlpack-1.zip: 26%
10/17/2025, 1:38:50 PM GMT+5:30 [Modules] Streaming discord_erlpack@1 to /home/kamal/.config/discord/0.0.112/modules/pending/discord_erlpack-1.zip: 27%
10/17/2025, 1:38:50 PM GMT+5:30 [Modules] Streaming discord_erlpack@1 to /home/kamal/.config/discord/0.0.112/modules/pending/discord_erlpack-1.zip: 28%
10/17/2025, 1:38:51 PM GMT+5:30 [Modules] Streaming discord_erlpack@1 to /home/kamal/.config/discord/0.0.112/modules/pending/discord_erlpack-1.zip: 29%
10/17/2025, 1:38:51 PM GMT+5:30 [Modules] Streaming discord_erlpack@1 to /home/kamal/.config/discord/0.0.112/modules/pending/discord_erlpack-1.zip: 30%
10/17/2025, 1:38:52 PM GMT+5:30 [Modules] Streaming discord_erlpack@1 to /home/kamal/.config/discord/0.0.112/modules/pending/discord_erlpack-1.zip: 31%
10/17/2025, 1:38:52 PM GMT+5:30 [Modules] Streaming discord_erlpack@1 to /home/kamal/.config/discord/0.0.112/modules/pending/discord_erlpack-1.zip: 32%
10/17/2025, 1:38:53 PM GMT+5:30 [Modules] Streaming discord_erlpack@1 to /home/kamal/.config/discord/0.0.112/modules/pending/discord_erlpack-1.zip: 33%
10/17/2025, 1:38:53 PM GMT+5:30 [Modules] Streaming discord_erlpack@1 to /home/kamal/.config/discord/0.0.112/modules/pending/discord_erlpack-1.zip: 34%
10/17/2025, 1:38:54 PM GMT+5:30 [Modules] Streaming discord_erlpack@1 to /home/kamal/.config/discord/0.0.112/modules/pending/discord_erlpack-1.zip: 35%
10/17/2025, 1:38:55 PM GMT+5:30 [Modules] Streaming discord_erlpack@1 to /home/kamal/.config/discord/0.0.112/modules/pending/discord_erlpack-1.zip: 36%
10/17/2025, 1:38:55 PM GMT+5:30 [Modules] Streaming discord_erlpack@1 to /home/kamal/.config/discord/0.0.112/modules/pending/discord_erlpack-1.zip: 37%
10/17/2025, 1:38:55 PM GMT+5:30 [Modules] Streaming discord_erlpack@1 to /home/kamal/.config/discord/0.0.112/modules/pending/discord_erlpack-1.zip: 38%
10/17/2025, 1:38:56 PM GMT+5:30 [Modules] Streaming discord_erlpack@1 to /home/kamal/.config/discord/0.0.112/modules/pending/discord_erlpack-1.zip: 39%
10/17/2025, 1:38:57 PM GMT+5:30 [Modules] Streaming discord_erlpack@1 to /home/kamal/.config/discord/0.0.112/modules/pending/discord_erlpack-1.zip: 40%
10/17/2025, 1:38:57 PM GMT+5:30 [Modules] Streaming discord_erlpack@1 to /home/kamal/.config/discord/0.0.112/modules/pending/discord_erlpack-1.zip: 41%
10/17/2025, 1:38:58 PM GMT+5:30 [Modules] Streaming discord_erlpack@1 to /home/kamal/.config/discord/0.0.112/modules/pending/discord_erlpack-1.zip: 42%
10/17/2025, 1:38:58 PM GMT+5:30 [Modules] Streaming discord_erlpack@1 to /home/kamal/.config/discord/0.0.112/modules/pending/discord_erlpack-1.zip: 43%
10/17/2025, 1:38:59 PM GMT+5:30 [Modules] Streaming discord_erlpack@1 to /home/kamal/.config/discord/0.0.112/modules/pending/discord_erlpack-1.zip: 44%
10/17/2025, 1:38:59 PM GMT+5:30 [Modules] Streaming discord_erlpack@1 to /home/kamal/.config/discord/0.0.112/modules/pending/discord_erlpack-1.zip: 45%
10/17/2025, 1:39:00 PM GMT+5:30 [Modules] Streaming discord_erlpack@1 to /home/kamal/.config/discord/0.0.112/modules/pending/discord_erlpack-1.zip: 46%
10/17/2025, 1:39:00 PM GMT+5:30 [Modules] Streaming discord_erlpack@1 to /home/kamal/.config/discord/0.0.112/modules/pending/discord_erlpack-1.zip: 47%
10/17/2025, 1:39:01 PM GMT+5:30 [Modules] Streaming discord_erlpack@1 to /home/kamal/.config/discord/0.0.112/modules/pending/discord_erlpack-1.zip: 48%
10/17/2025, 1:39:02 PM GMT+5:30 [Modules] Streaming discord_erlpack@1 to /home/kamal/.config/discord/0.0.112/modules/pending/discord_erlpack-1.zip: 49%
10/17/2025, 1:39:03 PM GMT+5:30 [Modules] Streaming discord_erlpack@1 to /home/kamal/.config/discord/0.0.112/modules/pending/discord_erlpack-1.zip: 50%
10/17/2025, 1:39:03 PM GMT+5:30 [Modules] Streaming discord_erlpack@1 to /home/kamal/.config/discord/0.0.112/modules/pending/discord_erlpack-1.zip: 51%
10/17/2025, 1:39:04 PM GMT+5:30 [Modules] Streaming discord_erlpack@1 to /home/kamal/.config/discord/0.0.112/modules/pending/discord_erlpack-1.zip: 52%
10/17/2025, 1:39:04 PM GMT+5:30 [Modules] Streaming discord_erlpack@1 to /home/kamal/.config/discord/0.0.112/modules/pending/discord_erlpack-1.zip: 53%
10/17/2025, 1:39:05 PM GMT+5:30 [Modules] Streaming discord_erlpack@1 to /home/kamal/.config/discord/0.0.112/modules/pending/discord_erlpack-1.zip: 54%
10/17/2025, 1:39:05 PM GMT+5:30 [Modules] Streaming discord_erlpack@1 to /home/kamal/.config/discord/0.0.112/modules/pending/discord_erlpack-1.zip: 55%
10/17/2025, 1:39:06 PM GMT+5:30 [Modules] Streaming discord_erlpack@1 to /home/kamal/.config/discord/0.0.112/modules/pending/discord_erlpack-1.zip: 56%
10/17/2025, 1:39:07 PM GMT+5:30 [Modules] Streaming discord_erlpack@1 to /home/kamal/.config/discord/0.0.112/modules/pending/discord_erlpack-1.zip: 57%
10/17/2025, 1:39:07 PM GMT+5:30 [Modules] Streaming discord_erlpack@1 to /home/kamal/.config/discord/0.0.112/modules/pending/discord_erlpack-1.zip: 58%
10/17/2025, 1:39:08 PM GMT+5:30 [Modules] Streaming discord_erlpack@1 to /home/kamal/.config/discord/0.0.112/modules/pending/discord_erlpack-1.zip: 59%
10/17/2025, 1:39:09 PM GMT+5:30 [Modules] Streaming discord_erlpack@1 to /home/kamal/.config/discord/0.0.112/modules/pending/discord_erlpack-1.zip: 60%
10/17/2025, 1:39:09 PM GMT+5:30 [Modules] Streaming discord_erlpack@1 to /home/kamal/.config/discord/0.0.112/modules/pending/discord_erlpack-1.zip: 61%
10/17/2025, 1:39:10 PM GMT+5:30 [Modules] Streaming discord_erlpack@1 to /home/kamal/.config/discord/0.0.112/modules/pending/discord_erlpack-1.zip: 62%
10/17/2025, 1:39:11 PM GMT+5:30 [Modules] Streaming discord_erlpack@1 to /home/kamal/.config/discord/0.0.112/modules/pending/discord_erlpack-1.zip: 63%
10/17/2025, 1:39:11 PM GMT+5:30 [Modules] Streaming discord_erlpack@1 to /home/kamal/.config/discord/0.0.112/modules/pending/discord_erlpack-1.zip: 64%
10/17/2025, 1:39:13 PM GMT+5:30 [Modules] Streaming discord_erlpack@1 to /home/kamal/.config/discord/0.0.112/modules/pending/discord_erlpack-1.zip: 65%
10/17/2025, 1:39:13 PM GMT+5:30 [Modules] Streaming discord_erlpack@1 to /home/kamal/.config/discord/0.0.112/modules/pending/discord_erlpack-1.zip: 66%
10/17/2025, 1:39:14 PM GMT+5:30 [Modules] Streaming discord_erlpack@1 to /home/kamal/.config/discord/0.0.112/modules/pending/discord_erlpack-1.zip: 67%
10/17/2025, 1:39:15 PM GMT+5:30 [Modules] Streaming discord_erlpack@1 to /home/kamal/.config/discord/0.0.112/modules/pending/discord_erlpack-1.zip: 68%
10/17/2025, 1:39:15 PM GMT+5:30 [Modules] Streaming discord_erlpack@1 to /home/kamal/.config/discord/0.0.112/modules/pending/discord_erlpack-1.zip: 69%
10/17/2025, 1:39:16 PM GMT+5:30 [Modules] Streaming discord_erlpack@1 to /home/kamal/.config/discord/0.0.112/modules/pending/discord_erlpack-1.zip: 70%
10/17/2025, 1:39:17 PM GMT+5:30 [Modules] Streaming discord_erlpack@1 to /home/kamal/.config/discord/0.0.112/modules/pending/discord_erlpack-1.zip: 71%
10/17/2025, 1:39:18 PM GMT+5:30 [Modules] Streaming discord_erlpack@1 to /home/kamal/.config/discord/0.0.112/modules/pending/discord_erlpack-1.zip: 72%
10/17/2025, 1:39:18 PM GMT+5:30 [Modules] Streaming discord_erlpack@1 to /home/kamal/.config/discord/0.0.112/modules/pending/discord_erlpack-1.zip: 73%
10/17/2025, 1:39:19 PM GMT+5:30 [Modules] Streaming discord_erlpack@1 to /home/kamal/.config/discord/0.0.112/modules/pending/discord_erlpack-1.zip: 74%
10/17/2025, 1:39:20 PM GMT+5:30 [Modules] Streaming discord_erlpack@1 to /home/kamal/.config/discord/0.0.112/modules/pending/discord_erlpack-1.zip: 75%
10/17/2025, 1:39:20 PM GMT+5:30 [Modules] Streaming discord_erlpack@1 to /home/kamal/.config/discord/0.0.112/modules/pending/discord_erlpack-1.zip: 76%
10/17/2025, 1:39:21 PM GMT+5:30 [Modules] Streaming discord_erlpack@1 to /home/kamal/.config/discord/0.0.112/modules/pending/discord_erlpack-1.zip: 77%
10/17/2025, 1:39:21 PM GMT+5:30 [Modules] Streaming discord_erlpack@1 to /home/kamal/.config/discord/0.0.112/modules/pending/discord_erlpack-1.zip: 78%
10/17/2025, 1:39:22 PM GMT+5:30 [Modules] Streaming discord_erlpack@1 to /home/kamal/.config/discord/0.0.112/modules/pending/discord_erlpack-1.zip: 79%
10/17/2025, 1:39:23 PM GMT+5:30 [Modules] Streaming discord_erlpack@1 to /home/kamal/.config/discord/0.0.112/modules/pending/discord_erlpack-1.zip: 80%
10/17/2025, 1:39:23 PM GMT+5:30 [Modules] Streaming discord_erlpack@1 to /home/kamal/.config/discord/0.0.112/modules/pending/discord_erlpack-1.zip: 81%
10/17/2025, 1:39:23 PM GMT+5:30 [Modules] Streaming discord_erlpack@1 to /home/kamal/.config/discord/0.0.112/modules/pending/discord_erlpack-1.zip: 82%
10/17/2025, 1:39:24 PM GMT+5:30 [Modules] Streaming discord_erlpack@1 to /home/kamal/.config/discord/0.0.112/modules/pending/discord_erlpack-1.zip: 83%
10/17/2025, 1:39:25 PM GMT+5:30 [Modules] Streaming discord_erlpack@1 to /home/kamal/.config/discord/0.0.112/modules/pending/discord_erlpack-1.zip: 84%
10/17/2025, 1:39:26 PM GMT+5:30 [Modules] Streaming discord_erlpack@1 to /home/kamal/.config/discord/0.0.112/modules/pending/discord_erlpack-1.zip: 85%
10/17/2025, 1:39:26 PM GMT+5:30 [Modules] Streaming discord_erlpack@1 to /home/kamal/.config/discord/0.0.112/modules/pending/discord_erlpack-1.zip: 86%
10/17/2025, 1:39:26 PM GMT+5:30 [Modules] Streaming discord_erlpack@1 to /home/kamal/.config/discord/0.0.112/modules/pending/discord_erlpack-1.zip: 87%
10/17/2025, 1:39:27 PM GMT+5:30 [Modules] Streaming discord_erlpack@1 to /home/kamal/.config/discord/0.0.112/modules/pending/discord_erlpack-1.zip: 88%
10/17/2025, 1:39:28 PM GMT+5:30 [Modules] Streaming discord_erlpack@1 to /home/kamal/.config/discord/0.0.112/modules/pending/discord_erlpack-1.zip: 89%
10/17/2025, 1:39:29 PM GMT+5:30 [Modules] Streaming discord_erlpack@1 to /home/kamal/.config/discord/0.0.112/modules/pending/discord_erlpack-1.zip: 90%
10/17/2025, 1:39:29 PM GMT+5:30 [Modules] Streaming discord_erlpack@1 to /home/kamal/.config/discord/0.0.112/modules/pending/discord_erlpack-1.zip: 91%
10/17/2025, 1:39:30 PM GMT+5:30 [Modules] Streaming discord_erlpack@1 to /home/kamal/.config/discord/0.0.112/modules/pending/discord_erlpack-1.zip: 92%
10/17/2025, 1:39:30 PM GMT+5:30 [Modules] Streaming discord_erlpack@1 to /home/kamal/.config/discord/0.0.112/modules/pending/discord_erlpack-1.zip: 93%
10/17/2025, 1:39:31 PM GMT+5:30 [Modules] Streaming discord_erlpack@1 to /home/kamal/.config/discord/0.0.112/modules/pending/discord_erlpack-1.zip: 94%
10/17/2025, 1:39:32 PM GMT+5:30 [Modules] Streaming discord_erlpack@1 to /home/kamal/.config/discord/0.0.112/modules/pending/discord_erlpack-1.zip: 95%
10/17/2025, 1:39:32 PM GMT+5:30 [Modules] Streaming discord_erlpack@1 to /home/kamal/.config/discord/0.0.112/modules/pending/discord_erlpack-1.zip: 96%
10/17/2025, 1:39:33 PM GMT+5:30 [Modules] Streaming discord_erlpack@1 to /home/kamal/.config/discord/0.0.112/modules/pending/discord_erlpack-1.zip: 97%
10/17/2025, 1:39:34 PM GMT+5:30 [Modules] Streaming discord_erlpack@1 to /home/kamal/.config/discord/0.0.112/modules/pending/discord_erlpack-1.zip: 98%
10/17/2025, 1:39:35 PM GMT+5:30 [Modules] Streaming discord_erlpack@1 to /home/kamal/.config/discord/0.0.112/modules/pending/discord_erlpack-1.zip: 99%
10/17/2025, 1:39:35 PM GMT+5:30 [Modules] Streaming discord_erlpack@1 to /home/kamal/.config/discord/0.0.112/modules/pending/discord_erlpack-1.zip: 100%
10/17/2025, 1:39:35 PM GMT+5:30 [Modules] Fetching discord_spellcheck@1 from https://discord.com/api/modules/stable/discord_spellcheck/1
10/17/2025, 1:39:35 PM GMT+5:30 [Modules] Streaming discord_spellcheck@1 to /home/kamal/.config/discord/0.0.112/modules/pending/discord_spellcheck-1.zip
10/17/2025, 1:39:39 PM GMT+5:30 [Modules] Streaming discord_spellcheck@1 to /home/kamal/.config/discord/0.0.112/modules/pending/discord_spellcheck-1.zip: 1%
10/17/2025, 1:39:42 PM GMT+5:30 [Modules] Streaming discord_spellcheck@1 to /home/kamal/.config/discord/0.0.112/modules/pending/discord_spellcheck-1.zip: 2%
10/17/2025, 1:39:45 PM GMT+5:30 [Modules] Streaming discord_spellcheck@1 to /home/kamal/.config/discord/0.0.112/modules/pending/discord_spellcheck-1.zip: 3%
10/17/2025, 1:39:47 PM GMT+5:30 [Modules] Streaming discord_spellcheck@1 to /home/kamal/.config/discord/0.0.112/modules/pending/discord_spellcheck-1.zip: 4%
10/17/2025, 1:39:50 PM GMT+5:30 [Modules] Streaming discord_spellcheck@1 to /home/kamal/.config/discord/0.0.112/modules/pending/discord_spellcheck-1.zip: 5%
10/17/2025, 1:39:54 PM GMT+5:30 [Modules] Streaming discord_spellcheck@1 to /home/kamal/.config/discord/0.0.112/modules/pending/discord_spellcheck-1.zip: 6%
10/17/2025, 1:39:57 PM GMT+5:30 [Modules] Streaming discord_spellcheck@1 to /home/kamal/.config/discord/0.0.112/modules/pending/discord_spellcheck-1.zip: 7%
10/17/2025, 1:40:00 PM GMT+5:30 [Modules] Streaming discord_spellcheck@1 to /home/kamal/.config/discord/0.0.112/modules/pending/discord_spellcheck-1.zip: 8%
10/17/2025, 1:40:03 PM GMT+5:30 [Modules] Streaming discord_spellcheck@1 to /home/kamal/.config/discord/0.0.112/modules/pending/discord_spellcheck-1.zip: 9%
10/17/2025, 1:40:07 PM GMT+5:30 [Modules] Streaming discord_spellcheck@1 to /home/kamal/.config/discord/0.0.112/modules/pending/discord_spellcheck-1.zip: 10%
10/17/2025, 1:40:11 PM GMT+5:30 [Modules] Streaming discord_spellcheck@1 to /home/kamal/.config/discord/0.0.112/modules/pending/discord_spellcheck-1.zip: 11%
10/17/2025, 1:40:14 PM GMT+5:30 [Modules] Streaming discord_spellcheck@1 to /home/kamal/.config/discord/0.0.112/modules/pending/discord_spellcheck-1.zip: 12%
10/17/2025, 1:40:17 PM GMT+5:30 [Modules] Streaming discord_spellcheck@1 to /home/kamal/.config/discord/0.0.112/modules/pending/discord_spellcheck-1.zip: 13%
10/17/2025, 1:40:20 PM GMT+5:30 [Modules] Streaming discord_spellcheck@1 to /home/kamal/.config/discord/0.0.112/modules/pending/discord_spellcheck-1.zip: 14%
10/17/2025, 1:40:23 PM GMT+5:30 [Modules] Streaming discord_spellcheck@1 to /home/kamal/.config/discord/0.0.112/modules/pending/discord_spellcheck-1.zip: 15%
10/17/2025, 1:40:27 PM GMT+5:30 [Modules] Streaming discord_spellcheck@1 to /home/kamal/.config/discord/0.0.112/modules/pending/discord_spellcheck-1.zip: 16%
10/17/2025, 1:40:30 PM GMT+5:30 [Modules] Streaming discord_spellcheck@1 to /home/kamal/.config/discord/0.0.112/modules/pending/discord_spellcheck-1.zip: 17%
10/17/2025, 1:40:34 PM GMT+5:30 [Modules] Streaming discord_spellcheck@1 to /home/kamal/.config/discord/0.0.112/modules/pending/discord_spellcheck-1.zip: 18%
10/17/2025, 1:40:37 PM GMT+5:30 [Modules] Streaming discord_spellcheck@1 to /home/kamal/.config/discord/0.0.112/modules/pending/discord_spellcheck-1.zip: 19%
10/17/2025, 1:40:40 PM GMT+5:30 [Modules] Streaming discord_spellcheck@1 to /home/kamal/.config/discord/0.0.112/modules/pending/discord_spellcheck-1.zip: 20%
10/17/2025, 1:40:43 PM GMT+5:30 [Modules] Streaming discord_spellcheck@1 to /home/kamal/.config/discord/0.0.112/modules/pending/discord_spellcheck-1.zip: 21%
10/17/2025, 1:40:46 PM GMT+5:30 [Modules] Streaming discord_spellcheck@1 to /home/kamal/.config/discord/0.0.112/modules/pending/discord_spellcheck-1.zip: 22%
10/17/2025, 1:40:49 PM GMT+5:30 [Modules] Streaming discord_spellcheck@1 to /home/kamal/.config/discord/0.0.112/modules/pending/discord_spellcheck-1.zip: 23%
10/17/2025, 1:40:52 PM GMT+5:30 [Modules] Streaming discord_spellcheck@1 to /home/kamal/.config/discord/0.0.112/modules/pending/discord_spellcheck-1.zip: 24%
10/17/2025, 1:40:55 PM GMT+5:30 [Modules] Streaming discord_spellcheck@1 to /home/kamal/.config/discord/0.0.112/modules/pending/discord_spellcheck-1.zip: 25%
10/17/2025, 1:40:58 PM GMT+5:30 [Modules] Streaming discord_spellcheck@1 to /home/kamal/.config/discord/0.0.112/modules/pending/discord_spellcheck-1.zip: 26%
10/17/2025, 1:41:01 PM GMT+5:30 [Modules] Streaming discord_spellcheck@1 to /home/kamal/.config/discord/0.0.112/modules/pending/discord_spellcheck-1.zip: 27%
10/17/2025, 1:41:05 PM GMT+5:30 [Modules] Streaming discord_spellcheck@1 to /home/kamal/.config/discord/0.0.112/modules/pending/discord_spellcheck-1.zip: 28%
10/17/2025, 1:41:08 PM GMT+5:30 [Modules] Streaming discord_spellcheck@1 to /home/kamal/.config/discord/0.0.112/modules/pending/discord_spellcheck-1.zip: 29%
10/17/2025, 1:41:11 PM GMT+5:30 [Modules] Streaming discord_spellcheck@1 to /home/kamal/.config/discord/0.0.112/modules/pending/discord_spellcheck-1.zip: 30%
10/17/2025, 1:41:13 PM GMT+5:30 [Modules] Streaming discord_spellcheck@1 to /home/kamal/.config/discord/0.0.112/modules/pending/discord_spellcheck-1.zip: 31%
10/17/2025, 1:41:16 PM GMT+5:30 [Modules] Streaming discord_spellcheck@1 to /home/kamal/.config/discord/0.0.112/modules/pending/discord_spellcheck-1.zip: 32%
10/17/2025, 1:41:19 PM GMT+5:30 [Modules] Streaming discord_spellcheck@1 to /home/kamal/.config/discord/0.0.112/modules/pending/discord_spellcheck-1.zip: 33%
10/17/2025, 1:41:22 PM GMT+5:30 [Modules] Streaming discord_spellcheck@1 to /home/kamal/.config/discord/0.0.112/modules/pending/discord_spellcheck-1.zip: 34%
10/17/2025, 1:41:25 PM GMT+5:30 [Modules] Streaming discord_spellcheck@1 to /home/kamal/.config/discord/0.0.112/modules/pending/discord_spellcheck-1.zip: 35%
10/17/2025, 1:41:28 PM GMT+5:30 [Modules] Streaming discord_spellcheck@1 to /home/kamal/.config/discord/0.0.112/modules/pending/discord_spellcheck-1.zip: 36%
10/17/2025, 1:41:31 PM GMT+5:30 [Modules] Streaming discord_spellcheck@1 to /home/kamal/.config/discord/0.0.112/modules/pending/discord_spellcheck-1.zip: 37%
10/17/2025, 1:41:34 PM GMT+5:30 [Modules] Streaming discord_spellcheck@1 to /home/kamal/.config/discord/0.0.112/modules/pending/discord_spellcheck-1.zip: 38%
10/17/2025, 1:41:38 PM GMT+5:30 [Modules] Streaming discord_spellcheck@1 to /home/kamal/.config/discord/0.0.112/modules/pending/discord_spellcheck-1.zip: 39%
10/17/2025, 1:41:41 PM GMT+5:30 [Modules] Streaming discord_spellcheck@1 to /home/kamal/.config/discord/0.0.112/modules/pending/discord_spellcheck-1.zip: 40%
10/17/2025, 1:41:43 PM GMT+5:30 [Modules] Streaming discord_spellcheck@1 to /home/kamal/.config/discord/0.0.112/modules/pending/discord_spellcheck-1.zip: 41%
10/17/2025, 1:41:46 PM GMT+5:30 [Modules] Streaming discord_spellcheck@1 to /home/kamal/.config/discord/0.0.112/modules/pending/discord_spellcheck-1.zip: 42%
10/17/2025, 1:41:48 PM GMT+5:30 [Modules] Streaming discord_spellcheck@1 to /home/kamal/.config/discord/0.0.112/modules/pending/discord_spellcheck-1.zip: 43%
10/17/2025, 1:41:51 PM GMT+5:30 [Modules] Streaming discord_spellcheck@1 to /home/kamal/.config/discord/0.0.112/modules/pending/discord_spellcheck-1.zip: 44%
10/17/2025, 1:41:54 PM GMT+5:30 [Modules] Streaming discord_spellcheck@1 to /home/kamal/.config/discord/0.0.112/modules/pending/discord_spellcheck-1.zip: 45%
10/17/2025, 1:41:57 PM GMT+5:30 [Modules] Streaming discord_spellcheck@1 to /home/kamal/.config/discord/0.0.112/modules/pending/discord_spellcheck-1.zip: 46%
10/17/2025, 1:42:00 PM GMT+5:30 [Modules] Streaming discord_spellcheck@1 to /home/kamal/.config/discord/0.0.112/modules/pending/discord_spellcheck-1.zip: 47%
10/17/2025, 1:42:03 PM GMT+5:30 [Modules] Streaming discord_spellcheck@1 to /home/kamal/.config/discord/0.0.112/modules/pending/discord_spellcheck-1.zip: 48%
10/17/2025, 1:42:07 PM GMT+5:30 [Modules] Streaming discord_spellcheck@1 to /home/kamal/.config/discord/0.0.112/modules/pending/discord_spellcheck-1.zip: 49%
10/17/2025, 1:42:10 PM GMT+5:30 [Modules] Streaming discord_spellcheck@1 to /home/kamal/.config/discord/0.0.112/modules/pending/discord_spellcheck-1.zip: 50%
10/17/2025, 1:42:13 PM GMT+5:30 [Modules] Streaming discord_spellcheck@1 to /home/kamal/.config/discord/0.0.112/modules/pending/discord_spellcheck-1.zip: 51%
10/17/2025, 1:42:16 PM GMT+5:30 [Modules] Streaming discord_spellcheck@1 to /home/kamal/.config/discord/0.0.112/modules/pending/discord_spellcheck-1.zip: 52%
10/17/2025, 1:42:20 PM GMT+5:30 [Modules] Streaming discord_spellcheck@1 to /home/kamal/.config/discord/0.0.112/modules/pending/discord_spellcheck-1.zip: 53%
10/17/2025, 1:42:23 PM GMT+5:30 [Modules] Streaming discord_spellcheck@1 to /home/kamal/.config/discord/0.0.112/modules/pending/discord_spellcheck-1.zip: 54%
10/17/2025, 1:42:27 PM GMT+5:30 [Modules] Streaming discord_spellcheck@1 to /home/kamal/.config/discord/0.0.112/modules/pending/discord_spellcheck-1.zip: 55%
10/17/2025, 1:42:30 PM GMT+5:30 [Modules] Streaming discord_spellcheck@1 to /home/kamal/.config/discord/0.0.112/modules/pending/discord_spellcheck-1.zip: 56%
10/17/2025, 1:42:33 PM GMT+5:30 [Modules] Streaming discord_spellcheck@1 to /home/kamal/.config/discord/0.0.112/modules/pending/discord_spellcheck-1.zip: 57%
10/17/2025, 1:42:34 PM GMT+5:30 [Modules] Streaming discord_spellcheck@1 to /home/kamal/.config/discord/0.0.112/modules/pending/discord_spellcheck-1.zip: 58%
10/17/2025, 1:42:35 PM GMT+5:30 [Modules] Streaming discord_spellcheck@1 to /home/kamal/.config/discord/0.0.112/modules/pending/discord_spellcheck-1.zip: 59%
10/17/2025, 1:42:37 PM GMT+5:30 [Modules] Streaming discord_spellcheck@1 to /home/kamal/.config/discord/0.0.112/modules/pending/discord_spellcheck-1.zip: 60%
10/17/2025, 1:42:38 PM GMT+5:30 [Modules] Streaming discord_spellcheck@1 to /home/kamal/.config/discord/0.0.112/modules/pending/discord_spellcheck-1.zip: 61%
10/17/2025, 1:42:39 PM GMT+5:30 [Modules] Streaming discord_spellcheck@1 to /home/kamal/.config/discord/0.0.112/modules/pending/discord_spellcheck-1.zip: 62%
10/17/2025, 1:42:41 PM GMT+5:30 [Modules] Streaming discord_spellcheck@1 to /home/kamal/.config/discord/0.0.112/modules/pending/discord_spellcheck-1.zip: 63%
10/17/2025, 1:42:42 PM GMT+5:30 [Modules] Streaming discord_spellcheck@1 to /home/kamal/.config/discord/0.0.112/modules/pending/discord_spellcheck-1.zip: 64%
10/17/2025, 1:42:43 PM GMT+5:30 [Modules] Streaming discord_spellcheck@1 to /home/kamal/.config/discord/0.0.112/modules/pending/discord_spellcheck-1.zip: 65%
10/17/2025, 1:42:45 PM GMT+5:30 [Modules] Streaming discord_spellcheck@1 to /home/kamal/.config/discord/0.0.112/modules/pending/discord_spellcheck-1.zip: 66%
10/17/2025, 1:42:46 PM GMT+5:30 [Modules] Streaming discord_spellcheck@1 to /home/kamal/.config/discord/0.0.112/modules/pending/discord_spellcheck-1.zip: 67%
10/17/2025, 1:42:48 PM GMT+5:30 [Modules] Streaming discord_spellcheck@1 to /home/kamal/.config/discord/0.0.112/modules/pending/discord_spellcheck-1.zip: 68%
10/17/2025, 1:42:49 PM GMT+5:30 [Modules] Streaming discord_spellcheck@1 to /home/kamal/.config/discord/0.0.112/modules/pending/discord_spellcheck-1.zip: 69%
10/17/2025, 1:42:50 PM GMT+5:30 [Modules] Streaming discord_spellcheck@1 to /home/kamal/.config/discord/0.0.112/modules/pending/discord_spellcheck-1.zip: 70%
10/17/2025, 1:42:52 PM GMT+5:30 [Modules] Streaming discord_spellcheck@1 to /home/kamal/.config/discord/0.0.112/modules/pending/discord_spellcheck-1.zip: 71%
10/17/2025, 1:42:53 PM GMT+5:30 [Modules] Streaming discord_spellcheck@1 to /home/kamal/.config/discord/0.0.112/modules/pending/discord_spellcheck-1.zip: 72%
10/17/2025, 1:42:54 PM GMT+5:30 [Modules] Streaming discord_spellcheck@1 to /home/kamal/.config/discord/0.0.112/modules/pending/discord_spellcheck-1.zip: 73%
10/17/2025, 1:42:56 PM GMT+5:30 [Modules] Streaming discord_spellcheck@1 to /home/kamal/.config/discord/0.0.112/modules/pending/discord_spellcheck-1.zip: 74%
10/17/2025, 1:42:57 PM GMT+5:30 [Modules] Streaming discord_spellcheck@1 to /home/kamal/.config/discord/0.0.112/modules/pending/discord_spellcheck-1.zip: 75%
10/17/2025, 1:42:58 PM GMT+5:30 [Modules] Streaming discord_spellcheck@1 to /home/kamal/.config/discord/0.0.112/modules/pending/discord_spellcheck-1.zip: 76%
10/17/2025, 1:43:00 PM GMT+5:30 [Modules] Streaming discord_spellcheck@1 to /home/kamal/.config/discord/0.0.112/modules/pending/discord_spellcheck-1.zip: 77%
10/17/2025, 1:43:01 PM GMT+5:30 [Modules] Streaming discord_spellcheck@1 to /home/kamal/.config/discord/0.0.112/modules/pending/discord_spellcheck-1.zip: 78%
10/17/2025, 1:43:03 PM GMT+5:30 [Modules] Streaming discord_spellcheck@1 to /home/kamal/.config/discord/0.0.112/modules/pending/discord_spellcheck-1.zip: 79%
10/17/2025, 1:43:04 PM GMT+5:30 [Modules] Streaming discord_spellcheck@1 to /home/kamal/.config/discord/0.0.112/modules/pending/discord_spellcheck-1.zip: 80%
10/17/2025, 1:43:05 PM GMT+5:30 [Modules] Streaming discord_spellcheck@1 to /home/kamal/.config/discord/0.0.112/modules/pending/discord_spellcheck-1.zip: 81%
10/17/2025, 1:43:07 PM GMT+5:30 [Modules] Streaming discord_spellcheck@1 to /home/kamal/.config/discord/0.0.112/modules/pending/discord_spellcheck-1.zip: 82%
10/17/2025, 1:43:08 PM GMT+5:30 [Modules] Streaming discord_spellcheck@1 to /home/kamal/.config/discord/0.0.112/modules/pending/discord_spellcheck-1.zip: 83%
10/17/2025, 1:43:09 PM GMT+5:30 [Modules] Streaming discord_spellcheck@1 to /home/kamal/.config/discord/0.0.112/modules/pending/discord_spellcheck-1.zip: 84%
10/17/2025, 1:43:11 PM GMT+5:30 [Modules] Streaming discord_spellcheck@1 to /home/kamal/.config/discord/0.0.112/modules/pending/discord_spellcheck-1.zip: 85%
10/17/2025, 1:43:12 PM GMT+5:30 [Modules] Streaming discord_spellcheck@1 to /home/kamal/.config/discord/0.0.112/modules/pending/discord_spellcheck-1.zip: 86%
10/17/2025, 1:43:13 PM GMT+5:30 [Modules] Streaming discord_spellcheck@1 to /home/kamal/.config/discord/0.0.112/modules/pending/discord_spellcheck-1.zip: 87%
10/17/2025, 1:43:15 PM GMT+5:30 [Modules] Streaming discord_spellcheck@1 to /home/kamal/.config/discord/0.0.112/modules/pending/discord_spellcheck-1.zip: 88%
10/17/2025, 1:43:16 PM GMT+5:30 [Modules] Streaming discord_spellcheck@1 to /home/kamal/.config/discord/0.0.112/modules/pending/discord_spellcheck-1.zip: 89%
10/17/2025, 1:43:17 PM GMT+5:30 [Modules] Streaming discord_spellcheck@1 to /home/kamal/.config/discord/0.0.112/modules/pending/discord_spellcheck-1.zip: 90%
10/17/2025, 1:43:19 PM GMT+5:30 [Modules] Streaming discord_spellcheck@1 to /home/kamal/.config/discord/0.0.112/modules/pending/discord_spellcheck-1.zip: 91%
10/17/2025, 1:43:20 PM GMT+5:30 [Modules] Streaming discord_spellcheck@1 to /home/kamal/.config/discord/0.0.112/modules/pending/discord_spellcheck-1.zip: 92%
10/17/2025, 1:43:22 PM GMT+5:30 [Modules] Streaming discord_spellcheck@1 to /home/kamal/.config/discord/0.0.112/modules/pending/discord_spellcheck-1.zip: 93%
10/17/2025, 1:43:23 PM GMT+5:30 [Modules] Streaming discord_spellcheck@1 to /home/kamal/.config/discord/0.0.112/modules/pending/discord_spellcheck-1.zip: 94%
10/17/2025, 1:43:24 PM GMT+5:30 [Modules] Streaming discord_spellcheck@1 to /home/kamal/.config/discord/0.0.112/modules/pending/discord_spellcheck-1.zip: 95%
10/17/2025, 1:43:25 PM GMT+5:30 [Modules] Streaming discord_spellcheck@1 to /home/kamal/.config/discord/0.0.112/modules/pending/discord_spellcheck-1.zip: 96%
10/17/2025, 1:43:27 PM GMT+5:30 [Modules] Streaming discord_spellcheck@1 to /home/kamal/.config/discord/0.0.112/modules/pending/discord_spellcheck-1.zip: 97%
10/17/2025, 1:43:28 PM GMT+5:30 [Modules] Streaming discord_spellcheck@1 to /home/kamal/.config/discord/0.0.112/modules/pending/discord_spellcheck-1.zip: 98%
10/17/2025, 1:43:30 PM GMT+5:30 [Modules] Streaming discord_spellcheck@1 to /home/kamal/.config/discord/0.0.112/modules/pending/discord_spellcheck-1.zip: 99%
10/17/2025, 1:43:31 PM GMT+5:30 [Modules] Streaming discord_spellcheck@1 to /home/kamal/.config/discord/0.0.112/modules/pending/discord_spellcheck-1.zip: 100%
10/17/2025, 1:43:31 PM GMT+5:30 [Modules] Fetching discord_utils@1 from https://discord.com/api/modules/stable/discord_utils/1
10/17/2025, 1:43:31 PM GMT+5:30 [Modules] Streaming discord_utils@1 to /home/kamal/.config/discord/0.0.112/modules/pending/discord_utils-1.zip
10/17/2025, 1:43:32 PM GMT+5:30 [Modules] Streaming discord_utils@1 to /home/kamal/.config/discord/0.0.112/modules/pending/discord_utils-1.zip: 1%
10/17/2025, 1:43:33 PM GMT+5:30 [Modules] Streaming discord_utils@1 to /home/kamal/.config/discord/0.0.112/modules/pending/discord_utils-1.zip: 2%
10/17/2025, 1:43:33 PM GMT+5:30 [Modules] Streaming discord_utils@1 to /home/kamal/.config/discord/0.0.112/modules/pending/discord_utils-1.zip: 3%
10/17/2025, 1:43:34 PM GMT+5:30 [Modules] Streaming discord_utils@1 to /home/kamal/.config/discord/0.0.112/modules/pending/discord_utils-1.zip: 4%
10/17/2025, 1:43:34 PM GMT+5:30 [Modules] Streaming discord_utils@1 to /home/kamal/.config/discord/0.0.112/modules/pending/discord_utils-1.zip: 5%
10/17/2025, 1:43:35 PM GMT+5:30 [Modules] Streaming discord_utils@1 to /home/kamal/.config/discord/0.0.112/modules/pending/discord_utils-1.zip: 6%
10/17/2025, 1:43:36 PM GMT+5:30 [Modules] Streaming discord_utils@1 to /home/kamal/.config/discord/0.0.112/modules/pending/discord_utils-1.zip: 7%
10/17/2025, 1:43:36 PM GMT+5:30 [Modules] Streaming discord_utils@1 to /home/kamal/.config/discord/0.0.112/modules/pending/discord_utils-1.zip: 8%
10/17/2025, 1:43:37 PM GMT+5:30 [Modules] Streaming discord_utils@1 to /home/kamal/.config/discord/0.0.112/modules/pending/discord_utils-1.zip: 9%
10/17/2025, 1:43:38 PM GMT+5:30 [Modules] Streaming discord_utils@1 to /home/kamal/.config/discord/0.0.112/modules/pending/discord_utils-1.zip: 10%
10/17/2025, 1:43:38 PM GMT+5:30 [Modules] Streaming discord_utils@1 to /home/kamal/.config/discord/0.0.112/modules/pending/discord_utils-1.zip: 11%
10/17/2025, 1:43:39 PM GMT+5:30 [Modules] Streaming discord_utils@1 to /home/kamal/.config/discord/0.0.112/modules/pending/discord_utils-1.zip: 12%
10/17/2025, 1:43:40 PM GMT+5:30 [Modules] Streaming discord_utils@1 to /home/kamal/.config/discord/0.0.112/modules/pending/discord_utils-1.zip: 13%
10/17/2025, 1:43:40 PM GMT+5:30 [Modules] Streaming discord_utils@1 to /home/kamal/.config/discord/0.0.112/modules/pending/discord_utils-1.zip: 14%
10/17/2025, 1:43:41 PM GMT+5:30 [Modules] Streaming discord_utils@1 to /home/kamal/.config/discord/0.0.112/modules/pending/discord_utils-1.zip: 15%
10/17/2025, 1:43:42 PM GMT+5:30 [Modules] Streaming discord_utils@1 to /home/kamal/.config/discord/0.0.112/modules/pending/discord_utils-1.zip: 16%
10/17/2025, 1:43:42 PM GMT+5:30 [Modules] Streaming discord_utils@1 to /home/kamal/.config/discord/0.0.112/modules/pending/discord_utils-1.zip: 17%
10/17/2025, 1:43:43 PM GMT+5:30 [Modules] Streaming discord_utils@1 to /home/kamal/.config/discord/0.0.112/modules/pending/discord_utils-1.zip: 18%
10/17/2025, 1:43:43 PM GMT+5:30 [Modules] Streaming discord_utils@1 to /home/kamal/.config/discord/0.0.112/modules/pending/discord_utils-1.zip: 19%
10/17/2025, 1:43:44 PM GMT+5:30 [Modules] Streaming discord_utils@1 to /home/kamal/.config/discord/0.0.112/modules/pending/discord_utils-1.zip: 20%
10/17/2025, 1:43:45 PM GMT+5:30 [Modules] Streaming discord_utils@1 to /home/kamal/.config/discord/0.0.112/modules/pending/discord_utils-1.zip: 21%
10/17/2025, 1:43:45 PM GMT+5:30 [Modules] Streaming discord_utils@1 to /home/kamal/.config/discord/0.0.112/modules/pending/discord_utils-1.zip: 22%
10/17/2025, 1:43:46 PM GMT+5:30 [Modules] Streaming discord_utils@1 to /home/kamal/.config/discord/0.0.112/modules/pending/discord_utils-1.zip: 23%
10/17/2025, 1:43:47 PM GMT+5:30 [Modules] Streaming discord_utils@1 to /home/kamal/.config/discord/0.0.112/modules/pending/discord_utils-1.zip: 24%
10/17/2025, 1:43:47 PM GMT+5:30 [Modules] Streaming discord_utils@1 to /home/kamal/.config/discord/0.0.112/modules/pending/discord_utils-1.zip: 25%
10/17/2025, 1:43:48 PM GMT+5:30 [Modules] Streaming discord_utils@1 to /home/kamal/.config/discord/0.0.112/modules/pending/discord_utils-1.zip: 26%
10/17/2025, 1:43:49 PM GMT+5:30 [Modules] Streaming discord_utils@1 to /home/kamal/.config/discord/0.0.112/modules/pending/discord_utils-1.zip: 27%
10/17/2025, 1:43:49 PM GMT+5:30 [Modules] Streaming discord_utils@1 to /home/kamal/.config/discord/0.0.112/modules/pending/discord_utils-1.zip: 28%
10/17/2025, 1:43:50 PM GMT+5:30 [Modules] Streaming discord_utils@1 to /home/kamal/.config/discord/0.0.112/modules/pending/discord_utils-1.zip: 29%
10/17/2025, 1:43:50 PM GMT+5:30 [Modules] Streaming discord_utils@1 to /home/kamal/.config/discord/0.0.112/modules/pending/discord_utils-1.zip: 30%
10/17/2025, 1:43:51 PM GMT+5:30 [Modules] Streaming discord_utils@1 to /home/kamal/.config/discord/0.0.112/modules/pending/discord_utils-1.zip: 31%
10/17/2025, 1:43:52 PM GMT+5:30 [Modules] Streaming discord_utils@1 to /home/kamal/.config/discord/0.0.112/modules/pending/discord_utils-1.zip: 32%
10/17/2025, 1:43:52 PM GMT+5:30 [Modules] Streaming discord_utils@1 to /home/kamal/.config/discord/0.0.112/modules/pending/discord_utils-1.zip: 33%
10/17/2025, 1:43:53 PM GMT+5:30 [Modules] Streaming discord_utils@1 to /home/kamal/.config/discord/0.0.112/modules/pending/discord_utils-1.zip: 34%
10/17/2025, 1:43:54 PM GMT+5:30 [Modules] Streaming discord_utils@1 to /home/kamal/.config/discord/0.0.112/modules/pending/discord_utils-1.zip: 35%
10/17/2025, 1:43:54 PM GMT+5:30 [Modules] Streaming discord_utils@1 to /home/kamal/.config/discord/0.0.112/modules/pending/discord_utils-1.zip: 36%
10/17/2025, 1:43:55 PM GMT+5:30 [Modules] Streaming discord_utils@1 to /home/kamal/.config/discord/0.0.112/modules/pending/discord_utils-1.zip: 37%
10/17/2025, 1:43:55 PM GMT+5:30 [Modules] Streaming discord_utils@1 to /home/kamal/.config/discord/0.0.112/modules/pending/discord_utils-1.zip: 38%
10/17/2025, 1:43:56 PM GMT+5:30 [Modules] Streaming discord_utils@1 to /home/kamal/.config/discord/0.0.112/modules/pending/discord_utils-1.zip: 39%
10/17/2025, 1:43:57 PM GMT+5:30 [Modules] Streaming discord_utils@1 to /home/kamal/.config/discord/0.0.112/modules/pending/discord_utils-1.zip: 40%
10/17/2025, 1:43:57 PM GMT+5:30 [Modules] Streaming discord_utils@1 to /home/kamal/.config/discord/0.0.112/modules/pending/discord_utils-1.zip: 41%
10/17/2025, 1:43:58 PM GMT+5:30 [Modules] Streaming discord_utils@1 to /home/kamal/.config/discord/0.0.112/modules/pending/discord_utils-1.zip: 42%
10/17/2025, 1:43:59 PM GMT+5:30 [Modules] Streaming discord_utils@1 to /home/kamal/.config/discord/0.0.112/modules/pending/discord_utils-1.zip: 43%
10/17/2025, 1:43:59 PM GMT+5:30 [Modules] Streaming discord_utils@1 to /home/kamal/.config/discord/0.0.112/modules/pending/discord_utils-1.zip: 44%
10/17/2025, 1:44:00 PM GMT+5:30 [Modules] Streaming discord_utils@1 to /home/kamal/.config/discord/0.0.112/modules/pending/discord_utils-1.zip: 45%
10/17/2025, 1:44:00 PM GMT+5:30 [Modules] Streaming discord_utils@1 to /home/kamal/.config/discord/0.0.112/modules/pending/discord_utils-1.zip: 46%
10/17/2025, 1:44:01 PM GMT+5:30 [Modules] Streaming discord_utils@1 to /home/kamal/.config/discord/0.0.112/modules/pending/discord_utils-1.zip: 47%
10/17/2025, 1:44:02 PM GMT+5:30 [Modules] Streaming discord_utils@1 to /home/kamal/.config/discord/0.0.112/modules/pending/discord_utils-1.zip: 48%
10/17/2025, 1:44:02 PM GMT+5:30 [Modules] Streaming discord_utils@1 to /home/kamal/.config/discord/0.0.112/modules/pending/discord_utils-1.zip: 49%
10/17/2025, 1:44:03 PM GMT+5:30 [Modules] Streaming discord_utils@1 to /home/kamal/.config/discord/0.0.112/modules/pending/discord_utils-1.zip: 50%
10/17/2025, 1:44:04 PM GMT+5:30 [Modules] Streaming discord_utils@1 to /home/kamal/.config/discord/0.0.112/modules/pending/discord_utils-1.zip: 51%
10/17/2025, 1:44:04 PM GMT+5:30 [Modules] Streaming discord_utils@1 to /home/kamal/.config/discord/0.0.112/modules/pending/discord_utils-1.zip: 52%
10/17/2025, 1:44:05 PM GMT+5:30 [Modules] Streaming discord_utils@1 to /home/kamal/.config/discord/0.0.112/modules/pending/discord_utils-1.zip: 53%
10/17/2025, 1:44:06 PM GMT+5:30 [Modules] Streaming discord_utils@1 to /home/kamal/.config/discord/0.0.112/modules/pending/discord_utils-1.zip: 54%
10/17/2025, 1:44:06 PM GMT+5:30 [Modules] Streaming discord_utils@1 to /home/kamal/.config/discord/0.0.112/modules/pending/discord_utils-1.zip: 55%
10/17/2025, 1:44:07 PM GMT+5:30 [Modules] Streaming discord_utils@1 to /home/kamal/.config/discord/0.0.112/modules/pending/discord_utils-1.zip: 56%
10/17/2025, 1:44:07 PM GMT+5:30 [Modules] Streaming discord_utils@1 to /home/kamal/.config/discord/0.0.112/modules/pending/discord_utils-1.zip: 57%
10/17/2025, 1:44:08 PM GMT+5:30 [Modules] Streaming discord_utils@1 to /home/kamal/.config/discord/0.0.112/modules/pending/discord_utils-1.zip: 58%
10/17/2025, 1:44:09 PM GMT+5:30 [Modules] Streaming discord_utils@1 to /home/kamal/.config/discord/0.0.112/modules/pending/discord_utils-1.zip: 59%
10/17/2025, 1:44:09 PM GMT+5:30 [Modules] Streaming discord_utils@1 to /home/kamal/.config/discord/0.0.112/modules/pending/discord_utils-1.zip: 60%
10/17/2025, 1:44:10 PM GMT+5:30 [Modules] Streaming discord_utils@1 to /home/kamal/.config/discord/0.0.112/modules/pending/discord_utils-1.zip: 61%
10/17/2025, 1:44:11 PM GMT+5:30 [Modules] Streaming discord_utils@1 to /home/kamal/.config/discord/0.0.112/modules/pending/discord_utils-1.zip: 62%
10/17/2025, 1:44:11 PM GMT+5:30 [Modules] Streaming discord_utils@1 to /home/kamal/.config/discord/0.0.112/modules/pending/discord_utils-1.zip: 63%
10/17/2025, 1:44:12 PM GMT+5:30 [Modules] Streaming discord_utils@1 to /home/kamal/.config/discord/0.0.112/modules/pending/discord_utils-1.zip: 64%
10/17/2025, 1:44:13 PM GMT+5:30 [Modules] Streaming discord_utils@1 to /home/kamal/.config/discord/0.0.112/modules/pending/discord_utils-1.zip: 65%
10/17/2025, 1:44:13 PM GMT+5:30 [Modules] Streaming discord_utils@1 to /home/kamal/.config/discord/0.0.112/modules/pending/discord_utils-1.zip: 66%
10/17/2025, 1:44:14 PM GMT+5:30 [Modules] Streaming discord_utils@1 to /home/kamal/.config/discord/0.0.112/modules/pending/discord_utils-1.zip: 67%
10/17/2025, 1:44:15 PM GMT+5:30 [Modules] Streaming discord_utils@1 to /home/kamal/.config/discord/0.0.112/modules/pending/discord_utils-1.zip: 68%
10/17/2025, 1:44:15 PM GMT+5:30 [Modules] Streaming discord_utils@1 to /home/kamal/.config/discord/0.0.112/modules/pending/discord_utils-1.zip: 69%
10/17/2025, 1:44:16 PM GMT+5:30 [Modules] Streaming discord_utils@1 to /home/kamal/.config/discord/0.0.112/modules/pending/discord_utils-1.zip: 70%
10/17/2025, 1:44:17 PM GMT+5:30 [Modules] Streaming discord_utils@1 to /home/kamal/.config/discord/0.0.112/modules/pending/discord_utils-1.zip: 71%
10/17/2025, 1:44:17 PM GMT+5:30 [Modules] Streaming discord_utils@1 to /home/kamal/.config/discord/0.0.112/modules/pending/discord_utils-1.zip: 72%
10/17/2025, 1:44:18 PM GMT+5:30 [Modules] Streaming discord_utils@1 to /home/kamal/.config/discord/0.0.112/modules/pending/discord_utils-1.zip: 73%
10/17/2025, 1:44:18 PM GMT+5:30 [Modules] Streaming discord_utils@1 to /home/kamal/.config/discord/0.0.112/modules/pending/discord_utils-1.zip: 74%
10/17/2025, 1:44:19 PM GMT+5:30 [Modules] Streaming discord_utils@1 to /home/kamal/.config/discord/0.0.112/modules/pending/discord_utils-1.zip: 75%
10/17/2025, 1:44:20 PM GMT+5:30 [Modules] Streaming discord_utils@1 to /home/kamal/.config/discord/0.0.112/modules/pending/discord_utils-1.zip: 76%
10/17/2025, 1:44:20 PM GMT+5:30 [Modules] Streaming discord_utils@1 to /home/kamal/.config/discord/0.0.112/modules/pending/discord_utils-1.zip: 77%
10/17/2025, 1:44:21 PM GMT+5:30 [Modules] Streaming discord_utils@1 to /home/kamal/.config/discord/0.0.112/modules/pending/discord_utils-1.zip: 78%
10/17/2025, 1:44:22 PM GMT+5:30 [Modules] Streaming discord_utils@1 to /home/kamal/.config/discord/0.0.112/modules/pending/discord_utils-1.zip: 79%
10/17/2025, 1:44:22 PM GMT+5:30 [Modules] Streaming discord_utils@1 to /home/kamal/.config/discord/0.0.112/modules/pending/discord_utils-1.zip: 80%
10/17/2025, 1:44:23 PM GMT+5:30 [Modules] Streaming discord_utils@1 to /home/kamal/.config/discord/0.0.112/modules/pending/discord_utils-1.zip: 81%
10/17/2025, 1:44:24 PM GMT+5:30 [Modules] Streaming discord_utils@1 to /home/kamal/.config/discord/0.0.112/modules/pending/discord_utils-1.zip: 82%
10/17/2025, 1:44:24 PM GMT+5:30 [Modules] Streaming discord_utils@1 to /home/kamal/.config/discord/0.0.112/modules/pending/discord_utils-1.zip: 83%
10/17/2025, 1:44:25 PM GMT+5:30 [Modules] Streaming discord_utils@1 to /home/kamal/.config/discord/0.0.112/modules/pending/discord_utils-1.zip: 84%
10/17/2025, 1:44:25 PM GMT+5:30 [Modules] Streaming discord_utils@1 to /home/kamal/.config/discord/0.0.112/modules/pending/discord_utils-1.zip: 85%
10/17/2025, 1:44:26 PM GMT+5:30 [Modules] Streaming discord_utils@1 to /home/kamal/.config/discord/0.0.112/modules/pending/discord_utils-1.zip: 86%
10/17/2025, 1:44:27 PM GMT+5:30 [Modules] Streaming discord_utils@1 to /home/kamal/.config/discord/0.0.112/modules/pending/discord_utils-1.zip: 87%
10/17/2025, 1:44:27 PM GMT+5:30 [Modules] Streaming discord_utils@1 to /home/kamal/.config/discord/0.0.112/modules/pending/discord_utils-1.zip: 88%
10/17/2025, 1:44:28 PM GMT+5:30 [Modules] Streaming discord_utils@1 to /home/kamal/.config/discord/0.0.112/modules/pending/discord_utils-1.zip: 89%
10/17/2025, 1:44:29 PM GMT+5:30 [Modules] Streaming discord_utils@1 to /home/kamal/.config/discord/0.0.112/modules/pending/discord_utils-1.zip: 90%
10/17/2025, 1:44:30 PM GMT+5:30 [Modules] Streaming discord_utils@1 to /home/kamal/.config/discord/0.0.112/modules/pending/discord_utils-1.zip: 91%
10/17/2025, 1:44:30 PM GMT+5:30 [Modules] Streaming discord_utils@1 to /home/kamal/.config/discord/0.0.112/modules/pending/discord_utils-1.zip: 92%
10/17/2025, 1:44:31 PM GMT+5:30 [Modules] Streaming discord_utils@1 to /home/kamal/.config/discord/0.0.112/modules/pending/discord_utils-1.zip: 93%
10/17/2025, 1:44:32 PM GMT+5:30 [Modules] Streaming discord_utils@1 to /home/kamal/.config/discord/0.0.112/modules/pending/discord_utils-1.zip: 94%
10/17/2025, 1:44:33 PM GMT+5:30 [Modules] Streaming discord_utils@1 to /home/kamal/.config/discord/0.0.112/modules/pending/discord_utils-1.zip: 95%
10/17/2025, 1:44:33 PM GMT+5:30 [Modules] Streaming discord_utils@1 to /home/kamal/.config/discord/0.0.112/modules/pending/discord_utils-1.zip: 96%
10/17/2025, 1:44:34 PM GMT+5:30 [Modules] Streaming discord_utils@1 to /home/kamal/.config/discord/0.0.112/modules/pending/discord_utils-1.zip: 97%
10/17/2025, 1:44:35 PM GMT+5:30 [Modules] Streaming discord_utils@1 to /home/kamal/.config/discord/0.0.112/modules/pending/discord_utils-1.zip: 98%
10/17/2025, 1:44:36 PM GMT+5:30 [Modules] Streaming discord_utils@1 to /home/kamal/.config/discord/0.0.112/modules/pending/discord_utils-1.zip: 99%
10/17/2025, 1:44:36 PM GMT+5:30 [Modules] Streaming discord_utils@1 to /home/kamal/.config/discord/0.0.112/modules/pending/discord_utils-1.zip: 100%
10/17/2025, 1:44:36 PM GMT+5:30 [Modules] Fetching discord_voice@1 from https://discord.com/api/modules/stable/discord_voice/1
10/17/2025, 1:44:36 PM GMT+5:30 [Modules] Streaming discord_voice@1 to /home/kamal/.config/discord/0.0.112/modules/pending/discord_voice-1.zip
10/17/2025, 1:44:41 PM GMT+5:30 [Modules] Streaming discord_voice@1 to /home/kamal/.config/discord/0.0.112/modules/pending/discord_voice-1.zip: 1%
10/17/2025, 1:44:46 PM GMT+5:30 [Modules] Streaming discord_voice@1 to /home/kamal/.config/discord/0.0.112/modules/pending/discord_voice-1.zip: 2%
10/17/2025, 1:44:50 PM GMT+5:30 [Modules] Streaming discord_voice@1 to /home/kamal/.config/discord/0.0.112/modules/pending/discord_voice-1.zip: 3%
10/17/2025, 1:44:54 PM GMT+5:30 [Modules] Streaming discord_voice@1 to /home/kamal/.config/discord/0.0.112/modules/pending/discord_voice-1.zip: 4%
10/17/2025, 1:44:58 PM GMT+5:30 [Modules] Streaming discord_voice@1 to /home/kamal/.config/discord/0.0.112/modules/pending/discord_voice-1.zip: 5%
10/17/2025, 1:45:02 PM GMT+5:30 [Modules] Streaming discord_voice@1 to /home/kamal/.config/discord/0.0.112/modules/pending/discord_voice-1.zip: 6%
10/17/2025, 1:45:07 PM GMT+5:30 [Modules] Streaming discord_voice@1 to /home/kamal/.config/discord/0.0.112/modules/pending/discord_voice-1.zip: 7%
10/17/2025, 1:45:10 PM GMT+5:30 [Modules] Streaming discord_voice@1 to /home/kamal/.config/discord/0.0.112/modules/pending/discord_voice-1.zip: 8%
10/17/2025, 1:45:14 PM GMT+5:30 [Modules] Streaming discord_voice@1 to /home/kamal/.config/discord/0.0.112/modules/pending/discord_voice-1.zip: 9%
10/17/2025, 1:45:18 PM GMT+5:30 [Modules] Streaming discord_voice@1 to /home/kamal/.config/discord/0.0.112/modules/pending/discord_voice-1.zip: 10%
10/17/2025, 1:45:22 PM GMT+5:30 [Modules] Streaming discord_voice@1 to /home/kamal/.config/discord/0.0.112/modules/pending/discord_voice-1.zip: 11%
10/17/2025, 1:45:26 PM GMT+5:30 [Modules] Streaming discord_voice@1 to /home/kamal/.config/discord/0.0.112/modules/pending/discord_voice-1.zip: 12%
10/17/2025, 1:45:30 PM GMT+5:30 [Modules] Streaming discord_voice@1 to /home/kamal/.config/discord/0.0.112/modules/pending/discord_voice-1.zip: 13%
10/17/2025, 1:45:33 PM GMT+5:30 [Modules] Streaming discord_voice@1 to /home/kamal/.config/discord/0.0.112/modules/pending/discord_voice-1.zip: 14%
10/17/2025, 1:45:37 PM GMT+5:30 [Modules] Streaming discord_voice@1 to /home/kamal/.config/discord/0.0.112/modules/pending/discord_voice-1.zip: 15%
10/17/2025, 1:45:41 PM GMT+5:30 [Modules] Streaming discord_voice@1 to /home/kamal/.config/discord/0.0.112/modules/pending/discord_voice-1.zip: 16%
10/17/2025, 1:45:45 PM GMT+5:30 [Modules] Streaming discord_voice@1 to /home/kamal/.config/discord/0.0.112/modules/pending/discord_voice-1.zip: 17%
10/17/2025, 1:45:49 PM GMT+5:30 [Modules] Streaming discord_voice@1 to /home/kamal/.config/discord/0.0.112/modules/pending/discord_voice-1.zip: 18%
10/17/2025, 1:45:53 PM GMT+5:30 [Modules] Streaming discord_voice@1 to /home/kamal/.config/discord/0.0.112/modules/pending/discord_voice-1.zip: 19%
10/17/2025, 1:45:57 PM GMT+5:30 [Modules] Streaming discord_voice@1 to /home/kamal/.config/discord/0.0.112/modules/pending/discord_voice-1.zip: 20%
10/17/2025, 1:46:01 PM GMT+5:30 [Modules] Streaming discord_voice@1 to /home/kamal/.config/discord/0.0.112/modules/pending/discord_voice-1.zip: 21%
10/17/2025, 1:46:05 PM GMT+5:30 [Modules] Streaming discord_voice@1 to /home/kamal/.config/discord/0.0.112/modules/pending/discord_voice-1.zip: 22%
10/17/2025, 1:46:09 PM GMT+5:30 [Modules] Streaming discord_voice@1 to /home/kamal/.config/discord/0.0.112/modules/pending/discord_voice-1.zip: 23%
10/17/2025, 1:46:13 PM GMT+5:30 [Modules] Streaming discord_voice@1 to /home/kamal/.config/discord/0.0.112/modules/pending/discord_voice-1.zip: 24%
10/17/2025, 1:46:17 PM GMT+5:30 [Modules] Streaming discord_voice@1 to /home/kamal/.config/discord/0.0.112/modules/pending/discord_voice-1.zip: 25%
10/17/2025, 1:46:21 PM GMT+5:30 [Modules] Streaming discord_voice@1 to /home/kamal/.config/discord/0.0.112/modules/pending/discord_voice-1.zip: 26%
10/17/2025, 1:46:25 PM GMT+5:30 [Modules] Streaming discord_voice@1 to /home/kamal/.config/discord/0.0.112/modules/pending/discord_voice-1.zip: 27%
10/17/2025, 1:46:29 PM GMT+5:30 [Modules] Streaming discord_voice@1 to /home/kamal/.config/discord/0.0.112/modules/pending/discord_voice-1.zip: 28%
10/17/2025, 1:46:33 PM GMT+5:30 [Modules] Streaming discord_voice@1 to /home/kamal/.config/discord/0.0.112/modules/pending/discord_voice-1.zip: 29%
10/17/2025, 1:46:36 PM GMT+5:30 [Modules] Streaming discord_voice@1 to /home/kamal/.config/discord/0.0.112/modules/pending/discord_voice-1.zip: 30%
10/17/2025, 1:46:40 PM GMT+5:30 [Modules] Streaming discord_voice@1 to /home/kamal/.config/discord/0.0.112/modules/pending/discord_voice-1.zip: 31%
10/17/2025, 1:46:44 PM GMT+5:30 [Modules] Streaming discord_voice@1 to /home/kamal/.config/discord/0.0.112/modules/pending/discord_voice-1.zip: 32%
10/17/2025, 1:46:48 PM GMT+5:30 [Modules] Streaming discord_voice@1 to /home/kamal/.config/discord/0.0.112/modules/pending/discord_voice-1.zip: 33%
10/17/2025, 1:46:52 PM GMT+5:30 [Modules] Streaming discord_voice@1 to /home/kamal/.config/discord/0.0.112/modules/pending/discord_voice-1.zip: 34%
10/17/2025, 1:46:56 PM GMT+5:30 [Modules] Streaming discord_voice@1 to /home/kamal/.config/discord/0.0.112/modules/pending/discord_voice-1.zip: 35%
10/17/2025, 1:47:00 PM GMT+5:30 [Modules] Streaming discord_voice@1 to /home/kamal/.config/discord/0.0.112/modules/pending/discord_voice-1.zip: 36%
10/17/2025, 1:47:04 PM GMT+5:30 [Modules] Streaming discord_voice@1 to /home/kamal/.config/discord/0.0.112/modules/pending/discord_voice-1.zip: 37%
10/17/2025, 1:47:08 PM GMT+5:30 [Modules] Streaming discord_voice@1 to /home/kamal/.config/discord/0.0.112/modules/pending/discord_voice-1.zip: 38%
10/17/2025, 1:47:12 PM GMT+5:30 [Modules] Streaming discord_voice@1 to /home/kamal/.config/discord/0.0.112/modules/pending/discord_voice-1.zip: 39%
10/17/2025, 1:47:16 PM GMT+5:30 [Modules] Streaming discord_voice@1 to /home/kamal/.config/discord/0.0.112/modules/pending/discord_voice-1.zip: 40%
10/17/2025, 1:47:20 PM GMT+5:30 [Modules] Streaming discord_voice@1 to /home/kamal/.config/discord/0.0.112/modules/pending/discord_voice-1.zip: 41%
10/17/2025, 1:47:24 PM GMT+5:30 [Modules] Streaming discord_voice@1 to /home/kamal/.config/discord/0.0.112/modules/pending/discord_voice-1.zip: 42%
10/17/2025, 1:47:28 PM GMT+5:30 [Modules] Streaming discord_voice@1 to /home/kamal/.config/discord/0.0.112/modules/pending/discord_voice-1.zip: 43%
10/17/2025, 1:47:32 PM GMT+5:30 [Modules] Streaming discord_voice@1 to /home/kamal/.config/discord/0.0.112/modules/pending/discord_voice-1.zip: 44%
10/17/2025, 1:47:36 PM GMT+5:30 [Modules] Streaming discord_voice@1 to /home/kamal/.config/discord/0.0.112/modules/pending/discord_voice-1.zip: 45%
10/17/2025, 1:47:40 PM GMT+5:30 [Modules] Streaming discord_voice@1 to /home/kamal/.config/discord/0.0.112/modules/pending/discord_voice-1.zip: 46%
10/17/2025, 1:47:44 PM GMT+5:30 [Modules] Streaming discord_voice@1 to /home/kamal/.config/discord/0.0.112/modules/pending/discord_voice-1.zip: 47%
10/17/2025, 1:47:48 PM GMT+5:30 [Modules] Streaming discord_voice@1 to /home/kamal/.config/discord/0.0.112/modules/pending/discord_voice-1.zip: 48%
10/17/2025, 1:47:52 PM GMT+5:30 [Modules] Streaming discord_voice@1 to /home/kamal/.config/discord/0.0.112/modules/pending/discord_voice-1.zip: 49%
10/17/2025, 1:47:56 PM GMT+5:30 [Modules] Streaming discord_voice@1 to /home/kamal/.config/discord/0.0.112/modules/pending/discord_voice-1.zip: 50%
10/17/2025, 1:48:00 PM GMT+5:30 [Modules] Streaming discord_voice@1 to /home/kamal/.config/discord/0.0.112/modules/pending/discord_voice-1.zip: 51%
10/17/2025, 1:48:05 PM GMT+5:30 [Modules] Streaming discord_voice@1 to /home/kamal/.config/discord/0.0.112/modules/pending/discord_voice-1.zip: 52%
10/17/2025, 1:48:08 PM GMT+5:30 [Modules] Streaming discord_voice@1 to /home/kamal/.config/discord/0.0.112/modules/pending/discord_voice-1.zip: 53%
10/17/2025, 1:48:12 PM GMT+5:30 [Modules] Streaming discord_voice@1 to /home/kamal/.config/discord/0.0.112/modules/pending/discord_voice-1.zip: 54%
10/17/2025, 1:48:16 PM GMT+5:30 [Modules] Streaming discord_voice@1 to /home/kamal/.config/discord/0.0.112/modules/pending/discord_voice-1.zip: 55%
10/17/2025, 1:48:20 PM GMT+5:30 [Modules] Streaming discord_voice@1 to /home/kamal/.config/discord/0.0.112/modules/pending/discord_voice-1.zip: 56%
10/17/2025, 1:48:25 PM GMT+5:30 [Modules] Streaming discord_voice@1 to /home/kamal/.config/discord/0.0.112/modules/pending/discord_voice-1.zip: 57%
10/17/2025, 1:48:29 PM GMT+5:30 [Modules] Streaming discord_voice@1 to /home/kamal/.config/discord/0.0.112/modules/pending/discord_voice-1.zip: 58%
10/17/2025, 1:48:33 PM GMT+5:30 [Modules] Streaming discord_voice@1 to /home/kamal/.config/discord/0.0.112/modules/pending/discord_voice-1.zip: 59%
10/17/2025, 1:48:36 PM GMT+5:30 [Modules] Streaming discord_voice@1 to /home/kamal/.config/discord/0.0.112/modules/pending/discord_voice-1.zip: 60%
10/17/2025, 1:48:40 PM GMT+5:30 [Modules] Streaming discord_voice@1 to /home/kamal/.config/discord/0.0.112/modules/pending/discord_voice-1.zip: 61%
10/17/2025, 1:48:44 PM GMT+5:30 [Modules] Streaming discord_voice@1 to /home/kamal/.config/discord/0.0.112/modules/pending/discord_voice-1.zip: 62%
10/17/2025, 1:48:48 PM GMT+5:30 [Modules] Streaming discord_voice@1 to /home/kamal/.config/discord/0.0.112/modules/pending/discord_voice-1.zip: 63%
10/17/2025, 1:48:52 PM GMT+5:30 [Modules] Streaming discord_voice@1 to /home/kamal/.config/discord/0.0.112/modules/pending/discord_voice-1.zip: 64%
10/17/2025, 1:48:56 PM GMT+5:30 [Modules] Streaming discord_voice@1 to /home/kamal/.config/discord/0.0.112/modules/pending/discord_voice-1.zip: 65%
10/17/2025, 1:48:59 PM GMT+5:30 [Modules] Streaming discord_voice@1 to /home/kamal/.config/discord/0.0.112/modules/pending/discord_voice-1.zip: 66%
10/17/2025, 1:49:04 PM GMT+5:30 [Modules] Streaming discord_voice@1 to /home/kamal/.config/discord/0.0.112/modules/pending/discord_voice-1.zip: 67%
10/17/2025, 1:49:07 PM GMT+5:30 [Modules] Streaming discord_voice@1 to /home/kamal/.config/discord/0.0.112/modules/pending/discord_voice-1.zip: 68%
10/17/2025, 1:49:11 PM GMT+5:30 [Modules] Streaming discord_voice@1 to /home/kamal/.config/discord/0.0.112/modules/pending/discord_voice-1.zip: 69%
10/17/2025, 1:49:15 PM GMT+5:30 [Modules] Streaming discord_voice@1 to /home/kamal/.config/discord/0.0.112/modules/pending/discord_voice-1.zip: 70%
10/17/2025, 1:49:19 PM GMT+5:30 [Modules] Streaming discord_voice@1 to /home/kamal/.config/discord/0.0.112/modules/pending/discord_voice-1.zip: 71%
10/17/2025, 1:49:23 PM GMT+5:30 [Modules] Streaming discord_voice@1 to /home/kamal/.config/discord/0.0.112/modules/pending/discord_voice-1.zip: 72%
10/17/2025, 1:49:27 PM GMT+5:30 [Modules] Streaming discord_voice@1 to /home/kamal/.config/discord/0.0.112/modules/pending/discord_voice-1.zip: 73%
10/17/2025, 1:49:31 PM GMT+5:30 [Modules] Streaming discord_voice@1 to /home/kamal/.config/discord/0.0.112/modules/pending/discord_voice-1.zip: 74%
10/17/2025, 1:49:34 PM GMT+5:30 [Modules] Streaming discord_voice@1 to /home/kamal/.config/discord/0.0.112/modules/pending/discord_voice-1.zip: 75%
10/17/2025, 1:49:38 PM GMT+5:30 [Modules] Streaming discord_voice@1 to /home/kamal/.config/discord/0.0.112/modules/pending/discord_voice-1.zip: 76%
10/17/2025, 1:49:42 PM GMT+5:30 [Modules] Streaming discord_voice@1 to /home/kamal/.config/discord/0.0.112/modules/pending/discord_voice-1.zip: 77%
10/17/2025, 1:49:46 PM GMT+5:30 [Modules] Streaming discord_voice@1 to /home/kamal/.config/discord/0.0.112/modules/pending/discord_voice-1.zip: 78%
10/17/2025, 1:49:51 PM GMT+5:30 [Modules] Streaming discord_voice@1 to /home/kamal/.config/discord/0.0.112/modules/pending/discord_voice-1.zip: 79%
10/17/2025, 1:49:55 PM GMT+5:30 [Modules] Streaming discord_voice@1 to /home/kamal/.config/discord/0.0.112/modules/pending/discord_voice-1.zip: 80%
10/17/2025, 1:49:59 PM GMT+5:30 [Modules] Streaming discord_voice@1 to /home/kamal/.config/discord/0.0.112/modules/pending/discord_voice-1.zip: 81%
10/17/2025, 1:50:03 PM GMT+5:30 [Modules] Streaming discord_voice@1 to /home/kamal/.config/discord/0.0.112/modules/pending/discord_voice-1.zip: 82%
10/17/2025, 1:50:07 PM GMT+5:30 [Modules] Streaming discord_voice@1 to /home/kamal/.config/discord/0.0.112/modules/pending/discord_voice-1.zip: 83%
10/17/2025, 1:50:10 PM GMT+5:30 [Modules] Streaming discord_voice@1 to /home/kamal/.config/discord/0.0.112/modules/pending/discord_voice-1.zip: 84%
10/17/2025, 1:50:14 PM GMT+5:30 [Modules] Streaming discord_voice@1 to /home/kamal/.config/discord/0.0.112/modules/pending/discord_voice-1.zip: 85%
10/17/2025, 1:50:18 PM GMT+5:30 [Modules] Streaming discord_voice@1 to /home/kamal/.config/discord/0.0.112/modules/pending/discord_voice-1.zip: 86%
10/17/2025, 1:50:22 PM GMT+5:30 [Modules] Streaming discord_voice@1 to /home/kamal/.config/discord/0.0.112/modules/pending/discord_voice-1.zip: 87%
10/17/2025, 1:50:26 PM GMT+5:30 [Modules] Streaming discord_voice@1 to /home/kamal/.config/discord/0.0.112/modules/pending/discord_voice-1.zip: 88%
10/17/2025, 1:50:30 PM GMT+5:30 [Modules] Streaming discord_voice@1 to /home/kamal/.config/discord/0.0.112/modules/pending/discord_voice-1.zip: 89%
10/17/2025, 1:50:34 PM GMT+5:30 [Modules] Streaming discord_voice@1 to /home/kamal/.config/discord/0.0.112/modules/pending/discord_voice-1.zip: 90%
10/17/2025, 1:50:37 PM GMT+5:30 [Modules] Streaming discord_voice@1 to /home/kamal/.config/discord/0.0.112/modules/pending/discord_voice-1.zip: 91%
10/17/2025, 1:50:41 PM GMT+5:30 [Modules] Streaming discord_voice@1 to /home/kamal/.config/discord/0.0.112/modules/pending/discord_voice-1.zip: 92%
10/17/2025, 1:50:45 PM GMT+5:30 [Modules] Streaming discord_voice@1 to /home/kamal/.config/discord/0.0.112/modules/pending/discord_voice-1.zip: 93%
10/17/2025, 1:50:49 PM GMT+5:30 [Modules] Streaming discord_voice@1 to /home/kamal/.config/discord/0.0.112/modules/pending/discord_voice-1.zip: 94%
10/17/2025, 1:50:53 PM GMT+5:30 [Modules] Streaming discord_voice@1 to /home/kamal/.config/discord/0.0.112/modules/pending/discord_voice-1.zip: 95%
10/17/2025, 1:50:57 PM GMT+5:30 [Modules] Streaming discord_voice@1 to /home/kamal/.config/discord/0.0.112/modules/pending/discord_voice-1.zip: 96%
10/17/2025, 1:51:01 PM GMT+5:30 [Modules] Streaming discord_voice@1 to /home/kamal/.config/discord/0.0.112/modules/pending/discord_voice-1.zip: 97%
10/17/2025, 1:51:06 PM GMT+5:30 [Modules] Streaming discord_voice@1 to /home/kamal/.config/discord/0.0.112/modules/pending/discord_voice-1.zip: 98%
10/17/2025, 1:51:09 PM GMT+5:30 [Modules] Streaming discord_voice@1 to /home/kamal/.config/discord/0.0.112/modules/pending/discord_voice-1.zip: 99%
10/17/2025, 1:51:13 PM GMT+5:30 [Modules] Streaming discord_voice@1 to /home/kamal/.config/discord/0.0.112/modules/pending/discord_voice-1.zip: 100%
10/17/2025, 1:51:13 PM GMT+5:30 [Modules] Fetching discord_zstd@1 from https://discord.com/api/modules/stable/discord_zstd/1
10/17/2025, 1:51:13 PM GMT+5:30 [Modules] Streaming discord_zstd@1 to /home/kamal/.config/discord/0.0.112/modules/pending/discord_zstd-1.zip
10/17/2025, 1:51:14 PM GMT+5:30 [Modules] Streaming discord_zstd@1 to /home/kamal/.config/discord/0.0.112/modules/pending/discord_zstd-1.zip: 4%
10/17/2025, 1:51:14 PM GMT+5:30 [Modules] Streaming discord_zstd@1 to /home/kamal/.config/discord/0.0.112/modules/pending/discord_zstd-1.zip: 8%
10/17/2025, 1:51:14 PM GMT+5:30 [Modules] Streaming discord_zstd@1 to /home/kamal/.config/discord/0.0.112/modules/pending/discord_zstd-1.zip: 12%
10/17/2025, 1:51:15 PM GMT+5:30 [Modules] Streaming discord_zstd@1 to /home/kamal/.config/discord/0.0.112/modules/pending/discord_zstd-1.zip: 17%
10/17/2025, 1:51:15 PM GMT+5:30 [Modules] Streaming discord_zstd@1 to /home/kamal/.config/discord/0.0.112/modules/pending/discord_zstd-1.zip: 21%
10/17/2025, 1:51:15 PM GMT+5:30 [Modules] Streaming discord_zstd@1 to /home/kamal/.config/discord/0.0.112/modules/pending/discord_zstd-1.zip: 25%
10/17/2025, 1:51:15 PM GMT+5:30 [Modules] Streaming discord_zstd@1 to /home/kamal/.config/discord/0.0.112/modules/pending/discord_zstd-1.zip: 29%
10/17/2025, 1:51:15 PM GMT+5:30 [Modules] Streaming discord_zstd@1 to /home/kamal/.config/discord/0.0.112/modules/pending/discord_zstd-1.zip: 34%
10/17/2025, 1:51:16 PM GMT+5:30 [Modules] Streaming discord_zstd@1 to /home/kamal/.config/discord/0.0.112/modules/pending/discord_zstd-1.zip: 38%
10/17/2025, 1:51:16 PM GMT+5:30 [Modules] Streaming discord_zstd@1 to /home/kamal/.config/discord/0.0.112/modules/pending/discord_zstd-1.zip: 42%
10/17/2025, 1:51:16 PM GMT+5:30 [Modules] Streaming discord_zstd@1 to /home/kamal/.config/discord/0.0.112/modules/pending/discord_zstd-1.zip: 47%
10/17/2025, 1:51:16 PM GMT+5:30 [Modules] Streaming discord_zstd@1 to /home/kamal/.config/discord/0.0.112/modules/pending/discord_zstd-1.zip: 51%
10/17/2025, 1:51:16 PM GMT+5:30 [Modules] Streaming discord_zstd@1 to /home/kamal/.config/discord/0.0.112/modules/pending/discord_zstd-1.zip: 55%
10/17/2025, 1:51:17 PM GMT+5:30 [Modules] Streaming discord_zstd@1 to /home/kamal/.config/discord/0.0.112/modules/pending/discord_zstd-1.zip: 59%
10/17/2025, 1:51:17 PM GMT+5:30 [Modules] Streaming discord_zstd@1 to /home/kamal/.config/discord/0.0.112/modules/pending/discord_zstd-1.zip: 64%
10/17/2025, 1:51:17 PM GMT+5:30 [Modules] Streaming discord_zstd@1 to /home/kamal/.config/discord/0.0.112/modules/pending/discord_zstd-1.zip: 68%
10/17/2025, 1:51:17 PM GMT+5:30 [Modules] Streaming discord_zstd@1 to /home/kamal/.config/discord/0.0.112/modules/pending/discord_zstd-1.zip: 72%
10/17/2025, 1:51:18 PM GMT+5:30 [Modules] Streaming discord_zstd@1 to /home/kamal/.config/discord/0.0.112/modules/pending/discord_zstd-1.zip: 77%
10/17/2025, 1:51:18 PM GMT+5:30 [Modules] Streaming discord_zstd@1 to /home/kamal/.config/discord/0.0.112/modules/pending/discord_zstd-1.zip: 81%
10/17/2025, 1:51:18 PM GMT+5:30 [Modules] Streaming discord_zstd@1 to /home/kamal/.config/discord/0.0.112/modules/pending/discord_zstd-1.zip: 85%
10/17/2025, 1:51:18 PM GMT+5:30 [Modules] Streaming discord_zstd@1 to /home/kamal/.config/discord/0.0.112/modules/pending/discord_zstd-1.zip: 90%
10/17/2025, 1:51:18 PM GMT+5:30 [Modules] Streaming discord_zstd@1 to /home/kamal/.config/discord/0.0.112/modules/pending/discord_zstd-1.zip: 94%
10/17/2025, 1:51:19 PM GMT+5:30 [Modules] Streaming discord_zstd@1 to /home/kamal/.config/discord/0.0.112/modules/pending/discord_zstd-1.zip: 98%
10/17/2025, 1:51:19 PM GMT+5:30 [Modules] Streaming discord_zstd@1 to /home/kamal/.config/discord/0.0.112/modules/pending/discord_zstd-1.zip: 100%
10/17/2025, 1:51:19 PM GMT+5:30 [Modules] Finished module downloads. [success: 6] [failure: 0]
10/17/2025, 1:51:19 PM GMT+5:30 [Modules] Installing updates...
10/17/2025, 1:51:19 PM GMT+5:30 [Modules] Installing discord_desktop_core@1 from /home/kamal/.config/discord/0.0.112/modules/pending/discord_desktop_core-1.zip
10/17/2025, 1:51:19 PM GMT+5:30 [Modules] Installing discord_erlpack@1 from /home/kamal/.config/discord/0.0.112/modules/pending/discord_erlpack-1.zip
10/17/2025, 1:51:19 PM GMT+5:30 [Modules] Installing discord_spellcheck@1 from /home/kamal/.config/discord/0.0.112/modules/pending/discord_spellcheck-1.zip
10/17/2025, 1:51:20 PM GMT+5:30 [Modules] Installing discord_utils@1 from /home/kamal/.config/discord/0.0.112/modules/pending/discord_utils-1.zip
10/17/2025, 1:51:20 PM GMT+5:30 [Modules] Installing discord_voice@1 from /home/kamal/.config/discord/0.0.112/modules/pending/discord_voice-1.zip
10/17/2025, 1:51:21 PM GMT+5:30 [Modules] Installing discord_zstd@1 from /home/kamal/.config/discord/0.0.112/modules/pending/discord_zstd-1.zip
10/17/2025, 1:51:21 PM GMT+5:30 [Modules] Finished module installations. [success: 6] [failure: 0]
10/17/2025, 1:51:21 PM GMT+5:30 [Modules] Checking for host updates.
10/17/2025, 1:51:22 PM GMT+5:30 [Modules] Host is up to date.
10/17/2025, 1:51:22 PM GMT+5:30 [Modules] Checking for module updates at https://discord.com/api/modules/stable/versions.json
10/17/2025, 1:51:22 PM GMT+5:30 [Modules] No module updates available.
10/17/2025, 1:52:47 PM GMT+5:30 [Modules] Starting to install discord_krisp...
10/17/2025, 1:52:47 PM GMT+5:30 [Modules] Fetching discord_krisp@1 from https://discord.com/api/modules/stable/discord_krisp/1
10/17/2025, 1:52:47 PM GMT+5:30 [Modules] Streaming discord_krisp@1 to /home/kamal/.config/discord/0.0.112/modules/pending/discord_krisp-1.zip
10/17/2025, 1:52:47 PM GMT+5:30 [Modules] Starting to install discord_game_utils...
10/17/2025, 1:53:28 PM GMT+5:30 [Modules] Starting to install discord_rpc...
10/17/2025, 1:53:51 PM GMT+5:30 [Modules] Streaming discord_krisp@1 to /home/kamal/.config/discord/0.0.112/modules/pending/discord_krisp-1.zip: 1%
10/17/2025, 1:53:58 PM GMT+5:30 [Modules] Streaming discord_krisp@1 to /home/kamal/.config/discord/0.0.112/modules/pending/discord_krisp-1.zip: 2%
10/17/2025, 1:54:05 PM GMT+5:30 [Modules] Streaming discord_krisp@1 to /home/kamal/.config/discord/0.0.112/modules/pending/discord_krisp-1.zip: 3%
10/17/2025, 1:54:12 PM GMT+5:30 [Modules] Streaming discord_krisp@1 to /home/kamal/.config/discord/0.0.112/modules/pending/discord_krisp-1.zip: 4%
10/17/2025, 1:54:22 PM GMT+5:30 [Modules] Streaming discord_krisp@1 to /home/kamal/.config/discord/0.0.112/modules/pending/discord_krisp-1.zip: 5%
10/17/2025, 1:54:34 PM GMT+5:30 [Modules] Streaming discord_krisp@1 to /home/kamal/.config/discord/0.0.112/modules/pending/discord_krisp-1.zip: 6%
10/17/2025, 1:54:40 PM GMT+5:30 [Modules] Streaming discord_krisp@1 to /home/kamal/.config/discord/0.0.112/modules/pending/discord_krisp-1.zip: 7%
10/17/2025, 1:54:47 PM GMT+5:30 [Modules] Streaming discord_krisp@1 to /home/kamal/.config/discord/0.0.112/modules/pending/discord_krisp-1.zip: 8%
10/17/2025, 1:54:54 PM GMT+5:30 [Modules] Streaming discord_krisp@1 to /home/kamal/.config/discord/0.0.112/modules/pending/discord_krisp-1.zip: 9%
10/17/2025, 1:55:02 PM GMT+5:30 [Modules] Streaming discord_krisp@1 to /home/kamal/.config/discord/0.0.112/modules/pending/discord_krisp-1.zip: 10%
10/17/2025, 1:55:08 PM GMT+5:30 [Modules] Streaming discord_krisp@1 to /home/kamal/.config/discord/0.0.112/modules/pending/discord_krisp-1.zip: 11%
10/17/2025, 1:55:14 PM GMT+5:30 [Modules] Streaming discord_krisp@1 to /home/kamal/.config/discord/0.0.112/modules/pending/discord_krisp-1.zip: 12%
10/17/2025, 1:55:20 PM GMT+5:30 [Modules] Streaming discord_krisp@1 to /home/kamal/.config/discord/0.0.112/modules/pending/discord_krisp-1.zip: 13%
10/17/2025, 1:55:27 PM GMT+5:30 [Modules] Streaming discord_krisp@1 to /home/kamal/.config/discord/0.0.112/modules/pending/discord_krisp-1.zip: 14%
10/17/2025, 1:55:33 PM GMT+5:30 [Modules] Streaming discord_krisp@1 to /home/kamal/.config/discord/0.0.112/modules/pending/discord_krisp-1.zip: 15%
10/17/2025, 1:55:39 PM GMT+5:30 [Modules] Streaming discord_krisp@1 to /home/kamal/.config/discord/0.0.112/modules/pending/discord_krisp-1.zip: 16%
10/17/2025, 1:55:47 PM GMT+5:30 [Modules] Checking for host updates.
10/17/2025, 1:55:48 PM GMT+5:30 [Modules] Host is up to date.
10/17/2025, 1:55:48 PM GMT+5:30 [Modules] Checking for module updates at https://discord.com/api/modules/stable/versions.json
10/17/2025, 1:55:49 PM GMT+5:30 [Modules] No module updates available.
10/17/2025, 1:56:05 PM GMT+5:30 [Modules] Modules initializing
10/17/2025, 1:56:05 PM GMT+5:30 [Modules] Distribution: remote
10/17/2025, 1:56:05 PM GMT+5:30 [Modules] Host updates: enabled
10/17/2025, 1:56:05 PM GMT+5:30 [Modules] Module updates: enabled
10/17/2025, 1:56:05 PM GMT+5:30 [Modules] Module install path: /home/kamal/.config/discord/0.0.112/modules
10/17/2025, 1:56:05 PM GMT+5:30 [Modules] Module installed file path: /home/kamal/.config/discord/0.0.112/modules/installed.json
10/17/2025, 1:56:05 PM GMT+5:30 [Modules] Module download path: /home/kamal/.config/discord/0.0.112/modules/pending
10/17/2025, 1:56:05 PM GMT+5:30 [Modules] No updates to install
10/17/2025, 1:56:05 PM GMT+5:30 [Modules] Checking for host updates.
10/17/2025, 1:56:06 PM GMT+5:30 [Modules] Host is up to date.
10/17/2025, 1:56:06 PM GMT+5:30 [Modules] Checking for module updates at https://discord.com/api/modules/stable/versions.json
10/17/2025, 1:56:06 PM GMT+5:30 [Modules] No module updates available.
10/17/2025, 1:57:28 PM GMT+5:30 [Modules] Starting to install discord_krisp...
10/17/2025, 1:57:28 PM GMT+5:30 [Modules] Fetching discord_krisp@1 from https://discord.com/api/modules/stable/discord_krisp/1
10/17/2025, 1:57:28 PM GMT+5:30 [Modules] Streaming discord_krisp@1 to /home/kamal/.config/discord/0.0.112/modules/pending/discord_krisp-1.zip
10/17/2025, 1:57:28 PM GMT+5:30 [Modules] Starting to install discord_game_utils...
10/17/2025, 1:57:39 PM GMT+5:30 [Modules] Streaming discord_krisp@1 to /home/kamal/.config/discord/0.0.112/modules/pending/discord_krisp-1.zip: 1%
10/17/2025, 1:57:46 PM GMT+5:30 [Modules] Streaming discord_krisp@1 to /home/kamal/.config/discord/0.0.112/modules/pending/discord_krisp-1.zip: 2%
10/17/2025, 1:57:57 PM GMT+5:30 [Modules] Streaming discord_krisp@1 to /home/kamal/.config/discord/0.0.112/modules/pending/discord_krisp-1.zip: 3%
10/17/2025, 1:58:08 PM GMT+5:30 [Modules] Streaming discord_krisp@1 to /home/kamal/.config/discord/0.0.112/modules/pending/discord_krisp-1.zip: 4%
10/17/2025, 1:58:22 PM GMT+5:30 [Modules] Streaming discord_krisp@1 to /home/kamal/.config/discord/0.0.112/modules/pending/discord_krisp-1.zip: 5%
10/17/2025, 1:58:40 PM GMT+5:30 [Modules] Streaming discord_krisp@1 to /home/kamal/.config/discord/0.0.112/modules/pending/discord_krisp-1.zip: 6%
10/17/2025, 1:58:48 PM GMT+5:30 [Modules] Starting to install discord_rpc...
10/17/2025, 1:58:55 PM GMT+5:30 [Modules] Streaming discord_krisp@1 to /home/kamal/.config/discord/0.0.112/modules/pending/discord_krisp-1.zip: 7%
10/17/2025, 1:59:12 PM GMT+5:30 [Modules] Streaming discord_krisp@1 to /home/kamal/.config/discord/0.0.112/modules/pending/discord_krisp-1.zip: 8%
10/17/2025, 1:59:19 PM GMT+5:30 [Modules] Streaming discord_krisp@1 to /home/kamal/.config/discord/0.0.112/modules/pending/discord_krisp-1.zip: 9%
10/17/2025, 1:59:23 PM GMT+5:30 [Modules] Streaming discord_krisp@1 to /home/kamal/.config/discord/0.0.112/modules/pending/discord_krisp-1.zip: 10%
10/17/2025, 1:59:25 PM GMT+5:30 [Modules] Streaming discord_krisp@1 to /home/kamal/.config/discord/0.0.112/modules/pending/discord_krisp-1.zip: 11%
10/17/2025, 1:59:27 PM GMT+5:30 [Modules] Streaming discord_krisp@1 to /home/kamal/.config/discord/0.0.112/modules/pending/discord_krisp-1.zip: 12%
10/17/2025, 1:59:30 PM GMT+5:30 [Modules] Streaming discord_krisp@1 to /home/kamal/.config/discord/0.0.112/modules/pending/discord_krisp-1.zip: 13%
10/17/2025, 1:59:36 PM GMT+5:30 [Modules] Streaming discord_krisp@1 to /home/kamal/.config/discord/0.0.112/modules/pending/discord_krisp-1.zip: 14%
10/17/2025, 1:59:37 PM GMT+5:30 [Modules] Streaming discord_krisp@1 to /home/kamal/.config/discord/0.0.112/modules/pending/discord_krisp-1.zip: 15%
10/17/2025, 1:59:38 PM GMT+5:30 [Modules] Streaming discord_krisp@1 to /home/kamal/.config/discord/0.0.112/modules/pending/discord_krisp-1.zip: 16%
10/17/2025, 1:59:39 PM GMT+5:30 [Modules] Streaming discord_krisp@1 to /home/kamal/.config/discord/0.0.112/modules/pending/discord_krisp-1.zip: 17%
10/17/2025, 1:59:40 PM GMT+5:30 [Modules] Streaming discord_krisp@1 to /home/kamal/.config/discord/0.0.112/modules/pending/discord_krisp-1.zip: 18%
10/17/2025, 1:59:41 PM GMT+5:30 [Modules] Streaming discord_krisp@1 to /home/kamal/.config/discord/0.0.112/modules/pending/discord_krisp-1.zip: 19%
10/17/2025, 1:59:42 PM GMT+5:30 [Modules] Streaming discord_krisp@1 to /home/kamal/.config/discord/0.0.112/modules/pending/discord_krisp-1.zip: 20%
10/17/2025, 1:59:43 PM GMT+5:30 [Modules] Streaming discord_krisp@1 to /home/kamal/.config/discord/0.0.112/modules/pending/discord_krisp-1.zip: 21%
10/17/2025, 1:59:45 PM GMT+5:30 [Modules] Streaming discord_krisp@1 to /home/kamal/.config/discord/0.0.112/modules/pending/discord_krisp-1.zip: 22%
10/17/2025, 1:59:47 PM GMT+5:30 [Modules] Streaming discord_krisp@1 to /home/kamal/.config/discord/0.0.112/modules/pending/discord_krisp-1.zip: 23%
10/17/2025, 1:59:49 PM GMT+5:30 [Modules] Streaming discord_krisp@1 to /home/kamal/.config/discord/0.0.112/modules/pending/discord_krisp-1.zip: 24%
10/17/2025, 1:59:52 PM GMT+5:30 [Modules] Streaming discord_krisp@1 to /home/kamal/.config/discord/0.0.112/modules/pending/discord_krisp-1.zip: 25%
10/17/2025, 1:59:54 PM GMT+5:30 [Modules] Streaming discord_krisp@1 to /home/kamal/.config/discord/0.0.112/modules/pending/discord_krisp-1.zip: 26%
10/17/2025, 1:59:56 PM GMT+5:30 [Modules] Streaming discord_krisp@1 to /home/kamal/.config/discord/0.0.112/modules/pending/discord_krisp-1.zip: 27%
10/17/2025, 1:59:58 PM GMT+5:30 [Modules] Streaming discord_krisp@1 to /home/kamal/.config/discord/0.0.112/modules/pending/discord_krisp-1.zip: 28%
10/17/2025, 2:00:01 PM GMT+5:30 [Modules] Streaming discord_krisp@1 to /home/kamal/.config/discord/0.0.112/modules/pending/discord_krisp-1.zip: 29%
10/17/2025, 2:00:03 PM GMT+5:30 [Modules] Streaming discord_krisp@1 to /home/kamal/.config/discord/0.0.112/modules/pending/discord_krisp-1.zip: 30%
10/17/2025, 2:00:05 PM GMT+5:30 [Modules] Streaming discord_krisp@1 to /home/kamal/.config/discord/0.0.112/modules/pending/discord_krisp-1.zip: 31%
10/17/2025, 2:00:08 PM GMT+5:30 [Modules] Streaming discord_krisp@1 to /home/kamal/.config/discord/0.0.112/modules/pending/discord_krisp-1.zip: 32%
10/17/2025, 2:00:10 PM GMT+5:30 [Modules] Streaming discord_krisp@1 to /home/kamal/.config/discord/0.0.112/modules/pending/discord_krisp-1.zip: 33%
10/17/2025, 2:00:12 PM GMT+5:30 [Modules] Streaming discord_krisp@1 to /home/kamal/.config/discord/0.0.112/modules/pending/discord_krisp-1.zip: 34%
10/17/2025, 2:00:14 PM GMT+5:30 [Modules] Streaming discord_krisp@1 to /home/kamal/.config/discord/0.0.112/modules/pending/discord_krisp-1.zip: 35%
10/17/2025, 2:00:17 PM GMT+5:30 [Modules] Streaming discord_krisp@1 to /home/kamal/.config/discord/0.0.112/modules/pending/discord_krisp-1.zip: 36%
10/17/2025, 2:00:18 PM GMT+5:30 [Modules] Streaming discord_krisp@1 to /home/kamal/.config/discord/0.0.112/modules/pending/discord_krisp-1.zip: 37%
10/17/2025, 2:00:19 PM GMT+5:30 [Modules] Streaming discord_krisp@1 to /home/kamal/.config/discord/0.0.112/modules/pending/discord_krisp-1.zip: 38%
10/17/2025, 2:00:20 PM GMT+5:30 [Modules] Streaming discord_krisp@1 to /home/kamal/.config/discord/0.0.112/modules/pending/discord_krisp-1.zip: 39%
10/17/2025, 2:00:21 PM GMT+5:30 [Modules] Streaming discord_krisp@1 to /home/kamal/.config/discord/0.0.112/modules/pending/discord_krisp-1.zip: 40%
10/17/2025, 2:00:22 PM GMT+5:30 [Modules] Streaming discord_krisp@1 to /home/kamal/.config/discord/0.0.112/modules/pending/discord_krisp-1.zip: 41%
10/17/2025, 2:00:22 PM GMT+5:30 [Modules] Streaming discord_krisp@1 to /home/kamal/.config/discord/0.0.112/modules/pending/discord_krisp-1.zip: 42%
10/17/2025, 2:00:23 PM GMT+5:30 [Modules] Streaming discord_krisp@1 to /home/kamal/.config/discord/0.0.112/modules/pending/discord_krisp-1.zip: 43%
10/17/2025, 2:00:24 PM GMT+5:30 [Modules] Streaming discord_krisp@1 to /home/kamal/.config/discord/0.0.112/modules/pending/discord_krisp-1.zip: 44%
10/17/2025, 2:00:25 PM GMT+5:30 [Modules] Streaming discord_krisp@1 to /home/kamal/.config/discord/0.0.112/modules/pending/discord_krisp-1.zip: 45%
10/17/2025, 2:00:26 PM GMT+5:30 [Modules] Streaming discord_krisp@1 to /home/kamal/.config/discord/0.0.112/modules/pending/discord_krisp-1.zip: 46%
10/17/2025, 2:00:27 PM GMT+5:30 [Modules] Streaming discord_krisp@1 to /home/kamal/.config/discord/0.0.112/modules/pending/discord_krisp-1.zip: 47%
10/17/2025, 2:00:29 PM GMT+5:30 [Modules] Streaming discord_krisp@1 to /home/kamal/.config/discord/0.0.112/modules/pending/discord_krisp-1.zip: 48%
10/17/2025, 2:00:30 PM GMT+5:30 [Modules] Streaming discord_krisp@1 to /home/kamal/.config/discord/0.0.112/modules/pending/discord_krisp-1.zip: 49%
10/17/2025, 2:00:31 PM GMT+5:30 [Modules] Streaming discord_krisp@1 to /home/kamal/.config/discord/0.0.112/modules/pending/discord_krisp-1.zip: 50%
10/17/2025, 2:00:32 PM GMT+5:30 [Modules] Streaming discord_krisp@1 to /home/kamal/.config/discord/0.0.112/modules/pending/discord_krisp-1.zip: 51%
10/17/2025, 2:00:33 PM GMT+5:30 [Modules] Streaming discord_krisp@1 to /home/kamal/.config/discord/0.0.112/modules/pending/discord_krisp-1.zip: 52%
10/17/2025, 2:00:33 PM GMT+5:30 [Modules] Streaming discord_krisp@1 to /home/kamal/.config/discord/0.0.112/modules/pending/discord_krisp-1.zip: 53%
10/17/2025, 2:00:34 PM GMT+5:30 [Modules] Streaming discord_krisp@1 to /home/kamal/.config/discord/0.0.112/modules/pending/discord_krisp-1.zip: 54%
10/17/2025, 2:00:35 PM GMT+5:30 [Modules] Streaming discord_krisp@1 to /home/kamal/.config/discord/0.0.112/modules/pending/discord_krisp-1.zip: 55%
10/17/2025, 2:00:36 PM GMT+5:30 [Modules] Streaming discord_krisp@1 to /home/kamal/.config/discord/0.0.112/modules/pending/discord_krisp-1.zip: 56%
10/17/2025, 2:00:37 PM GMT+5:30 [Modules] Streaming discord_krisp@1 to /home/kamal/.config/discord/0.0.112/modules/pending/discord_krisp-1.zip: 57%
10/17/2025, 2:00:38 PM GMT+5:30 [Modules] Streaming discord_krisp@1 to /home/kamal/.config/discord/0.0.112/modules/pending/discord_krisp-1.zip: 58%
10/17/2025, 2:00:39 PM GMT+5:30 [Modules] Streaming discord_krisp@1 to /home/kamal/.config/discord/0.0.112/modules/pending/discord_krisp-1.zip: 59%
10/17/2025, 2:00:39 PM GMT+5:30 [Modules] Streaming discord_krisp@1 to /home/kamal/.config/discord/0.0.112/modules/pending/discord_krisp-1.zip: 60%
10/17/2025, 2:18:42 PM GMT+5:30 [Modules] Modules initializing
10/17/2025, 2:18:42 PM GMT+5:30 [Modules] Distribution: remote
10/17/2025, 2:18:42 PM GMT+5:30 [Modules] Host updates: enabled
10/17/2025, 2:18:42 PM GMT+5:30 [Modules] Module updates: enabled
10/17/2025, 2:18:42 PM GMT+5:30 [Modules] Module install path: /home/kamal/.config/discord/0.0.112/modules
10/17/2025, 2:18:42 PM GMT+5:30 [Modules] Module installed file path: /home/kamal/.config/discord/0.0.112/modules/installed.json
10/17/2025, 2:18:42 PM GMT+5:30 [Modules] Module download path: /home/kamal/.config/discord/0.0.112/modules/pending
10/17/2025, 2:18:42 PM GMT+5:30 [Modules] No updates to install
10/17/2025, 2:18:42 PM GMT+5:30 [Modules] Checking for host updates.
10/17/2025, 2:18:43 PM GMT+5:30 [Modules] Host is up to date.
10/17/2025, 2:18:43 PM GMT+5:30 [Modules] Checking for module updates at https://discord.com/api/modules/stable/versions.json
10/17/2025, 2:18:43 PM GMT+5:30 [Modules] No module updates available.
10/17/2025, 2:18:45 PM GMT+5:30 [Modules] Starting to install discord_krisp...
10/17/2025, 2:18:45 PM GMT+5:30 [Modules] Fetching discord_krisp@1 from https://discord.com/api/modules/stable/discord_krisp/1
10/17/2025, 2:18:45 PM GMT+5:30 [Modules] Streaming discord_krisp@1 to /home/kamal/.config/discord/0.0.112/modules/pending/discord_krisp-1.zip
10/17/2025, 2:18:45 PM GMT+5:30 [Modules] Starting to install discord_game_utils...
10/17/2025, 2:18:46 PM GMT+5:30 [Modules] Streaming discord_krisp@1 to /home/kamal/.config/discord/0.0.112/modules/pending/discord_krisp-1.zip: 1%
10/17/2025, 2:18:46 PM GMT+5:30 [Modules] Streaming discord_krisp@1 to /home/kamal/.config/discord/0.0.112/modules/pending/discord_krisp-1.zip: 2%
10/17/2025, 2:18:46 PM GMT+5:30 [Modules] Streaming discord_krisp@1 to /home/kamal/.config/discord/0.0.112/modules/pending/discord_krisp-1.zip: 3%
10/17/2025, 2:18:46 PM GMT+5:30 [Modules] Streaming discord_krisp@1 to /home/kamal/.config/discord/0.0.112/modules/pending/discord_krisp-1.zip: 4%
10/17/2025, 2:18:46 PM GMT+5:30 [Modules] Streaming discord_krisp@1 to /home/kamal/.config/discord/0.0.112/modules/pending/discord_krisp-1.zip: 8%
10/17/2025, 2:18:46 PM GMT+5:30 [Modules] Streaming discord_krisp@1 to /home/kamal/.config/discord/0.0.112/modules/pending/discord_krisp-1.zip: 9%
10/17/2025, 2:18:46 PM GMT+5:30 [Modules] Streaming discord_krisp@1 to /home/kamal/.config/discord/0.0.112/modules/pending/discord_krisp-1.zip: 12%
10/17/2025, 2:18:46 PM GMT+5:30 [Modules] Streaming discord_krisp@1 to /home/kamal/.config/discord/0.0.112/modules/pending/discord_krisp-1.zip: 13%
10/17/2025, 2:18:46 PM GMT+5:30 [Modules] Streaming discord_krisp@1 to /home/kamal/.config/discord/0.0.112/modules/pending/discord_krisp-1.zip: 17%
10/17/2025, 2:18:46 PM GMT+5:30 [Modules] Streaming discord_krisp@1 to /home/kamal/.config/discord/0.0.112/modules/pending/discord_krisp-1.zip: 18%
10/17/2025, 2:18:46 PM GMT+5:30 [Modules] Streaming discord_krisp@1 to /home/kamal/.config/discord/0.0.112/modules/pending/discord_krisp-1.zip: 22%
10/17/2025, 2:18:46 PM GMT+5:30 [Modules] Streaming discord_krisp@1 to /home/kamal/.config/discord/0.0.112/modules/pending/discord_krisp-1.zip: 23%
10/17/2025, 2:18:46 PM GMT+5:30 [Modules] Streaming discord_krisp@1 to /home/kamal/.config/discord/0.0.112/modules/pending/discord_krisp-1.zip: 26%
10/17/2025, 2:18:46 PM GMT+5:30 [Modules] Streaming discord_krisp@1 to /home/kamal/.config/discord/0.0.112/modules/pending/discord_krisp-1.zip: 27%
10/17/2025, 2:18:46 PM GMT+5:30 [Modules] Streaming discord_krisp@1 to /home/kamal/.config/discord/0.0.112/modules/pending/discord_krisp-1.zip: 30%
10/17/2025, 2:18:46 PM GMT+5:30 [Modules] Streaming discord_krisp@1 to /home/kamal/.config/discord/0.0.112/modules/pending/discord_krisp-1.zip: 32%
10/17/2025, 2:18:46 PM GMT+5:30 [Modules] Streaming discord_krisp@1 to /home/kamal/.config/discord/0.0.112/modules/pending/discord_krisp-1.zip: 35%
10/17/2025, 2:18:46 PM GMT+5:30 [Modules] Streaming discord_krisp@1 to /home/kamal/.config/discord/0.0.112/modules/pending/discord_krisp-1.zip: 37%
10/17/2025, 2:18:46 PM GMT+5:30 [Modules] Streaming discord_krisp@1 to /home/kamal/.config/discord/0.0.112/modules/pending/discord_krisp-1.zip: 41%
10/17/2025, 2:18:46 PM GMT+5:30 [Modules] Streaming discord_krisp@1 to /home/kamal/.config/discord/0.0.112/modules/pending/discord_krisp-1.zip: 42%
10/17/2025, 2:18:46 PM GMT+5:30 [Modules] Streaming discord_krisp@1 to /home/kamal/.config/discord/0.0.112/modules/pending/discord_krisp-1.zip: 44%
10/17/2025, 2:18:46 PM GMT+5:30 [Modules] Streaming discord_krisp@1 to /home/kamal/.config/discord/0.0.112/modules/pending/discord_krisp-1.zip: 46%
10/17/2025, 2:18:46 PM GMT+5:30 [Modules] Streaming discord_krisp@1 to /home/kamal/.config/discord/0.0.112/modules/pending/discord_krisp-1.zip: 49%
10/17/2025, 2:18:46 PM GMT+5:30 [Modules] Streaming discord_krisp@1 to /home/kamal/.config/discord/0.0.112/modules/pending/discord_krisp-1.zip: 51%
10/17/2025, 2:18:46 PM GMT+5:30 [Modules] Streaming discord_krisp@1 to /home/kamal/.config/discord/0.0.112/modules/pending/discord_krisp-1.zip: 54%
10/17/2025, 2:18:46 PM GMT+5:30 [Modules] Streaming discord_krisp@1 to /home/kamal/.config/discord/0.0.112/modules/pending/discord_krisp-1.zip: 55%
10/17/2025, 2:18:46 PM GMT+5:30 [Modules] Streaming discord_krisp@1 to /home/kamal/.config/discord/0.0.112/modules/pending/discord_krisp-1.zip: 59%
10/17/2025, 2:18:46 PM GMT+5:30 [Modules] Streaming discord_krisp@1 to /home/kamal/.config/discord/0.0.112/modules/pending/discord_krisp-1.zip: 60%
10/17/2025, 2:18:46 PM GMT+5:30 [Modules] Streaming discord_krisp@1 to /home/kamal/.config/discord/0.0.112/modules/pending/discord_krisp-1.zip: 61%
10/17/2025, 2:18:46 PM GMT+5:30 [Modules] Starting to install discord_rpc...
10/17/2025, 2:18:46 PM GMT+5:30 [Modules] Streaming discord_krisp@1 to /home/kamal/.config/discord/0.0.112/modules/pending/discord_krisp-1.zip: 62%
10/17/2025, 2:18:46 PM GMT+5:30 [Modules] Streaming discord_krisp@1 to /home/kamal/.config/discord/0.0.112/modules/pending/discord_krisp-1.zip: 63%
10/17/2025, 2:18:47 PM GMT+5:30 [Modules] Streaming discord_krisp@1 to /home/kamal/.config/discord/0.0.112/modules/pending/discord_krisp-1.zip: 64%
10/17/2025, 2:18:47 PM GMT+5:30 [Modules] Streaming discord_krisp@1 to /home/kamal/.config/discord/0.0.112/modules/pending/discord_krisp-1.zip: 65%
10/17/2025, 2:18:47 PM GMT+5:30 [Modules] Streaming discord_krisp@1 to /home/kamal/.config/discord/0.0.112/modules/pending/discord_krisp-1.zip: 66%
10/17/2025, 2:18:47 PM GMT+5:30 [Modules] Streaming discord_krisp@1 to /home/kamal/.config/discord/0.0.112/modules/pending/discord_krisp-1.zip: 67%
10/17/2025, 2:18:47 PM GMT+5:30 [Modules] Streaming discord_krisp@1 to /home/kamal/.config/discord/0.0.112/modules/pending/discord_krisp-1.zip: 68%
10/17/2025, 2:18:47 PM GMT+5:30 [Modules] Streaming discord_krisp@1 to /home/kamal/.config/discord/0.0.112/modules/pending/discord_krisp-1.zip: 69%
10/17/2025, 2:18:47 PM GMT+5:30 [Modules] Streaming discord_krisp@1 to /home/kamal/.config/discord/0.0.112/modules/pending/discord_krisp-1.zip: 70%
10/17/2025, 2:18:47 PM GMT+5:30 [Modules] Streaming discord_krisp@1 to /home/kamal/.config/discord/0.0.112/modules/pending/discord_krisp-1.zip: 71%
10/17/2025, 2:18:48 PM GMT+5:30 [Modules] Streaming discord_krisp@1 to /home/kamal/.config/discord/0.0.112/modules/pending/discord_krisp-1.zip: 72%
10/17/2025, 2:18:48 PM GMT+5:30 [Modules] Streaming discord_krisp@1 to /home/kamal/.config/discord/0.0.112/modules/pending/discord_krisp-1.zip: 73%
10/17/2025, 2:18:48 PM GMT+5:30 [Modules] Streaming discord_krisp@1 to /home/kamal/.config/discord/0.0.112/modules/pending/discord_krisp-1.zip: 74%
10/17/2025, 2:18:48 PM GMT+5:30 [Modules] Streaming discord_krisp@1 to /home/kamal/.config/discord/0.0.112/modules/pending/discord_krisp-1.zip: 75%
10/17/2025, 2:18:48 PM GMT+5:30 [Modules] Streaming discord_krisp@1 to /home/kamal/.config/discord/0.0.112/modules/pending/discord_krisp-1.zip: 76%
10/17/2025, 2:18:48 PM GMT+5:30 [Modules] Streaming discord_krisp@1 to /home/kamal/.config/discord/0.0.112/modules/pending/discord_krisp-1.zip: 77%
10/17/2025, 2:18:48 PM GMT+5:30 [Modules] Streaming discord_krisp@1 to /home/kamal/.config/discord/0.0.112/modules/pending/discord_krisp-1.zip: 78%
10/17/2025, 2:18:49 PM GMT+5:30 [Modules] Streaming discord_krisp@1 to /home/kamal/.config/discord/0.0.112/modules/pending/discord_krisp-1.zip: 79%
10/17/2025, 2:18:49 PM GMT+5:30 [Modules] Streaming discord_krisp@1 to /home/kamal/.config/discord/0.0.112/modules/pending/discord_krisp-1.zip: 80%
10/17/2025, 2:18:49 PM GMT+5:30 [Modules] Streaming discord_krisp@1 to /home/kamal/.config/discord/0.0.112/modules/pending/discord_krisp-1.zip: 81%
10/17/2025, 2:18:49 PM GMT+5:30 [Modules] Streaming discord_krisp@1 to /home/kamal/.config/discord/0.0.112/modules/pending/discord_krisp-1.zip: 82%
10/17/2025, 2:18:49 PM GMT+5:30 [Modules] Streaming discord_krisp@1 to /home/kamal/.config/discord/0.0.112/modules/pending/discord_krisp-1.zip: 83%
10/17/2025, 2:18:49 PM GMT+5:30 [Modules] Streaming discord_krisp@1 to /home/kamal/.config/discord/0.0.112/modules/pending/discord_krisp-1.zip: 84%
10/17/2025, 2:18:49 PM GMT+5:30 [Modules] Streaming discord_krisp@1 to /home/kamal/.config/discord/0.0.112/modules/pending/discord_krisp-1.zip: 85%
10/17/2025, 2:18:49 PM GMT+5:30 [Modules] Streaming discord_krisp@1 to /home/kamal/.config/discord/0.0.112/modules/pending/discord_krisp-1.zip: 86%
10/17/2025, 2:18:50 PM GMT+5:30 [Modules] Streaming discord_krisp@1 to /home/kamal/.config/discord/0.0.112/modules/pending/discord_krisp-1.zip: 87%
10/17/2025, 2:18:50 PM GMT+5:30 [Modules] Streaming discord_krisp@1 to /home/kamal/.config/discord/0.0.112/modules/pending/discord_krisp-1.zip: 88%
10/17/2025, 2:18:50 PM GMT+5:30 [Modules] Streaming discord_krisp@1 to /home/kamal/.config/discord/0.0.112/modules/pending/discord_krisp-1.zip: 89%
10/17/2025, 2:18:50 PM GMT+5:30 [Modules] Streaming discord_krisp@1 to /home/kamal/.config/discord/0.0.112/modules/pending/discord_krisp-1.zip: 90%
10/17/2025, 2:18:50 PM GMT+5:30 [Modules] Streaming discord_krisp@1 to /home/kamal/.config/discord/0.0.112/modules/pending/discord_krisp-1.zip: 91%
10/17/2025, 2:18:50 PM GMT+5:30 [Modules] Streaming discord_krisp@1 to /home/kamal/.config/discord/0.0.112/modules/pending/discord_krisp-1.zip: 92%
10/17/2025, 2:18:50 PM GMT+5:30 [Modules] Streaming discord_krisp@1 to /home/kamal/.config/discord/0.0.112/modules/pending/discord_krisp-1.zip: 93%
10/17/2025, 2:18:50 PM GMT+5:30 [Modules] Streaming discord_krisp@1 to /home/kamal/.config/discord/0.0.112/modules/pending/discord_krisp-1.zip: 94%
10/17/2025, 2:18:51 PM GMT+5:30 [Modules] Streaming discord_krisp@1 to /home/kamal/.config/discord/0.0.112/modules/pending/discord_krisp-1.zip: 95%
10/17/2025, 2:18:51 PM GMT+5:30 [Modules] Streaming discord_krisp@1 to /home/kamal/.config/discord/0.0.112/modules/pending/discord_krisp-1.zip: 96%
10/17/2025, 2:18:51 PM GMT+5:30 [Modules] Streaming discord_krisp@1 to /home/kamal/.config/discord/0.0.112/modules/pending/discord_krisp-1.zip: 97%
10/17/2025, 2:18:51 PM GMT+5:30 [Modules] Streaming discord_krisp@1 to /home/kamal/.config/discord/0.0.112/modules/pending/discord_krisp-1.zip: 98%
10/17/2025, 2:18:51 PM GMT+5:30 [Modules] Streaming discord_krisp@1 to /home/kamal/.config/discord/0.0.112/modules/pending/discord_krisp-1.zip: 99%
10/17/2025, 2:18:51 PM GMT+5:30 [Modules] Streaming discord_krisp@1 to /home/kamal/.config/discord/0.0.112/modules/pending/discord_krisp-1.zip: 100%
10/17/2025, 2:18:51 PM GMT+5:30 [Modules] Fetching discord_game_utils@1 from https://discord.com/api/modules/stable/discord_game_utils/1
10/17/2025, 2:18:51 PM GMT+5:30 [Modules] Streaming discord_game_utils@1 to /home/kamal/.config/discord/0.0.112/modules/pending/discord_game_utils-1.zip
10/17/2025, 2:18:51 PM GMT+5:30 [Modules] Installing discord_krisp@1 from /home/kamal/.config/discord/0.0.112/modules/pending/discord_krisp-1.zip
10/17/2025, 2:18:52 PM GMT+5:30 [Modules] Streaming discord_game_utils@1 to /home/kamal/.config/discord/0.0.112/modules/pending/discord_game_utils-1.zip: 1%
10/17/2025, 2:18:52 PM GMT+5:30 [Modules] Streaming discord_game_utils@1 to /home/kamal/.config/discord/0.0.112/modules/pending/discord_game_utils-1.zip: 2%
10/17/2025, 2:18:52 PM GMT+5:30 [Modules] Streaming discord_game_utils@1 to /home/kamal/.config/discord/0.0.112/modules/pending/discord_game_utils-1.zip: 3%
10/17/2025, 2:18:52 PM GMT+5:30 [Modules] Streaming discord_game_utils@1 to /home/kamal/.config/discord/0.0.112/modules/pending/discord_game_utils-1.zip: 4%
10/17/2025, 2:18:52 PM GMT+5:30 [Modules] Streaming discord_game_utils@1 to /home/kamal/.config/discord/0.0.112/modules/pending/discord_game_utils-1.zip: 5%
10/17/2025, 2:18:52 PM GMT+5:30 [Modules] Streaming discord_game_utils@1 to /home/kamal/.config/discord/0.0.112/modules/pending/discord_game_utils-1.zip: 6%
10/17/2025, 2:18:52 PM GMT+5:30 [Modules] Streaming discord_game_utils@1 to /home/kamal/.config/discord/0.0.112/modules/pending/discord_game_utils-1.zip: 7%
10/17/2025, 2:18:52 PM GMT+5:30 [Modules] Streaming discord_game_utils@1 to /home/kamal/.config/discord/0.0.112/modules/pending/discord_game_utils-1.zip: 8%
10/17/2025, 2:18:52 PM GMT+5:30 [Modules] Streaming discord_game_utils@1 to /home/kamal/.config/discord/0.0.112/modules/pending/discord_game_utils-1.zip: 9%
10/17/2025, 2:18:52 PM GMT+5:30 [Modules] Streaming discord_game_utils@1 to /home/kamal/.config/discord/0.0.112/modules/pending/discord_game_utils-1.zip: 10%
10/17/2025, 2:18:52 PM GMT+5:30 [Modules] Streaming discord_game_utils@1 to /home/kamal/.config/discord/0.0.112/modules/pending/discord_game_utils-1.zip: 11%
10/17/2025, 2:18:52 PM GMT+5:30 [Modules] Streaming discord_game_utils@1 to /home/kamal/.config/discord/0.0.112/modules/pending/discord_game_utils-1.zip: 12%
10/17/2025, 2:18:52 PM GMT+5:30 [Modules] Streaming discord_game_utils@1 to /home/kamal/.config/discord/0.0.112/modules/pending/discord_game_utils-1.zip: 13%
10/17/2025, 2:18:52 PM GMT+5:30 [Modules] Streaming discord_game_utils@1 to /home/kamal/.config/discord/0.0.112/modules/pending/discord_game_utils-1.zip: 14%
10/17/2025, 2:18:52 PM GMT+5:30 [Modules] Streaming discord_game_utils@1 to /home/kamal/.config/discord/0.0.112/modules/pending/discord_game_utils-1.zip: 15%
10/17/2025, 2:18:52 PM GMT+5:30 [Modules] Streaming discord_game_utils@1 to /home/kamal/.config/discord/0.0.112/modules/pending/discord_game_utils-1.zip: 16%
10/17/2025, 2:18:52 PM GMT+5:30 [Modules] Streaming discord_game_utils@1 to /home/kamal/.config/discord/0.0.112/modules/pending/discord_game_utils-1.zip: 17%
10/17/2025, 2:18:52 PM GMT+5:30 [Modules] Streaming discord_game_utils@1 to /home/kamal/.config/discord/0.0.112/modules/pending/discord_game_utils-1.zip: 18%
10/17/2025, 2:18:52 PM GMT+5:30 [Modules] Streaming discord_game_utils@1 to /home/kamal/.config/discord/0.0.112/modules/pending/discord_game_utils-1.zip: 19%
10/17/2025, 2:18:52 PM GMT+5:30 [Modules] Streaming discord_game_utils@1 to /home/kamal/.config/discord/0.0.112/modules/pending/discord_game_utils-1.zip: 20%
10/17/2025, 2:18:52 PM GMT+5:30 [Modules] Streaming discord_game_utils@1 to /home/kamal/.config/discord/0.0.112/modules/pending/discord_game_utils-1.zip: 21%
10/17/2025, 2:18:52 PM GMT+5:30 [Modules] Streaming discord_game_utils@1 to /home/kamal/.config/discord/0.0.112/modules/pending/discord_game_utils-1.zip: 22%
10/17/2025, 2:18:52 PM GMT+5:30 [Modules] Streaming discord_game_utils@1 to /home/kamal/.config/discord/0.0.112/modules/pending/discord_game_utils-1.zip: 23%
10/17/2025, 2:18:52 PM GMT+5:30 [Modules] Streaming discord_game_utils@1 to /home/kamal/.config/discord/0.0.112/modules/pending/discord_game_utils-1.zip: 24%
10/17/2025, 2:18:52 PM GMT+5:30 [Modules] Streaming discord_game_utils@1 to /home/kamal/.config/discord/0.0.112/modules/pending/discord_game_utils-1.zip: 25%
10/17/2025, 2:18:52 PM GMT+5:30 [Modules] Streaming discord_game_utils@1 to /home/kamal/.config/discord/0.0.112/modules/pending/discord_game_utils-1.zip: 26%
10/17/2025, 2:18:52 PM GMT+5:30 [Modules] Streaming discord_game_utils@1 to /home/kamal/.config/discord/0.0.112/modules/pending/discord_game_utils-1.zip: 27%
10/17/2025, 2:18:52 PM GMT+5:30 [Modules] Streaming discord_game_utils@1 to /home/kamal/.config/discord/0.0.112/modules/pending/discord_game_utils-1.zip: 28%
10/17/2025, 2:18:52 PM GMT+5:30 [Modules] Streaming discord_game_utils@1 to /home/kamal/.config/discord/0.0.112/modules/pending/discord_game_utils-1.zip: 29%
10/17/2025, 2:18:52 PM GMT+5:30 [Modules] Streaming discord_game_utils@1 to /home/kamal/.config/discord/0.0.112/modules/pending/discord_game_utils-1.zip: 30%
10/17/2025, 2:18:52 PM GMT+5:30 [Modules] Streaming discord_game_utils@1 to /home/kamal/.config/discord/0.0.112/modules/pending/discord_game_utils-1.zip: 31%
10/17/2025, 2:18:52 PM GMT+5:30 [Modules] Streaming discord_game_utils@1 to /home/kamal/.config/discord/0.0.112/modules/pending/discord_game_utils-1.zip: 32%
10/17/2025, 2:18:52 PM GMT+5:30 [Modules] Streaming discord_game_utils@1 to /home/kamal/.config/discord/0.0.112/modules/pending/discord_game_utils-1.zip: 33%
10/17/2025, 2:18:52 PM GMT+5:30 [Modules] Streaming discord_game_utils@1 to /home/kamal/.config/discord/0.0.112/modules/pending/discord_game_utils-1.zip: 34%
10/17/2025, 2:18:52 PM GMT+5:30 [Modules] Streaming discord_game_utils@1 to /home/kamal/.config/discord/0.0.112/modules/pending/discord_game_utils-1.zip: 35%
10/17/2025, 2:18:52 PM GMT+5:30 [Modules] Streaming discord_game_utils@1 to /home/kamal/.config/discord/0.0.112/modules/pending/discord_game_utils-1.zip: 36%
10/17/2025, 2:18:52 PM GMT+5:30 [Modules] Streaming discord_game_utils@1 to /home/kamal/.config/discord/0.0.112/modules/pending/discord_game_utils-1.zip: 37%
10/17/2025, 2:18:52 PM GMT+5:30 [Modules] Streaming discord_game_utils@1 to /home/kamal/.config/discord/0.0.112/modules/pending/discord_game_utils-1.zip: 38%
10/17/2025, 2:18:52 PM GMT+5:30 [Modules] Streaming discord_game_utils@1 to /home/kamal/.config/discord/0.0.112/modules/pending/discord_game_utils-1.zip: 39%
10/17/2025, 2:18:52 PM GMT+5:30 [Modules] Streaming discord_game_utils@1 to /home/kamal/.config/discord/0.0.112/modules/pending/discord_game_utils-1.zip: 40%
10/17/2025, 2:18:52 PM GMT+5:30 [Modules] Streaming discord_game_utils@1 to /home/kamal/.config/discord/0.0.112/modules/pending/discord_game_utils-1.zip: 41%
10/17/2025, 2:18:52 PM GMT+5:30 [Modules] Streaming discord_game_utils@1 to /home/kamal/.config/discord/0.0.112/modules/pending/discord_game_utils-1.zip: 42%
10/17/2025, 2:18:52 PM GMT+5:30 [Modules] Streaming discord_game_utils@1 to /home/kamal/.config/discord/0.0.112/modules/pending/discord_game_utils-1.zip: 43%
10/17/2025, 2:18:52 PM GMT+5:30 [Modules] Streaming discord_game_utils@1 to /home/kamal/.config/discord/0.0.112/modules/pending/discord_game_utils-1.zip: 44%
10/17/2025, 2:18:52 PM GMT+5:30 [Modules] Streaming discord_game_utils@1 to /home/kamal/.config/discord/0.0.112/modules/pending/discord_game_utils-1.zip: 45%
10/17/2025, 2:18:52 PM GMT+5:30 [Modules] Streaming discord_game_utils@1 to /home/kamal/.config/discord/0.0.112/modules/pending/discord_game_utils-1.zip: 46%
10/17/2025, 2:18:52 PM GMT+5:30 [Modules] Streaming discord_game_utils@1 to /home/kamal/.config/discord/0.0.112/modules/pending/discord_game_utils-1.zip: 47%
10/17/2025, 2:18:52 PM GMT+5:30 [Modules] Streaming discord_game_utils@1 to /home/kamal/.config/discord/0.0.112/modules/pending/discord_game_utils-1.zip: 48%
10/17/2025, 2:18:52 PM GMT+5:30 [Modules] Streaming discord_game_utils@1 to /home/kamal/.config/discord/0.0.112/modules/pending/discord_game_utils-1.zip: 49%
10/17/2025, 2:18:52 PM GMT+5:30 [Modules] Streaming discord_game_utils@1 to /home/kamal/.config/discord/0.0.112/modules/pending/discord_game_utils-1.zip: 50%
10/17/2025, 2:18:52 PM GMT+5:30 [Modules] Streaming discord_game_utils@1 to /home/kamal/.config/discord/0.0.112/modules/pending/discord_game_utils-1.zip: 51%
10/17/2025, 2:18:52 PM GMT+5:30 [Modules] Streaming discord_game_utils@1 to /home/kamal/.config/discord/0.0.112/modules/pending/discord_game_utils-1.zip: 52%
10/17/2025, 2:18:52 PM GMT+5:30 [Modules] Streaming discord_game_utils@1 to /home/kamal/.config/discord/0.0.112/modules/pending/discord_game_utils-1.zip: 53%
10/17/2025, 2:18:52 PM GMT+5:30 [Modules] Streaming discord_game_utils@1 to /home/kamal/.config/discord/0.0.112/modules/pending/discord_game_utils-1.zip: 54%
10/17/2025, 2:18:52 PM GMT+5:30 [Modules] Streaming discord_game_utils@1 to /home/kamal/.config/discord/0.0.112/modules/pending/discord_game_utils-1.zip: 55%
10/17/2025, 2:18:52 PM GMT+5:30 [Modules] Streaming discord_game_utils@1 to /home/kamal/.config/discord/0.0.112/modules/pending/discord_game_utils-1.zip: 56%
10/17/2025, 2:18:52 PM GMT+5:30 [Modules] Streaming discord_game_utils@1 to /home/kamal/.config/discord/0.0.112/modules/pending/discord_game_utils-1.zip: 57%
10/17/2025, 2:18:52 PM GMT+5:30 [Modules] Streaming discord_game_utils@1 to /home/kamal/.config/discord/0.0.112/modules/pending/discord_game_utils-1.zip: 58%
10/17/2025, 2:18:52 PM GMT+5:30 [Modules] Streaming discord_game_utils@1 to /home/kamal/.config/discord/0.0.112/modules/pending/discord_game_utils-1.zip: 59%
10/17/2025, 2:18:52 PM GMT+5:30 [Modules] Streaming discord_game_utils@1 to /home/kamal/.config/discord/0.0.112/modules/pending/discord_game_utils-1.zip: 60%
10/17/2025, 2:18:52 PM GMT+5:30 [Modules] Streaming discord_game_utils@1 to /home/kamal/.config/discord/0.0.112/modules/pending/discord_game_utils-1.zip: 61%
10/17/2025, 2:18:52 PM GMT+5:30 [Modules] Streaming discord_game_utils@1 to /home/kamal/.config/discord/0.0.112/modules/pending/discord_game_utils-1.zip: 62%
10/17/2025, 2:18:52 PM GMT+5:30 [Modules] Streaming discord_game_utils@1 to /home/kamal/.config/discord/0.0.112/modules/pending/discord_game_utils-1.zip: 63%
10/17/2025, 2:18:52 PM GMT+5:30 [Modules] Streaming discord_game_utils@1 to /home/kamal/.config/discord/0.0.112/modules/pending/discord_game_utils-1.zip: 64%
10/17/2025, 2:18:52 PM GMT+5:30 [Modules] Streaming discord_game_utils@1 to /home/kamal/.config/discord/0.0.112/modules/pending/discord_game_utils-1.zip: 65%
10/17/2025, 2:18:52 PM GMT+5:30 [Modules] Streaming discord_game_utils@1 to /home/kamal/.config/discord/0.0.112/modules/pending/discord_game_utils-1.zip: 66%
10/17/2025, 2:18:52 PM GMT+5:30 [Modules] Streaming discord_game_utils@1 to /home/kamal/.config/discord/0.0.112/modules/pending/discord_game_utils-1.zip: 67%
10/17/2025, 2:18:52 PM GMT+5:30 [Modules] Streaming discord_game_utils@1 to /home/kamal/.config/discord/0.0.112/modules/pending/discord_game_utils-1.zip: 68%
10/17/2025, 2:18:52 PM GMT+5:30 [Modules] Streaming discord_game_utils@1 to /home/kamal/.config/discord/0.0.112/modules/pending/discord_game_utils-1.zip: 69%
10/17/2025, 2:18:52 PM GMT+5:30 [Modules] Streaming discord_game_utils@1 to /home/kamal/.config/discord/0.0.112/modules/pending/discord_game_utils-1.zip: 70%
10/17/2025, 2:18:52 PM GMT+5:30 [Modules] Streaming discord_game_utils@1 to /home/kamal/.config/discord/0.0.112/modules/pending/discord_game_utils-1.zip: 71%
10/17/2025, 2:18:52 PM GMT+5:30 [Modules] Streaming discord_game_utils@1 to /home/kamal/.config/discord/0.0.112/modules/pending/discord_game_utils-1.zip: 72%
10/17/2025, 2:18:52 PM GMT+5:30 [Modules] Streaming discord_game_utils@1 to /home/kamal/.config/discord/0.0.112/modules/pending/discord_game_utils-1.zip: 73%
10/17/2025, 2:18:52 PM GMT+5:30 [Modules] Finished module installations. [success: 1] [failure: 0]
10/17/2025, 2:18:52 PM GMT+5:30 [Modules] Streaming discord_game_utils@1 to /home/kamal/.config/discord/0.0.112/modules/pending/discord_game_utils-1.zip: 74%
10/17/2025, 2:18:52 PM GMT+5:30 [Modules] Streaming discord_game_utils@1 to /home/kamal/.config/discord/0.0.112/modules/pending/discord_game_utils-1.zip: 75%
10/17/2025, 2:18:52 PM GMT+5:30 [Modules] Streaming discord_game_utils@1 to /home/kamal/.config/discord/0.0.112/modules/pending/discord_game_utils-1.zip: 76%
10/17/2025, 2:18:52 PM GMT+5:30 [Modules] Streaming discord_game_utils@1 to /home/kamal/.config/discord/0.0.112/modules/pending/discord_game_utils-1.zip: 77%
10/17/2025, 2:18:52 PM GMT+5:30 [Modules] Streaming discord_game_utils@1 to /home/kamal/.config/discord/0.0.112/modules/pending/discord_game_utils-1.zip: 78%
10/17/2025, 2:18:52 PM GMT+5:30 [Modules] Streaming discord_game_utils@1 to /home/kamal/.config/discord/0.0.112/modules/pending/discord_game_utils-1.zip: 79%
10/17/2025, 2:18:52 PM GMT+5:30 [Modules] Streaming discord_game_utils@1 to /home/kamal/.config/discord/0.0.112/modules/pending/discord_game_utils-1.zip: 80%
10/17/2025, 2:18:52 PM GMT+5:30 [Modules] Streaming discord_game_utils@1 to /home/kamal/.config/discord/0.0.112/modules/pending/discord_game_utils-1.zip: 81%
10/17/2025, 2:18:52 PM GMT+5:30 [Modules] Streaming discord_game_utils@1 to /home/kamal/.config/discord/0.0.112/modules/pending/discord_game_utils-1.zip: 82%
10/17/2025, 2:18:52 PM GMT+5:30 [Modules] Streaming discord_game_utils@1 to /home/kamal/.config/discord/0.0.112/modules/pending/discord_game_utils-1.zip: 83%
10/17/2025, 2:18:52 PM GMT+5:30 [Modules] Streaming discord_game_utils@1 to /home/kamal/.config/discord/0.0.112/modules/pending/discord_game_utils-1.zip: 84%
10/17/2025, 2:18:52 PM GMT+5:30 [Modules] Streaming discord_game_utils@1 to /home/kamal/.config/discord/0.0.112/modules/pending/discord_game_utils-1.zip: 85%
10/17/2025, 2:18:52 PM GMT+5:30 [Modules] Streaming discord_game_utils@1 to /home/kamal/.config/discord/0.0.112/modules/pending/discord_game_utils-1.zip: 86%
10/17/2025, 2:18:52 PM GMT+5:30 [Modules] Streaming discord_game_utils@1 to /home/kamal/.config/discord/0.0.112/modules/pending/discord_game_utils-1.zip: 87%
10/17/2025, 2:18:52 PM GMT+5:30 [Modules] Streaming discord_game_utils@1 to /home/kamal/.config/discord/0.0.112/modules/pending/discord_game_utils-1.zip: 88%
10/17/2025, 2:18:52 PM GMT+5:30 [Modules] Streaming discord_game_utils@1 to /home/kamal/.config/discord/0.0.112/modules/pending/discord_game_utils-1.zip: 89%
10/17/2025, 2:18:52 PM GMT+5:30 [Modules] Streaming discord_game_utils@1 to /home/kamal/.config/discord/0.0.112/modules/pending/discord_game_utils-1.zip: 90%
10/17/2025, 2:18:52 PM GMT+5:30 [Modules] Streaming discord_game_utils@1 to /home/kamal/.config/discord/0.0.112/modules/pending/discord_game_utils-1.zip: 91%
10/17/2025, 2:18:52 PM GMT+5:30 [Modules] Streaming discord_game_utils@1 to /home/kamal/.config/discord/0.0.112/modules/pending/discord_game_utils-1.zip: 92%
10/17/2025, 2:18:52 PM GMT+5:30 [Modules] Streaming discord_game_utils@1 to /home/kamal/.config/discord/0.0.112/modules/pending/discord_game_utils-1.zip: 93%
10/17/2025, 2:18:52 PM GMT+5:30 [Modules] Streaming discord_game_utils@1 to /home/kamal/.config/discord/0.0.112/modules/pending/discord_game_utils-1.zip: 94%
10/17/2025, 2:18:52 PM GMT+5:30 [Modules] Streaming discord_game_utils@1 to /home/kamal/.config/discord/0.0.112/modules/pending/discord_game_utils-1.zip: 95%
10/17/2025, 2:18:52 PM GMT+5:30 [Modules] Streaming discord_game_utils@1 to /home/kamal/.config/discord/0.0.112/modules/pending/discord_game_utils-1.zip: 96%
10/17/2025, 2:18:53 PM GMT+5:30 [Modules] Streaming discord_game_utils@1 to /home/kamal/.config/discord/0.0.112/modules/pending/discord_game_utils-1.zip: 97%
10/17/2025, 2:18:53 PM GMT+5:30 [Modules] Streaming discord_game_utils@1 to /home/kamal/.config/discord/0.0.112/modules/pending/discord_game_utils-1.zip: 98%
10/17/2025, 2:18:53 PM GMT+5:30 [Modules] Streaming discord_game_utils@1 to /home/kamal/.config/discord/0.0.112/modules/pending/discord_game_utils-1.zip: 99%
10/17/2025, 2:18:53 PM GMT+5:30 [Modules] Streaming discord_game_utils@1 to /home/kamal/.config/discord/0.0.112/modules/pending/discord_game_utils-1.zip: 100%
10/17/2025, 2:18:53 PM GMT+5:30 [Modules] Fetching discord_rpc@1 from https://discord.com/api/modules/stable/discord_rpc/1
10/17/2025, 2:18:53 PM GMT+5:30 [Modules] Streaming discord_rpc@1 to /home/kamal/.config/discord/0.0.112/modules/pending/discord_rpc-1.zip
10/17/2025, 2:18:53 PM GMT+5:30 [Modules] Installing discord_game_utils@1 from /home/kamal/.config/discord/0.0.112/modules/pending/discord_game_utils-1.zip
10/17/2025, 2:18:53 PM GMT+5:30 [Modules] Finished module installations. [success: 1] [failure: 0]
10/17/2025, 2:18:53 PM GMT+5:30 [Modules] Streaming discord_rpc@1 to /home/kamal/.config/discord/0.0.112/modules/pending/discord_rpc-1.zip: 100%
10/17/2025, 2:18:53 PM GMT+5:30 [Modules] Finished module downloads. [success: 3] [failure: 0]
10/17/2025, 2:18:53 PM GMT+5:30 [Modules] Installing discord_rpc@1 from /home/kamal/.config/discord/0.0.112/modules/pending/discord_rpc-1.zip
10/17/2025, 2:18:53 PM GMT+5:30 [Modules] Finished module installations. [success: 1] [failure: 0]
10/17/2025, 2:20:47 PM GMT+5:30 [Modules] Checking for host updates.
10/17/2025, 2:20:48 PM GMT+5:30 [Modules] Host is up to date.
10/17/2025, 2:20:48 PM GMT+5:30 [Modules] Checking for module updates at https://discord.com/api/modules/stable/versions.json
10/17/2025, 2:20:48 PM GMT+5:30 [Modules] No module updates available.
10/17/2025, 2:55:09 PM GMT+5:30 [Modules] Checking for host updates.
10/17/2025, 2:55:16 PM GMT+5:30 [Modules] Host is up to date.
10/17/2025, 2:55:16 PM GMT+5:30 [Modules] Checking for module updates at https://discord.com/api/modules/stable/versions.json
10/17/2025, 2:55:20 PM GMT+5:30 [Modules] No module updates available.
10/17/2025, 2:59:54 PM GMT+5:30 [Modules] Checking for host updates.
10/17/2025, 2:59:55 PM GMT+5:30 [Modules] Host is up to date.
10/17/2025, 2:59:55 PM GMT+5:30 [Modules] Checking for module updates at https://discord.com/api/modules/stable/versions.json
10/17/2025, 2:59:55 PM GMT+5:30 [Modules] No module updates available.
10/17/2025, 3:20:47 PM GMT+5:30 [Modules] Checking for host updates.
10/17/2025, 3:20:49 PM GMT+5:30 [Modules] Host is up to date.
10/17/2025, 3:20:49 PM GMT+5:30 [Modules] Checking for module updates at https://discord.com/api/modules/stable/versions.json
10/17/2025, 3:20:49 PM GMT+5:30 [Modules] No module updates available.
10/23/2025, 2:14:10 PM GMT+5:30 [Modules] Modules initializing
10/23/2025, 2:14:10 PM GMT+5:30 [Modules] Distribution: remote
10/23/2025, 2:14:10 PM GMT+5:30 [Modules] Host updates: enabled
10/23/2025, 2:14:10 PM GMT+5:30 [Modules] Module updates: enabled
10/23/2025, 2:14:10 PM GMT+5:30 [Modules] Module install path: /home/kamal/.config/discord/0.0.112/modules
10/23/2025, 2:14:10 PM GMT+5:30 [Modules] Module installed file path: /home/kamal/.config/discord/0.0.112/modules/installed.json
10/23/2025, 2:14:10 PM GMT+5:30 [Modules] Module download path: /home/kamal/.config/discord/0.0.112/modules/pending
10/23/2025, 2:14:10 PM GMT+5:30 [Modules] No updates to install
10/23/2025, 2:14:10 PM GMT+5:30 [Modules] Checking for host updates.
10/23/2025, 2:14:11 PM GMT+5:30 [Modules] Host is up to date.
10/23/2025, 2:14:11 PM GMT+5:30 [Modules] Checking for module updates at https://discord.com/api/modules/stable/versions.json
10/23/2025, 2:14:12 PM GMT+5:30 [Modules] No module updates available.
10/23/2025, 2:14:34 PM GMT+5:30 [Modules] Checking for host updates.
10/23/2025, 2:14:38 PM GMT+5:30 [Modules] Host is up to date.
10/23/2025, 2:14:38 PM GMT+5:30 [Modules] Checking for module updates at https://discord.com/api/modules/stable/versions.json
10/23/2025, 2:14:38 PM GMT+5:30 [Modules] No module updates available.
10/24/2025, 12:55:42 PM GMT+5:30 [Modules] Modules initializing
10/24/2025, 12:55:42 PM GMT+5:30 [Modules] Distribution: remote
10/24/2025, 12:55:42 PM GMT+5:30 [Modules] Host updates: enabled
10/24/2025, 12:55:42 PM GMT+5:30 [Modules] Module updates: enabled
10/24/2025, 12:55:42 PM GMT+5:30 [Modules] Module install path: /home/kamal/.config/discord/0.0.112/modules
10/24/2025, 12:55:42 PM GMT+5:30 [Modules] Module installed file path: /home/kamal/.config/discord/0.0.112/modules/installed.json
10/24/2025, 12:55:42 PM GMT+5:30 [Modules] Module download path: /home/kamal/.config/discord/0.0.112/modules/pending
10/24/2025, 12:55:43 PM GMT+5:30 [Modules] No updates to install
10/24/2025, 12:55:43 PM GMT+5:30 [Modules] Checking for host updates.
10/24/2025, 12:55:44 PM GMT+5:30 [Modules] Host is up to date.
10/24/2025, 12:55:44 PM GMT+5:30 [Modules] Checking for module updates at https://discord.com/api/modules/stable/versions.json
10/24/2025, 12:55:44 PM GMT+5:30 [Modules] No module updates available.
10/24/2025, 12:55:52 PM GMT+5:30 [Modules] Checking for host updates.
10/24/2025, 12:55:56 PM GMT+5:30 [Modules] Host is up to date.
10/24/2025, 12:55:56 PM GMT+5:30 [Modules] Checking for module updates at https://discord.com/api/modules/stable/versions.json
10/24/2025, 12:55:56 PM GMT+5:30 [Modules] No module updates available.
10/24/2025, 1:55:52 PM GMT+5:30 [Modules] Checking for host updates.
10/24/2025, 1:55:53 PM GMT+5:30 [Modules] Host is up to date.
10/24/2025, 1:55:53 PM GMT+5:30 [Modules] Checking for module updates at https://discord.com/api/modules/stable/versions.json
10/24/2025, 1:55:53 PM GMT+5:30 [Modules] No module updates available.
10/24/2025, 2:55:52 PM GMT+5:30 [Modules] Checking for host updates.
10/24/2025, 2:55:53 PM GMT+5:30 [Modules] Host is up to date.
10/24/2025, 2:55:53 PM GMT+5:30 [Modules] Checking for module updates at https://discord.com/api/modules/stable/versions.json
10/24/2025, 2:55:53 PM GMT+5:30 [Modules] No module updates available.
10/24/2025, 3:55:52 PM GMT+5:30 [Modules] Checking for host updates.
10/24/2025, 3:55:53 PM GMT+5:30 [Modules] Host is up to date.
10/24/2025, 3:55:53 PM GMT+5:30 [Modules] Checking for module updates at https://discord.com/api/modules/stable/versions.json
10/24/2025, 3:55:54 PM GMT+5:30 [Modules] No module updates available.
10/30/2025, 5:45:56 PM GMT+5:30 [Modules] Modules initializing
10/30/2025, 5:45:56 PM GMT+5:30 [Modules] Distribution: remote
10/30/2025, 5:45:56 PM GMT+5:30 [Modules] Host updates: enabled
10/30/2025, 5:45:56 PM GMT+5:30 [Modules] Module updates: enabled
10/30/2025, 5:45:56 PM GMT+5:30 [Modules] Module install path: /home/kamal/.config/discord/0.0.112/modules
10/30/2025, 5:45:56 PM GMT+5:30 [Modules] Module installed file path: /home/kamal/.config/discord/0.0.112/modules/installed.json
10/30/2025, 5:45:56 PM GMT+5:30 [Modules] Module download path: /home/kamal/.config/discord/0.0.112/modules/pending
10/30/2025, 5:45:57 PM GMT+5:30 [Modules] No updates to install
10/30/2025, 5:45:57 PM GMT+5:30 [Modules] Checking for host updates.
10/30/2025, 5:45:58 PM GMT+5:30 [Modules] Host update is available. Manual update required!
10/30/2025, 5:46:10 PM GMT+5:30 [Modules] Modules initializing
10/30/2025, 5:46:10 PM GMT+5:30 [Modules] Distribution: remote
10/30/2025, 5:46:10 PM GMT+5:30 [Modules] Host updates: enabled
10/30/2025, 5:46:10 PM GMT+5:30 [Modules] Module updates: enabled
10/30/2025, 5:46:10 PM GMT+5:30 [Modules] Module install path: /home/kamal/.config/discord/0.0.112/modules
10/30/2025, 5:46:10 PM GMT+5:30 [Modules] Module installed file path: /home/kamal/.config/discord/0.0.112/modules/installed.json
10/30/2025, 5:46:10 PM GMT+5:30 [Modules] Module download path: /home/kamal/.config/discord/0.0.112/modules/pending
10/30/2025, 5:46:11 PM GMT+5:30 [Modules] No updates to install
10/30/2025, 5:46:11 PM GMT+5:30 [Modules] Checking for host updates.
10/30/2025, 5:46:12 PM GMT+5:30 [Modules] Host update is available. Manual update required!
10/30/2025, 8:52:59 PM GMT+5:30 [Modules] Modules initializing
10/30/2025, 8:52:59 PM GMT+5:30 [Modules] Distribution: remote
10/30/2025, 8:52:59 PM GMT+5:30 [Modules] Host updates: enabled
10/30/2025, 8:52:59 PM GMT+5:30 [Modules] Module updates: enabled
10/30/2025, 8:52:59 PM GMT+5:30 [Modules] Module install path: /home/kamal/.config/discord/0.0.113/modules
10/30/2025, 8:53:00 PM GMT+5:30 [Modules] Module installed file path: /home/kamal/.config/discord/0.0.113/modules/installed.json
10/30/2025, 8:53:00 PM GMT+5:30 [Modules] Module download path: /home/kamal/.config/discord/0.0.113/modules/pending
10/30/2025, 8:53:00 PM GMT+5:30 [Modules] Bootstrapping...
10/30/2025, 8:53:00 PM GMT+5:30 [Modules] Installing discord_desktop_core@0 from /opt/discord/resources/bootstrap/discord_desktop_core.zip
10/30/2025, 8:53:00 PM GMT+5:30 [Modules] Failed installing discord_desktop_core@0: Error: ENOENT: no such file or directory, open '/opt/discord/resources/bootstrap/discord_desktop_core.zip'
10/30/2025, 8:53:00 PM GMT+5:30 [Modules] Installing discord_erlpack@0 from /opt/discord/resources/bootstrap/discord_erlpack.zip
10/30/2025, 8:53:00 PM GMT+5:30 [Modules] Failed installing discord_erlpack@0: Error: ENOENT: no such file or directory, open '/opt/discord/resources/bootstrap/discord_erlpack.zip'
10/30/2025, 8:53:00 PM GMT+5:30 [Modules] Installing discord_spellcheck@0 from /opt/discord/resources/bootstrap/discord_spellcheck.zip
10/30/2025, 8:53:00 PM GMT+5:30 [Modules] Failed installing discord_spellcheck@0: Error: ENOENT: no such file or directory, open '/opt/discord/resources/bootstrap/discord_spellcheck.zip'
10/30/2025, 8:53:00 PM GMT+5:30 [Modules] Installing discord_utils@0 from /opt/discord/resources/bootstrap/discord_utils.zip
10/30/2025, 8:53:00 PM GMT+5:30 [Modules] Failed installing discord_utils@0: Error: ENOENT: no such file or directory, open '/opt/discord/resources/bootstrap/discord_utils.zip'
10/30/2025, 8:53:00 PM GMT+5:30 [Modules] Installing discord_voice@0 from /opt/discord/resources/bootstrap/discord_voice.zip
10/30/2025, 8:53:00 PM GMT+5:30 [Modules] Failed installing discord_voice@0: Error: ENOENT: no such file or directory, open '/opt/discord/resources/bootstrap/discord_voice.zip'
10/30/2025, 8:53:00 PM GMT+5:30 [Modules] Installing discord_zstd@0 from /opt/discord/resources/bootstrap/discord_zstd.zip
10/30/2025, 8:53:00 PM GMT+5:30 [Modules] Failed installing discord_zstd@0: Error: ENOENT: no such file or directory, open '/opt/discord/resources/bootstrap/discord_zstd.zip'
10/30/2025, 8:53:00 PM GMT+5:30 [Modules] Finished module installations. [success: 0] [failure: 6]
10/30/2025, 8:53:00 PM GMT+5:30 [Modules] Checking for host updates.
10/30/2025, 8:53:02 PM GMT+5:30 [Modules] Host is up to date.
10/30/2025, 8:53:02 PM GMT+5:30 [Modules] Checking for module updates at https://discord.com/api/modules/stable/versions.json
10/30/2025, 8:53:02 PM GMT+5:30 [Modules] Module update available: discord_desktop_core@1 [installed: 0]
10/30/2025, 8:53:02 PM GMT+5:30 [Modules] Module update available: discord_erlpack@1 [installed: 0]
10/30/2025, 8:53:02 PM GMT+5:30 [Modules] Module update available: discord_spellcheck@1 [installed: 0]
10/30/2025, 8:53:02 PM GMT+5:30 [Modules] Module update available: discord_utils@1 [installed: 0]
10/30/2025, 8:53:02 PM GMT+5:30 [Modules] Module update available: discord_voice@1 [installed: 0]
10/30/2025, 8:53:02 PM GMT+5:30 [Modules] Module update available: discord_zstd@1 [installed: 0]
10/30/2025, 8:53:02 PM GMT+5:30 [Modules] Fetching discord_desktop_core@1 from https://discord.com/api/modules/stable/discord_desktop_core/1
10/30/2025, 8:53:02 PM GMT+5:30 [Modules] Streaming discord_desktop_core@1 to /home/kamal/.config/discord/0.0.113/modules/pending/discord_desktop_core-1.zip
10/30/2025, 8:53:04 PM GMT+5:30 [Modules] Streaming discord_desktop_core@1 to /home/kamal/.config/discord/0.0.113/modules/pending/discord_desktop_core-1.zip: 2%
10/30/2025, 8:53:04 PM GMT+5:30 [Modules] Streaming discord_desktop_core@1 to /home/kamal/.config/discord/0.0.113/modules/pending/discord_desktop_core-1.zip: 5%
10/30/2025, 8:53:04 PM GMT+5:30 [Modules] Streaming discord_desktop_core@1 to /home/kamal/.config/discord/0.0.113/modules/pending/discord_desktop_core-1.zip: 6%
10/30/2025, 8:53:04 PM GMT+5:30 [Modules] Streaming discord_desktop_core@1 to /home/kamal/.config/discord/0.0.113/modules/pending/discord_desktop_core-1.zip: 7%
10/30/2025, 8:53:04 PM GMT+5:30 [Modules] Streaming discord_desktop_core@1 to /home/kamal/.config/discord/0.0.113/modules/pending/discord_desktop_core-1.zip: 8%
10/30/2025, 8:53:04 PM GMT+5:30 [Modules] Streaming discord_desktop_core@1 to /home/kamal/.config/discord/0.0.113/modules/pending/discord_desktop_core-1.zip: 9%
10/30/2025, 8:53:04 PM GMT+5:30 [Modules] Streaming discord_desktop_core@1 to /home/kamal/.config/discord/0.0.113/modules/pending/discord_desktop_core-1.zip: 12%
10/30/2025, 8:53:04 PM GMT+5:30 [Modules] Streaming discord_desktop_core@1 to /home/kamal/.config/discord/0.0.113/modules/pending/discord_desktop_core-1.zip: 14%
10/30/2025, 8:53:04 PM GMT+5:30 [Modules] Streaming discord_desktop_core@1 to /home/kamal/.config/discord/0.0.113/modules/pending/discord_desktop_core-1.zip: 15%
10/30/2025, 8:53:04 PM GMT+5:30 [Modules] Streaming discord_desktop_core@1 to /home/kamal/.config/discord/0.0.113/modules/pending/discord_desktop_core-1.zip: 16%
10/30/2025, 8:53:04 PM GMT+5:30 [Modules] Streaming discord_desktop_core@1 to /home/kamal/.config/discord/0.0.113/modules/pending/discord_desktop_core-1.zip: 19%
10/30/2025, 8:53:04 PM GMT+5:30 [Modules] Streaming discord_desktop_core@1 to /home/kamal/.config/discord/0.0.113/modules/pending/discord_desktop_core-1.zip: 20%
10/30/2025, 8:53:04 PM GMT+5:30 [Modules] Streaming discord_desktop_core@1 to /home/kamal/.config/discord/0.0.113/modules/pending/discord_desktop_core-1.zip: 24%
10/30/2025, 8:53:04 PM GMT+5:30 [Modules] Streaming discord_desktop_core@1 to /home/kamal/.config/discord/0.0.113/modules/pending/discord_desktop_core-1.zip: 25%
10/30/2025, 8:53:05 PM GMT+5:30 [Modules] Streaming discord_desktop_core@1 to /home/kamal/.config/discord/0.0.113/modules/pending/discord_desktop_core-1.zip: 26%
10/30/2025, 8:53:05 PM GMT+5:30 [Modules] Streaming discord_desktop_core@1 to /home/kamal/.config/discord/0.0.113/modules/pending/discord_desktop_core-1.zip: 30%
10/30/2025, 8:53:05 PM GMT+5:30 [Modules] Streaming discord_desktop_core@1 to /home/kamal/.config/discord/0.0.113/modules/pending/discord_desktop_core-1.zip: 33%
10/30/2025, 8:53:05 PM GMT+5:30 [Modules] Streaming discord_desktop_core@1 to /home/kamal/.config/discord/0.0.113/modules/pending/discord_desktop_core-1.zip: 35%
10/30/2025, 8:53:05 PM GMT+5:30 [Modules] Streaming discord_desktop_core@1 to /home/kamal/.config/discord/0.0.113/modules/pending/discord_desktop_core-1.zip: 36%
10/30/2025, 8:53:05 PM GMT+5:30 [Modules] Streaming discord_desktop_core@1 to /home/kamal/.config/discord/0.0.113/modules/pending/discord_desktop_core-1.zip: 37%
10/30/2025, 8:53:05 PM GMT+5:30 [Modules] Streaming discord_desktop_core@1 to /home/kamal/.config/discord/0.0.113/modules/pending/discord_desktop_core-1.zip: 38%
10/30/2025, 8:53:05 PM GMT+5:30 [Modules] Streaming discord_desktop_core@1 to /home/kamal/.config/discord/0.0.113/modules/pending/discord_desktop_core-1.zip: 39%
10/30/2025, 8:53:05 PM GMT+5:30 [Modules] Streaming discord_desktop_core@1 to /home/kamal/.config/discord/0.0.113/modules/pending/discord_desktop_core-1.zip: 40%
10/30/2025, 8:53:05 PM GMT+5:30 [Modules] Streaming discord_desktop_core@1 to /home/kamal/.config/discord/0.0.113/modules/pending/discord_desktop_core-1.zip: 41%
10/30/2025, 8:53:05 PM GMT+5:30 [Modules] Streaming discord_desktop_core@1 to /home/kamal/.config/discord/0.0.113/modules/pending/discord_desktop_core-1.zip: 42%
10/30/2025, 8:53:05 PM GMT+5:30 [Modules] Streaming discord_desktop_core@1 to /home/kamal/.config/discord/0.0.113/modules/pending/discord_desktop_core-1.zip: 43%
10/30/2025, 8:53:05 PM GMT+5:30 [Modules] Streaming discord_desktop_core@1 to /home/kamal/.config/discord/0.0.113/modules/pending/discord_desktop_core-1.zip: 44%
10/30/2025, 8:53:05 PM GMT+5:30 [Modules] Streaming discord_desktop_core@1 to /home/kamal/.config/discord/0.0.113/modules/pending/discord_desktop_core-1.zip: 45%
10/30/2025, 8:53:05 PM GMT+5:30 [Modules] Streaming discord_desktop_core@1 to /home/kamal/.config/discord/0.0.113/modules/pending/discord_desktop_core-1.zip: 47%
10/30/2025, 8:53:05 PM GMT+5:30 [Modules] Streaming discord_desktop_core@1 to /home/kamal/.config/discord/0.0.113/modules/pending/discord_desktop_core-1.zip: 48%
10/30/2025, 8:53:05 PM GMT+5:30 [Modules] Streaming discord_desktop_core@1 to /home/kamal/.config/discord/0.0.113/modules/pending/discord_desktop_core-1.zip: 49%
10/30/2025, 8:53:05 PM GMT+5:30 [Modules] Streaming discord_desktop_core@1 to /home/kamal/.config/discord/0.0.113/modules/pending/discord_desktop_core-1.zip: 50%
10/30/2025, 8:53:05 PM GMT+5:30 [Modules] Streaming discord_desktop_core@1 to /home/kamal/.config/discord/0.0.113/modules/pending/discord_desktop_core-1.zip: 51%
10/30/2025, 8:53:05 PM GMT+5:30 [Modules] Streaming discord_desktop_core@1 to /home/kamal/.config/discord/0.0.113/modules/pending/discord_desktop_core-1.zip: 52%
10/30/2025, 8:53:05 PM GMT+5:30 [Modules] Streaming discord_desktop_core@1 to /home/kamal/.config/discord/0.0.113/modules/pending/discord_desktop_core-1.zip: 54%
10/30/2025, 8:53:05 PM GMT+5:30 [Modules] Streaming discord_desktop_core@1 to /home/kamal/.config/discord/0.0.113/modules/pending/discord_desktop_core-1.zip: 56%
10/30/2025, 8:53:05 PM GMT+5:30 [Modules] Streaming discord_desktop_core@1 to /home/kamal/.config/discord/0.0.113/modules/pending/discord_desktop_core-1.zip: 57%
10/30/2025, 8:53:05 PM GMT+5:30 [Modules] Streaming discord_desktop_core@1 to /home/kamal/.config/discord/0.0.113/modules/pending/discord_desktop_core-1.zip: 58%
10/30/2025, 8:53:05 PM GMT+5:30 [Modules] Streaming discord_desktop_core@1 to /home/kamal/.config/discord/0.0.113/modules/pending/discord_desktop_core-1.zip: 59%
10/30/2025, 8:53:05 PM GMT+5:30 [Modules] Streaming discord_desktop_core@1 to /home/kamal/.config/discord/0.0.113/modules/pending/discord_desktop_core-1.zip: 61%
10/30/2025, 8:53:05 PM GMT+5:30 [Modules] Streaming discord_desktop_core@1 to /home/kamal/.config/discord/0.0.113/modules/pending/discord_desktop_core-1.zip: 62%
10/30/2025, 8:53:05 PM GMT+5:30 [Modules] Streaming discord_desktop_core@1 to /home/kamal/.config/discord/0.0.113/modules/pending/discord_desktop_core-1.zip: 64%
10/30/2025, 8:53:05 PM GMT+5:30 [Modules] Streaming discord_desktop_core@1 to /home/kamal/.config/discord/0.0.113/modules/pending/discord_desktop_core-1.zip: 65%
10/30/2025, 8:53:05 PM GMT+5:30 [Modules] Streaming discord_desktop_core@1 to /home/kamal/.config/discord/0.0.113/modules/pending/discord_desktop_core-1.zip: 66%
10/30/2025, 8:53:05 PM GMT+5:30 [Modules] Streaming discord_desktop_core@1 to /home/kamal/.config/discord/0.0.113/modules/pending/discord_desktop_core-1.zip: 67%
10/30/2025, 8:53:05 PM GMT+5:30 [Modules] Streaming discord_desktop_core@1 to /home/kamal/.config/discord/0.0.113/modules/pending/discord_desktop_core-1.zip: 69%
10/30/2025, 8:53:05 PM GMT+5:30 [Modules] Streaming discord_desktop_core@1 to /home/kamal/.config/discord/0.0.113/modules/pending/discord_desktop_core-1.zip: 70%
10/30/2025, 8:53:05 PM GMT+5:30 [Modules] Streaming discord_desktop_core@1 to /home/kamal/.config/discord/0.0.113/modules/pending/discord_desktop_core-1.zip: 71%
10/30/2025, 8:53:05 PM GMT+5:30 [Modules] Streaming discord_desktop_core@1 to /home/kamal/.config/discord/0.0.113/modules/pending/discord_desktop_core-1.zip: 72%
10/30/2025, 8:53:05 PM GMT+5:30 [Modules] Streaming discord_desktop_core@1 to /home/kamal/.config/discord/0.0.113/modules/pending/discord_desktop_core-1.zip: 73%
10/30/2025, 8:53:05 PM GMT+5:30 [Modules] Streaming discord_desktop_core@1 to /home/kamal/.config/discord/0.0.113/modules/pending/discord_desktop_core-1.zip: 74%
10/30/2025, 8:53:05 PM GMT+5:30 [Modules] Streaming discord_desktop_core@1 to /home/kamal/.config/discord/0.0.113/modules/pending/discord_desktop_core-1.zip: 75%
10/30/2025, 8:53:05 PM GMT+5:30 [Modules] Streaming discord_desktop_core@1 to /home/kamal/.config/discord/0.0.113/modules/pending/discord_desktop_core-1.zip: 76%
10/30/2025, 8:53:05 PM GMT+5:30 [Modules] Streaming discord_desktop_core@1 to /home/kamal/.config/discord/0.0.113/modules/pending/discord_desktop_core-1.zip: 78%
10/30/2025, 8:53:05 PM GMT+5:30 [Modules] Streaming discord_desktop_core@1 to /home/kamal/.config/discord/0.0.113/modules/pending/discord_desktop_core-1.zip: 80%
10/30/2025, 8:53:05 PM GMT+5:30 [Modules] Streaming discord_desktop_core@1 to /home/kamal/.config/discord/0.0.113/modules/pending/discord_desktop_core-1.zip: 81%
10/30/2025, 8:53:05 PM GMT+5:30 [Modules] Streaming discord_desktop_core@1 to /home/kamal/.config/discord/0.0.113/modules/pending/discord_desktop_core-1.zip: 83%
10/30/2025, 8:53:05 PM GMT+5:30 [Modules] Streaming discord_desktop_core@1 to /home/kamal/.config/discord/0.0.113/modules/pending/discord_desktop_core-1.zip: 84%
10/30/2025, 8:53:05 PM GMT+5:30 [Modules] Streaming discord_desktop_core@1 to /home/kamal/.config/discord/0.0.113/modules/pending/discord_desktop_core-1.zip: 85%
10/30/2025, 8:53:05 PM GMT+5:30 [Modules] Streaming discord_desktop_core@1 to /home/kamal/.config/discord/0.0.113/modules/pending/discord_desktop_core-1.zip: 86%
10/30/2025, 8:53:05 PM GMT+5:30 [Modules] Streaming discord_desktop_core@1 to /home/kamal/.config/discord/0.0.113/modules/pending/discord_desktop_core-1.zip: 87%
10/30/2025, 8:53:05 PM GMT+5:30 [Modules] Streaming discord_desktop_core@1 to /home/kamal/.config/discord/0.0.113/modules/pending/discord_desktop_core-1.zip: 90%
10/30/2025, 8:53:05 PM GMT+5:30 [Modules] Streaming discord_desktop_core@1 to /home/kamal/.config/discord/0.0.113/modules/pending/discord_desktop_core-1.zip: 91%
10/30/2025, 8:53:05 PM GMT+5:30 [Modules] Streaming discord_desktop_core@1 to /home/kamal/.config/discord/0.0.113/modules/pending/discord_desktop_core-1.zip: 92%
10/30/2025, 8:53:05 PM GMT+5:30 [Modules] Streaming discord_desktop_core@1 to /home/kamal/.config/discord/0.0.113/modules/pending/discord_desktop_core-1.zip: 93%
10/30/2025, 8:53:05 PM GMT+5:30 [Modules] Streaming discord_desktop_core@1 to /home/kamal/.config/discord/0.0.113/modules/pending/discord_desktop_core-1.zip: 94%
10/30/2025, 8:53:05 PM GMT+5:30 [Modules] Streaming discord_desktop_core@1 to /home/kamal/.config/discord/0.0.113/modules/pending/discord_desktop_core-1.zip: 95%
10/30/2025, 8:53:05 PM GMT+5:30 [Modules] Streaming discord_desktop_core@1 to /home/kamal/.config/discord/0.0.113/modules/pending/discord_desktop_core-1.zip: 97%
10/30/2025, 8:53:05 PM GMT+5:30 [Modules] Streaming discord_desktop_core@1 to /home/kamal/.config/discord/0.0.113/modules/pending/discord_desktop_core-1.zip: 100%
10/30/2025, 8:53:05 PM GMT+5:30 [Modules] Fetching discord_erlpack@1 from https://discord.com/api/modules/stable/discord_erlpack/1
10/30/2025, 8:53:05 PM GMT+5:30 [Modules] Streaming discord_erlpack@1 to /home/kamal/.config/discord/0.0.113/modules/pending/discord_erlpack-1.zip
10/30/2025, 8:53:06 PM GMT+5:30 [Modules] Streaming discord_erlpack@1 to /home/kamal/.config/discord/0.0.113/modules/pending/discord_erlpack-1.zip: 1%
10/30/2025, 8:53:06 PM GMT+5:30 [Modules] Streaming discord_erlpack@1 to /home/kamal/.config/discord/0.0.113/modules/pending/discord_erlpack-1.zip: 2%
10/30/2025, 8:53:06 PM GMT+5:30 [Modules] Streaming discord_erlpack@1 to /home/kamal/.config/discord/0.0.113/modules/pending/discord_erlpack-1.zip: 3%
10/30/2025, 8:53:06 PM GMT+5:30 [Modules] Streaming discord_erlpack@1 to /home/kamal/.config/discord/0.0.113/modules/pending/discord_erlpack-1.zip: 4%
10/30/2025, 8:53:06 PM GMT+5:30 [Modules] Streaming discord_erlpack@1 to /home/kamal/.config/discord/0.0.113/modules/pending/discord_erlpack-1.zip: 5%
10/30/2025, 8:53:06 PM GMT+5:30 [Modules] Streaming discord_erlpack@1 to /home/kamal/.config/discord/0.0.113/modules/pending/discord_erlpack-1.zip: 7%
10/30/2025, 8:53:06 PM GMT+5:30 [Modules] Streaming discord_erlpack@1 to /home/kamal/.config/discord/0.0.113/modules/pending/discord_erlpack-1.zip: 8%
10/30/2025, 8:53:06 PM GMT+5:30 [Modules] Streaming discord_erlpack@1 to /home/kamal/.config/discord/0.0.113/modules/pending/discord_erlpack-1.zip: 9%
10/30/2025, 8:53:06 PM GMT+5:30 [Modules] Streaming discord_erlpack@1 to /home/kamal/.config/discord/0.0.113/modules/pending/discord_erlpack-1.zip: 11%
10/30/2025, 8:53:06 PM GMT+5:30 [Modules] Streaming discord_erlpack@1 to /home/kamal/.config/discord/0.0.113/modules/pending/discord_erlpack-1.zip: 12%
10/30/2025, 8:53:06 PM GMT+5:30 [Modules] Streaming discord_erlpack@1 to /home/kamal/.config/discord/0.0.113/modules/pending/discord_erlpack-1.zip: 13%
10/30/2025, 8:53:06 PM GMT+5:30 [Modules] Streaming discord_erlpack@1 to /home/kamal/.config/discord/0.0.113/modules/pending/discord_erlpack-1.zip: 14%
10/30/2025, 8:53:06 PM GMT+5:30 [Modules] Streaming discord_erlpack@1 to /home/kamal/.config/discord/0.0.113/modules/pending/discord_erlpack-1.zip: 15%
10/30/2025, 8:53:06 PM GMT+5:30 [Modules] Streaming discord_erlpack@1 to /home/kamal/.config/discord/0.0.113/modules/pending/discord_erlpack-1.zip: 16%
10/30/2025, 8:53:06 PM GMT+5:30 [Modules] Streaming discord_erlpack@1 to /home/kamal/.config/discord/0.0.113/modules/pending/discord_erlpack-1.zip: 17%
10/30/2025, 8:53:06 PM GMT+5:30 [Modules] Streaming discord_erlpack@1 to /home/kamal/.config/discord/0.0.113/modules/pending/discord_erlpack-1.zip: 20%
10/30/2025, 8:53:06 PM GMT+5:30 [Modules] Streaming discord_erlpack@1 to /home/kamal/.config/discord/0.0.113/modules/pending/discord_erlpack-1.zip: 21%
10/30/2025, 8:53:06 PM GMT+5:30 [Modules] Streaming discord_erlpack@1 to /home/kamal/.config/discord/0.0.113/modules/pending/discord_erlpack-1.zip: 22%
10/30/2025, 8:53:06 PM GMT+5:30 [Modules] Streaming discord_erlpack@1 to /home/kamal/.config/discord/0.0.113/modules/pending/discord_erlpack-1.zip: 25%
10/30/2025, 8:53:06 PM GMT+5:30 [Modules] Streaming discord_erlpack@1 to /home/kamal/.config/discord/0.0.113/modules/pending/discord_erlpack-1.zip: 27%
10/30/2025, 8:53:06 PM GMT+5:30 [Modules] Streaming discord_erlpack@1 to /home/kamal/.config/discord/0.0.113/modules/pending/discord_erlpack-1.zip: 28%
10/30/2025, 8:53:06 PM GMT+5:30 [Modules] Streaming discord_erlpack@1 to /home/kamal/.config/discord/0.0.113/modules/pending/discord_erlpack-1.zip: 30%
10/30/2025, 8:53:06 PM GMT+5:30 [Modules] Streaming discord_erlpack@1 to /home/kamal/.config/discord/0.0.113/modules/pending/discord_erlpack-1.zip: 33%
10/30/2025, 8:53:06 PM GMT+5:30 [Modules] Streaming discord_erlpack@1 to /home/kamal/.config/discord/0.0.113/modules/pending/discord_erlpack-1.zip: 34%
10/30/2025, 8:53:06 PM GMT+5:30 [Modules] Streaming discord_erlpack@1 to /home/kamal/.config/discord/0.0.113/modules/pending/discord_erlpack-1.zip: 35%
10/30/2025, 8:53:06 PM GMT+5:30 [Modules] Streaming discord_erlpack@1 to /home/kamal/.config/discord/0.0.113/modules/pending/discord_erlpack-1.zip: 38%
10/30/2025, 8:53:06 PM GMT+5:30 [Modules] Streaming discord_erlpack@1 to /home/kamal/.config/discord/0.0.113/modules/pending/discord_erlpack-1.zip: 40%
10/30/2025, 8:53:06 PM GMT+5:30 [Modules] Streaming discord_erlpack@1 to /home/kamal/.config/discord/0.0.113/modules/pending/discord_erlpack-1.zip: 41%
10/30/2025, 8:53:06 PM GMT+5:30 [Modules] Streaming discord_erlpack@1 to /home/kamal/.config/discord/0.0.113/modules/pending/discord_erlpack-1.zip: 42%
10/30/2025, 8:53:06 PM GMT+5:30 [Modules] Streaming discord_erlpack@1 to /home/kamal/.config/discord/0.0.113/modules/pending/discord_erlpack-1.zip: 43%
10/30/2025, 8:53:06 PM GMT+5:30 [Modules] Streaming discord_erlpack@1 to /home/kamal/.config/discord/0.0.113/modules/pending/discord_erlpack-1.zip: 46%
10/30/2025, 8:53:06 PM GMT+5:30 [Modules] Streaming discord_erlpack@1 to /home/kamal/.config/discord/0.0.113/modules/pending/discord_erlpack-1.zip: 47%
10/30/2025, 8:53:06 PM GMT+5:30 [Modules] Streaming discord_erlpack@1 to /home/kamal/.config/discord/0.0.113/modules/pending/discord_erlpack-1.zip: 48%
10/30/2025, 8:53:06 PM GMT+5:30 [Modules] Streaming discord_erlpack@1 to /home/kamal/.config/discord/0.0.113/modules/pending/discord_erlpack-1.zip: 50%
10/30/2025, 8:53:06 PM GMT+5:30 [Modules] Streaming discord_erlpack@1 to /home/kamal/.config/discord/0.0.113/modules/pending/discord_erlpack-1.zip: 51%
10/30/2025, 8:53:06 PM GMT+5:30 [Modules] Streaming discord_erlpack@1 to /home/kamal/.config/discord/0.0.113/modules/pending/discord_erlpack-1.zip: 52%
10/30/2025, 8:53:06 PM GMT+5:30 [Modules] Streaming discord_erlpack@1 to /home/kamal/.config/discord/0.0.113/modules/pending/discord_erlpack-1.zip: 53%
10/30/2025, 8:53:06 PM GMT+5:30 [Modules] Streaming discord_erlpack@1 to /home/kamal/.config/discord/0.0.113/modules/pending/discord_erlpack-1.zip: 55%
10/30/2025, 8:53:06 PM GMT+5:30 [Modules] Streaming discord_erlpack@1 to /home/kamal/.config/discord/0.0.113/modules/pending/discord_erlpack-1.zip: 56%
10/30/2025, 8:53:06 PM GMT+5:30 [Modules] Streaming discord_erlpack@1 to /home/kamal/.config/discord/0.0.113/modules/pending/discord_erlpack-1.zip: 57%
10/30/2025, 8:53:06 PM GMT+5:30 [Modules] Streaming discord_erlpack@1 to /home/kamal/.config/discord/0.0.113/modules/pending/discord_erlpack-1.zip: 58%
10/30/2025, 8:53:06 PM GMT+5:30 [Modules] Streaming discord_erlpack@1 to /home/kamal/.config/discord/0.0.113/modules/pending/discord_erlpack-1.zip: 61%
10/30/2025, 8:53:06 PM GMT+5:30 [Modules] Streaming discord_erlpack@1 to /home/kamal/.config/discord/0.0.113/modules/pending/discord_erlpack-1.zip: 62%
10/30/2025, 8:53:06 PM GMT+5:30 [Modules] Streaming discord_erlpack@1 to /home/kamal/.config/discord/0.0.113/modules/pending/discord_erlpack-1.zip: 64%
10/30/2025, 8:53:06 PM GMT+5:30 [Modules] Streaming discord_erlpack@1 to /home/kamal/.config/discord/0.0.113/modules/pending/discord_erlpack-1.zip: 65%
10/30/2025, 8:53:06 PM GMT+5:30 [Modules] Streaming discord_erlpack@1 to /home/kamal/.config/discord/0.0.113/modules/pending/discord_erlpack-1.zip: 66%
10/30/2025, 8:53:06 PM GMT+5:30 [Modules] Streaming discord_erlpack@1 to /home/kamal/.config/discord/0.0.113/modules/pending/discord_erlpack-1.zip: 68%
10/30/2025, 8:53:06 PM GMT+5:30 [Modules] Streaming discord_erlpack@1 to /home/kamal/.config/discord/0.0.113/modules/pending/discord_erlpack-1.zip: 69%
10/30/2025, 8:53:06 PM GMT+5:30 [Modules] Streaming discord_erlpack@1 to /home/kamal/.config/discord/0.0.113/modules/pending/discord_erlpack-1.zip: 71%
10/30/2025, 8:53:06 PM GMT+5:30 [Modules] Streaming discord_erlpack@1 to /home/kamal/.config/discord/0.0.113/modules/pending/discord_erlpack-1.zip: 73%
10/30/2025, 8:53:06 PM GMT+5:30 [Modules] Streaming discord_erlpack@1 to /home/kamal/.config/discord/0.0.113/modules/pending/discord_erlpack-1.zip: 74%
10/30/2025, 8:53:06 PM GMT+5:30 [Modules] Streaming discord_erlpack@1 to /home/kamal/.config/discord/0.0.113/modules/pending/discord_erlpack-1.zip: 76%
10/30/2025, 8:53:06 PM GMT+5:30 [Modules] Streaming discord_erlpack@1 to /home/kamal/.config/discord/0.0.113/modules/pending/discord_erlpack-1.zip: 78%
10/30/2025, 8:53:06 PM GMT+5:30 [Modules] Streaming discord_erlpack@1 to /home/kamal/.config/discord/0.0.113/modules/pending/discord_erlpack-1.zip: 79%
10/30/2025, 8:53:06 PM GMT+5:30 [Modules] Streaming discord_erlpack@1 to /home/kamal/.config/discord/0.0.113/modules/pending/discord_erlpack-1.zip: 82%
10/30/2025, 8:53:06 PM GMT+5:30 [Modules] Streaming discord_erlpack@1 to /home/kamal/.config/discord/0.0.113/modules/pending/discord_erlpack-1.zip: 83%
10/30/2025, 8:53:06 PM GMT+5:30 [Modules] Streaming discord_erlpack@1 to /home/kamal/.config/discord/0.0.113/modules/pending/discord_erlpack-1.zip: 84%
10/30/2025, 8:53:06 PM GMT+5:30 [Modules] Streaming discord_erlpack@1 to /home/kamal/.config/discord/0.0.113/modules/pending/discord_erlpack-1.zip: 85%
10/30/2025, 8:53:06 PM GMT+5:30 [Modules] Streaming discord_erlpack@1 to /home/kamal/.config/discord/0.0.113/modules/pending/discord_erlpack-1.zip: 87%
10/30/2025, 8:53:06 PM GMT+5:30 [Modules] Streaming discord_erlpack@1 to /home/kamal/.config/discord/0.0.113/modules/pending/discord_erlpack-1.zip: 89%
10/30/2025, 8:53:06 PM GMT+5:30 [Modules] Streaming discord_erlpack@1 to /home/kamal/.config/discord/0.0.113/modules/pending/discord_erlpack-1.zip: 90%
10/30/2025, 8:53:06 PM GMT+5:30 [Modules] Streaming discord_erlpack@1 to /home/kamal/.config/discord/0.0.113/modules/pending/discord_erlpack-1.zip: 92%
10/30/2025, 8:53:06 PM GMT+5:30 [Modules] Streaming discord_erlpack@1 to /home/kamal/.config/discord/0.0.113/modules/pending/discord_erlpack-1.zip: 94%
10/30/2025, 8:53:06 PM GMT+5:30 [Modules] Streaming discord_erlpack@1 to /home/kamal/.config/discord/0.0.113/modules/pending/discord_erlpack-1.zip: 95%
10/30/2025, 8:53:06 PM GMT+5:30 [Modules] Streaming discord_erlpack@1 to /home/kamal/.config/discord/0.0.113/modules/pending/discord_erlpack-1.zip: 96%
10/30/2025, 8:53:06 PM GMT+5:30 [Modules] Streaming discord_erlpack@1 to /home/kamal/.config/discord/0.0.113/modules/pending/discord_erlpack-1.zip: 97%
10/30/2025, 8:53:06 PM GMT+5:30 [Modules] Streaming discord_erlpack@1 to /home/kamal/.config/discord/0.0.113/modules/pending/discord_erlpack-1.zip: 98%
10/30/2025, 8:53:06 PM GMT+5:30 [Modules] Streaming discord_erlpack@1 to /home/kamal/.config/discord/0.0.113/modules/pending/discord_erlpack-1.zip: 100%
10/30/2025, 8:53:06 PM GMT+5:30 [Modules] Fetching discord_spellcheck@1 from https://discord.com/api/modules/stable/discord_spellcheck/1
10/30/2025, 8:53:06 PM GMT+5:30 [Modules] Streaming discord_spellcheck@1 to /home/kamal/.config/discord/0.0.113/modules/pending/discord_spellcheck-1.zip
10/30/2025, 8:53:07 PM GMT+5:30 [Modules] Streaming discord_spellcheck@1 to /home/kamal/.config/discord/0.0.113/modules/pending/discord_spellcheck-1.zip: 1%
10/30/2025, 8:53:07 PM GMT+5:30 [Modules] Streaming discord_spellcheck@1 to /home/kamal/.config/discord/0.0.113/modules/pending/discord_spellcheck-1.zip: 2%
10/30/2025, 8:53:07 PM GMT+5:30 [Modules] Streaming discord_spellcheck@1 to /home/kamal/.config/discord/0.0.113/modules/pending/discord_spellcheck-1.zip: 3%
10/30/2025, 8:53:07 PM GMT+5:30 [Modules] Streaming discord_spellcheck@1 to /home/kamal/.config/discord/0.0.113/modules/pending/discord_spellcheck-1.zip: 4%
10/30/2025, 8:53:07 PM GMT+5:30 [Modules] Streaming discord_spellcheck@1 to /home/kamal/.config/discord/0.0.113/modules/pending/discord_spellcheck-1.zip: 5%
10/30/2025, 8:53:07 PM GMT+5:30 [Modules] Streaming discord_spellcheck@1 to /home/kamal/.config/discord/0.0.113/modules/pending/discord_spellcheck-1.zip: 6%
10/30/2025, 8:53:07 PM GMT+5:30 [Modules] Streaming discord_spellcheck@1 to /home/kamal/.config/discord/0.0.113/modules/pending/discord_spellcheck-1.zip: 7%
10/30/2025, 8:53:07 PM GMT+5:30 [Modules] Streaming discord_spellcheck@1 to /home/kamal/.config/discord/0.0.113/modules/pending/discord_spellcheck-1.zip: 8%
10/30/2025, 8:53:07 PM GMT+5:30 [Modules] Streaming discord_spellcheck@1 to /home/kamal/.config/discord/0.0.113/modules/pending/discord_spellcheck-1.zip: 9%
10/30/2025, 8:53:07 PM GMT+5:30 [Modules] Streaming discord_spellcheck@1 to /home/kamal/.config/discord/0.0.113/modules/pending/discord_spellcheck-1.zip: 10%
10/30/2025, 8:53:07 PM GMT+5:30 [Modules] Streaming discord_spellcheck@1 to /home/kamal/.config/discord/0.0.113/modules/pending/discord_spellcheck-1.zip: 11%
10/30/2025, 8:53:07 PM GMT+5:30 [Modules] Streaming discord_spellcheck@1 to /home/kamal/.config/discord/0.0.113/modules/pending/discord_spellcheck-1.zip: 12%
10/30/2025, 8:53:07 PM GMT+5:30 [Modules] Streaming discord_spellcheck@1 to /home/kamal/.config/discord/0.0.113/modules/pending/discord_spellcheck-1.zip: 13%
10/30/2025, 8:53:07 PM GMT+5:30 [Modules] Streaming discord_spellcheck@1 to /home/kamal/.config/discord/0.0.113/modules/pending/discord_spellcheck-1.zip: 14%
10/30/2025, 8:53:07 PM GMT+5:30 [Modules] Streaming discord_spellcheck@1 to /home/kamal/.config/discord/0.0.113/modules/pending/discord_spellcheck-1.zip: 15%
10/30/2025, 8:53:07 PM GMT+5:30 [Modules] Streaming discord_spellcheck@1 to /home/kamal/.config/discord/0.0.113/modules/pending/discord_spellcheck-1.zip: 16%
10/30/2025, 8:53:07 PM GMT+5:30 [Modules] Streaming discord_spellcheck@1 to /home/kamal/.config/discord/0.0.113/modules/pending/discord_spellcheck-1.zip: 17%
10/30/2025, 8:53:07 PM GMT+5:30 [Modules] Streaming discord_spellcheck@1 to /home/kamal/.config/discord/0.0.113/modules/pending/discord_spellcheck-1.zip: 18%
10/30/2025, 8:53:07 PM GMT+5:30 [Modules] Streaming discord_spellcheck@1 to /home/kamal/.config/discord/0.0.113/modules/pending/discord_spellcheck-1.zip: 19%
10/30/2025, 8:53:07 PM GMT+5:30 [Modules] Streaming discord_spellcheck@1 to /home/kamal/.config/discord/0.0.113/modules/pending/discord_spellcheck-1.zip: 20%
10/30/2025, 8:53:07 PM GMT+5:30 [Modules] Streaming discord_spellcheck@1 to /home/kamal/.config/discord/0.0.113/modules/pending/discord_spellcheck-1.zip: 21%
10/30/2025, 8:53:07 PM GMT+5:30 [Modules] Streaming discord_spellcheck@1 to /home/kamal/.config/discord/0.0.113/modules/pending/discord_spellcheck-1.zip: 22%
10/30/2025, 8:53:07 PM GMT+5:30 [Modules] Streaming discord_spellcheck@1 to /home/kamal/.config/discord/0.0.113/modules/pending/discord_spellcheck-1.zip: 23%
10/30/2025, 8:53:07 PM GMT+5:30 [Modules] Streaming discord_spellcheck@1 to /home/kamal/.config/discord/0.0.113/modules/pending/discord_spellcheck-1.zip: 24%
10/30/2025, 8:53:07 PM GMT+5:30 [Modules] Streaming discord_spellcheck@1 to /home/kamal/.config/discord/0.0.113/modules/pending/discord_spellcheck-1.zip: 25%
10/30/2025, 8:53:07 PM GMT+5:30 [Modules] Streaming discord_spellcheck@1 to /home/kamal/.config/discord/0.0.113/modules/pending/discord_spellcheck-1.zip: 26%
10/30/2025, 8:53:07 PM GMT+5:30 [Modules] Streaming discord_spellcheck@1 to /home/kamal/.config/discord/0.0.113/modules/pending/discord_spellcheck-1.zip: 27%
10/30/2025, 8:53:07 PM GMT+5:30 [Modules] Streaming discord_spellcheck@1 to /home/kamal/.config/discord/0.0.113/modules/pending/discord_spellcheck-1.zip: 28%
10/30/2025, 8:53:07 PM GMT+5:30 [Modules] Streaming discord_spellcheck@1 to /home/kamal/.config/discord/0.0.113/modules/pending/discord_spellcheck-1.zip: 29%
10/30/2025, 8:53:07 PM GMT+5:30 [Modules] Streaming discord_spellcheck@1 to /home/kamal/.config/discord/0.0.113/modules/pending/discord_spellcheck-1.zip: 30%
10/30/2025, 8:53:07 PM GMT+5:30 [Modules] Streaming discord_spellcheck@1 to /home/kamal/.config/discord/0.0.113/modules/pending/discord_spellcheck-1.zip: 31%
10/30/2025, 8:53:07 PM GMT+5:30 [Modules] Streaming discord_spellcheck@1 to /home/kamal/.config/discord/0.0.113/modules/pending/discord_spellcheck-1.zip: 32%
10/30/2025, 8:53:07 PM GMT+5:30 [Modules] Streaming discord_spellcheck@1 to /home/kamal/.config/discord/0.0.113/modules/pending/discord_spellcheck-1.zip: 33%
10/30/2025, 8:53:07 PM GMT+5:30 [Modules] Streaming discord_spellcheck@1 to /home/kamal/.config/discord/0.0.113/modules/pending/discord_spellcheck-1.zip: 34%
10/30/2025, 8:53:07 PM GMT+5:30 [Modules] Streaming discord_spellcheck@1 to /home/kamal/.config/discord/0.0.113/modules/pending/discord_spellcheck-1.zip: 35%
10/30/2025, 8:53:07 PM GMT+5:30 [Modules] Streaming discord_spellcheck@1 to /home/kamal/.config/discord/0.0.113/modules/pending/discord_spellcheck-1.zip: 36%
10/30/2025, 8:53:07 PM GMT+5:30 [Modules] Streaming discord_spellcheck@1 to /home/kamal/.config/discord/0.0.113/modules/pending/discord_spellcheck-1.zip: 37%
10/30/2025, 8:53:07 PM GMT+5:30 [Modules] Streaming discord_spellcheck@1 to /home/kamal/.config/discord/0.0.113/modules/pending/discord_spellcheck-1.zip: 38%
10/30/2025, 8:53:07 PM GMT+5:30 [Modules] Streaming discord_spellcheck@1 to /home/kamal/.config/discord/0.0.113/modules/pending/discord_spellcheck-1.zip: 39%
10/30/2025, 8:53:07 PM GMT+5:30 [Modules] Streaming discord_spellcheck@1 to /home/kamal/.config/discord/0.0.113/modules/pending/discord_spellcheck-1.zip: 40%
10/30/2025, 8:53:08 PM GMT+5:30 [Modules] Streaming discord_spellcheck@1 to /home/kamal/.config/discord/0.0.113/modules/pending/discord_spellcheck-1.zip: 41%
10/30/2025, 8:53:08 PM GMT+5:30 [Modules] Streaming discord_spellcheck@1 to /home/kamal/.config/discord/0.0.113/modules/pending/discord_spellcheck-1.zip: 42%
10/30/2025, 8:53:08 PM GMT+5:30 [Modules] Streaming discord_spellcheck@1 to /home/kamal/.config/discord/0.0.113/modules/pending/discord_spellcheck-1.zip: 43%
10/30/2025, 8:53:08 PM GMT+5:30 [Modules] Streaming discord_spellcheck@1 to /home/kamal/.config/discord/0.0.113/modules/pending/discord_spellcheck-1.zip: 44%
10/30/2025, 8:53:08 PM GMT+5:30 [Modules] Streaming discord_spellcheck@1 to /home/kamal/.config/discord/0.0.113/modules/pending/discord_spellcheck-1.zip: 45%
10/30/2025, 8:53:08 PM GMT+5:30 [Modules] Streaming discord_spellcheck@1 to /home/kamal/.config/discord/0.0.113/modules/pending/discord_spellcheck-1.zip: 46%
10/30/2025, 8:53:08 PM GMT+5:30 [Modules] Streaming discord_spellcheck@1 to /home/kamal/.config/discord/0.0.113/modules/pending/discord_spellcheck-1.zip: 47%
10/30/2025, 8:53:08 PM GMT+5:30 [Modules] Streaming discord_spellcheck@1 to /home/kamal/.config/discord/0.0.113/modules/pending/discord_spellcheck-1.zip: 48%
10/30/2025, 8:53:08 PM GMT+5:30 [Modules] Streaming discord_spellcheck@1 to /home/kamal/.config/discord/0.0.113/modules/pending/discord_spellcheck-1.zip: 49%
10/30/2025, 8:53:08 PM GMT+5:30 [Modules] Streaming discord_spellcheck@1 to /home/kamal/.config/discord/0.0.113/modules/pending/discord_spellcheck-1.zip: 50%
10/30/2025, 8:53:08 PM GMT+5:30 [Modules] Streaming discord_spellcheck@1 to /home/kamal/.config/discord/0.0.113/modules/pending/discord_spellcheck-1.zip: 51%
10/30/2025, 8:53:08 PM GMT+5:30 [Modules] Streaming discord_spellcheck@1 to /home/kamal/.config/discord/0.0.113/modules/pending/discord_spellcheck-1.zip: 52%
10/30/2025, 8:53:08 PM GMT+5:30 [Modules] Streaming discord_spellcheck@1 to /home/kamal/.config/discord/0.0.113/modules/pending/discord_spellcheck-1.zip: 53%
10/30/2025, 8:53:08 PM GMT+5:30 [Modules] Streaming discord_spellcheck@1 to /home/kamal/.config/discord/0.0.113/modules/pending/discord_spellcheck-1.zip: 54%
10/30/2025, 8:53:08 PM GMT+5:30 [Modules] Streaming discord_spellcheck@1 to /home/kamal/.config/discord/0.0.113/modules/pending/discord_spellcheck-1.zip: 55%
10/30/2025, 8:53:08 PM GMT+5:30 [Modules] Streaming discord_spellcheck@1 to /home/kamal/.config/discord/0.0.113/modules/pending/discord_spellcheck-1.zip: 56%
10/30/2025, 8:53:08 PM GMT+5:30 [Modules] Streaming discord_spellcheck@1 to /home/kamal/.config/discord/0.0.113/modules/pending/discord_spellcheck-1.zip: 57%
10/30/2025, 8:53:08 PM GMT+5:30 [Modules] Streaming discord_spellcheck@1 to /home/kamal/.config/discord/0.0.113/modules/pending/discord_spellcheck-1.zip: 58%
10/30/2025, 8:53:08 PM GMT+5:30 [Modules] Streaming discord_spellcheck@1 to /home/kamal/.config/discord/0.0.113/modules/pending/discord_spellcheck-1.zip: 59%
10/30/2025, 8:53:08 PM GMT+5:30 [Modules] Streaming discord_spellcheck@1 to /home/kamal/.config/discord/0.0.113/modules/pending/discord_spellcheck-1.zip: 60%
10/30/2025, 8:53:08 PM GMT+5:30 [Modules] Streaming discord_spellcheck@1 to /home/kamal/.config/discord/0.0.113/modules/pending/discord_spellcheck-1.zip: 61%
10/30/2025, 8:53:08 PM GMT+5:30 [Modules] Streaming discord_spellcheck@1 to /home/kamal/.config/discord/0.0.113/modules/pending/discord_spellcheck-1.zip: 62%
10/30/2025, 8:53:08 PM GMT+5:30 [Modules] Streaming discord_spellcheck@1 to /home/kamal/.config/discord/0.0.113/modules/pending/discord_spellcheck-1.zip: 63%
10/30/2025, 8:53:08 PM GMT+5:30 [Modules] Streaming discord_spellcheck@1 to /home/kamal/.config/discord/0.0.113/modules/pending/discord_spellcheck-1.zip: 64%
10/30/2025, 8:53:08 PM GMT+5:30 [Modules] Streaming discord_spellcheck@1 to /home/kamal/.config/discord/0.0.113/modules/pending/discord_spellcheck-1.zip: 65%
10/30/2025, 8:53:08 PM GMT+5:30 [Modules] Streaming discord_spellcheck@1 to /home/kamal/.config/discord/0.0.113/modules/pending/discord_spellcheck-1.zip: 66%
10/30/2025, 8:53:08 PM GMT+5:30 [Modules] Streaming discord_spellcheck@1 to /home/kamal/.config/discord/0.0.113/modules/pending/discord_spellcheck-1.zip: 67%
10/30/2025, 8:53:08 PM GMT+5:30 [Modules] Streaming discord_spellcheck@1 to /home/kamal/.config/discord/0.0.113/modules/pending/discord_spellcheck-1.zip: 68%
10/30/2025, 8:53:08 PM GMT+5:30 [Modules] Streaming discord_spellcheck@1 to /home/kamal/.config/discord/0.0.113/modules/pending/discord_spellcheck-1.zip: 69%
10/30/2025, 8:53:08 PM GMT+5:30 [Modules] Streaming discord_spellcheck@1 to /home/kamal/.config/discord/0.0.113/modules/pending/discord_spellcheck-1.zip: 70%
10/30/2025, 8:53:08 PM GMT+5:30 [Modules] Streaming discord_spellcheck@1 to /home/kamal/.config/discord/0.0.113/modules/pending/discord_spellcheck-1.zip: 71%
10/30/2025, 8:53:08 PM GMT+5:30 [Modules] Streaming discord_spellcheck@1 to /home/kamal/.config/discord/0.0.113/modules/pending/discord_spellcheck-1.zip: 72%
10/30/2025, 8:53:08 PM GMT+5:30 [Modules] Streaming discord_spellcheck@1 to /home/kamal/.config/discord/0.0.113/modules/pending/discord_spellcheck-1.zip: 73%
10/30/2025, 8:53:08 PM GMT+5:30 [Modules] Streaming discord_spellcheck@1 to /home/kamal/.config/discord/0.0.113/modules/pending/discord_spellcheck-1.zip: 74%
10/30/2025, 8:53:08 PM GMT+5:30 [Modules] Streaming discord_spellcheck@1 to /home/kamal/.config/discord/0.0.113/modules/pending/discord_spellcheck-1.zip: 75%
10/30/2025, 8:53:08 PM GMT+5:30 [Modules] Streaming discord_spellcheck@1 to /home/kamal/.config/discord/0.0.113/modules/pending/discord_spellcheck-1.zip: 76%
10/30/2025, 8:53:08 PM GMT+5:30 [Modules] Streaming discord_spellcheck@1 to /home/kamal/.config/discord/0.0.113/modules/pending/discord_spellcheck-1.zip: 77%
10/30/2025, 8:53:08 PM GMT+5:30 [Modules] Streaming discord_spellcheck@1 to /home/kamal/.config/discord/0.0.113/modules/pending/discord_spellcheck-1.zip: 78%
10/30/2025, 8:53:08 PM GMT+5:30 [Modules] Streaming discord_spellcheck@1 to /home/kamal/.config/discord/0.0.113/modules/pending/discord_spellcheck-1.zip: 79%
10/30/2025, 8:53:08 PM GMT+5:30 [Modules] Streaming discord_spellcheck@1 to /home/kamal/.config/discord/0.0.113/modules/pending/discord_spellcheck-1.zip: 80%
10/30/2025, 8:53:08 PM GMT+5:30 [Modules] Streaming discord_spellcheck@1 to /home/kamal/.config/discord/0.0.113/modules/pending/discord_spellcheck-1.zip: 81%
10/30/2025, 8:53:08 PM GMT+5:30 [Modules] Streaming discord_spellcheck@1 to /home/kamal/.config/discord/0.0.113/modules/pending/discord_spellcheck-1.zip: 82%
10/30/2025, 8:53:08 PM GMT+5:30 [Modules] Streaming discord_spellcheck@1 to /home/kamal/.config/discord/0.0.113/modules/pending/discord_spellcheck-1.zip: 83%
10/30/2025, 8:53:08 PM GMT+5:30 [Modules] Streaming discord_spellcheck@1 to /home/kamal/.config/discord/0.0.113/modules/pending/discord_spellcheck-1.zip: 84%
10/30/2025, 8:53:08 PM GMT+5:30 [Modules] Streaming discord_spellcheck@1 to /home/kamal/.config/discord/0.0.113/modules/pending/discord_spellcheck-1.zip: 85%
10/30/2025, 8:53:08 PM GMT+5:30 [Modules] Streaming discord_spellcheck@1 to /home/kamal/.config/discord/0.0.113/modules/pending/discord_spellcheck-1.zip: 86%
10/30/2025, 8:53:08 PM GMT+5:30 [Modules] Streaming discord_spellcheck@1 to /home/kamal/.config/discord/0.0.113/modules/pending/discord_spellcheck-1.zip: 87%
10/30/2025, 8:53:08 PM GMT+5:30 [Modules] Streaming discord_spellcheck@1 to /home/kamal/.config/discord/0.0.113/modules/pending/discord_spellcheck-1.zip: 88%
10/30/2025, 8:53:08 PM GMT+5:30 [Modules] Streaming discord_spellcheck@1 to /home/kamal/.config/discord/0.0.113/modules/pending/discord_spellcheck-1.zip: 89%
10/30/2025, 8:53:08 PM GMT+5:30 [Modules] Streaming discord_spellcheck@1 to /home/kamal/.config/discord/0.0.113/modules/pending/discord_spellcheck-1.zip: 90%
10/30/2025, 8:53:08 PM GMT+5:30 [Modules] Streaming discord_spellcheck@1 to /home/kamal/.config/discord/0.0.113/modules/pending/discord_spellcheck-1.zip: 91%
10/30/2025, 8:53:08 PM GMT+5:30 [Modules] Streaming discord_spellcheck@1 to /home/kamal/.config/discord/0.0.113/modules/pending/discord_spellcheck-1.zip: 92%
10/30/2025, 8:53:08 PM GMT+5:30 [Modules] Streaming discord_spellcheck@1 to /home/kamal/.config/discord/0.0.113/modules/pending/discord_spellcheck-1.zip: 93%
10/30/2025, 8:53:08 PM GMT+5:30 [Modules] Streaming discord_spellcheck@1 to /home/kamal/.config/discord/0.0.113/modules/pending/discord_spellcheck-1.zip: 94%
10/30/2025, 8:53:08 PM GMT+5:30 [Modules] Streaming discord_spellcheck@1 to /home/kamal/.config/discord/0.0.113/modules/pending/discord_spellcheck-1.zip: 95%
10/30/2025, 8:53:08 PM GMT+5:30 [Modules] Streaming discord_spellcheck@1 to /home/kamal/.config/discord/0.0.113/modules/pending/discord_spellcheck-1.zip: 96%
10/30/2025, 8:53:08 PM GMT+5:30 [Modules] Streaming discord_spellcheck@1 to /home/kamal/.config/discord/0.0.113/modules/pending/discord_spellcheck-1.zip: 97%
10/30/2025, 8:53:08 PM GMT+5:30 [Modules] Streaming discord_spellcheck@1 to /home/kamal/.config/discord/0.0.113/modules/pending/discord_spellcheck-1.zip: 98%
10/30/2025, 8:53:08 PM GMT+5:30 [Modules] Streaming discord_spellcheck@1 to /home/kamal/.config/discord/0.0.113/modules/pending/discord_spellcheck-1.zip: 99%
10/30/2025, 8:53:08 PM GMT+5:30 [Modules] Streaming discord_spellcheck@1 to /home/kamal/.config/discord/0.0.113/modules/pending/discord_spellcheck-1.zip: 100%
10/30/2025, 8:53:08 PM GMT+5:30 [Modules] Fetching discord_utils@1 from https://discord.com/api/modules/stable/discord_utils/1
10/30/2025, 8:53:08 PM GMT+5:30 [Modules] Streaming discord_utils@1 to /home/kamal/.config/discord/0.0.113/modules/pending/discord_utils-1.zip
10/30/2025, 8:53:09 PM GMT+5:30 [Modules] Streaming discord_utils@1 to /home/kamal/.config/discord/0.0.113/modules/pending/discord_utils-1.zip: 1%
10/30/2025, 8:53:09 PM GMT+5:30 [Modules] Streaming discord_utils@1 to /home/kamal/.config/discord/0.0.113/modules/pending/discord_utils-1.zip: 2%
10/30/2025, 8:53:09 PM GMT+5:30 [Modules] Streaming discord_utils@1 to /home/kamal/.config/discord/0.0.113/modules/pending/discord_utils-1.zip: 3%
10/30/2025, 8:53:09 PM GMT+5:30 [Modules] Streaming discord_utils@1 to /home/kamal/.config/discord/0.0.113/modules/pending/discord_utils-1.zip: 4%
10/30/2025, 8:53:09 PM GMT+5:30 [Modules] Streaming discord_utils@1 to /home/kamal/.config/discord/0.0.113/modules/pending/discord_utils-1.zip: 5%
10/30/2025, 8:53:09 PM GMT+5:30 [Modules] Streaming discord_utils@1 to /home/kamal/.config/discord/0.0.113/modules/pending/discord_utils-1.zip: 6%
10/30/2025, 8:53:09 PM GMT+5:30 [Modules] Streaming discord_utils@1 to /home/kamal/.config/discord/0.0.113/modules/pending/discord_utils-1.zip: 7%
10/30/2025, 8:53:09 PM GMT+5:30 [Modules] Streaming discord_utils@1 to /home/kamal/.config/discord/0.0.113/modules/pending/discord_utils-1.zip: 8%
10/30/2025, 8:53:09 PM GMT+5:30 [Modules] Streaming discord_utils@1 to /home/kamal/.config/discord/0.0.113/modules/pending/discord_utils-1.zip: 9%
10/30/2025, 8:53:09 PM GMT+5:30 [Modules] Streaming discord_utils@1 to /home/kamal/.config/discord/0.0.113/modules/pending/discord_utils-1.zip: 10%
10/30/2025, 8:53:09 PM GMT+5:30 [Modules] Streaming discord_utils@1 to /home/kamal/.config/discord/0.0.113/modules/pending/discord_utils-1.zip: 11%
10/30/2025, 8:53:09 PM GMT+5:30 [Modules] Streaming discord_utils@1 to /home/kamal/.config/discord/0.0.113/modules/pending/discord_utils-1.zip: 12%
10/30/2025, 8:53:09 PM GMT+5:30 [Modules] Streaming discord_utils@1 to /home/kamal/.config/discord/0.0.113/modules/pending/discord_utils-1.zip: 13%
10/30/2025, 8:53:09 PM GMT+5:30 [Modules] Streaming discord_utils@1 to /home/kamal/.config/discord/0.0.113/modules/pending/discord_utils-1.zip: 14%
10/30/2025, 8:53:09 PM GMT+5:30 [Modules] Streaming discord_utils@1 to /home/kamal/.config/discord/0.0.113/modules/pending/discord_utils-1.zip: 15%
10/30/2025, 8:53:09 PM GMT+5:30 [Modules] Streaming discord_utils@1 to /home/kamal/.config/discord/0.0.113/modules/pending/discord_utils-1.zip: 16%
10/30/2025, 8:53:09 PM GMT+5:30 [Modules] Streaming discord_utils@1 to /home/kamal/.config/discord/0.0.113/modules/pending/discord_utils-1.zip: 18%
10/30/2025, 8:53:09 PM GMT+5:30 [Modules] Streaming discord_utils@1 to /home/kamal/.config/discord/0.0.113/modules/pending/discord_utils-1.zip: 19%
10/30/2025, 8:53:09 PM GMT+5:30 [Modules] Streaming discord_utils@1 to /home/kamal/.config/discord/0.0.113/modules/pending/discord_utils-1.zip: 20%
10/30/2025, 8:53:09 PM GMT+5:30 [Modules] Streaming discord_utils@1 to /home/kamal/.config/discord/0.0.113/modules/pending/discord_utils-1.zip: 21%
10/30/2025, 8:53:09 PM GMT+5:30 [Modules] Streaming discord_utils@1 to /home/kamal/.config/discord/0.0.113/modules/pending/discord_utils-1.zip: 22%
10/30/2025, 8:53:09 PM GMT+5:30 [Modules] Streaming discord_utils@1 to /home/kamal/.config/discord/0.0.113/modules/pending/discord_utils-1.zip: 23%
10/30/2025, 8:53:09 PM GMT+5:30 [Modules] Streaming discord_utils@1 to /home/kamal/.config/discord/0.0.113/modules/pending/discord_utils-1.zip: 24%
10/30/2025, 8:53:09 PM GMT+5:30 [Modules] Streaming discord_utils@1 to /home/kamal/.config/discord/0.0.113/modules/pending/discord_utils-1.zip: 25%
10/30/2025, 8:53:09 PM GMT+5:30 [Modules] Streaming discord_utils@1 to /home/kamal/.config/discord/0.0.113/modules/pending/discord_utils-1.zip: 26%
10/30/2025, 8:53:09 PM GMT+5:30 [Modules] Streaming discord_utils@1 to /home/kamal/.config/discord/0.0.113/modules/pending/discord_utils-1.zip: 27%
10/30/2025, 8:53:09 PM GMT+5:30 [Modules] Streaming discord_utils@1 to /home/kamal/.config/discord/0.0.113/modules/pending/discord_utils-1.zip: 28%
10/30/2025, 8:53:09 PM GMT+5:30 [Modules] Streaming discord_utils@1 to /home/kamal/.config/discord/0.0.113/modules/pending/discord_utils-1.zip: 29%
10/30/2025, 8:53:09 PM GMT+5:30 [Modules] Streaming discord_utils@1 to /home/kamal/.config/discord/0.0.113/modules/pending/discord_utils-1.zip: 30%
10/30/2025, 8:53:09 PM GMT+5:30 [Modules] Streaming discord_utils@1 to /home/kamal/.config/discord/0.0.113/modules/pending/discord_utils-1.zip: 31%
10/30/2025, 8:53:09 PM GMT+5:30 [Modules] Streaming discord_utils@1 to /home/kamal/.config/discord/0.0.113/modules/pending/discord_utils-1.zip: 32%
10/30/2025, 8:53:09 PM GMT+5:30 [Modules] Streaming discord_utils@1 to /home/kamal/.config/discord/0.0.113/modules/pending/discord_utils-1.zip: 33%
10/30/2025, 8:53:09 PM GMT+5:30 [Modules] Streaming discord_utils@1 to /home/kamal/.config/discord/0.0.113/modules/pending/discord_utils-1.zip: 35%
10/30/2025, 8:53:09 PM GMT+5:30 [Modules] Streaming discord_utils@1 to /home/kamal/.config/discord/0.0.113/modules/pending/discord_utils-1.zip: 36%
10/30/2025, 8:53:09 PM GMT+5:30 [Modules] Streaming discord_utils@1 to /home/kamal/.config/discord/0.0.113/modules/pending/discord_utils-1.zip: 37%
10/30/2025, 8:53:09 PM GMT+5:30 [Modules] Streaming discord_utils@1 to /home/kamal/.config/discord/0.0.113/modules/pending/discord_utils-1.zip: 38%
10/30/2025, 8:53:09 PM GMT+5:30 [Modules] Streaming discord_utils@1 to /home/kamal/.config/discord/0.0.113/modules/pending/discord_utils-1.zip: 39%
10/30/2025, 8:53:09 PM GMT+5:30 [Modules] Streaming discord_utils@1 to /home/kamal/.config/discord/0.0.113/modules/pending/discord_utils-1.zip: 41%
10/30/2025, 8:53:09 PM GMT+5:30 [Modules] Streaming discord_utils@1 to /home/kamal/.config/discord/0.0.113/modules/pending/discord_utils-1.zip: 42%
10/30/2025, 8:53:09 PM GMT+5:30 [Modules] Streaming discord_utils@1 to /home/kamal/.config/discord/0.0.113/modules/pending/discord_utils-1.zip: 43%
10/30/2025, 8:53:09 PM GMT+5:30 [Modules] Streaming discord_utils@1 to /home/kamal/.config/discord/0.0.113/modules/pending/discord_utils-1.zip: 44%
10/30/2025, 8:53:09 PM GMT+5:30 [Modules] Streaming discord_utils@1 to /home/kamal/.config/discord/0.0.113/modules/pending/discord_utils-1.zip: 45%
10/30/2025, 8:53:09 PM GMT+5:30 [Modules] Streaming discord_utils@1 to /home/kamal/.config/discord/0.0.113/modules/pending/discord_utils-1.zip: 46%
10/30/2025, 8:53:09 PM GMT+5:30 [Modules] Streaming discord_utils@1 to /home/kamal/.config/discord/0.0.113/modules/pending/discord_utils-1.zip: 47%
10/30/2025, 8:53:09 PM GMT+5:30 [Modules] Streaming discord_utils@1 to /home/kamal/.config/discord/0.0.113/modules/pending/discord_utils-1.zip: 48%
10/30/2025, 8:53:09 PM GMT+5:30 [Modules] Streaming discord_utils@1 to /home/kamal/.config/discord/0.0.113/modules/pending/discord_utils-1.zip: 49%
10/30/2025, 8:53:09 PM GMT+5:30 [Modules] Streaming discord_utils@1 to /home/kamal/.config/discord/0.0.113/modules/pending/discord_utils-1.zip: 50%
10/30/2025, 8:53:09 PM GMT+5:30 [Modules] Streaming discord_utils@1 to /home/kamal/.config/discord/0.0.113/modules/pending/discord_utils-1.zip: 51%
10/30/2025, 8:53:09 PM GMT+5:30 [Modules] Streaming discord_utils@1 to /home/kamal/.config/discord/0.0.113/modules/pending/discord_utils-1.zip: 52%
10/30/2025, 8:53:09 PM GMT+5:30 [Modules] Streaming discord_utils@1 to /home/kamal/.config/discord/0.0.113/modules/pending/discord_utils-1.zip: 53%
10/30/2025, 8:53:09 PM GMT+5:30 [Modules] Streaming discord_utils@1 to /home/kamal/.config/discord/0.0.113/modules/pending/discord_utils-1.zip: 54%
10/30/2025, 8:53:09 PM GMT+5:30 [Modules] Streaming discord_utils@1 to /home/kamal/.config/discord/0.0.113/modules/pending/discord_utils-1.zip: 55%
10/30/2025, 8:53:09 PM GMT+5:30 [Modules] Streaming discord_utils@1 to /home/kamal/.config/discord/0.0.113/modules/pending/discord_utils-1.zip: 56%
10/30/2025, 8:53:10 PM GMT+5:30 [Modules] Streaming discord_utils@1 to /home/kamal/.config/discord/0.0.113/modules/pending/discord_utils-1.zip: 57%
10/30/2025, 8:53:10 PM GMT+5:30 [Modules] Streaming discord_utils@1 to /home/kamal/.config/discord/0.0.113/modules/pending/discord_utils-1.zip: 58%
10/30/2025, 8:53:10 PM GMT+5:30 [Modules] Streaming discord_utils@1 to /home/kamal/.config/discord/0.0.113/modules/pending/discord_utils-1.zip: 59%
10/30/2025, 8:53:10 PM GMT+5:30 [Modules] Streaming discord_utils@1 to /home/kamal/.config/discord/0.0.113/modules/pending/discord_utils-1.zip: 60%
10/30/2025, 8:53:10 PM GMT+5:30 [Modules] Streaming discord_utils@1 to /home/kamal/.config/discord/0.0.113/modules/pending/discord_utils-1.zip: 61%
10/30/2025, 8:53:10 PM GMT+5:30 [Modules] Streaming discord_utils@1 to /home/kamal/.config/discord/0.0.113/modules/pending/discord_utils-1.zip: 62%
10/30/2025, 8:53:10 PM GMT+5:30 [Modules] Streaming discord_utils@1 to /home/kamal/.config/discord/0.0.113/modules/pending/discord_utils-1.zip: 63%
10/30/2025, 8:53:10 PM GMT+5:30 [Modules] Streaming discord_utils@1 to /home/kamal/.config/discord/0.0.113/modules/pending/discord_utils-1.zip: 65%
10/30/2025, 8:53:10 PM GMT+5:30 [Modules] Streaming discord_utils@1 to /home/kamal/.config/discord/0.0.113/modules/pending/discord_utils-1.zip: 66%
10/30/2025, 8:53:10 PM GMT+5:30 [Modules] Streaming discord_utils@1 to /home/kamal/.config/discord/0.0.113/modules/pending/discord_utils-1.zip: 67%
10/30/2025, 8:53:10 PM GMT+5:30 [Modules] Streaming discord_utils@1 to /home/kamal/.config/discord/0.0.113/modules/pending/discord_utils-1.zip: 68%
10/30/2025, 8:53:10 PM GMT+5:30 [Modules] Streaming discord_utils@1 to /home/kamal/.config/discord/0.0.113/modules/pending/discord_utils-1.zip: 69%
10/30/2025, 8:53:10 PM GMT+5:30 [Modules] Streaming discord_utils@1 to /home/kamal/.config/discord/0.0.113/modules/pending/discord_utils-1.zip: 70%
10/30/2025, 8:53:10 PM GMT+5:30 [Modules] Streaming discord_utils@1 to /home/kamal/.config/discord/0.0.113/modules/pending/discord_utils-1.zip: 71%
10/30/2025, 8:53:10 PM GMT+5:30 [Modules] Streaming discord_utils@1 to /home/kamal/.config/discord/0.0.113/modules/pending/discord_utils-1.zip: 72%
10/30/2025, 8:53:10 PM GMT+5:30 [Modules] Streaming discord_utils@1 to /home/kamal/.config/discord/0.0.113/modules/pending/discord_utils-1.zip: 73%
10/30/2025, 8:53:10 PM GMT+5:30 [Modules] Streaming discord_utils@1 to /home/kamal/.config/discord/0.0.113/modules/pending/discord_utils-1.zip: 74%
10/30/2025, 8:53:10 PM GMT+5:30 [Modules] Streaming discord_utils@1 to /home/kamal/.config/discord/0.0.113/modules/pending/discord_utils-1.zip: 75%
10/30/2025, 8:53:10 PM GMT+5:30 [Modules] Streaming discord_utils@1 to /home/kamal/.config/discord/0.0.113/modules/pending/discord_utils-1.zip: 76%
10/30/2025, 8:53:10 PM GMT+5:30 [Modules] Streaming discord_utils@1 to /home/kamal/.config/discord/0.0.113/modules/pending/discord_utils-1.zip: 77%
10/30/2025, 8:53:10 PM GMT+5:30 [Modules] Streaming discord_utils@1 to /home/kamal/.config/discord/0.0.113/modules/pending/discord_utils-1.zip: 78%
10/30/2025, 8:53:10 PM GMT+5:30 [Modules] Streaming discord_utils@1 to /home/kamal/.config/discord/0.0.113/modules/pending/discord_utils-1.zip: 79%
10/30/2025, 8:53:10 PM GMT+5:30 [Modules] Streaming discord_utils@1 to /home/kamal/.config/discord/0.0.113/modules/pending/discord_utils-1.zip: 80%
10/30/2025, 8:53:10 PM GMT+5:30 [Modules] Streaming discord_utils@1 to /home/kamal/.config/discord/0.0.113/modules/pending/discord_utils-1.zip: 81%
10/30/2025, 8:53:10 PM GMT+5:30 [Modules] Streaming discord_utils@1 to /home/kamal/.config/discord/0.0.113/modules/pending/discord_utils-1.zip: 82%
10/30/2025, 8:53:10 PM GMT+5:30 [Modules] Streaming discord_utils@1 to /home/kamal/.config/discord/0.0.113/modules/pending/discord_utils-1.zip: 83%
10/30/2025, 8:53:10 PM GMT+5:30 [Modules] Streaming discord_utils@1 to /home/kamal/.config/discord/0.0.113/modules/pending/discord_utils-1.zip: 84%
10/30/2025, 8:53:10 PM GMT+5:30 [Modules] Streaming discord_utils@1 to /home/kamal/.config/discord/0.0.113/modules/pending/discord_utils-1.zip: 85%
10/30/2025, 8:53:10 PM GMT+5:30 [Modules] Streaming discord_utils@1 to /home/kamal/.config/discord/0.0.113/modules/pending/discord_utils-1.zip: 86%
10/30/2025, 8:53:10 PM GMT+5:30 [Modules] Streaming discord_utils@1 to /home/kamal/.config/discord/0.0.113/modules/pending/discord_utils-1.zip: 87%
10/30/2025, 8:53:10 PM GMT+5:30 [Modules] Streaming discord_utils@1 to /home/kamal/.config/discord/0.0.113/modules/pending/discord_utils-1.zip: 88%
10/30/2025, 8:53:10 PM GMT+5:30 [Modules] Streaming discord_utils@1 to /home/kamal/.config/discord/0.0.113/modules/pending/discord_utils-1.zip: 89%
10/30/2025, 8:53:10 PM GMT+5:30 [Modules] Streaming discord_utils@1 to /home/kamal/.config/discord/0.0.113/modules/pending/discord_utils-1.zip: 90%
10/30/2025, 8:53:10 PM GMT+5:30 [Modules] Streaming discord_utils@1 to /home/kamal/.config/discord/0.0.113/modules/pending/discord_utils-1.zip: 92%
10/30/2025, 8:53:10 PM GMT+5:30 [Modules] Streaming discord_utils@1 to /home/kamal/.config/discord/0.0.113/modules/pending/discord_utils-1.zip: 93%
10/30/2025, 8:53:10 PM GMT+5:30 [Modules] Streaming discord_utils@1 to /home/kamal/.config/discord/0.0.113/modules/pending/discord_utils-1.zip: 94%
10/30/2025, 8:53:10 PM GMT+5:30 [Modules] Streaming discord_utils@1 to /home/kamal/.config/discord/0.0.113/modules/pending/discord_utils-1.zip: 95%
10/30/2025, 8:53:10 PM GMT+5:30 [Modules] Streaming discord_utils@1 to /home/kamal/.config/discord/0.0.113/modules/pending/discord_utils-1.zip: 96%
10/30/2025, 8:53:10 PM GMT+5:30 [Modules] Streaming discord_utils@1 to /home/kamal/.config/discord/0.0.113/modules/pending/discord_utils-1.zip: 97%
10/30/2025, 8:53:10 PM GMT+5:30 [Modules] Streaming discord_utils@1 to /home/kamal/.config/discord/0.0.113/modules/pending/discord_utils-1.zip: 98%
10/30/2025, 8:53:10 PM GMT+5:30 [Modules] Streaming discord_utils@1 to /home/kamal/.config/discord/0.0.113/modules/pending/discord_utils-1.zip: 99%
10/30/2025, 8:53:10 PM GMT+5:30 [Modules] Streaming discord_utils@1 to /home/kamal/.config/discord/0.0.113/modules/pending/discord_utils-1.zip: 100%
10/30/2025, 8:53:10 PM GMT+5:30 [Modules] Fetching discord_voice@1 from https://discord.com/api/modules/stable/discord_voice/1
10/30/2025, 8:53:10 PM GMT+5:30 [Modules] Streaming discord_voice@1 to /home/kamal/.config/discord/0.0.113/modules/pending/discord_voice-1.zip
10/30/2025, 8:53:11 PM GMT+5:30 [Modules] Streaming discord_voice@1 to /home/kamal/.config/discord/0.0.113/modules/pending/discord_voice-1.zip: 1%
10/30/2025, 8:53:11 PM GMT+5:30 [Modules] Streaming discord_voice@1 to /home/kamal/.config/discord/0.0.113/modules/pending/discord_voice-1.zip: 2%
10/30/2025, 8:53:11 PM GMT+5:30 [Modules] Streaming discord_voice@1 to /home/kamal/.config/discord/0.0.113/modules/pending/discord_voice-1.zip: 3%
10/30/2025, 8:53:11 PM GMT+5:30 [Modules] Streaming discord_voice@1 to /home/kamal/.config/discord/0.0.113/modules/pending/discord_voice-1.zip: 4%
10/30/2025, 8:53:11 PM GMT+5:30 [Modules] Streaming discord_voice@1 to /home/kamal/.config/discord/0.0.113/modules/pending/discord_voice-1.zip: 5%
10/30/2025, 8:53:11 PM GMT+5:30 [Modules] Streaming discord_voice@1 to /home/kamal/.config/discord/0.0.113/modules/pending/discord_voice-1.zip: 6%
10/30/2025, 8:53:11 PM GMT+5:30 [Modules] Streaming discord_voice@1 to /home/kamal/.config/discord/0.0.113/modules/pending/discord_voice-1.zip: 7%
10/30/2025, 8:53:11 PM GMT+5:30 [Modules] Streaming discord_voice@1 to /home/kamal/.config/discord/0.0.113/modules/pending/discord_voice-1.zip: 8%
10/30/2025, 8:53:11 PM GMT+5:30 [Modules] Streaming discord_voice@1 to /home/kamal/.config/discord/0.0.113/modules/pending/discord_voice-1.zip: 9%
10/30/2025, 8:53:11 PM GMT+5:30 [Modules] Streaming discord_voice@1 to /home/kamal/.config/discord/0.0.113/modules/pending/discord_voice-1.zip: 10%
10/30/2025, 8:53:11 PM GMT+5:30 [Modules] Streaming discord_voice@1 to /home/kamal/.config/discord/0.0.113/modules/pending/discord_voice-1.zip: 11%
10/30/2025, 8:53:11 PM GMT+5:30 [Modules] Streaming discord_voice@1 to /home/kamal/.config/discord/0.0.113/modules/pending/discord_voice-1.zip: 12%
10/30/2025, 8:53:11 PM GMT+5:30 [Modules] Streaming discord_voice@1 to /home/kamal/.config/discord/0.0.113/modules/pending/discord_voice-1.zip: 13%
10/30/2025, 8:53:11 PM GMT+5:30 [Modules] Streaming discord_voice@1 to /home/kamal/.config/discord/0.0.113/modules/pending/discord_voice-1.zip: 14%
10/30/2025, 8:53:11 PM GMT+5:30 [Modules] Streaming discord_voice@1 to /home/kamal/.config/discord/0.0.113/modules/pending/discord_voice-1.zip: 15%
10/30/2025, 8:53:11 PM GMT+5:30 [Modules] Streaming discord_voice@1 to /home/kamal/.config/discord/0.0.113/modules/pending/discord_voice-1.zip: 16%
10/30/2025, 8:53:11 PM GMT+5:30 [Modules] Streaming discord_voice@1 to /home/kamal/.config/discord/0.0.113/modules/pending/discord_voice-1.zip: 17%
10/30/2025, 8:53:11 PM GMT+5:30 [Modules] Streaming discord_voice@1 to /home/kamal/.config/discord/0.0.113/modules/pending/discord_voice-1.zip: 18%
10/30/2025, 8:53:11 PM GMT+5:30 [Modules] Streaming discord_voice@1 to /home/kamal/.config/discord/0.0.113/modules/pending/discord_voice-1.zip: 19%
10/30/2025, 8:53:12 PM GMT+5:30 [Modules] Streaming discord_voice@1 to /home/kamal/.config/discord/0.0.113/modules/pending/discord_voice-1.zip: 20%
10/30/2025, 8:53:12 PM GMT+5:30 [Modules] Streaming discord_voice@1 to /home/kamal/.config/discord/0.0.113/modules/pending/discord_voice-1.zip: 21%
10/30/2025, 8:53:12 PM GMT+5:30 [Modules] Streaming discord_voice@1 to /home/kamal/.config/discord/0.0.113/modules/pending/discord_voice-1.zip: 22%
10/30/2025, 8:53:12 PM GMT+5:30 [Modules] Streaming discord_voice@1 to /home/kamal/.config/discord/0.0.113/modules/pending/discord_voice-1.zip: 23%
10/30/2025, 8:53:12 PM GMT+5:30 [Modules] Streaming discord_voice@1 to /home/kamal/.config/discord/0.0.113/modules/pending/discord_voice-1.zip: 24%
10/30/2025, 8:53:12 PM GMT+5:30 [Modules] Streaming discord_voice@1 to /home/kamal/.config/discord/0.0.113/modules/pending/discord_voice-1.zip: 25%
10/30/2025, 8:53:12 PM GMT+5:30 [Modules] Streaming discord_voice@1 to /home/kamal/.config/discord/0.0.113/modules/pending/discord_voice-1.zip: 26%
10/30/2025, 8:53:12 PM GMT+5:30 [Modules] Streaming discord_voice@1 to /home/kamal/.config/discord/0.0.113/modules/pending/discord_voice-1.zip: 27%
10/30/2025, 8:53:12 PM GMT+5:30 [Modules] Streaming discord_voice@1 to /home/kamal/.config/discord/0.0.113/modules/pending/discord_voice-1.zip: 28%
10/30/2025, 8:53:12 PM GMT+5:30 [Modules] Streaming discord_voice@1 to /home/kamal/.config/discord/0.0.113/modules/pending/discord_voice-1.zip: 29%
10/30/2025, 8:53:12 PM GMT+5:30 [Modules] Streaming discord_voice@1 to /home/kamal/.config/discord/0.0.113/modules/pending/discord_voice-1.zip: 30%
10/30/2025, 8:53:12 PM GMT+5:30 [Modules] Streaming discord_voice@1 to /home/kamal/.config/discord/0.0.113/modules/pending/discord_voice-1.zip: 31%
10/30/2025, 8:53:12 PM GMT+5:30 [Modules] Streaming discord_voice@1 to /home/kamal/.config/discord/0.0.113/modules/pending/discord_voice-1.zip: 32%
10/30/2025, 8:53:12 PM GMT+5:30 [Modules] Streaming discord_voice@1 to /home/kamal/.config/discord/0.0.113/modules/pending/discord_voice-1.zip: 33%
10/30/2025, 8:53:12 PM GMT+5:30 [Modules] Streaming discord_voice@1 to /home/kamal/.config/discord/0.0.113/modules/pending/discord_voice-1.zip: 34%
10/30/2025, 8:53:12 PM GMT+5:30 [Modules] Streaming discord_voice@1 to /home/kamal/.config/discord/0.0.113/modules/pending/discord_voice-1.zip: 35%
10/30/2025, 8:53:12 PM GMT+5:30 [Modules] Streaming discord_voice@1 to /home/kamal/.config/discord/0.0.113/modules/pending/discord_voice-1.zip: 36%
10/30/2025, 8:53:13 PM GMT+5:30 [Modules] Streaming discord_voice@1 to /home/kamal/.config/discord/0.0.113/modules/pending/discord_voice-1.zip: 37%
10/30/2025, 8:53:13 PM GMT+5:30 [Modules] Streaming discord_voice@1 to /home/kamal/.config/discord/0.0.113/modules/pending/discord_voice-1.zip: 38%
10/30/2025, 8:53:13 PM GMT+5:30 [Modules] Streaming discord_voice@1 to /home/kamal/.config/discord/0.0.113/modules/pending/discord_voice-1.zip: 39%
10/30/2025, 8:53:13 PM GMT+5:30 [Modules] Streaming discord_voice@1 to /home/kamal/.config/discord/0.0.113/modules/pending/discord_voice-1.zip: 40%
10/30/2025, 8:53:13 PM GMT+5:30 [Modules] Streaming discord_voice@1 to /home/kamal/.config/discord/0.0.113/modules/pending/discord_voice-1.zip: 41%
10/30/2025, 8:53:13 PM GMT+5:30 [Modules] Streaming discord_voice@1 to /home/kamal/.config/discord/0.0.113/modules/pending/discord_voice-1.zip: 42%
10/30/2025, 8:53:13 PM GMT+5:30 [Modules] Streaming discord_voice@1 to /home/kamal/.config/discord/0.0.113/modules/pending/discord_voice-1.zip: 43%
10/30/2025, 8:53:13 PM GMT+5:30 [Modules] Streaming discord_voice@1 to /home/kamal/.config/discord/0.0.113/modules/pending/discord_voice-1.zip: 44%
10/30/2025, 8:53:13 PM GMT+5:30 [Modules] Streaming discord_voice@1 to /home/kamal/.config/discord/0.0.113/modules/pending/discord_voice-1.zip: 45%
10/30/2025, 8:53:13 PM GMT+5:30 [Modules] Streaming discord_voice@1 to /home/kamal/.config/discord/0.0.113/modules/pending/discord_voice-1.zip: 46%
10/30/2025, 8:53:13 PM GMT+5:30 [Modules] Streaming discord_voice@1 to /home/kamal/.config/discord/0.0.113/modules/pending/discord_voice-1.zip: 47%
10/30/2025, 8:53:13 PM GMT+5:30 [Modules] Streaming discord_voice@1 to /home/kamal/.config/discord/0.0.113/modules/pending/discord_voice-1.zip: 48%
10/30/2025, 8:53:13 PM GMT+5:30 [Modules] Streaming discord_voice@1 to /home/kamal/.config/discord/0.0.113/modules/pending/discord_voice-1.zip: 49%
10/30/2025, 8:53:13 PM GMT+5:30 [Modules] Streaming discord_voice@1 to /home/kamal/.config/discord/0.0.113/modules/pending/discord_voice-1.zip: 50%
10/30/2025, 8:53:13 PM GMT+5:30 [Modules] Streaming discord_voice@1 to /home/kamal/.config/discord/0.0.113/modules/pending/discord_voice-1.zip: 51%
10/30/2025, 8:53:13 PM GMT+5:30 [Modules] Streaming discord_voice@1 to /home/kamal/.config/discord/0.0.113/modules/pending/discord_voice-1.zip: 52%
10/30/2025, 8:53:13 PM GMT+5:30 [Modules] Streaming discord_voice@1 to /home/kamal/.config/discord/0.0.113/modules/pending/discord_voice-1.zip: 53%
10/30/2025, 8:53:13 PM GMT+5:30 [Modules] Streaming discord_voice@1 to /home/kamal/.config/discord/0.0.113/modules/pending/discord_voice-1.zip: 54%
10/30/2025, 8:53:13 PM GMT+5:30 [Modules] Streaming discord_voice@1 to /home/kamal/.config/discord/0.0.113/modules/pending/discord_voice-1.zip: 55%
10/30/2025, 8:53:13 PM GMT+5:30 [Modules] Streaming discord_voice@1 to /home/kamal/.config/discord/0.0.113/modules/pending/discord_voice-1.zip: 56%
10/30/2025, 8:53:14 PM GMT+5:30 [Modules] Streaming discord_voice@1 to /home/kamal/.config/discord/0.0.113/modules/pending/discord_voice-1.zip: 57%
10/30/2025, 8:53:14 PM GMT+5:30 [Modules] Streaming discord_voice@1 to /home/kamal/.config/discord/0.0.113/modules/pending/discord_voice-1.zip: 58%
10/30/2025, 8:53:14 PM GMT+5:30 [Modules] Streaming discord_voice@1 to /home/kamal/.config/discord/0.0.113/modules/pending/discord_voice-1.zip: 59%
10/30/2025, 8:53:14 PM GMT+5:30 [Modules] Streaming discord_voice@1 to /home/kamal/.config/discord/0.0.113/modules/pending/discord_voice-1.zip: 60%
10/30/2025, 8:53:14 PM GMT+5:30 [Modules] Streaming discord_voice@1 to /home/kamal/.config/discord/0.0.113/modules/pending/discord_voice-1.zip: 61%
10/30/2025, 8:53:14 PM GMT+5:30 [Modules] Streaming discord_voice@1 to /home/kamal/.config/discord/0.0.113/modules/pending/discord_voice-1.zip: 62%
10/30/2025, 8:53:14 PM GMT+5:30 [Modules] Streaming discord_voice@1 to /home/kamal/.config/discord/0.0.113/modules/pending/discord_voice-1.zip: 63%
10/30/2025, 8:53:14 PM GMT+5:30 [Modules] Streaming discord_voice@1 to /home/kamal/.config/discord/0.0.113/modules/pending/discord_voice-1.zip: 64%
10/30/2025, 8:53:14 PM GMT+5:30 [Modules] Streaming discord_voice@1 to /home/kamal/.config/discord/0.0.113/modules/pending/discord_voice-1.zip: 65%
10/30/2025, 8:53:14 PM GMT+5:30 [Modules] Streaming discord_voice@1 to /home/kamal/.config/discord/0.0.113/modules/pending/discord_voice-1.zip: 66%
10/30/2025, 8:53:14 PM GMT+5:30 [Modules] Streaming discord_voice@1 to /home/kamal/.config/discord/0.0.113/modules/pending/discord_voice-1.zip: 67%
10/30/2025, 8:53:14 PM GMT+5:30 [Modules] Streaming discord_voice@1 to /home/kamal/.config/discord/0.0.113/modules/pending/discord_voice-1.zip: 68%
10/30/2025, 8:53:15 PM GMT+5:30 [Modules] Streaming discord_voice@1 to /home/kamal/.config/discord/0.0.113/modules/pending/discord_voice-1.zip: 69%
10/30/2025, 8:53:15 PM GMT+5:30 [Modules] Streaming discord_voice@1 to /home/kamal/.config/discord/0.0.113/modules/pending/discord_voice-1.zip: 70%
10/30/2025, 8:53:15 PM GMT+5:30 [Modules] Streaming discord_voice@1 to /home/kamal/.config/discord/0.0.113/modules/pending/discord_voice-1.zip: 71%
10/30/2025, 8:53:15 PM GMT+5:30 [Modules] Streaming discord_voice@1 to /home/kamal/.config/discord/0.0.113/modules/pending/discord_voice-1.zip: 72%
10/30/2025, 8:53:15 PM GMT+5:30 [Modules] Streaming discord_voice@1 to /home/kamal/.config/discord/0.0.113/modules/pending/discord_voice-1.zip: 73%
10/30/2025, 8:53:15 PM GMT+5:30 [Modules] Streaming discord_voice@1 to /home/kamal/.config/discord/0.0.113/modules/pending/discord_voice-1.zip: 74%
10/30/2025, 8:53:15 PM GMT+5:30 [Modules] Streaming discord_voice@1 to /home/kamal/.config/discord/0.0.113/modules/pending/discord_voice-1.zip: 75%
10/30/2025, 8:53:15 PM GMT+5:30 [Modules] Streaming discord_voice@1 to /home/kamal/.config/discord/0.0.113/modules/pending/discord_voice-1.zip: 76%
10/30/2025, 8:53:15 PM GMT+5:30 [Modules] Streaming discord_voice@1 to /home/kamal/.config/discord/0.0.113/modules/pending/discord_voice-1.zip: 77%
10/30/2025, 8:53:15 PM GMT+5:30 [Modules] Streaming discord_voice@1 to /home/kamal/.config/discord/0.0.113/modules/pending/discord_voice-1.zip: 78%
10/30/2025, 8:53:15 PM GMT+5:30 [Modules] Streaming discord_voice@1 to /home/kamal/.config/discord/0.0.113/modules/pending/discord_voice-1.zip: 79%
10/30/2025, 8:53:16 PM GMT+5:30 [Modules] Streaming discord_voice@1 to /home/kamal/.config/discord/0.0.113/modules/pending/discord_voice-1.zip: 80%
10/30/2025, 8:53:16 PM GMT+5:30 [Modules] Streaming discord_voice@1 to /home/kamal/.config/discord/0.0.113/modules/pending/discord_voice-1.zip: 81%
10/30/2025, 8:53:16 PM GMT+5:30 [Modules] Streaming discord_voice@1 to /home/kamal/.config/discord/0.0.113/modules/pending/discord_voice-1.zip: 82%
10/30/2025, 8:53:16 PM GMT+5:30 [Modules] Streaming discord_voice@1 to /home/kamal/.config/discord/0.0.113/modules/pending/discord_voice-1.zip: 83%
10/30/2025, 8:53:16 PM GMT+5:30 [Modules] Streaming discord_voice@1 to /home/kamal/.config/discord/0.0.113/modules/pending/discord_voice-1.zip: 84%
10/30/2025, 8:53:16 PM GMT+5:30 [Modules] Streaming discord_voice@1 to /home/kamal/.config/discord/0.0.113/modules/pending/discord_voice-1.zip: 85%
10/30/2025, 8:53:16 PM GMT+5:30 [Modules] Streaming discord_voice@1 to /home/kamal/.config/discord/0.0.113/modules/pending/discord_voice-1.zip: 86%
10/30/2025, 8:53:16 PM GMT+5:30 [Modules] Streaming discord_voice@1 to /home/kamal/.config/discord/0.0.113/modules/pending/discord_voice-1.zip: 87%
10/30/2025, 8:53:16 PM GMT+5:30 [Modules] Streaming discord_voice@1 to /home/kamal/.config/discord/0.0.113/modules/pending/discord_voice-1.zip: 88%
10/30/2025, 8:53:16 PM GMT+5:30 [Modules] Streaming discord_voice@1 to /home/kamal/.config/discord/0.0.113/modules/pending/discord_voice-1.zip: 89%
10/30/2025, 8:53:16 PM GMT+5:30 [Modules] Streaming discord_voice@1 to /home/kamal/.config/discord/0.0.113/modules/pending/discord_voice-1.zip: 90%
10/30/2025, 8:53:16 PM GMT+5:30 [Modules] Streaming discord_voice@1 to /home/kamal/.config/discord/0.0.113/modules/pending/discord_voice-1.zip: 91%
10/30/2025, 8:53:17 PM GMT+5:30 [Modules] Streaming discord_voice@1 to /home/kamal/.config/discord/0.0.113/modules/pending/discord_voice-1.zip: 92%
10/30/2025, 8:53:17 PM GMT+5:30 [Modules] Streaming discord_voice@1 to /home/kamal/.config/discord/0.0.113/modules/pending/discord_voice-1.zip: 93%
10/30/2025, 8:53:17 PM GMT+5:30 [Modules] Streaming discord_voice@1 to /home/kamal/.config/discord/0.0.113/modules/pending/discord_voice-1.zip: 94%
10/30/2025, 8:53:17 PM GMT+5:30 [Modules] Streaming discord_voice@1 to /home/kamal/.config/discord/0.0.113/modules/pending/discord_voice-1.zip: 95%
10/30/2025, 8:53:17 PM GMT+5:30 [Modules] Streaming discord_voice@1 to /home/kamal/.config/discord/0.0.113/modules/pending/discord_voice-1.zip: 96%
10/30/2025, 8:53:17 PM GMT+5:30 [Modules] Streaming discord_voice@1 to /home/kamal/.config/discord/0.0.113/modules/pending/discord_voice-1.zip: 97%
10/30/2025, 8:53:17 PM GMT+5:30 [Modules] Streaming discord_voice@1 to /home/kamal/.config/discord/0.0.113/modules/pending/discord_voice-1.zip: 98%
10/30/2025, 8:53:17 PM GMT+5:30 [Modules] Streaming discord_voice@1 to /home/kamal/.config/discord/0.0.113/modules/pending/discord_voice-1.zip: 99%
10/30/2025, 8:53:17 PM GMT+5:30 [Modules] Streaming discord_voice@1 to /home/kamal/.config/discord/0.0.113/modules/pending/discord_voice-1.zip: 100%
10/30/2025, 8:53:17 PM GMT+5:30 [Modules] Fetching discord_zstd@1 from https://discord.com/api/modules/stable/discord_zstd/1
10/30/2025, 8:53:17 PM GMT+5:30 [Modules] Streaming discord_zstd@1 to /home/kamal/.config/discord/0.0.113/modules/pending/discord_zstd-1.zip
10/30/2025, 8:53:18 PM GMT+5:30 [Modules] Streaming discord_zstd@1 to /home/kamal/.config/discord/0.0.113/modules/pending/discord_zstd-1.zip: 8%
10/30/2025, 8:53:18 PM GMT+5:30 [Modules] Streaming discord_zstd@1 to /home/kamal/.config/discord/0.0.113/modules/pending/discord_zstd-1.zip: 12%
10/30/2025, 8:53:18 PM GMT+5:30 [Modules] Streaming discord_zstd@1 to /home/kamal/.config/discord/0.0.113/modules/pending/discord_zstd-1.zip: 17%
10/30/2025, 8:53:18 PM GMT+5:30 [Modules] Streaming discord_zstd@1 to /home/kamal/.config/discord/0.0.113/modules/pending/discord_zstd-1.zip: 29%
10/30/2025, 8:53:18 PM GMT+5:30 [Modules] Streaming discord_zstd@1 to /home/kamal/.config/discord/0.0.113/modules/pending/discord_zstd-1.zip: 34%
10/30/2025, 8:53:18 PM GMT+5:30 [Modules] Streaming discord_zstd@1 to /home/kamal/.config/discord/0.0.113/modules/pending/discord_zstd-1.zip: 38%
10/30/2025, 8:53:18 PM GMT+5:30 [Modules] Streaming discord_zstd@1 to /home/kamal/.config/discord/0.0.113/modules/pending/discord_zstd-1.zip: 42%
10/30/2025, 8:53:18 PM GMT+5:30 [Modules] Streaming discord_zstd@1 to /home/kamal/.config/discord/0.0.113/modules/pending/discord_zstd-1.zip: 60%
10/30/2025, 8:53:18 PM GMT+5:30 [Modules] Streaming discord_zstd@1 to /home/kamal/.config/discord/0.0.113/modules/pending/discord_zstd-1.zip: 72%
10/30/2025, 8:53:18 PM GMT+5:30 [Modules] Streaming discord_zstd@1 to /home/kamal/.config/discord/0.0.113/modules/pending/discord_zstd-1.zip: 77%
10/30/2025, 8:53:18 PM GMT+5:30 [Modules] Streaming discord_zstd@1 to /home/kamal/.config/discord/0.0.113/modules/pending/discord_zstd-1.zip: 81%
10/30/2025, 8:53:18 PM GMT+5:30 [Modules] Streaming discord_zstd@1 to /home/kamal/.config/discord/0.0.113/modules/pending/discord_zstd-1.zip: 85%
10/30/2025, 8:53:18 PM GMT+5:30 [Modules] Streaming discord_zstd@1 to /home/kamal/.config/discord/0.0.113/modules/pending/discord_zstd-1.zip: 94%
10/30/2025, 8:53:18 PM GMT+5:30 [Modules] Streaming discord_zstd@1 to /home/kamal/.config/discord/0.0.113/modules/pending/discord_zstd-1.zip: 100%
10/30/2025, 8:53:18 PM GMT+5:30 [Modules] Finished module downloads. [success: 6] [failure: 0]
10/30/2025, 8:53:18 PM GMT+5:30 [Modules] Installing updates...
10/30/2025, 8:53:18 PM GMT+5:30 [Modules] Installing discord_desktop_core@1 from /home/kamal/.config/discord/0.0.113/modules/pending/discord_desktop_core-1.zip
10/30/2025, 8:53:18 PM GMT+5:30 [Modules] Installing discord_erlpack@1 from /home/kamal/.config/discord/0.0.113/modules/pending/discord_erlpack-1.zip
10/30/2025, 8:53:18 PM GMT+5:30 [Modules] Installing discord_spellcheck@1 from /home/kamal/.config/discord/0.0.113/modules/pending/discord_spellcheck-1.zip
11/5/2025, 4:43:51 PM GMT+5:30 [Modules] Modules initializing
11/5/2025, 4:43:51 PM GMT+5:30 [Modules] Distribution: remote
11/5/2025, 4:43:51 PM GMT+5:30 [Modules] Host updates: enabled
11/5/2025, 4:43:51 PM GMT+5:30 [Modules] Module updates: enabled
11/5/2025, 4:43:51 PM GMT+5:30 [Modules] Module install path: /home/kamal/.config/discord/0.0.113/modules
11/5/2025, 4:43:51 PM GMT+5:30 [Modules] Module installed file path: /home/kamal/.config/discord/0.0.113/modules/installed.json
11/5/2025, 4:43:51 PM GMT+5:30 [Modules] Module download path: /home/kamal/.config/discord/0.0.113/modules/pending
11/5/2025, 4:43:51 PM GMT+5:30 [Modules] Installing updates...
11/5/2025, 4:43:51 PM GMT+5:30 [Modules] Installing discord_spellcheck@1 from /home/kamal/.config/discord/0.0.113/modules/pending/discord_spellcheck-1.zip
11/5/2025, 4:43:52 PM GMT+5:30 [Modules] Installing discord_utils@1 from /home/kamal/.config/discord/0.0.113/modules/pending/discord_utils-1.zip
11/5/2025, 4:43:53 PM GMT+5:30 [Modules] Installing discord_voice@1 from /home/kamal/.config/discord/0.0.113/modules/pending/discord_voice-1.zip
11/5/2025, 4:43:54 PM GMT+5:30 [Modules] Installing discord_zstd@1 from /home/kamal/.config/discord/0.0.113/modules/pending/discord_zstd-1.zip
11/5/2025, 4:43:54 PM GMT+5:30 [Modules] Finished module installations. [success: 4] [failure: 0]
11/5/2025, 4:43:54 PM GMT+5:30 [Modules] Checking for host updates.
11/5/2025, 4:43:54 PM GMT+5:30 [Modules] Host is up to date.
11/5/2025, 4:43:54 PM GMT+5:30 [Modules] Checking for module updates at https://discord.com/api/modules/stable/versions.json
11/5/2025, 4:43:55 PM GMT+5:30 [Modules] No module updates available.
11/5/2025, 4:43:58 PM GMT+5:30 [Modules] Starting to install discord_krisp...
11/5/2025, 4:43:58 PM GMT+5:30 [Modules] Fetching discord_krisp@1 from https://discord.com/api/modules/stable/discord_krisp/1
11/5/2025, 4:43:58 PM GMT+5:30 [Modules] Streaming discord_krisp@1 to /home/kamal/.config/discord/0.0.113/modules/pending/discord_krisp-1.zip
11/5/2025, 4:43:58 PM GMT+5:30 [Modules] Starting to install discord_game_utils...
11/5/2025, 4:43:59 PM GMT+5:30 [Modules] Streaming discord_krisp@1 to /home/kamal/.config/discord/0.0.113/modules/pending/discord_krisp-1.zip: 1%
11/5/2025, 4:43:59 PM GMT+5:30 [Modules] Starting to install discord_rpc...
11/5/2025, 4:43:59 PM GMT+5:30 [Modules] Streaming discord_krisp@1 to /home/kamal/.config/discord/0.0.113/modules/pending/discord_krisp-1.zip: 2%
11/5/2025, 4:44:00 PM GMT+5:30 [Modules] Streaming discord_krisp@1 to /home/kamal/.config/discord/0.0.113/modules/pending/discord_krisp-1.zip: 3%
11/5/2025, 4:44:00 PM GMT+5:30 [Modules] Streaming discord_krisp@1 to /home/kamal/.config/discord/0.0.113/modules/pending/discord_krisp-1.zip: 4%
11/5/2025, 4:44:00 PM GMT+5:30 [Modules] Streaming discord_krisp@1 to /home/kamal/.config/discord/0.0.113/modules/pending/discord_krisp-1.zip: 5%
11/5/2025, 4:44:00 PM GMT+5:30 [Modules] Streaming discord_krisp@1 to /home/kamal/.config/discord/0.0.113/modules/pending/discord_krisp-1.zip: 6%
11/5/2025, 4:44:00 PM GMT+5:30 [Modules] Streaming discord_krisp@1 to /home/kamal/.config/discord/0.0.113/modules/pending/discord_krisp-1.zip: 7%
11/5/2025, 4:44:00 PM GMT+5:30 [Modules] Streaming discord_krisp@1 to /home/kamal/.config/discord/0.0.113/modules/pending/discord_krisp-1.zip: 8%
11/5/2025, 4:44:00 PM GMT+5:30 [Modules] Streaming discord_krisp@1 to /home/kamal/.config/discord/0.0.113/modules/pending/discord_krisp-1.zip: 9%
11/5/2025, 4:44:01 PM GMT+5:30 [Modules] Streaming discord_krisp@1 to /home/kamal/.config/discord/0.0.113/modules/pending/discord_krisp-1.zip: 10%
11/5/2025, 4:44:01 PM GMT+5:30 [Modules] Streaming discord_krisp@1 to /home/kamal/.config/discord/0.0.113/modules/pending/discord_krisp-1.zip: 11%
11/5/2025, 4:44:01 PM GMT+5:30 [Modules] Streaming discord_krisp@1 to /home/kamal/.config/discord/0.0.113/modules/pending/discord_krisp-1.zip: 12%
11/5/2025, 4:44:01 PM GMT+5:30 [Modules] Streaming discord_krisp@1 to /home/kamal/.config/discord/0.0.113/modules/pending/discord_krisp-1.zip: 13%
11/5/2025, 4:44:01 PM GMT+5:30 [Modules] Streaming discord_krisp@1 to /home/kamal/.config/discord/0.0.113/modules/pending/discord_krisp-1.zip: 14%
11/5/2025, 4:44:01 PM GMT+5:30 [Modules] Streaming discord_krisp@1 to /home/kamal/.config/discord/0.0.113/modules/pending/discord_krisp-1.zip: 15%
11/5/2025, 4:44:01 PM GMT+5:30 [Modules] Streaming discord_krisp@1 to /home/kamal/.config/discord/0.0.113/modules/pending/discord_krisp-1.zip: 16%
11/5/2025, 4:44:02 PM GMT+5:30 [Modules] Streaming discord_krisp@1 to /home/kamal/.config/discord/0.0.113/modules/pending/discord_krisp-1.zip: 17%
11/5/2025, 4:44:02 PM GMT+5:30 [Modules] Streaming discord_krisp@1 to /home/kamal/.config/discord/0.0.113/modules/pending/discord_krisp-1.zip: 18%
11/5/2025, 4:44:02 PM GMT+5:30 [Modules] Streaming discord_krisp@1 to /home/kamal/.config/discord/0.0.113/modules/pending/discord_krisp-1.zip: 19%
11/5/2025, 4:44:02 PM GMT+5:30 [Modules] Streaming discord_krisp@1 to /home/kamal/.config/discord/0.0.113/modules/pending/discord_krisp-1.zip: 20%
11/5/2025, 4:44:02 PM GMT+5:30 [Modules] Streaming discord_krisp@1 to /home/kamal/.config/discord/0.0.113/modules/pending/discord_krisp-1.zip: 21%
11/5/2025, 4:44:02 PM GMT+5:30 [Modules] Streaming discord_krisp@1 to /home/kamal/.config/discord/0.0.113/modules/pending/discord_krisp-1.zip: 22%
11/5/2025, 4:44:02 PM GMT+5:30 [Modules] Streaming discord_krisp@1 to /home/kamal/.config/discord/0.0.113/modules/pending/discord_krisp-1.zip: 23%
11/5/2025, 4:44:03 PM GMT+5:30 [Modules] Streaming discord_krisp@1 to /home/kamal/.config/discord/0.0.113/modules/pending/discord_krisp-1.zip: 24%
11/5/2025, 4:44:03 PM GMT+5:30 [Modules] Streaming discord_krisp@1 to /home/kamal/.config/discord/0.0.113/modules/pending/discord_krisp-1.zip: 25%
11/5/2025, 4:44:03 PM GMT+5:30 [Modules] Streaming discord_krisp@1 to /home/kamal/.config/discord/0.0.113/modules/pending/discord_krisp-1.zip: 26%
11/5/2025, 4:44:03 PM GMT+5:30 [Modules] Streaming discord_krisp@1 to /home/kamal/.config/discord/0.0.113/modules/pending/discord_krisp-1.zip: 27%
11/5/2025, 4:44:03 PM GMT+5:30 [Modules] Streaming discord_krisp@1 to /home/kamal/.config/discord/0.0.113/modules/pending/discord_krisp-1.zip: 28%
11/5/2025, 4:44:03 PM GMT+5:30 [Modules] Streaming discord_krisp@1 to /home/kamal/.config/discord/0.0.113/modules/pending/discord_krisp-1.zip: 29%
11/5/2025, 4:44:03 PM GMT+5:30 [Modules] Streaming discord_krisp@1 to /home/kamal/.config/discord/0.0.113/modules/pending/discord_krisp-1.zip: 30%
11/5/2025, 4:44:04 PM GMT+5:30 [Modules] Streaming discord_krisp@1 to /home/kamal/.config/discord/0.0.113/modules/pending/discord_krisp-1.zip: 31%
11/5/2025, 4:44:04 PM GMT+5:30 [Modules] Checking for host updates.
11/5/2025, 4:44:04 PM GMT+5:30 [Modules] Streaming discord_krisp@1 to /home/kamal/.config/discord/0.0.113/modules/pending/discord_krisp-1.zip: 32%
11/5/2025, 4:44:04 PM GMT+5:30 [Modules] Streaming discord_krisp@1 to /home/kamal/.config/discord/0.0.113/modules/pending/discord_krisp-1.zip: 33%
11/5/2025, 4:44:04 PM GMT+5:30 [Modules] Streaming discord_krisp@1 to /home/kamal/.config/discord/0.0.113/modules/pending/discord_krisp-1.zip: 34%
11/5/2025, 4:44:04 PM GMT+5:30 [Modules] Host is up to date.
11/5/2025, 4:44:04 PM GMT+5:30 [Modules] Checking for module updates at https://discord.com/api/modules/stable/versions.json
11/5/2025, 4:44:04 PM GMT+5:30 [Modules] No module updates available.
11/5/2025, 4:44:04 PM GMT+5:30 [Modules] Streaming discord_krisp@1 to /home/kamal/.config/discord/0.0.113/modules/pending/discord_krisp-1.zip: 35%
11/5/2025, 4:44:05 PM GMT+5:30 [Modules] Streaming discord_krisp@1 to /home/kamal/.config/discord/0.0.113/modules/pending/discord_krisp-1.zip: 36%
11/5/2025, 4:44:07 PM GMT+5:30 [Modules] Streaming discord_krisp@1 to /home/kamal/.config/discord/0.0.113/modules/pending/discord_krisp-1.zip: 37%
11/5/2025, 4:44:07 PM GMT+5:30 [Modules] Streaming discord_krisp@1 to /home/kamal/.config/discord/0.0.113/modules/pending/discord_krisp-1.zip: 38%
11/5/2025, 4:44:08 PM GMT+5:30 [Modules] Streaming discord_krisp@1 to /home/kamal/.config/discord/0.0.113/modules/pending/discord_krisp-1.zip: 39%
11/5/2025, 4:44:10 PM GMT+5:30 [Modules] Streaming discord_krisp@1 to /home/kamal/.config/discord/0.0.113/modules/pending/discord_krisp-1.zip: 41%
11/5/2025, 4:44:10 PM GMT+5:30 [Modules] Streaming discord_krisp@1 to /home/kamal/.config/discord/0.0.113/modules/pending/discord_krisp-1.zip: 42%
11/5/2025, 4:44:10 PM GMT+5:30 [Modules] Streaming discord_krisp@1 to /home/kamal/.config/discord/0.0.113/modules/pending/discord_krisp-1.zip: 43%
11/5/2025, 4:44:10 PM GMT+5:30 [Modules] Streaming discord_krisp@1 to /home/kamal/.config/discord/0.0.113/modules/pending/discord_krisp-1.zip: 44%
11/5/2025, 4:44:11 PM GMT+5:30 [Modules] Streaming discord_krisp@1 to /home/kamal/.config/discord/0.0.113/modules/pending/discord_krisp-1.zip: 45%
11/5/2025, 4:44:11 PM GMT+5:30 [Modules] Streaming discord_krisp@1 to /home/kamal/.config/discord/0.0.113/modules/pending/discord_krisp-1.zip: 46%
11/5/2025, 4:44:11 PM GMT+5:30 [Modules] Streaming discord_krisp@1 to /home/kamal/.config/discord/0.0.113/modules/pending/discord_krisp-1.zip: 47%
11/5/2025, 4:44:11 PM GMT+5:30 [Modules] Streaming discord_krisp@1 to /home/kamal/.config/discord/0.0.113/modules/pending/discord_krisp-1.zip: 48%
11/5/2025, 4:44:11 PM GMT+5:30 [Modules] Streaming discord_krisp@1 to /home/kamal/.config/discord/0.0.113/modules/pending/discord_krisp-1.zip: 49%
11/5/2025, 4:44:11 PM GMT+5:30 [Modules] Streaming discord_krisp@1 to /home/kamal/.config/discord/0.0.113/modules/pending/discord_krisp-1.zip: 50%
11/5/2025, 4:44:12 PM GMT+5:30 [Modules] Streaming discord_krisp@1 to /home/kamal/.config/discord/0.0.113/modules/pending/discord_krisp-1.zip: 51%
11/5/2025, 4:44:12 PM GMT+5:30 [Modules] Streaming discord_krisp@1 to /home/kamal/.config/discord/0.0.113/modules/pending/discord_krisp-1.zip: 52%
11/5/2025, 4:44:12 PM GMT+5:30 [Modules] Streaming discord_krisp@1 to /home/kamal/.config/discord/0.0.113/modules/pending/discord_krisp-1.zip: 53%
11/5/2025, 4:44:12 PM GMT+5:30 [Modules] Streaming discord_krisp@1 to /home/kamal/.config/discord/0.0.113/modules/pending/discord_krisp-1.zip: 54%
11/5/2025, 4:44:12 PM GMT+5:30 [Modules] Streaming discord_krisp@1 to /home/kamal/.config/discord/0.0.113/modules/pending/discord_krisp-1.zip: 55%
11/5/2025, 4:44:12 PM GMT+5:30 [Modules] Streaming discord_krisp@1 to /home/kamal/.config/discord/0.0.113/modules/pending/discord_krisp-1.zip: 56%
11/5/2025, 4:44:12 PM GMT+5:30 [Modules] Streaming discord_krisp@1 to /home/kamal/.config/discord/0.0.113/modules/pending/discord_krisp-1.zip: 57%
11/5/2025, 4:44:13 PM GMT+5:30 [Modules] Streaming discord_krisp@1 to /home/kamal/.config/discord/0.0.113/modules/pending/discord_krisp-1.zip: 58%
11/5/2025, 4:44:13 PM GMT+5:30 [Modules] Streaming discord_krisp@1 to /home/kamal/.config/discord/0.0.113/modules/pending/discord_krisp-1.zip: 59%
11/5/2025, 4:44:13 PM GMT+5:30 [Modules] Streaming discord_krisp@1 to /home/kamal/.config/discord/0.0.113/modules/pending/discord_krisp-1.zip: 60%
11/5/2025, 4:44:13 PM GMT+5:30 [Modules] Streaming discord_krisp@1 to /home/kamal/.config/discord/0.0.113/modules/pending/discord_krisp-1.zip: 61%
11/5/2025, 4:44:13 PM GMT+5:30 [Modules] Streaming discord_krisp@1 to /home/kamal/.config/discord/0.0.113/modules/pending/discord_krisp-1.zip: 62%
11/5/2025, 4:44:13 PM GMT+5:30 [Modules] Streaming discord_krisp@1 to /home/kamal/.config/discord/0.0.113/modules/pending/discord_krisp-1.zip: 63%
11/5/2025, 4:44:13 PM GMT+5:30 [Modules] Streaming discord_krisp@1 to /home/kamal/.config/discord/0.0.113/modules/pending/discord_krisp-1.zip: 64%
11/5/2025, 4:44:13 PM GMT+5:30 [Modules] Streaming discord_krisp@1 to /home/kamal/.config/discord/0.0.113/modules/pending/discord_krisp-1.zip: 65%
11/5/2025, 4:44:14 PM GMT+5:30 [Modules] Streaming discord_krisp@1 to /home/kamal/.config/discord/0.0.113/modules/pending/discord_krisp-1.zip: 66%
11/5/2025, 4:44:14 PM GMT+5:30 [Modules] Streaming discord_krisp@1 to /home/kamal/.config/discord/0.0.113/modules/pending/discord_krisp-1.zip: 67%
11/5/2025, 4:44:14 PM GMT+5:30 [Modules] Streaming discord_krisp@1 to /home/kamal/.config/discord/0.0.113/modules/pending/discord_krisp-1.zip: 68%
11/5/2025, 4:44:14 PM GMT+5:30 [Modules] Streaming discord_krisp@1 to /home/kamal/.config/discord/0.0.113/modules/pending/discord_krisp-1.zip: 69%
11/5/2025, 4:44:14 PM GMT+5:30 [Modules] Streaming discord_krisp@1 to /home/kamal/.config/discord/0.0.113/modules/pending/discord_krisp-1.zip: 70%
11/5/2025, 4:44:14 PM GMT+5:30 [Modules] Streaming discord_krisp@1 to /home/kamal/.config/discord/0.0.113/modules/pending/discord_krisp-1.zip: 71%
11/5/2025, 4:44:14 PM GMT+5:30 [Modules] Streaming discord_krisp@1 to /home/kamal/.config/discord/0.0.113/modules/pending/discord_krisp-1.zip: 72%
11/5/2025, 4:44:15 PM GMT+5:30 [Modules] Streaming discord_krisp@1 to /home/kamal/.config/discord/0.0.113/modules/pending/discord_krisp-1.zip: 73%
11/5/2025, 4:44:15 PM GMT+5:30 [Modules] Streaming discord_krisp@1 to /home/kamal/.config/discord/0.0.113/modules/pending/discord_krisp-1.zip: 74%
11/5/2025, 4:44:15 PM GMT+5:30 [Modules] Streaming discord_krisp@1 to /home/kamal/.config/discord/0.0.113/modules/pending/discord_krisp-1.zip: 75%
11/5/2025, 4:44:15 PM GMT+5:30 [Modules] Streaming discord_krisp@1 to /home/kamal/.config/discord/0.0.113/modules/pending/discord_krisp-1.zip: 76%
11/5/2025, 4:44:15 PM GMT+5:30 [Modules] Streaming discord_krisp@1 to /home/kamal/.config/discord/0.0.113/modules/pending/discord_krisp-1.zip: 77%
11/5/2025, 4:44:15 PM GMT+5:30 [Modules] Streaming discord_krisp@1 to /home/kamal/.config/discord/0.0.113/modules/pending/discord_krisp-1.zip: 78%
11/5/2025, 4:44:15 PM GMT+5:30 [Modules] Streaming discord_krisp@1 to /home/kamal/.config/discord/0.0.113/modules/pending/discord_krisp-1.zip: 79%
11/5/2025, 4:44:15 PM GMT+5:30 [Modules] Streaming discord_krisp@1 to /home/kamal/.config/discord/0.0.113/modules/pending/discord_krisp-1.zip: 80%
11/5/2025, 4:44:16 PM GMT+5:30 [Modules] Streaming discord_krisp@1 to /home/kamal/.config/discord/0.0.113/modules/pending/discord_krisp-1.zip: 81%
11/5/2025, 4:44:16 PM GMT+5:30 [Modules] Streaming discord_krisp@1 to /home/kamal/.config/discord/0.0.113/modules/pending/discord_krisp-1.zip: 82%
11/5/2025, 4:44:16 PM GMT+5:30 [Modules] Streaming discord_krisp@1 to /home/kamal/.config/discord/0.0.113/modules/pending/discord_krisp-1.zip: 83%
11/5/2025, 4:44:16 PM GMT+5:30 [Modules] Streaming discord_krisp@1 to /home/kamal/.config/discord/0.0.113/modules/pending/discord_krisp-1.zip: 84%
11/5/2025, 4:44:16 PM GMT+5:30 [Modules] Streaming discord_krisp@1 to /home/kamal/.config/discord/0.0.113/modules/pending/discord_krisp-1.zip: 85%
11/5/2025, 4:44:16 PM GMT+5:30 [Modules] Streaming discord_krisp@1 to /home/kamal/.config/discord/0.0.113/modules/pending/discord_krisp-1.zip: 86%
11/5/2025, 4:44:16 PM GMT+5:30 [Modules] Streaming discord_krisp@1 to /home/kamal/.config/discord/0.0.113/modules/pending/discord_krisp-1.zip: 87%
11/5/2025, 4:44:16 PM GMT+5:30 [Modules] Streaming discord_krisp@1 to /home/kamal/.config/discord/0.0.113/modules/pending/discord_krisp-1.zip: 88%
11/5/2025, 4:44:17 PM GMT+5:30 [Modules] Streaming discord_krisp@1 to /home/kamal/.config/discord/0.0.113/modules/pending/discord_krisp-1.zip: 89%
11/5/2025, 4:44:17 PM GMT+5:30 [Modules] Streaming discord_krisp@1 to /home/kamal/.config/discord/0.0.113/modules/pending/discord_krisp-1.zip: 90%
11/5/2025, 4:44:17 PM GMT+5:30 [Modules] Streaming discord_krisp@1 to /home/kamal/.config/discord/0.0.113/modules/pending/discord_krisp-1.zip: 91%
11/5/2025, 4:44:17 PM GMT+5:30 [Modules] Streaming discord_krisp@1 to /home/kamal/.config/discord/0.0.113/modules/pending/discord_krisp-1.zip: 92%
11/5/2025, 4:44:17 PM GMT+5:30 [Modules] Streaming discord_krisp@1 to /home/kamal/.config/discord/0.0.113/modules/pending/discord_krisp-1.zip: 93%
11/5/2025, 4:44:17 PM GMT+5:30 [Modules] Streaming discord_krisp@1 to /home/kamal/.config/discord/0.0.113/modules/pending/discord_krisp-1.zip: 94%
11/5/2025, 4:44:17 PM GMT+5:30 [Modules] Streaming discord_krisp@1 to /home/kamal/.config/discord/0.0.113/modules/pending/discord_krisp-1.zip: 95%
11/5/2025, 4:44:18 PM GMT+5:30 [Modules] Streaming discord_krisp@1 to /home/kamal/.config/discord/0.0.113/modules/pending/discord_krisp-1.zip: 96%
11/5/2025, 4:44:18 PM GMT+5:30 [Modules] Streaming discord_krisp@1 to /home/kamal/.config/discord/0.0.113/modules/pending/discord_krisp-1.zip: 97%
11/5/2025, 4:44:18 PM GMT+5:30 [Modules] Streaming discord_krisp@1 to /home/kamal/.config/discord/0.0.113/modules/pending/discord_krisp-1.zip: 98%
11/5/2025, 4:44:18 PM GMT+5:30 [Modules] Streaming discord_krisp@1 to /home/kamal/.config/discord/0.0.113/modules/pending/discord_krisp-1.zip: 99%
11/5/2025, 4:44:18 PM GMT+5:30 [Modules] Streaming discord_krisp@1 to /home/kamal/.config/discord/0.0.113/modules/pending/discord_krisp-1.zip: 100%
11/5/2025, 4:44:18 PM GMT+5:30 [Modules] Fetching discord_game_utils@1 from https://discord.com/api/modules/stable/discord_game_utils/1
11/5/2025, 4:44:18 PM GMT+5:30 [Modules] Streaming discord_game_utils@1 to /home/kamal/.config/discord/0.0.113/modules/pending/discord_game_utils-1.zip
11/5/2025, 4:44:18 PM GMT+5:30 [Modules] Installing discord_krisp@1 from /home/kamal/.config/discord/0.0.113/modules/pending/discord_krisp-1.zip
11/5/2025, 4:44:19 PM GMT+5:30 [Modules] Streaming discord_game_utils@1 to /home/kamal/.config/discord/0.0.113/modules/pending/discord_game_utils-1.zip: 1%
11/5/2025, 4:44:19 PM GMT+5:30 [Modules] Streaming discord_game_utils@1 to /home/kamal/.config/discord/0.0.113/modules/pending/discord_game_utils-1.zip: 2%
11/5/2025, 4:44:19 PM GMT+5:30 [Modules] Streaming discord_game_utils@1 to /home/kamal/.config/discord/0.0.113/modules/pending/discord_game_utils-1.zip: 3%
11/5/2025, 4:44:19 PM GMT+5:30 [Modules] Streaming discord_game_utils@1 to /home/kamal/.config/discord/0.0.113/modules/pending/discord_game_utils-1.zip: 4%
11/5/2025, 4:44:19 PM GMT+5:30 [Modules] Streaming discord_game_utils@1 to /home/kamal/.config/discord/0.0.113/modules/pending/discord_game_utils-1.zip: 5%
11/5/2025, 4:44:19 PM GMT+5:30 [Modules] Streaming discord_game_utils@1 to /home/kamal/.config/discord/0.0.113/modules/pending/discord_game_utils-1.zip: 6%
11/5/2025, 4:44:19 PM GMT+5:30 [Modules] Streaming discord_game_utils@1 to /home/kamal/.config/discord/0.0.113/modules/pending/discord_game_utils-1.zip: 7%
11/5/2025, 4:44:19 PM GMT+5:30 [Modules] Streaming discord_game_utils@1 to /home/kamal/.config/discord/0.0.113/modules/pending/discord_game_utils-1.zip: 8%
11/5/2025, 4:44:19 PM GMT+5:30 [Modules] Streaming discord_game_utils@1 to /home/kamal/.config/discord/0.0.113/modules/pending/discord_game_utils-1.zip: 9%
11/5/2025, 4:44:19 PM GMT+5:30 [Modules] Streaming discord_game_utils@1 to /home/kamal/.config/discord/0.0.113/modules/pending/discord_game_utils-1.zip: 10%
11/5/2025, 4:44:19 PM GMT+5:30 [Modules] Streaming discord_game_utils@1 to /home/kamal/.config/discord/0.0.113/modules/pending/discord_game_utils-1.zip: 11%
11/5/2025, 4:44:19 PM GMT+5:30 [Modules] Streaming discord_game_utils@1 to /home/kamal/.config/discord/0.0.113/modules/pending/discord_game_utils-1.zip: 12%
11/5/2025, 4:44:19 PM GMT+5:30 [Modules] Streaming discord_game_utils@1 to /home/kamal/.config/discord/0.0.113/modules/pending/discord_game_utils-1.zip: 13%
11/5/2025, 4:44:19 PM GMT+5:30 [Modules] Streaming discord_game_utils@1 to /home/kamal/.config/discord/0.0.113/modules/pending/discord_game_utils-1.zip: 14%
11/5/2025, 4:44:19 PM GMT+5:30 [Modules] Streaming discord_game_utils@1 to /home/kamal/.config/discord/0.0.113/modules/pending/discord_game_utils-1.zip: 15%
11/5/2025, 4:44:19 PM GMT+5:30 [Modules] Streaming discord_game_utils@1 to /home/kamal/.config/discord/0.0.113/modules/pending/discord_game_utils-1.zip: 16%
11/5/2025, 4:44:19 PM GMT+5:30 [Modules] Streaming discord_game_utils@1 to /home/kamal/.config/discord/0.0.113/modules/pending/discord_game_utils-1.zip: 17%
11/5/2025, 4:44:19 PM GMT+5:30 [Modules] Streaming discord_game_utils@1 to /home/kamal/.config/discord/0.0.113/modules/pending/discord_game_utils-1.zip: 18%
11/5/2025, 4:44:19 PM GMT+5:30 [Modules] Streaming discord_game_utils@1 to /home/kamal/.config/discord/0.0.113/modules/pending/discord_game_utils-1.zip: 19%
11/5/2025, 4:44:19 PM GMT+5:30 [Modules] Streaming discord_game_utils@1 to /home/kamal/.config/discord/0.0.113/modules/pending/discord_game_utils-1.zip: 20%
11/5/2025, 4:44:19 PM GMT+5:30 [Modules] Streaming discord_game_utils@1 to /home/kamal/.config/discord/0.0.113/modules/pending/discord_game_utils-1.zip: 21%
11/5/2025, 4:44:19 PM GMT+5:30 [Modules] Streaming discord_game_utils@1 to /home/kamal/.config/discord/0.0.113/modules/pending/discord_game_utils-1.zip: 22%
11/5/2025, 4:44:19 PM GMT+5:30 [Modules] Streaming discord_game_utils@1 to /home/kamal/.config/discord/0.0.113/modules/pending/discord_game_utils-1.zip: 23%
11/5/2025, 4:44:19 PM GMT+5:30 [Modules] Streaming discord_game_utils@1 to /home/kamal/.config/discord/0.0.113/modules/pending/discord_game_utils-1.zip: 24%
11/5/2025, 4:44:19 PM GMT+5:30 [Modules] Streaming discord_game_utils@1 to /home/kamal/.config/discord/0.0.113/modules/pending/discord_game_utils-1.zip: 25%
11/5/2025, 4:44:19 PM GMT+5:30 [Modules] Streaming discord_game_utils@1 to /home/kamal/.config/discord/0.0.113/modules/pending/discord_game_utils-1.zip: 26%
11/5/2025, 4:44:19 PM GMT+5:30 [Modules] Streaming discord_game_utils@1 to /home/kamal/.config/discord/0.0.113/modules/pending/discord_game_utils-1.zip: 27%
11/5/2025, 4:44:19 PM GMT+5:30 [Modules] Streaming discord_game_utils@1 to /home/kamal/.config/discord/0.0.113/modules/pending/discord_game_utils-1.zip: 28%
11/5/2025, 4:44:19 PM GMT+5:30 [Modules] Streaming discord_game_utils@1 to /home/kamal/.config/discord/0.0.113/modules/pending/discord_game_utils-1.zip: 29%
11/5/2025, 4:44:19 PM GMT+5:30 [Modules] Streaming discord_game_utils@1 to /home/kamal/.config/discord/0.0.113/modules/pending/discord_game_utils-1.zip: 30%
11/5/2025, 4:44:19 PM GMT+5:30 [Modules] Streaming discord_game_utils@1 to /home/kamal/.config/discord/0.0.113/modules/pending/discord_game_utils-1.zip: 31%
11/5/2025, 4:44:19 PM GMT+5:30 [Modules] Streaming discord_game_utils@1 to /home/kamal/.config/discord/0.0.113/modules/pending/discord_game_utils-1.zip: 32%
11/5/2025, 4:44:19 PM GMT+5:30 [Modules] Streaming discord_game_utils@1 to /home/kamal/.config/discord/0.0.113/modules/pending/discord_game_utils-1.zip: 33%
11/5/2025, 4:44:19 PM GMT+5:30 [Modules] Streaming discord_game_utils@1 to /home/kamal/.config/discord/0.0.113/modules/pending/discord_game_utils-1.zip: 34%
11/5/2025, 4:44:19 PM GMT+5:30 [Modules] Streaming discord_game_utils@1 to /home/kamal/.config/discord/0.0.113/modules/pending/discord_game_utils-1.zip: 35%
11/5/2025, 4:44:19 PM GMT+5:30 [Modules] Streaming discord_game_utils@1 to /home/kamal/.config/discord/0.0.113/modules/pending/discord_game_utils-1.zip: 36%
11/5/2025, 4:44:19 PM GMT+5:30 [Modules] Streaming discord_game_utils@1 to /home/kamal/.config/discord/0.0.113/modules/pending/discord_game_utils-1.zip: 37%
11/5/2025, 4:44:19 PM GMT+5:30 [Modules] Streaming discord_game_utils@1 to /home/kamal/.config/discord/0.0.113/modules/pending/discord_game_utils-1.zip: 38%
11/5/2025, 4:44:19 PM GMT+5:30 [Modules] Streaming discord_game_utils@1 to /home/kamal/.config/discord/0.0.113/modules/pending/discord_game_utils-1.zip: 39%
11/5/2025, 4:44:19 PM GMT+5:30 [Modules] Streaming discord_game_utils@1 to /home/kamal/.config/discord/0.0.113/modules/pending/discord_game_utils-1.zip: 40%
11/5/2025, 4:44:19 PM GMT+5:30 [Modules] Streaming discord_game_utils@1 to /home/kamal/.config/discord/0.0.113/modules/pending/discord_game_utils-1.zip: 41%
11/5/2025, 4:44:19 PM GMT+5:30 [Modules] Streaming discord_game_utils@1 to /home/kamal/.config/discord/0.0.113/modules/pending/discord_game_utils-1.zip: 42%
11/5/2025, 4:44:19 PM GMT+5:30 [Modules] Streaming discord_game_utils@1 to /home/kamal/.config/discord/0.0.113/modules/pending/discord_game_utils-1.zip: 43%
11/5/2025, 4:44:19 PM GMT+5:30 [Modules] Streaming discord_game_utils@1 to /home/kamal/.config/discord/0.0.113/modules/pending/discord_game_utils-1.zip: 44%
11/5/2025, 4:44:19 PM GMT+5:30 [Modules] Streaming discord_game_utils@1 to /home/kamal/.config/discord/0.0.113/modules/pending/discord_game_utils-1.zip: 45%
11/5/2025, 4:44:19 PM GMT+5:30 [Modules] Streaming discord_game_utils@1 to /home/kamal/.config/discord/0.0.113/modules/pending/discord_game_utils-1.zip: 46%
11/5/2025, 4:44:19 PM GMT+5:30 [Modules] Streaming discord_game_utils@1 to /home/kamal/.config/discord/0.0.113/modules/pending/discord_game_utils-1.zip: 47%
11/5/2025, 4:44:19 PM GMT+5:30 [Modules] Streaming discord_game_utils@1 to /home/kamal/.config/discord/0.0.113/modules/pending/discord_game_utils-1.zip: 48%
11/5/2025, 4:44:19 PM GMT+5:30 [Modules] Streaming discord_game_utils@1 to /home/kamal/.config/discord/0.0.113/modules/pending/discord_game_utils-1.zip: 49%
11/5/2025, 4:44:19 PM GMT+5:30 [Modules] Finished module installations. [success: 1] [failure: 0]
11/5/2025, 4:44:19 PM GMT+5:30 [Modules] Streaming discord_game_utils@1 to /home/kamal/.config/discord/0.0.113/modules/pending/discord_game_utils-1.zip: 50%
11/5/2025, 4:44:19 PM GMT+5:30 [Modules] Streaming discord_game_utils@1 to /home/kamal/.config/discord/0.0.113/modules/pending/discord_game_utils-1.zip: 51%
11/5/2025, 4:44:19 PM GMT+5:30 [Modules] Streaming discord_game_utils@1 to /home/kamal/.config/discord/0.0.113/modules/pending/discord_game_utils-1.zip: 52%
11/5/2025, 4:44:19 PM GMT+5:30 [Modules] Streaming discord_game_utils@1 to /home/kamal/.config/discord/0.0.113/modules/pending/discord_game_utils-1.zip: 53%
11/5/2025, 4:44:19 PM GMT+5:30 [Modules] Streaming discord_game_utils@1 to /home/kamal/.config/discord/0.0.113/modules/pending/discord_game_utils-1.zip: 54%
11/5/2025, 4:44:19 PM GMT+5:30 [Modules] Streaming discord_game_utils@1 to /home/kamal/.config/discord/0.0.113/modules/pending/discord_game_utils-1.zip: 55%
11/5/2025, 4:44:19 PM GMT+5:30 [Modules] Streaming discord_game_utils@1 to /home/kamal/.config/discord/0.0.113/modules/pending/discord_game_utils-1.zip: 56%
11/5/2025, 4:44:19 PM GMT+5:30 [Modules] Streaming discord_game_utils@1 to /home/kamal/.config/discord/0.0.113/modules/pending/discord_game_utils-1.zip: 57%
11/5/2025, 4:44:19 PM GMT+5:30 [Modules] Streaming discord_game_utils@1 to /home/kamal/.config/discord/0.0.113/modules/pending/discord_game_utils-1.zip: 58%
11/5/2025, 4:44:19 PM GMT+5:30 [Modules] Streaming discord_game_utils@1 to /home/kamal/.config/discord/0.0.113/modules/pending/discord_game_utils-1.zip: 59%
11/5/2025, 4:44:19 PM GMT+5:30 [Modules] Streaming discord_game_utils@1 to /home/kamal/.config/discord/0.0.113/modules/pending/discord_game_utils-1.zip: 60%
11/5/2025, 4:44:19 PM GMT+5:30 [Modules] Streaming discord_game_utils@1 to /home/kamal/.config/discord/0.0.113/modules/pending/discord_game_utils-1.zip: 61%
11/5/2025, 4:44:19 PM GMT+5:30 [Modules] Streaming discord_game_utils@1 to /home/kamal/.config/discord/0.0.113/modules/pending/discord_game_utils-1.zip: 62%
11/5/2025, 4:44:19 PM GMT+5:30 [Modules] Streaming discord_game_utils@1 to /home/kamal/.config/discord/0.0.113/modules/pending/discord_game_utils-1.zip: 63%
11/5/2025, 4:44:19 PM GMT+5:30 [Modules] Streaming discord_game_utils@1 to /home/kamal/.config/discord/0.0.113/modules/pending/discord_game_utils-1.zip: 64%
11/5/2025, 4:44:19 PM GMT+5:30 [Modules] Streaming discord_game_utils@1 to /home/kamal/.config/discord/0.0.113/modules/pending/discord_game_utils-1.zip: 65%
11/5/2025, 4:44:19 PM GMT+5:30 [Modules] Streaming discord_game_utils@1 to /home/kamal/.config/discord/0.0.113/modules/pending/discord_game_utils-1.zip: 66%
11/5/2025, 4:44:19 PM GMT+5:30 [Modules] Streaming discord_game_utils@1 to /home/kamal/.config/discord/0.0.113/modules/pending/discord_game_utils-1.zip: 67%
11/5/2025, 4:44:19 PM GMT+5:30 [Modules] Streaming discord_game_utils@1 to /home/kamal/.config/discord/0.0.113/modules/pending/discord_game_utils-1.zip: 68%
11/5/2025, 4:44:19 PM GMT+5:30 [Modules] Streaming discord_game_utils@1 to /home/kamal/.config/discord/0.0.113/modules/pending/discord_game_utils-1.zip: 69%
11/5/2025, 4:44:19 PM GMT+5:30 [Modules] Streaming discord_game_utils@1 to /home/kamal/.config/discord/0.0.113/modules/pending/discord_game_utils-1.zip: 70%
11/5/2025, 4:44:19 PM GMT+5:30 [Modules] Streaming discord_game_utils@1 to /home/kamal/.config/discord/0.0.113/modules/pending/discord_game_utils-1.zip: 71%
11/5/2025, 4:44:19 PM GMT+5:30 [Modules] Streaming discord_game_utils@1 to /home/kamal/.config/discord/0.0.113/modules/pending/discord_game_utils-1.zip: 72%
11/5/2025, 4:44:19 PM GMT+5:30 [Modules] Streaming discord_game_utils@1 to /home/kamal/.config/discord/0.0.113/modules/pending/discord_game_utils-1.zip: 73%
11/5/2025, 4:44:19 PM GMT+5:30 [Modules] Streaming discord_game_utils@1 to /home/kamal/.config/discord/0.0.113/modules/pending/discord_game_utils-1.zip: 74%
11/5/2025, 4:44:19 PM GMT+5:30 [Modules] Streaming discord_game_utils@1 to /home/kamal/.config/discord/0.0.113/modules/pending/discord_game_utils-1.zip: 75%
11/5/2025, 4:44:19 PM GMT+5:30 [Modules] Streaming discord_game_utils@1 to /home/kamal/.config/discord/0.0.113/modules/pending/discord_game_utils-1.zip: 76%
11/5/2025, 4:44:19 PM GMT+5:30 [Modules] Streaming discord_game_utils@1 to /home/kamal/.config/discord/0.0.113/modules/pending/discord_game_utils-1.zip: 77%
11/5/2025, 4:44:19 PM GMT+5:30 [Modules] Streaming discord_game_utils@1 to /home/kamal/.config/discord/0.0.113/modules/pending/discord_game_utils-1.zip: 78%
11/5/2025, 4:44:19 PM GMT+5:30 [Modules] Streaming discord_game_utils@1 to /home/kamal/.config/discord/0.0.113/modules/pending/discord_game_utils-1.zip: 79%
11/5/2025, 4:44:19 PM GMT+5:30 [Modules] Streaming discord_game_utils@1 to /home/kamal/.config/discord/0.0.113/modules/pending/discord_game_utils-1.zip: 80%
11/5/2025, 4:44:19 PM GMT+5:30 [Modules] Streaming discord_game_utils@1 to /home/kamal/.config/discord/0.0.113/modules/pending/discord_game_utils-1.zip: 81%
11/5/2025, 4:44:19 PM GMT+5:30 [Modules] Streaming discord_game_utils@1 to /home/kamal/.config/discord/0.0.113/modules/pending/discord_game_utils-1.zip: 82%
11/5/2025, 4:44:19 PM GMT+5:30 [Modules] Streaming discord_game_utils@1 to /home/kamal/.config/discord/0.0.113/modules/pending/discord_game_utils-1.zip: 83%
11/5/2025, 4:44:20 PM GMT+5:30 [Modules] Streaming discord_game_utils@1 to /home/kamal/.config/discord/0.0.113/modules/pending/discord_game_utils-1.zip: 84%
11/5/2025, 4:44:20 PM GMT+5:30 [Modules] Streaming discord_game_utils@1 to /home/kamal/.config/discord/0.0.113/modules/pending/discord_game_utils-1.zip: 85%
11/5/2025, 4:44:20 PM GMT+5:30 [Modules] Streaming discord_game_utils@1 to /home/kamal/.config/discord/0.0.113/modules/pending/discord_game_utils-1.zip: 86%
11/5/2025, 4:44:20 PM GMT+5:30 [Modules] Streaming discord_game_utils@1 to /home/kamal/.config/discord/0.0.113/modules/pending/discord_game_utils-1.zip: 87%
11/5/2025, 4:44:20 PM GMT+5:30 [Modules] Streaming discord_game_utils@1 to /home/kamal/.config/discord/0.0.113/modules/pending/discord_game_utils-1.zip: 88%
11/5/2025, 4:44:20 PM GMT+5:30 [Modules] Streaming discord_game_utils@1 to /home/kamal/.config/discord/0.0.113/modules/pending/discord_game_utils-1.zip: 89%
11/5/2025, 4:44:20 PM GMT+5:30 [Modules] Streaming discord_game_utils@1 to /home/kamal/.config/discord/0.0.113/modules/pending/discord_game_utils-1.zip: 90%
11/5/2025, 4:44:20 PM GMT+5:30 [Modules] Streaming discord_game_utils@1 to /home/kamal/.config/discord/0.0.113/modules/pending/discord_game_utils-1.zip: 91%
11/5/2025, 4:44:20 PM GMT+5:30 [Modules] Streaming discord_game_utils@1 to /home/kamal/.config/discord/0.0.113/modules/pending/discord_game_utils-1.zip: 92%
11/5/2025, 4:44:20 PM GMT+5:30 [Modules] Streaming discord_game_utils@1 to /home/kamal/.config/discord/0.0.113/modules/pending/discord_game_utils-1.zip: 93%
11/5/2025, 4:44:20 PM GMT+5:30 [Modules] Streaming discord_game_utils@1 to /home/kamal/.config/discord/0.0.113/modules/pending/discord_game_utils-1.zip: 94%
11/5/2025, 4:44:20 PM GMT+5:30 [Modules] Streaming discord_game_utils@1 to /home/kamal/.config/discord/0.0.113/modules/pending/discord_game_utils-1.zip: 95%
11/5/2025, 4:44:20 PM GMT+5:30 [Modules] Streaming discord_game_utils@1 to /home/kamal/.config/discord/0.0.113/modules/pending/discord_game_utils-1.zip: 96%
11/5/2025, 4:44:20 PM GMT+5:30 [Modules] Streaming discord_game_utils@1 to /home/kamal/.config/discord/0.0.113/modules/pending/discord_game_utils-1.zip: 97%
11/5/2025, 4:44:20 PM GMT+5:30 [Modules] Streaming discord_game_utils@1 to /home/kamal/.config/discord/0.0.113/modules/pending/discord_game_utils-1.zip: 98%
11/5/2025, 4:44:20 PM GMT+5:30 [Modules] Streaming discord_game_utils@1 to /home/kamal/.config/discord/0.0.113/modules/pending/discord_game_utils-1.zip: 99%
11/5/2025, 4:44:20 PM GMT+5:30 [Modules] Streaming discord_game_utils@1 to /home/kamal/.config/discord/0.0.113/modules/pending/discord_game_utils-1.zip: 100%
11/5/2025, 4:44:20 PM GMT+5:30 [Modules] Fetching discord_rpc@1 from https://discord.com/api/modules/stable/discord_rpc/1
11/5/2025, 4:44:20 PM GMT+5:30 [Modules] Streaming discord_rpc@1 to /home/kamal/.config/discord/0.0.113/modules/pending/discord_rpc-1.zip
11/5/2025, 4:44:20 PM GMT+5:30 [Modules] Installing discord_game_utils@1 from /home/kamal/.config/discord/0.0.113/modules/pending/discord_game_utils-1.zip
11/5/2025, 4:44:20 PM GMT+5:30 [Modules] Finished module installations. [success: 1] [failure: 0]
11/5/2025, 4:44:20 PM GMT+5:30 [Modules] Streaming discord_rpc@1 to /home/kamal/.config/discord/0.0.113/modules/pending/discord_rpc-1.zip: 38%
11/5/2025, 4:44:20 PM GMT+5:30 [Modules] Streaming discord_rpc@1 to /home/kamal/.config/discord/0.0.113/modules/pending/discord_rpc-1.zip: 100%
11/5/2025, 4:44:20 PM GMT+5:30 [Modules] Finished module downloads. [success: 3] [failure: 0]
11/5/2025, 4:44:20 PM GMT+5:30 [Modules] Installing discord_rpc@1 from /home/kamal/.config/discord/0.0.113/modules/pending/discord_rpc-1.zip
11/5/2025, 4:44:20 PM GMT+5:30 [Modules] Finished module installations. [success: 1] [failure: 0]
11/5/2025, 5:27:50 PM GMT+5:30 [Modules] Checking for host updates.
11/5/2025, 5:27:50 PM GMT+5:30 [Modules] Host is up to date.
11/5/2025, 5:27:50 PM GMT+5:30 [Modules] Checking for module updates at https://discord.com/api/modules/stable/versions.json
11/5/2025, 5:27:50 PM GMT+5:30 [Modules] No module updates available.
11/5/2025, 9:10:40 PM GMT+5:30 [Modules] Modules initializing
11/5/2025, 9:10:40 PM GMT+5:30 [Modules] Distribution: remote
11/5/2025, 9:10:40 PM GMT+5:30 [Modules] Host updates: enabled
11/5/2025, 9:10:40 PM GMT+5:30 [Modules] Module updates: enabled
11/5/2025, 9:10:40 PM GMT+5:30 [Modules] Module install path: /home/kamal/.config/discord/0.0.113/modules
11/5/2025, 9:10:40 PM GMT+5:30 [Modules] Module installed file path: /home/kamal/.config/discord/0.0.113/modules/installed.json
11/5/2025, 9:10:40 PM GMT+5:30 [Modules] Module download path: /home/kamal/.config/discord/0.0.113/modules/pending
11/5/2025, 9:10:40 PM GMT+5:30 [Modules] No updates to install
11/5/2025, 9:10:40 PM GMT+5:30 [Modules] Checking for host updates.
11/5/2025, 9:10:41 PM GMT+5:30 [Modules] Host is up to date.
11/5/2025, 9:10:41 PM GMT+5:30 [Modules] Checking for module updates at https://discord.com/api/modules/stable/versions.json
11/5/2025, 9:10:42 PM GMT+5:30 [Modules] No module updates available.
11/5/2025, 9:10:51 PM GMT+5:30 [Modules] Checking for host updates.
11/5/2025, 9:10:56 PM GMT+5:30 [Modules] Host is up to date.
11/5/2025, 9:10:56 PM GMT+5:30 [Modules] Checking for module updates at https://discord.com/api/modules/stable/versions.json
11/5/2025, 9:10:56 PM GMT+5:30 [Modules] No module updates available.
11/5/2025, 10:10:51 PM GMT+5:30 [Modules] Checking for host updates.
11/5/2025, 10:10:52 PM GMT+5:30 [Modules] Host is up to date.
11/5/2025, 10:10:52 PM GMT+5:30 [Modules] Checking for module updates at https://discord.com/api/modules/stable/versions.json
11/5/2025, 10:10:54 PM GMT+5:30 [Modules] No module updates available.
11/5/2025, 11:10:51 PM GMT+5:30 [Modules] Checking for host updates.
11/5/2025, 11:10:52 PM GMT+5:30 [Modules] Host is up to date.
11/5/2025, 11:10:52 PM GMT+5:30 [Modules] Checking for module updates at https://discord.com/api/modules/stable/versions.json
11/5/2025, 11:10:52 PM GMT+5:30 [Modules] No module updates available.
11/6/2025, 12:10:52 AM GMT+5:30 [Modules] Checking for host updates.
11/6/2025, 12:10:52 AM GMT+5:30 [Modules] Host is up to date.
11/6/2025, 12:10:52 AM GMT+5:30 [Modules] Checking for module updates at https://discord.com/api/modules/stable/versions.json
11/6/2025, 12:10:52 AM GMT+5:30 [Modules] No module updates available.
11/6/2025, 2:22:25 PM GMT+5:30 [Modules] Modules initializing
11/6/2025, 2:22:25 PM GMT+5:30 [Modules] Distribution: remote
11/6/2025, 2:22:25 PM GMT+5:30 [Modules] Host updates: enabled
11/6/2025, 2:22:25 PM GMT+5:30 [Modules] Module updates: enabled
11/6/2025, 2:22:25 PM GMT+5:30 [Modules] Module install path: /home/kamal/.config/discord/0.0.113/modules
11/6/2025, 2:22:25 PM GMT+5:30 [Modules] Module installed file path: /home/kamal/.config/discord/0.0.113/modules/installed.json
11/6/2025, 2:22:25 PM GMT+5:30 [Modules] Module download path: /home/kamal/.config/discord/0.0.113/modules/pending
11/6/2025, 2:22:25 PM GMT+5:30 [Modules] No updates to install
11/6/2025, 2:22:25 PM GMT+5:30 [Modules] Checking for host updates.
11/6/2025, 2:22:26 PM GMT+5:30 [Modules] Host is up to date.
11/6/2025, 2:22:26 PM GMT+5:30 [Modules] Checking for module updates at https://discord.com/api/modules/stable/versions.json
11/6/2025, 2:22:27 PM GMT+5:30 [Modules] No module updates available.
11/6/2025, 2:23:38 PM GMT+5:30 [Modules] Checking for host updates.
11/6/2025, 2:23:40 PM GMT+5:30 [Modules] Host is up to date.
11/6/2025, 2:23:40 PM GMT+5:30 [Modules] Checking for module updates at https://discord.com/api/modules/stable/versions.json
11/6/2025, 2:23:40 PM GMT+5:30 [Modules] No module updates available.
11/6/2025, 3:26:07 PM GMT+5:30 [Modules] Checking for host updates.
11/6/2025, 3:26:08 PM GMT+5:30 [Modules] Host is up to date.
11/6/2025, 3:26:08 PM GMT+5:30 [Modules] Checking for module updates at https://discord.com/api/modules/stable/versions.json
11/6/2025, 3:26:08 PM GMT+5:30 [Modules] No module updates available.
11/6/2025, 4:36:50 PM GMT+5:30 [Modules] Checking for host updates.
11/6/2025, 4:36:50 PM GMT+5:30 [Modules] Host is up to date.
11/6/2025, 4:36:50 PM GMT+5:30 [Modules] Checking for module updates at https://discord.com/api/modules/stable/versions.json
11/6/2025, 4:36:50 PM GMT+5:30 [Modules] No module updates available.
11/6/2025, 5:35:39 PM GMT+5:30 [Modules] Checking for host updates.
11/6/2025, 5:35:40 PM GMT+5:30 [Modules] Host is up to date.
11/6/2025, 5:35:40 PM GMT+5:30 [Modules] Checking for module updates at https://discord.com/api/modules/stable/versions.json
11/6/2025, 5:35:40 PM GMT+5:30 [Modules] No module updates available.
11/6/2025, 6:00:04 PM GMT+5:30 [Modules] Checking for host updates.
11/6/2025, 6:00:05 PM GMT+5:30 [Modules] Host is up to date.
11/6/2025, 6:00:05 PM GMT+5:30 [Modules] Checking for module updates at https://discord.com/api/modules/stable/versions.json
11/6/2025, 6:00:05 PM GMT+5:30 [Modules] No module updates available.
11/6/2025, 7:26:23 PM GMT+5:30 [Modules] Modules initializing
11/6/2025, 7:26:23 PM GMT+5:30 [Modules] Distribution: remote
11/6/2025, 7:26:23 PM GMT+5:30 [Modules] Host updates: enabled
11/6/2025, 7:26:23 PM GMT+5:30 [Modules] Module updates: enabled
11/6/2025, 7:26:23 PM GMT+5:30 [Modules] Module install path: /home/kamal/.config/discord/0.0.113/modules
11/6/2025, 7:26:23 PM GMT+5:30 [Modules] Module installed file path: /home/kamal/.config/discord/0.0.113/modules/installed.json
11/6/2025, 7:26:23 PM GMT+5:30 [Modules] Module download path: /home/kamal/.config/discord/0.0.113/modules/pending
11/6/2025, 7:26:23 PM GMT+5:30 [Modules] No updates to install
11/6/2025, 7:26:23 PM GMT+5:30 [Modules] Checking for host updates.
11/6/2025, 7:26:24 PM GMT+5:30 [Modules] Host is up to date.
11/6/2025, 7:26:24 PM GMT+5:30 [Modules] Checking for module updates at https://discord.com/api/modules/stable/versions.json
11/6/2025, 7:26:24 PM GMT+5:30 [Modules] No module updates available.
11/6/2025, 7:26:35 PM GMT+5:30 [Modules] Checking for host updates.
11/6/2025, 7:26:44 PM GMT+5:30 [Modules] Host is up to date.
11/6/2025, 7:26:44 PM GMT+5:30 [Modules] Checking for module updates at https://discord.com/api/modules/stable/versions.json
11/6/2025, 7:26:44 PM GMT+5:30 [Modules] No module updates available.
11/6/2025, 8:26:35 PM GMT+5:30 [Modules] Checking for host updates.
11/6/2025, 8:26:36 PM GMT+5:30 [Modules] Host is up to date.
11/6/2025, 8:26:36 PM GMT+5:30 [Modules] Checking for module updates at https://discord.com/api/modules/stable/versions.json
11/6/2025, 8:26:36 PM GMT+5:30 [Modules] No module updates available.
11/6/2025, 9:07:49 PM GMT+5:30 [Modules] Checking for host updates.
11/6/2025, 9:07:49 PM GMT+5:30 [Modules] Host is up to date.
11/6/2025, 9:07:49 PM GMT+5:30 [Modules] Checking for module updates at https://discord.com/api/modules/stable/versions.json
11/6/2025, 9:07:49 PM GMT+5:30 [Modules] No module updates available.
11/6/2025, 10:07:51 PM GMT+5:30 [Modules] Checking for host updates.
11/6/2025, 10:07:51 PM GMT+5:30 [Modules] Host is up to date.
11/6/2025, 10:07:51 PM GMT+5:30 [Modules] Checking for module updates at https://discord.com/api/modules/stable/versions.json
11/6/2025, 10:07:51 PM GMT+5:30 [Modules] No module updates available.
